instrument,filename,grb_name,grb_time_utc,ra,dec,lag_ms,lag_error,lag_significance,lag_type,lag_class,t90_s,duration_class,lag_observed_ms,lag_model_ms,torus_radius_units,n_diffusive_windings,transport_product_ms
Fermi/GBM,glg_tte_n9_bn110407998_v00.fit,GRB110407998,2011-04-07T23:56:57.060,94.1,-17.117,3841.657901159014,3.904005980185078,984.029717335856,positive,significant_positive,9.024,long,3841.657901159014,3841.6579011590147,4.011470925547775,0.6384454268703489,3841.657901159014
Fermi/GBM,glg_tte_n9_bn110909116_v00.fit,GRB110909116,2011-09-09T02:46:58.190,346.640625,-23.6433142557656,49730.23511434847,2.898694101521821,17156.082488400545,positive,significant_positive,20.736,long,49730.23511434847,49730.23511434848,14.432931847989414,2.297072446915959,49730.23511434847
Fermi/GBM,glg_tte_n9_bn170903534_v02.fit,GRB170903534,2017-09-03T12:49:07.789,251.9833,32.6,-2210.2021238868574,2.585442299448656,854.8642235636748,negative,significant_negative,25.6,long,2210.2021238868574,2210.202123886858,3.0427081698932854,0.48426204562461084,2210.2021238868574
Fermi/GBM,glg_tte_n9_bn170910368_v00.fit,GRB170910368,2017-09-10T08:50:00.358,243.8833,-5.1,-3869.048505188168,3.0875191038800067,1253.1253653867382,negative,significant_negative,27.392,long,3869.048505188168,3869.0485051881687,4.025746201684307,0.6407174076314798,3869.048505188168
Fermi/GBM,glg_tte_n9_bn170911267_v00.fit,GRB170911267,2017-09-11T06:24:22.794,30.7,22.133,-11600.760997126412,2.878014397003055,4030.821044261127,negative,significant_negative,19.968,long,11600.760997126412,11600.760997126412,6.970879000013636,1.1094498505476587,11600.760997126412
Fermi/GBM,glg_tte_n9_bn170912273_v00.fit,GRB170912273,2017-09-12T06:33:46.914,211.3833,-56.817,178.94736023018336,3.1925055643192306,56.05232524264749,positive,significant_positive,13.568,long,178.94736023018336,178.9473602301834,0.865778811073922,0.13779297740663884,178.94736023018336
Fermi/GBM,glg_tte_n9_bn170912985_v00.fit,GRB170912985,2017-09-12T23:38:12.673,84.9,15.4,-62689.53036286552,3.045194572225279,20586.37925295364,negative,significant_negative,0.48,short,62689.53036286552,62689.5303628655,16.204730504597418,2.5790629612787024,62689.53036286552
Fermi/GBM,glg_tte_n9_bn170915161_v00.fit,GRB170915161,2017-09-15T03:51:30.157,110.2333,-36.967,-4659.266110457512,2.537511942788458,1836.1553425192828,negative,significant_negative,15.613,long,4659.266110457512,4659.266110457513,4.417769600712289,0.7031098693944695,4659.266110457512
Fermi/GBM,glg_tte_n9_bn170915520_v00.fit,GRB170915520,2017-09-15T12:28:16.266,263.6667,-25.233,49240.91951793597,3.325221088142344,14808.31445870708,positive,significant_positive,0.64,short,49240.91951793597,49240.919517935974,14.36175063672271,2.285743605287595,49240.91951793597
Fermi/GBM,glg_tte_n9_bn170916700_v00.fit,GRB170916700,2017-09-16T16:47:31.332,96.8833,9.017,5351.841581810498,3.070785025578365,1742.825218057232,positive,significant_positive,5.12,long,5351.841581810498,5351.841581810499,4.734737753609625,0.7535569177307883,5351.841581810498
Fermi/GBM,glg_tte_n9_bn170918139_v00.fit,GRB170918139,2017-09-18T03:20:22.880,52.9833,-23.8,-8758.945876664919,2.813261599346056,3113.4487737297304,negative,significant_negative,0.128,short,8758.945876664919,8758.945876664919,6.057176462051288,0.9640295751153407,8758.945876664919
Fermi/GBM,glg_tte_n9_bn170921168_v00.fit,GRB170921168,2017-09-21T04:02:11.511,131.85,51.633,-6650.931927893736,2.801706779534097,2373.885795786144,negative,significant_negative,39.361,long,6650.931927893736,6650.931927893736,5.278196520807306,0.8400510668969268,6650.931927893736
Fermi/GBM,glg_tte_n9_bn170923101_v00.fit,GRB170923101,2017-09-23T02:25:00.800,123.6333,-62.1,33108.85512465707,3.6010006153213747,9194.348644037163,positive,significant_positive,46.08,long,33108.85512465707,33108.85512465707,11.776504066906071,1.8742888345899098,33108.85512465707
Fermi/GBM,glg_tte_n9_bn170923188_v00.fit,GRB170923188,2017-09-23T04:31:05.437,282.1,85.733,-55229.477817557534,2.606560655084334,21188.6409433164,negative,significant_negative,59.454,long,55229.477817557534,55229.477817557534,15.210019582421722,2.420749801066943,55229.477817557534
Fermi/GBM,glg_tte_n9_bn170923566_v00.fit,GRB170923566,2017-09-23T13:35:34.051,217.0833,-12.117,30079.46145757747,2.9723054369672592,10119.909307930524,positive,significant_positive,27.648,long,30079.46145757747,30079.46145757747,11.224818640795506,1.7864853719926548,30079.46145757747
Fermi/GBM,glg_tte_n9_bn170926528_v00.fit,GRB170926528,2017-09-26T12:39:41.225,159.2833,-9.183,1569.0768495709292,4.256430807686882,368.63675705411725,positive,significant_positive,15.36,long,1569.0768495709292,1569.0768495709297,2.5636953286301005,0.4080247841330816,1569.0768495709292
Fermi/GBM,glg_tte_n9_bn170926782_v00.fit,GRB170926782,2017-09-26T18:46:05.164,337.2,-21.417,22059.915956794182,2.6122413087455407,8444.823180362257,positive,significant_positive,0.896,short,22059.915956794182,22059.915956794182,9.61271865177747,1.5299116899820442,22059.915956794182
Fermi/GBM,glg_tte_n9_bn170928607_v00.fit,GRB170928607,2017-09-28T14:34:47.265,297.9833,38.417,3129.930518840012,3.089122115504431,1013.2103561496524,positive,significant_positive,9.216,long,3129.930518840012,3129.930518840012,3.620859331564681,0.576277660858935,3129.930518840012
Fermi/GBM,glg_tte_n9_bn170929513_v00.fit,GRB170929513,2017-09-29T12:18:59.265,188.4833,21.1,-1868.844059156709,3.628697404780375,515.0178840194088,negative,significant_negative,9.472,long,1868.844059156709,1868.8440591567087,2.797891293325897,0.44529822956659254,1868.844059156709
Fermi/GBM,glg_tte_n9_bn170929699_v00.fit,GRB170929699,2017-09-29T16:46:16.238,31.7833,20.1,11990.04440337208,2.6751965672254947,4481.930244029589,positive,significant_positive,8.96,long,11990.04440337208,11990.04440337208,7.086873820790014,1.1279109996472776,11990.04440337208
Fermi/GBM,glg_tte_n9_bn171002969_v00.fit,GRB171002969,2017-10-02T23:15:13.153,178.7833,31.183,-32570.623522657057,2.941360821096644,11073.31793129466,negative,significant_negative,7.936,long,32570.623522657057,32570.623522657057,11.680389923949075,1.8589917936372629,32570.623522657057
Fermi/GBM,glg_tte_n9_bn171004672_v00.fit,GRB171004672,2017-10-04T16:07:16.421,56.1167,-41.183,5210.34311693151,3.0496977097347235,1708.4785486443277,positive,significant_positive,48.125,long,5210.34311693151,5210.343116931509,4.67172711229786,0.7435284626986304,5210.34311693151
Fermi/GBM,glg_tte_n9_bn171004857_v00.fit,GRB171004857,2017-10-04T20:33:35.382,49.65,-59.45,-23270.627860151148,2.848650974530856,8168.999315187634,negative,significant_negative,8.192,long,23270.627860151148,23270.627860151144,9.87298222624909,1.5713339243659679,23270.627860151148
Fermi/GBM,glg_tte_n9_bn171007498_v00.fit,GRB171007498,2017-10-07T11:57:39.904,88.0667,69.417,9151.220467845716,2.9577070194437614,3094.025340470244,positive,significant_positive,3.456,long,9151.220467845716,9151.220467845716,6.191328020510048,0.9853804587675338,9151.220467845716
Fermi/GBM,glg_tte_n9_bn171008080_v00.fit,GRB171008080,2017-10-08T01:54:38.894,226.3333,43.017,-33902.34361484841,2.97947342990498,11378.63599472663,negative,significant_negative,1.472,short,33902.34361484841,33902.34361484841,11.916786683212026,1.8966155064048662,33902.34361484841
Fermi/GBM,glg_tte_n9_bn171009138_v00.fit,GRB171009138,2017-10-09T03:18:20.638,343.35,38.983,18529.758728488225,2.664314188310452,6954.794899860772,positive,significant_positive,47.104,long,18529.758728488225,18529.75872848823,8.810066507067164,1.4021656335680877,18529.758728488225
Fermi/GBM,glg_tte_n9_bn171010875_v00.fit,GRB171010875,2017-10-10T20:59:26.476,55.6167,-34.017,-40799.7556137224,2.648528390748256,15404.688791044351,negative,significant_negative,25.344,long,40799.7556137224,40799.755613722395,13.072934508840735,2.0806221477986218,40799.7556137224
Fermi/GBM,glg_tte_n9_bn171011162_v00.fit,GRB171011162,2017-10-11T03:52:44.786,146.4833,4.783,-46479.67863880164,2.722024178391368,17075.409912879502,negative,significant_negative,101.888,long,46479.67863880164,46479.67863880163,13.953265660906466,2.220731202207666,46479.67863880164
Fermi/GBM,glg_tte_n9_bn171011810_v00.fit,GRB171011810,2017-10-11T19:26:27.946,184.0833,-8.15,-53530.83790134797,2.7781660420200387,19268.408400249915,negative,significant_negative,0.48,short,53530.83790134797,53530.83790134797,14.97429295343104,2.3832327428446867,53530.83790134797
Fermi/GBM,glg_tte_n9_bn171013350_v00.fit,GRB171013350,2017-10-13T08:24:42.108,156.6833,-33.983,-1659.7535298121493,3.288720457532876,504.6806352940253,negative,significant_negative,39.425,long,1659.7535298121493,1659.7535298121495,2.636732699390814,0.4196490427200846,1659.7535298121493
Fermi/GBM,glg_tte_n9_bn171017823_v00.fit,GRB171017823,2017-10-17T19:44:43.232,182.9333,35.867,-14919.567695164626,3.4564970888547766,4316.383700501784,negative,significant_negative,86.272,long,14919.567695164626,14919.56769516463,7.905374059533999,1.2581793585652794,14919.567695164626
Fermi/GBM,glg_tte_n9_bn171020813_v00.fit,GRB171020813,2017-10-20T19:30:32.606,207.1167,-47.55,-30199.920491391505,3.0393897061557182,9936.179105373418,negative,significant_negative,19.2,long,30199.920491391505,30199.920491391505,11.247272164381394,1.7900589612611795,30199.920491391505
Fermi/GBM,glg_tte_n9_bn171022085_v00.fit,GRB171022085,2017-10-22T02:03:03.653,242.0333,-30.533,13709.983965637664,2.945221513698035,4654.992468944497,positive,significant_positive,37.633,long,13709.983965637664,13709.983965637664,7.578142684262518,1.2060988676560642,13709.983965637664
Fermi/GBM,glg_tte_n9_bn171022885_v00.fit,GRB171022885,2017-10-22T21:14:20.770,212.05,8.717,-19541.7063842694,3.028857574688804,6451.840637068312,negative,significant_negative,13.278,long,19541.7063842694,19541.706384269397,9.047436558895527,1.439944250658551,19541.7063842694
Fermi/GBM,glg_tte_n9_bn171023097_v00.fit,GRB171023097,2017-10-23T02:19:46.319,340.7333,-19.433,3429.4098752305767,3.492545528414235,981.9227401131908,positive,significant_positive,64.257,long,3429.4098752305767,3429.4098752305767,3.7901290866622945,0.6032177790986748,3429.4098752305767
Fermi/GBM,glg_tte_n9_bn171024977_v00.fit,GRB171024977,2017-10-24T23:27:19.628,248.2167,-76.467,-18030.17998551252,3.206161997159431,5623.602301283202,negative,significant_negative,35.072,long,18030.17998551252,18030.179985512525,8.690491431090102,1.3831346691557493,18030.17998551252
Fermi/GBM,glg_tte_n9_bn171025213_v00.fit,GRB171025213,2017-10-25T05:06:54.146,232.2333,47.483,669.2318478988442,3.6882150315017688,181.4514181474788,positive,significant_positive,6.4,long,669.2318478988442,669.2318478988442,1.6742974076339527,0.2664727086308896,669.2318478988442
Fermi/GBM,glg_tte_n9_bn171025416_v01.fit,GRB171025416,2017-10-25T09:59:00.108,101.45,-0.567,71630.19621695427,3.0420243301373846,23546.884719925725,positive,significant_positive,19.712,long,71630.19621695427,71630.19621695427,17.321774282113978,2.7568460001205066,71630.19621695427
Fermi/GBM,glg_tte_n9_bn171025913_v00.fit,GRB171025913,2017-10-25T21:54:53.011,343.55,-64.2,72819.84707166653,2.960275624231169,24599.009117800982,positive,significant_positive,7.936,long,72819.84707166653,72819.84707166655,17.465023965853575,2.7796448953840143,72819.84707166653
Fermi/GBM,glg_tte_n9_bn171029020_v00.fit,GRB171029020,2017-10-29T00:28:49.091,221.3,-70.017,-36398.95592866441,2.8502875712888702,12770.274934821817,negative,significant_negative,19.712,long,36398.95592866441,36398.95592866441,12.347776725323511,1.9652097020302932,36398.95592866441
Fermi/GBM,glg_tte_n9_bn171030729_v01.fit,GRB171030729,2017-10-30T17:29:45.122,82.3,-9.25,30058.48721846288,3.176865865856033,9461.679682961172,positive,significant_positive,0.096,short,30058.48721846288,30058.48721846288,11.220904456922991,1.7858624102811735,30058.48721846288
Fermi/GBM,glg_tte_n9_bn171103655_v00.fit,GRB171103655,2017-11-03T15:43:50.770,7.7167,-2.683,15988.82344471474,3.2268478801877607,4954.9356022895,positive,significant_positive,25.6,long,15988.82344471474,15988.823444714746,8.183753847182851,1.3024848778264662,15988.82344471474
Fermi/GBM,glg_tte_n9_bn171106498_v00.fit,GRB171106498,2017-11-06T11:56:49.272,293.2167,54.45,-32120.793078647806,3.0541968448684704,10516.936107970832,negative,significant_negative,10.752,long,32120.793078647806,32120.793078647814,11.599450996396788,1.8461099632287596,32120.793078647806
Fermi/GBM,glg_tte_n9_bn171108656_v00.fit,GRB171108656,2017-11-08T15:44:46.504,127.8,30.4,3270.0291569342035,7.325755608627324,446.3743170852148,positive,significant_positive,0.032,short,3270.0291569342035,3270.0291569342035,3.701008795170837,0.5890338441780187,3270.0291569342035
Fermi/GBM,glg_tte_n9_bn171112868_v00.fit,GRB171112868,2017-11-12T20:50:17.151,166.9833,-69.433,-45468.927344404576,3.3809448052026645,13448.586109550231,negative,significant_negative,302.789,long,45468.927344404576,45468.92734440458,13.80071728144541,2.196452373555781,45468.927344404576
Fermi/GBM,glg_tte_n9_bn171117515_v00.fit,GRB171117515,2017-11-17T12:21:38.868,185.0,-32.517,-788.4799319728328,5.429190253178326,145.22974793731817,negative,significant_negative,105.922,long,788.4799319728328,788.4799319728328,1.8173544001428124,0.2892409361325349,788.4799319728328
Fermi/GBM,glg_tte_n9_bn171119992_v00.fit,GRB171119992,2017-11-19T23:48:27.172,133.8667,-41.083,120.24135294535152,3.578836721119959,33.59788733466534,positive,significant_positive,26.369,long,120.24135294535152,120.2413529453515,0.7096941604858755,0.11295133372477996,120.24135294535152
Fermi/GBM,glg_tte_n9_bn171120556_v00.fit,GRB171120556,2017-11-20T13:20:02.372,164.55,22.083,25059.18756109177,2.9099719571480542,8611.487646654597,positive,significant_positive,44.062,long,25059.18756109177,25059.18756109177,10.245373560578754,1.6306018459891207,25059.18756109177
Fermi/GBM,glg_tte_n9_bn171124235_v00.fit,GRB171124235,2017-11-24T05:37:56.505,333.6,35.4,3949.40015607796,3.361516722455785,1174.8863629607922,positive,significant_positive,26.177,long,3949.40015607796,3949.4001560779616,4.06733434678798,0.6473363664987524,3949.40015607796
Fermi/GBM,glg_tte_n9_bn171126216_v00.fit,GRB171126216,2017-11-26T05:10:30.513,343.5333,9.017,32879.88869129949,3.5443064183706183,9276.818877983742,positive,significant_positive,165.888,long,32879.88869129949,32879.8886912995,11.735712832401028,1.8677967079836115,32879.88869129949
Fermi/GBM,glg_tte_n9_bn171126235_v00.fit,GRB171126235,2017-11-26T05:38:43.709,241.6167,48.417,9938.088685973347,3.490494275151933,2847.186645375823,positive,significant_positive,1.472,short,9938.088685973347,9938.088685973351,6.452020500750414,1.0268709556246742,9938.088685973347
Fermi/GBM,glg_tte_n9_bn171201068_v00.fit,GRB171201068,2017-12-01T01:37:40.194,211.0,17.317,500.1090228015892,2.572783860190974,194.38439059722137,positive,significant_positive,59.136,long,500.1090228015892,500.1090228015893,1.44736027858878,0.23035454277226708,500.1090228015892
Fermi/GBM,glg_tte_n9_bn171202113_v00.fit,GRB171202113,2017-12-02T02:42:26.858,98.3,30.233,-899.2105332945052,2.871968248284352,313.0990510886299,negative,significant_negative,81.152,long,899.2105332945052,899.2105332945051,1.9407741429400718,0.3088837982738491,899.2105332945052
Fermi/GBM,glg_tte_n9_bn171206122_v00.fit,GRB171206122,2017-12-06T02:55:44.937,82.3167,-78.617,57149.86565273048,3.7156609898590935,15380.807293427952,positive,significant_positive,15.36,long,57149.86565273048,57149.86565273046,15.472194332124179,2.4624762084359695,57149.86565273048
Fermi/GBM,glg_tte_n9_bn171207055_v00.fit,GRB171207055,2017-12-07T01:18:42.452,321.8333,47.3,-15560.09439242582,3.4212213909461195,4548.110927168839,negative,significant_negative,0.176,short,15560.09439242582,15560.09439242582,8.073287494976562,1.284903611827505,15560.09439242582
Fermi/GBM,glg_tte_n9_bn171207809_v00.fit,GRB171207809,2017-12-07T19:24:24.172,219.3833,-38.133,-20258.79285910441,3.0871860280128547,6562.219663887408,negative,significant_negative,25.6,long,20258.79285910441,20258.79285910441,9.211939702853739,1.4661257391736582,20258.79285910441
Fermi/GBM,glg_tte_n9_bn171208733_v00.fit,GRB171208733,2017-12-08T17:35:49.695,127.7333,-0.55,15369.3066126848,2.843165183817397,5405.703017244003,positive,significant_positive,2.624,long,15369.3066126848,15369.3066126848,8.0236401336035,1.2770019888535127,15369.3066126848
Fermi/GBM,glg_tte_n9_bn171209671_v00.fit,GRB171209671,2017-12-09T16:06:35.208,240.4,-13.967,-50839.38517193616,3.646536630460989,13941.827636463133,negative,significant_negative,13.824,long,50839.38517193616,50839.38517193616,14.59299553297981,2.3225473735916844,50839.38517193616
Fermi/GBM,glg_tte_n9_bn171210493_v00.fit,GRB171210493,2017-12-10T11:49:15.261,339.0833,35.6,4090.338367728969,4.713598395549477,867.7740495649815,positive,significant_positive,143.107,long,4090.338367728969,4090.3383677289685,4.13927158918149,0.6587855342180793,4090.338367728969
Fermi/GBM,glg_tte_n9_bn171211844_v00.fit,GRB171211844,2017-12-11T20:15:58.533,83.6333,16.117,-26520.72519626009,3.225900464305404,8221.185213155823,negative,significant_negative,148.226,long,26520.72519626009,26520.725196260086,10.53991242496473,1.677479162188822,26520.72519626009
Fermi/GBM,glg_tte_n9_bn171212222_v00.fit,GRB171212222,2017-12-12T05:20:14.532,57.1,32.65,-2991.203100073016,3.078143308208943,971.7556333702624,negative,significant_negative,19.968,long,2991.203100073016,2991.2031000730153,3.5397065197714532,0.5633617897162365,2991.203100073016
Fermi/GBM,glg_tte_n9_bn171212434_v00.fit,GRB171212434,2017-12-12T10:24:18.513,29.3833,-70.85,-8749.028392637658,2.694081375162147,3247.499675881574,negative,significant_negative,32.001,long,8749.028392637658,8749.028392637658,6.053746313852162,0.9634836500739121,8749.028392637658
Fermi/GBM,glg_tte_n9_bn171212948_v00.fit,GRB171212948,2017-12-12T22:44:40.434,147.9,62.917,-38980.13958025589,3.786135730028524,10295.4944988098,negative,significant_negative,6.656,long,38980.13958025589,38980.13958025588,12.778091675010872,2.033696453359377,38980.13958025589
Fermi/GBM,glg_tte_n9_bn171213061_v00.fit,GRB171213061,2017-12-13T01:27:25.004,146.8833,27.533,-11309.478347890474,3.940355189627415,2870.167232045864,negative,significant_negative,111.616,long,11309.478347890474,11309.478347890476,6.882806994598018,1.0954327555377468,11309.478347890474
Fermi/GBM,glg_tte_n9_bn171215705_v00.fit,GRB171215705,2017-12-15T16:55:25.449,29.2,36.6,-12349.992019492403,2.9390602790275184,4202.020662052835,negative,significant_negative,28.928,long,12349.992019492403,12349.992019492402,7.192463110815368,1.1447160570923764,12349.992019492403
Fermi/GBM,glg_tte_n9_bn171219279_v00.fit,GRB171219279,2017-12-19T06:42:17.079,240.3833,-25.483,49291.06004169485,3.9610952956902734,12443.795557083464,positive,significant_positive,1.152,short,49291.06004169485,49291.06004169485,14.369060842177168,2.286907060620689,49291.06004169485
Fermi/GBM,glg_tte_n9_bn171222684_v00.fit,GRB171222684,2017-12-22T16:25:10.542,130.8167,29.867,-14109.643061146106,3.000634110367409,4702.220444804071,negative,significant_negative,80.384,long,14109.643061146106,14109.643061146104,7.687804279998358,1.223552052684768,14109.643061146106
Fermi/GBM,glg_tte_n9_bn171223818_v00.fit,GRB171223818,2017-12-23T19:38:15.073,151.85,-58.3,-6571.155289312227,3.6801137170429192,1785.5848472509556,negative,significant_negative,0.384,short,6571.155289312227,6571.155289312228,5.2464455500844895,0.8349977429584244,6571.155289312227
Fermi/GBM,glg_tte_n9_bn171227000_v00.fit,GRB171227000,2017-12-27T00:00:13.402,304.2667,-52.817,-477.96614072892976,4.034853923462021,118.45934197261374,negative,significant_negative,37.633,long,477.96614072892976,477.9661407289298,1.4149557903004937,0.22519720828282286,477.96614072892976
Fermi/GBM,glg_tte_n9_bn171230048_v00.fit,GRB171230048,2017-12-30T01:09:48.755,133.4167,-80.833,14548.093123985049,2.921657410502464,4979.397335118453,positive,significant_positive,9.984,long,14548.093123985049,14548.09312398505,7.806337808221524,1.2424172496236077,14548.093123985049
Fermi/GBM,glg_tte_n9_bn171230119_v00.fit,GRB171230119,2017-12-30T02:51:26.141,37.0,33.75,-51129.8565263463,3.752097847737288,13627.00510520542,negative,significant_negative,1.28,short,51129.8565263463,51129.8565263463,14.634624771058974,2.3291728726091327,51129.8565263463
Fermi/GBM,glg_tte_n9_bn171230955_v00.fit,GRB171230955,2017-12-30T22:55:29.755,108.0,-43.717,-131359.45036486938,3.168457411143895,41458.48699208023,negative,significant_negative,70.401,long,131359.45036486938,131359.45036486938,23.45713492723459,3.733318974442932,131359.45036486938
Fermi/GBM,glg_tte_n9_bn180102660_v00.fit,GRB180102660,2018-01-02T15:49:47.209,205.2667,40.267,-35629.97065557372,3.0154832417616224,11815.675233120832,negative,significant_negative,13.312,long,35629.97065557372,35629.97065557373,12.216647333818463,1.9443398111876324,35629.97065557372
Fermi/GBM,glg_tte_n9_bn180103090_v00.fit,GRB180103090,2018-01-03T02:09:12.118,41.8833,33.1,3370.023284962618,3.077626090672045,1095.0073809085509,positive,significant_positive,0.016,short,3370.023284962618,3370.0232849626177,3.757169217103945,0.5979720529347993,3370.023284962618
Fermi/GBM,glg_tte_n9_bn180110608_v00.fit,GRB180110608,2018-01-10T14:35:59.218,60.7833,-52.883,-7849.292769779911,3.2125804708428163,2443.2984141625748,negative,significant_negative,1.536,short,7849.292769779911,7849.292769779911,5.734024822805943,0.9125983943611952,7849.292769779911
Fermi/GBM,glg_tte_n9_bn180111815_v00.fit,GRB180111815,2018-01-11T19:34:00.495,184.1,3.783,2829.093894968969,3.270426973654777,865.0533761368143,positive,significant_positive,19.2,long,2829.093894968969,2829.093894968969,3.4424527296198266,0.5478833682791833,2829.093894968969
Fermi/GBM,glg_tte_n9_bn180112842_v00.fit,GRB180112842,2018-01-12T20:12:28.340,174.37499999999997,21.06181760164929,-24530.24379429425,3.128982507480627,7839.687098169604,negative,significant_negative,9.472,long,24530.24379429425,24530.24379429425,10.136668334643385,1.6133008719415856,24530.24379429425
Fermi/GBM,glg_tte_n9_bn180113011_v00.fit,GRB180113011,2018-01-13T00:16:00.471,354.375,12.94163198542334,-12909.284431343836,3.500873085580956,3687.447135548357,negative,significant_negative,15.872,long,12909.284431343836,12909.284431343835,7.353521889327216,1.17034935782088,12909.284431343836
Fermi/GBM,glg_tte_n9_bn180113116_v00.fit,GRB180113116,2018-01-13T02:47:06.136,14.765625,66.44353569089876,-1748.1894352991046,3.727621874552589,468.9825025530339,negative,significant_negative,11.264,long,1748.1894352991046,1748.1894352991044,2.706067032187477,0.43068394451065206,1748.1894352991046
Fermi/GBM,glg_tte_n9_bn180113418_v00.fit,GRB180113418,2018-01-13T10:02:05.407,176.69117647058823,-64.94808409550689,469.5862282269844,15.901701272031591,29.530565327177115,positive,significant_positive,24.576,long,469.5862282269844,469.5862282269845,1.402497127661864,0.22321435053957064,469.5862282269844
Fermi/GBM,glg_tte_n9_bn180116026_v00.fit,GRB180116026,2018-01-16T00:36:52.807,213.3984375,25.94447977237,-28860.11052306905,3.159942744067844,9133.111850601756,negative,significant_negative,59.904,long,28860.11052306905,28860.110523069052,10.994951035274521,1.7499008063172923,28860.11052306905
Fermi/GBM,glg_tte_n9_bn180116678_v00.fit,GRB180116678,2018-01-16T16:16:03.655,48.8671875,-12.024699180565822,34940.62667982456,2.676529229298134,13054.453617525796,positive,significant_positive,122.624,long,34940.62667982456,34940.62667982456,12.097890509735453,1.9254390756089268,34940.62667982456
Fermi/GBM,glg_tte_n9_bn180119837_v00.fit,GRB180119837,2018-01-19T20:04:52.293,349.8046875,-14.477512185929934,-23842.19358989786,4.1033572777835605,5810.411323182729,negative,significant_negative,3.008,long,23842.19358989786,23842.19358989786,9.9934952328995,1.5905141650812473,23842.19358989786
Fermi/GBM,glg_tte_n9_bn180120207_v00.fit,GRB180120207,2018-01-20T04:58:13.000,151.875,26.27681155719998,-28.72334998818466,5.718025660893364,5.023298545969978,negative,significant_negative,28.928,long,28.72334998818466,28.723349988184665,0.3468660938736434,0.05520545343096775,28.72334998818466
Fermi/GBM,glg_tte_n9_bn180122129_v00.fit,GRB180122129,2018-01-22T03:05:39.870,28.125,-40.620185190672686,7508.891268323513,3.2036192569283752,2343.8775541395094,positive,significant_positive,4.352,long,7508.891268323513,7508.891268323514,5.608312597703483,0.8925906723290575,7508.891268323513
Fermi/GBM,glg_tte_n9_bn180123820_v00.fit,GRB180123820,2018-01-23T19:40:49.774,116.71875,14.169522214770062,16709.373308331895,2.859691001373589,5843.069513561402,positive,significant_positive,0.32,short,16709.373308331895,16709.3733083319,8.3661257008283,1.3315102598149713,16709.373308331895
Fermi/GBM,glg_tte_n9_bn180124392_v00.fit,GRB180124392,2018-01-24T09:23:55.172,329.1532258064516,-43.40685848593699,30759.609428385906,2.575341563449808,11943.895079758571,positive,significant_positive,86.528,long,30759.609428385906,30759.609428385906,11.351015402891408,1.8065702104824095,30759.609428385906
Fermi/GBM,glg_tte_n9_bn180125891_v00.fit,GRB180125891,2018-01-25T21:22:24.193,213.3173076923077,-51.2558069488049,2379.593758198295,3.904302064874492,609.4799323050814,positive,significant_positive,22.784,long,2379.593758198295,2379.5937581982944,3.157153627195207,0.5024766058686241,2379.593758198295
Fermi/GBM,glg_tte_n9_bn180126095_v00.fit,GRB180126095,2018-01-26T02:16:31.363,305.0787401574803,42.2103698396502,-57630.34099466441,2.659947292737494,21665.97103334102,negative,significant_negative,18.432,long,57630.34099466441,57630.34099466441,15.537097793891556,2.4728059152000235,57630.34099466441
Fermi/GBM,glg_tte_n9_bn180127049_v00.fit,GRB180127049,2018-01-27T01:11:12.914,21.09375,24.95302078772749,30640.62375510519,3.323318571465482,9219.887620221016,positive,significant_positive,34.817,long,30640.62375510519,30640.623755105193,11.329039882264068,1.8030726977475504,30640.62375510519
Fermi/GBM,glg_tte_n9_bn180127879_v00.fit,GRB180127879,2018-01-27T21:05:56.491,260.15625,2.686724185691592,-70228.99625281701,3.295801392190521,21308.6250947118,negative,significant_negative,17.664,long,70228.99625281701,70228.99625281703,17.15151688906203,2.7297486944183493,70228.99625281701
Fermi/GBM,glg_tte_n9_bn180128215_v00.fit,GRB180128215,2018-01-28T05:09:56.598,11.6015625,-25.944479772370013,-3199.386337732345,2.9340330095543994,1090.4397896389878,negative,significant_negative,0.208,short,3199.386337732345,3199.3863377323446,3.6608138648148514,0.5826366223246291,3199.386337732345
Fermi/GBM,glg_tte_n9_bn180128252_v00.fit,GRB180128252,2018-01-28T06:03:22.687,63.85,-21.717,-20.72728966020144,3.5579147487332965,5.825684740642213,negative,significant_negative,38.913,long,20.72728966020144,20.72728966020144,0.29465618591915227,0.04689598850163761,20.72728966020144
Fermi/GBM,glg_tte_n9_bn180128881_v00.fit,GRB180128881,2018-01-28T21:09:19.457,322.03124999999994,-11.719760305788782,20170.7651987607,3.0050032084831937,6712.393897556635,positive,significant_positive,1.792,short,20170.7651987607,20170.7651987607,9.191904247086946,1.462936997351274,20170.7651987607
Fermi/GBM,glg_tte_n9_bn180130049_v00.fit,GRB180130049,2018-01-30T01:10:47.693,272.8125,-1.492246289620352,-28781.23470865669,4.0677303510790885,7075.502116560308,negative,significant_negative,120.578,long,28781.23470865669,28781.234708656684,10.979915939080737,1.7475078964381894,28781.23470865669
Fermi/GBM,glg_tte_n9_bn180130744_v00.fit,GRB180130744,2018-01-30T17:51:26.791,48.266129032258064,43.406858485936986,-78208.96913140311,3.002672111265492,26046.456700342656,negative,significant_negative,0.256,short,78208.96913140311,78208.96913140311,18.09975038015891,2.880664741731702,78208.96913140311
Fermi/GBM,glg_tte_n9_bn180131528_v00.fit,GRB180131528,2018-01-31T12:39:52.102,300.9375,-48.1412077943603,57671.265623530686,3.383108375327179,17046.82771741042,positive,significant_positive,0.96,short,57671.265623530686,57671.2656235307,15.542613439878105,2.4736837575231276,57671.265623530686
Fermi/GBM,glg_tte_n9_bn180201706_v00.fit,GRB180201706,2018-02-01T16:55:58.599,255.9375,-40.620185190672686,7871.508235814871,3.051221884137885,2579.788863188147,positive,significant_positive,0.192,short,7871.508235814871,7871.508235814871,5.742133453262536,0.9138889229800674,7871.508235814871
Fermi/GBM,glg_tte_n9_bn180201780_v00.fit,GRB180201780,2018-02-01T18:43:45.497,76.95,52.80185378173063,24438.77618561549,3.11452626406741,7846.707368490679,positive,significant_positive,0.64,short,24438.77618561549,24438.77618561549,10.11775203804052,1.610290249832247,24438.77618561549
Fermi/GBM,glg_tte_n9_bn180204109_v00.fit,GRB180204109,2018-02-04T02:36:16.926,202.6,46.5,201.0297541066355,2.869246335121299,70.06360926418569,positive,significant_positive,1.152,short,201.0297541066355,201.02975410663544,0.9176445198836483,0.14604766134067165,201.0297541066355
Fermi/GBM,glg_tte_n9_bn180205184_v00.fit,GRB180205184,2018-02-05T04:25:25.393,99.5167,64.567,1839.7916635912416,3.036091351724253,605.9737506074675,positive,significant_positive,15.36,long,1839.7916635912416,1839.7916635912418,2.776058590753922,0.4418234470312077,1839.7916635912416
Fermi/GBM,glg_tte_n9_bn180205323_v02.fit,GRB180205323,2018-02-05T07:45:04.143,205.6640625,-15.71386104800821,2329.636255068621,3.372407202940616,690.7932864801329,positive,significant_positive,47.36,long,2329.636255068621,2329.6362550686204,3.123836987735866,0.4971740980114595,2329.636255068621
Fermi/GBM,glg_tte_n9_bn180206203_v00.fit,GRB180206203,2018-02-06T04:52:03.002,232.03125,19.78804941066957,7440.656343491073,2.6018797924275763,2859.7233297042044,positive,significant_positive,0.448,short,7440.656343491073,7440.656343491074,5.582772466149515,0.8885258341450263,7440.656343491073
Fermi/GBM,glg_tte_n9_bn180208764_v00.fit,GRB180208764,2018-02-08T18:20:50.299,196.875,8.084013907099306,9159.204708934729,4.06294162165999,2254.328405829412,positive,significant_positive,17.408,long,9159.204708934729,9159.20470893473,6.194028331257388,0.985810226570857,9159.204708934729
Fermi/GBM,glg_tte_n9_bn180210517_v00.fit,GRB180210517,2018-02-10T12:24:38.548,3.1640625,20.74237995448713,3032.837203611054,3.771363508806949,804.1752529366961,positive,significant_positive,38.913,long,3032.837203611054,3032.8372036110545,3.564255710691607,0.5672689148000857,3032.837203611054
Fermi/GBM,glg_tte_n9_bn180210991_v00.fit,GRB180210991,2018-02-10T23:46:28.386,113.5546875,-27.279612735978088,1029.933807816784,3.2430509131191783,317.58175724296285,positive,significant_positive,48.129,long,1029.933807816784,1029.9338078167843,2.0770596153604486,0.33057430488116624,1029.933807816784
Fermi/GBM,glg_tte_n9_bn180211754_v00.fit,GRB180211754,2018-02-11T18:06:28.420,193.7109375,31.388166464348547,30910.83013677055,3.585738443886403,8620.492158169753,positive,significant_positive,20.48,long,30910.83013677055,30910.830136770554,11.378883183279475,1.8110055054841698,30910.83013677055
Fermi/GBM,glg_tte_n9_bn180218635_v00.fit,GRB180218635,2018-02-18T15:14:05.488,46.205357142857146,48.14120779436029,-29.989545365563057,3.598475536108473,8.333958384498255,negative,significant_negative,5.632,long,29.989545365563057,29.98954536556306,0.3544289969419371,0.056409126838411545,29.989545365563057
Fermi/GBM,glg_tte_n9_bn180219482_v00.fit,GRB180219482,2018-02-19T11:34:12.613,86.1328125,32.79716829582364,26751.35625541937,3.925935190475259,6814.00862661234,positive,significant_positive,108.034,long,26751.35625541937,26751.356255419374,10.585642117861902,1.6847572688594814,26751.35625541937
Fermi/GBM,glg_tte_n9_bn180222239_v00.fit,GRB180222239,2018-02-22T05:44:02.294,55.19531249999999,12.024699180565822,16299.900853974335,3.4779706020897176,4686.612602240122,positive,significant_positive,50.689,long,16299.900853974335,16299.900853974335,8.262981606909035,1.3150943674169855,16299.900853974335
Fermi/GBM,glg_tte_n9_bn180225417_v00.fit,GRB180225417,2018-02-25T10:00:54.175,178.9453125,-9.59406822686046,-26370.13276706149,2.697612816052389,9775.358646779712,negative,significant_negative,0.896,short,26370.13276706149,26370.13276706149,10.509945472436277,1.6727097735645187,26370.13276706149
Fermi/GBM,glg_tte_n9_bn180227211_v00.fit,GRB180227211,2018-02-27T05:04:16.561,97.3828125,-4.78019184719916,-11509.48947441878,3.3646720495378832,3420.6868618888243,negative,significant_negative,0.288,short,11509.48947441878,11509.48947441878,6.943402391661991,1.1050768125090942,11509.48947441878
Fermi/GBM,glg_tte_n9_bn180305393_v00.fit,GRB180305393,2018-03-05T09:26:08.661,46.05468749999999,32.79716829582364,1690.0786790585923,8.564325729336131,197.33937410500613,positive,significant_positive,13.056,long,1690.0786790585923,1690.0786790585928,2.6607113740800514,0.42346536732566925,1690.0786790585923
Fermi/GBM,glg_tte_n9_bn180306479_v00.fit,GRB180306479,2018-03-06T11:29:27.951,188.4375,-13.554784037179,13009.993141904166,3.411282746704997,3813.812605967855,positive,significant_positive,63.488,long,13009.993141904166,13009.993141904166,7.382149540421563,1.1749055900016552,13009.993141904166
Fermi/GBM,glg_tte_n9_bn180306973_v00.fit,GRB180306973,2018-03-06T23:20:33.933,16.5234375,-23.31795706533424,11880.899132187526,3.4375358331251067,3456.2255374037663,positive,significant_positive,39.68,long,11880.899132187526,11880.899132187526,7.054544202778961,1.1227655811325457,11880.899132187526
Fermi/GBM,glg_tte_n9_bn180307073_v00.fit,GRB180307073,2018-03-07T01:44:44.873,126.91406249999996,23.31795706533424,-6190.337897928692,3.9720988596381854,1558.4551434081282,negative,significant_negative,136.707,long,6190.337897928692,6190.337897928693,5.092153449294481,0.8104413924376618,6190.337897928692
Fermi/GBM,glg_tte_n9_bn180309322_v00.fit,GRB180309322,2018-03-09T07:43:10.615,187.03125,33.15288792861988,-4520.972907920609,3.4737748100455885,1301.4582565475157,negative,significant_negative,24.576,long,4520.972907920609,4520.97290792061,4.3517131147172945,0.6925966531250857,4520.972907920609
Fermi/GBM,glg_tte_n9_bn180311074_v00.fit,GRB180311074,2018-03-11T01:45:53.301,49.5703125,-35.68533471265204,-67148.81314899081,2.667089527843121,25176.812569653084,negative,significant_negative,0.96,short,67148.81314899081,67148.81314899081,16.77117440078435,2.6692153073410854,67148.81314899081
Fermi/GBM,glg_tte_n9_bn180313978_v00.fit,GRB180313978,2018-03-13T23:28:17.529,317.81249999999994,-26.27681155719998,-69120.21231639464,3.807313426271716,18154.58949070029,negative,significant_negative,0.08,short,69120.21231639464,69120.21231639465,17.015583102076448,2.708114160286393,69120.21231639464
Fermi/GBM,glg_tte_n9_bn180314030_v00.fit,GRB180314030,2018-03-14T00:43:19.898,108.6328125,-30.000000000000018,-24208.80253189123,2.971897736370287,8145.906985836778,negative,significant_negative,22.016,long,24208.80253189123,24208.802531891233,10.070034504170975,1.602695768444754,24208.80253189123
Fermi/GBM,glg_tte_n9_bn180330891_v00.fit,GRB180330891,2018-03-30T21:23:15.522,171.5625,84.14973293629666,46980.02666318839,3.037508490459118,15466.63221214153,positive,significant_positive,14.333,long,46980.02666318839,46980.026663188386,14.028167218399094,2.2326521553278997,46980.02666318839
Fermi/GBM,glg_tte_n9_bn180401280_v00.fit,GRB180401280,2018-04-01T06:42:43.783,126.5625,6.279288322550267,-14171.32862308883,3.0102992795093733,4707.614528412773,negative,significant_negative,33.792,long,14171.32862308883,14171.32862308883,7.7045910031099964,1.2262237426463003,14171.32862308883
Fermi/GBM,glg_tte_n9_bn180401846_v00.fit,GRB180401846,2018-04-01T20:17:36.690,165.9375,-40.620185190672686,-70752.19710466353,6.723046201493999,10523.83026743754,negative,significant_negative,23.04,long,70752.19710466353,70752.19710466353,17.215287107659012,2.7398980399301096,70752.19710466353
Fermi/GBM,glg_tte_n9_bn180402406_v00.fit,GRB180402406,2018-04-02T09:44:59.367,254.1796875,-12.024699180565822,-20901.41185439071,3.668101254105847,5698.1556414221,negative,significant_negative,0.448,short,20901.41185439071,20901.41185439071,9.356902759026513,1.489197326129263,20901.41185439071
Fermi/GBM,glg_tte_n9_bn180402481_v00.fit,GRB180402481,2018-04-02T11:32:11.626,338.5546875,-27.279612735978088,-161640.2291604547,3.586034012424832,45074.92918371836,negative,significant_negative,0.256,short,161640.2291604547,161640.22916045468,26.020703461027722,4.141323578550951,161640.2291604547
Fermi/GBM,glg_tte_n9_bn180403565_v00.fit,GRB180403565,2018-04-03T13:32:54.956,109.6875,-0.895282986570128,-50188.30240945102,3.1768830872430467,15797.969591951614,negative,significant_negative,36.609,long,50188.30240945102,50188.30240945102,14.499250654001594,2.30762741271275,50188.30240945102
Fermi/GBM,glg_tte_n9_bn180404091_v00.fit,GRB180404091,2018-04-04T02:11:38.644,52.08333333333333,-49.7023903266307,-33441.29483309398,3.765501618078851,8880.966794048449,negative,significant_negative,80.897,long,33441.29483309398,33441.29483309399,11.835479214304668,1.8836750208179696,33441.29483309398
Fermi/GBM,glg_tte_n9_bn180404848_v00.fit,GRB180404848,2018-04-04T20:20:31.558,102.65625,12.32998415024295,-4508.784282060802,3.103171082789527,1452.9602660539522,negative,significant_negative,0.544,short,4508.784282060802,4508.784282060802,4.345843006390259,0.6916623963683531,4508.784282060802
Fermi/GBM,glg_tte_n9_bn180405169_v00.fit,GRB180405169,2018-04-05T04:02:53.061,123.75,-33.86870460165652,3141.4815912194767,3.2690348978364376,960.9813566990734,positive,significant_positive,28.477,long,3141.4815912194767,3141.4815912194767,3.6275346060123135,0.5773400637837708,3141.4815912194767
Fermi/GBM,glg_tte_n9_bn180410336_v00.fit,GRB180410336,2018-04-10T08:03:27.792,106.5234375,23.31795706533424,-9019.975262631968,3.200436235244188,2818.35806109843,negative,significant_negative,102.402,long,9019.975262631968,9019.975262631968,6.146770211056237,0.9782888631396129,9019.975262631968
Fermi/GBM,glg_tte_n9_bn180411519_v00.fit,GRB180411519,2018-04-11T12:27:40.969,356.25,67.93492864899142,8599.458249559962,3.381261599182545,2543.2691311547646,positive,significant_positive,77.57,long,8599.458249559962,8599.458249559962,6.001776943724774,0.955212467928766,8599.458249559962
Fermi/GBM,glg_tte_n9_bn180411546_v00.fit,GRB180411546,2018-04-11T13:06:53.793,285.46875,-19.78804941066958,-80980.60247959702,2.910731612811662,27821.39106304365,negative,significant_negative,29.696,long,80980.60247959702,80980.60247959702,18.41767505534389,2.931264025318277,80980.60247959702
Fermi/GBM,glg_tte_n9_bn180412425_v00.fit,GRB180412425,2018-04-12T10:12:06.008,62.67857142857143,-58.91977535280316,-6738.7329620138535,3.283215647472887,2052.479546142728,negative,significant_negative,20.992,long,6738.7329620138535,6738.732962013854,5.312921853740634,0.8455777752837778,6738.7329620138535
Fermi/GBM,glg_tte_n9_bn180413118_v00.fit,GRB180413118,2018-04-13T02:49:43.233,169.1015625,-31.388166464348547,-9199.721547150864,3.502758559566279,2626.4218303102216,negative,significant_negative,57.857,long,9199.721547150864,9199.721547150864,6.207713226580932,0.9879882453072942,9199.721547150864
Fermi/GBM,glg_tte_n9_bn180416340_v00.fit,GRB180416340,2018-04-16T08:09:26.469,116.91964285714286,-48.1412077943603,-27270.06461632997,3.1384012222910425,8689.158168381906,negative,significant_negative,103.426,long,27270.06461632997,27270.064616329964,10.687777109800471,1.7010125576891557,27270.06461632997
Fermi/GBM,glg_tte_n9_bn180416924_v00.fit,GRB180416924,2018-04-16T22:10:11.507,354.375,75.34073424154306,6550.255622637783,3.046777829027801,2149.896050913535,positive,significant_positive,69.888,long,6550.255622637783,6550.255622637783,5.238095702729392,0.833668823477798,6550.255622637783
Fermi/GBM,glg_tte_n9_bn180417689_v00.fit,GRB180417689,2018-04-17T16:32:45.654,311.1328125,-19.4712206344907,20629.67761680155,2.8077876798856987,7347.306836833673,positive,significant_positive,0.256,short,20629.67761680155,20629.677616801553,9.295880352562602,1.4794853085011688,20629.67761680155
Fermi/GBM,glg_tte_n9_bn180418281_v00.fit,GRB180418281,2018-04-18T06:44:06.282,181.0546875,27.279612735978088,20798.280057054777,2.931556132849686,7094.621120843875,positive,significant_positive,2.56,long,20798.280057054777,20798.280057054777,9.333789786544113,1.4855187823091422,20798.280057054777
Fermi/GBM,glg_tte_n9_bn180420107_v00.fit,GRB180420107,2018-04-20T02:33:54.627,80.50781249999999,-24.62431835216409,14341.390988303709,3.343239744384152,4289.668729977811,positive,significant_positive,62.977,long,14341.390988303709,14341.39098830371,7.750682427684571,1.233559420701491,14341.390988303709
Fermi/GBM,glg_tte_n9_bn180423033_v00.fit,GRB180423033,2018-04-23T00:47:03.657,208.4765625,8.38553864708132,32889.00382237692,3.201672430601489,10272.444959710683,positive,significant_positive,54.784,long,32889.00382237692,32889.00382237692,11.737339436872167,1.8680555901256488,32889.00382237692
Fermi/GBM,glg_tte_n9_bn180423266_v00.fit,GRB180423266,2018-04-23T06:23:40.761,80.50781249999999,-27.279612735978088,13620.97991746756,2.876357798266951,4735.495676398259,positive,significant_positive,3.328,long,13620.97991746756,13620.97991746756,7.553504303161564,1.2021775475140652,13620.97991746756
Fermi/GBM,glg_tte_n9_bn180426005_v00.fit,GRB180426005,2018-04-26T00:06:42.396,249.375,81.21982231598935,-12478.755619050477,3.294346887899111,3787.9300643438,negative,significant_negative,38.145,long,12478.755619050477,12478.755619050475,7.229860946449922,1.150668107494554,12478.755619050477
Fermi/GBM,glg_tte_n9_bn180426549_v00.fit,GRB180426549,2018-04-26T13:11:00.846,201.9886363636364,57.39952353962295,3320.5083454922487,3.427049324285552,968.9117463124012,positive,significant_positive,16.189,long,3320.5083454922487,3320.5083454922487,3.7294654888481533,0.5935628676408155,3320.5083454922487
Fermi/GBM,glg_tte_n9_bn180427442_v00.fit,GRB180427442,2018-04-27T10:37:03.044,281.24999999999994,70.90666664467562,36481.69570355711,2.975549880374233,12260.48870636604,positive,significant_positive,25.921,long,36481.69570355711,36481.69570355711,12.361802846553482,1.9674420285564493,36481.69570355711
Fermi/GBM,glg_tte_n9_bn180428102_v00.fit,GRB180428102,2018-04-28T02:27:15.309,92.34375,54.34091230386124,-4780.411829619527,3.2033589334262227,1492.3122662706212,negative,significant_negative,64.51,long,4780.411829619527,4780.411829619528,4.474834326179604,0.7121920025287747,4780.411829619527
Fermi/GBM,glg_tte_n9_bn180504136_v00.fit,GRB180504136,2018-05-04T03:15:53.830,218.3203125,38.68218745348943,-196640.3665420456,9.054917635016912,21716.416920415017,negative,significant_negative,25.345,long,196640.3665420456,196640.36654204558,28.699917094600224,4.567733671933213,196640.3665420456
Fermi/GBM,glg_tte_n9_bn180505540_v00.fit,GRB180505540,2018-05-05T12:57:09.907,2.8125,-60.43443884495229,39740.07280545167,3.198557937886501,12424.37172537527,positive,significant_positive,21.76,long,39740.07280545167,39740.07280545169,12.902047422985781,2.053424623374237,39740.07280545167
Fermi/GBM,glg_tte_n9_bn180506077_v00.fit,GRB180506077,2018-05-06T01:50:25.559,248.90625000000003,5.079715792733466,-16641.175440181476,3.365349942791352,4944.857361959404,negative,significant_negative,44.033,long,16641.175440181476,16641.17544018147,8.349035434106385,1.3287902593874195,16641.175440181476
Fermi/GBM,glg_tte_n9_bn180506902_v00.fit,GRB180506902,2018-05-06T21:38:58.905,61.52343749999998,-1.1937484371410847,2018.291031106704,3.1146930692014765,647.9903432745427,positive,significant_positive,23.296,long,2018.291031106704,2018.291031106704,2.9076103077111255,0.4627605530571725,2018.291031106704
Fermi/GBM,glg_tte_n9_bn180511364_v00.fit,GRB180511364,2018-05-11T08:43:35.786,247.8515625,-13.248014905676952,51759.552890980514,2.914806595059321,17757.457039761888,positive,significant_positive,0.128,short,51759.552890980514,51759.552890980514,14.724466311342571,2.343471597840257,51759.552890980514
Fermi/GBM,glg_tte_n9_bn180511437_v00.fit,GRB180511437,2018-05-11T10:29:52.606,254.53125,9.29155323877026,-53800.14453524679,3.118844545273115,17250.024409451788,negative,significant_negative,1.984,short,53800.14453524679,53800.1445352468,15.011912551215246,2.389220087789172,53800.14453524679
Fermi/GBM,glg_tte_n9_bn180511606_v00.fit,GRB180511606,2018-05-11T14:32:18.985,262.96875,-0.2984168674869415,-2811.189015175393,2.830055057732469,993.3336835601382,negative,significant_negative,9.216,long,2811.189015175393,2811.189015175393,3.431542074719438,0.5461468836194167,2811.189015175393
Fermi/GBM,glg_tte_n9_bn180513815_v00.fit,GRB180513815,2018-05-13T19:34:02.140,226.7578125,38.68218745348943,34059.167325191826,2.8886937584100454,11790.508158240422,positive,significant_positive,20.48,long,34059.167325191826,34059.167325191826,11.944316911190201,1.9009970782720396,34059.167325191826
Fermi/GBM,glg_tte_n9_bn180515814_v00.fit,GRB180515814,2018-05-15T19:32:24.313,139.6875,72.38756092964962,-31280.998240552428,3.0439437853360936,10276.470410276836,negative,significant_negative,20.224,long,31280.998240552428,31280.998240552417,11.446813487864922,1.8218169492446818,31280.998240552428
Fermi/GBM,glg_tte_n9_bn180516229_v00.fit,GRB180516229,2018-05-16T05:29:47.141,268.9453125,-30.000000000000018,20302.28564442765,3.953427511041713,5135.363071088176,positive,significant_positive,13.824,long,20302.28564442765,20302.28564442765,9.221822772215583,1.4676986785155157,20302.28564442765
Fermi/GBM,glg_tte_n9_bn180517309_v00.fit,GRB180517309,2018-05-17T07:24:21.380,284.0625,31.738394244764443,-95370.11521923932,3.1212095560384894,30555.498920195943,negative,significant_negative,41.728,long,95370.11521923932,95370.11521923932,19.98713097119492,3.181050692290786,95370.11521923932
Fermi/GBM,glg_tte_n9_bn180521935_v00.fit,GRB180521935,2018-05-21T22:26:57.242,98.75,49.702390326630685,-23938.631656327183,2.958925213022847,8090.31318228939,negative,significant_negative,31.232,long,23938.631656327183,23938.631656327187,10.013685924673927,1.5937276134815923,23938.631656327183
Fermi/GBM,glg_tte_n9_bn180522607_v00.fit,GRB180522607,2018-05-22T14:34:38.668,298.47656249999994,-15.71386104800821,-5548.372618361516,3.175880834810005,1747.0342581961029,negative,significant_negative,6.912,long,5548.372618361516,5548.372618361516,4.820888805635092,0.7672682835132084,5548.372618361516
Fermi/GBM,glg_tte_n9_bn180522678_v00.fit,GRB180522678,2018-05-22T16:16:37.412,349.47580645161287,43.406858485936986,67509.67367524783,3.244961024037808,20804.463651536687,positive,significant_positive,12.032,long,67509.67367524783,67509.67367524783,16.81617851413346,2.6763779344400636,67509.67367524783
Fermi/GBM,glg_tte_n9_bn180523782_v00.fit,GRB180523782,2018-05-23T18:46:28.107,155.03906249999997,37.16889965599944,-9329.771411090747,2.803405862663762,3328.013091270956,negative,significant_negative,1.984,short,9329.771411090747,9329.771411090747,6.251436242950337,0.9949469794893729,9329.771411090747
Fermi/GBM,glg_tte_n9_bn180524416_v00.fit,GRB180524416,2018-05-24T09:58:26.312,139.57031249999997,-38.68218745348945,-14339.171496636149,3.079969010683044,4655.622003630534,negative,significant_negative,13.312,long,14339.171496636149,14339.171496636145,7.750082651808412,1.2334639634060531,14339.171496636149
Fermi/GBM,glg_tte_n9_bn180524920_v00.fit,GRB180524920,2018-05-24T22:05:02.372,83.32031249999999,30.0,16660.238234014272,2.7608424813707746,6034.476195738036,positive,significant_positive,4.096,long,16660.238234014272,16660.238234014272,8.35381605758989,1.3295511192458804,16660.238234014272
Fermi/GBM,glg_tte_n9_bn180525151_v00.fit,GRB180525151,2018-05-25T03:37:59.082,105.46875,19.15501007356373,31037.87107349968,3.187516575403615,9737.320681875844,positive,significant_positive,0.544,short,31037.87107349968,31037.871073499668,11.40224233780787,1.8147232303938112,31037.87107349968
Fermi/GBM,glg_tte_n9_bn180528371_v00.fit,GRB180528371,2018-05-28T08:53:42.356,289.19117647058823,-64.94808409550689,-29220.726854377303,3.302787393925516,8847.292716485488,negative,significant_negative,16.896,long,29220.726854377303,29220.726854377295,11.06343049982031,1.7607996516000406,29220.726854377303
Fermi/GBM,glg_tte_n9_bn180528465_v00.fit,GRB180528465,2018-05-28T11:09:49.032,206.3671875,30.0,44079.25104929601,2.976903083030137,14807.083005345448,positive,significant_positive,8.192,long,44079.25104929601,44079.251049296,13.588183654543801,2.1626265962611413,44079.25104929601
Fermi/GBM,glg_tte_n9_bn180602938_v00.fit,GRB180602938,2018-06-02T22:31:05.342,83.125,-63.44828368030105,18690.096926138587,2.416252995521247,7735.157270692451,positive,significant_positive,0.008,short,18690.096926138587,18690.096926138584,8.848101204818892,1.4082190437242814,18690.096926138587
Fermi/GBM,glg_tte_n9_bn180605458_v00.fit,GRB180605458,2018-06-05T10:59:25.177,51.25,-49.7023903266307,4449.603407941631,3.3536850782551904,1326.7803339055945,positive,significant_positive,24.064,long,4449.603407941631,4449.603407941631,4.317227718150856,0.6871081317970527,4449.603407941631
Fermi/GBM,glg_tte_n9_bn180606730_v00.fit,GRB180606730,2018-06-06T17:31:38.616,259.80468749999994,-30.000000000000018,-2839.56194210006,2.7650110948139,1026.9622235606898,negative,significant_negative,6.08,long,2839.56194210006,2839.56194210006,3.448815629887013,0.5488960553091068,2839.56194210006
Fermi/GBM,glg_tte_n9_bn180610377_v00.fit,GRB180610377,2018-06-10T09:03:13.182,202.8515625,-37.168899655999454,-21859.633698887614,3.31306439092436,6598.010518228618,negative,significant_negative,163.331,long,21859.633698887614,21859.633698887614,9.568982156850275,1.5229508106208676,21859.633698887614
Fermi/GBM,glg_tte_n9_bn180610568_v00.fit,GRB180610568,2018-06-10T13:38:27.511,288.63281249999994,7.180755781458272,29159.88562225988,2.778546011639796,10494.656377869656,positive,significant_positive,8.448,long,29159.88562225988,29159.885622259884,11.051906770653366,1.7589655931402692,29159.88562225988
Fermi/GBM,glg_tte_n9_bn180610791_v00.fit,GRB180610791,2018-06-10T18:58:48.667,308.32031249999994,32.79716829582364,-19671.051424722664,3.059791107154089,6428.887050076665,negative,significant_negative,27.648,long,19671.051424722664,19671.051424722664,9.077329316805008,1.4447018308424942,19671.051424722664
Fermi/GBM,glg_tte_n9_bn180611145_v00.fit,GRB180611145,2018-06-11T03:29:01.461,52.9646017699115,-47.74965082913658,11540.864112775418,3.5427370466495525,3257.612394261628,positive,significant_positive,8.96,long,11540.864112775418,11540.864112775422,6.952859739011313,1.1065819960882757,11540.864112775418
Fermi/GBM,glg_tte_n9_bn180612785_v00.fit,GRB180612785,2018-06-12T18:50:07.451,15.468749999999998,14.169522214770062,8600.624048426282,2.5952225927288635,3314.021723039475,positive,significant_positive,101.122,long,8600.624048426282,8600.624048426282,6.002183750027841,0.95527721316278,8600.624048426282
Fermi/GBM,glg_tte_n9_bn180614327_v00.fit,GRB180614327,2018-06-14T07:51:04.121,53.37209302325581,-74.2345483270482,-17500.63612377095,3.185952989296385,5493.061631030516,negative,significant_negative,9.216,long,17500.63612377095,17500.636123770953,8.56192111460872,1.362672067752848,17500.63612377095
Fermi/GBM,glg_tte_n9_bn180615462_v00.fit,GRB180615462,2018-06-15T11:05:56.317,60.46875,78.28414760510762,-13999.011724251206,2.9642252348729943,4722.654526909123,negative,significant_negative,22.528,long,13999.011724251206,13999.011724251206,7.657605577935788,1.2187457799765506,13999.011724251206
Fermi/GBM,glg_tte_n9_bn180617872_v00.fit,GRB180617872,2018-06-17T20:55:23.463,108.28125,24.95302078772749,-40770.06016478885,2.902752781375044,14045.309137719936,negative,significant_negative,1.92,short,40770.06016478885,40770.06016478885,13.068176179820172,2.0798648362141416,40770.06016478885
Fermi/GBM,glg_tte_n9_bn180618030_v00.fit,GRB180618030,2018-06-18T00:43:13.115,343.25,39.933,-3470.868003936617,3.5999359663969592,964.1471504868124,negative,significant_negative,3.712,long,3470.868003936617,3470.8680039366177,3.812969695263286,0.6068529748607497,3470.868003936617
Fermi/GBM,glg_tte_n9_bn180618724_v00.fit,GRB180618724,2018-06-18T17:22:06.252,318.1640625,5.979156796301309,-1300.484448243257,4.426747107646285,293.77879888303096,negative,significant_negative,130.05,long,1300.484448243257,1300.484448243257,2.3339786884799074,0.3714642453427162,1300.484448243257
Fermi/GBM,glg_tte_n9_bn180620354_v00.fit,GRB180620354,2018-06-20T08:29:23.298,145.8984375,13.24801490567694,23230.52383165557,3.1315488755501977,7418.22170269467,positive,significant_positive,98.05,long,23230.52383165557,23230.523831655573,9.864471130177009,1.5699793413549663,23230.52383165557
Fermi/GBM,glg_tte_n9_bn180620660_v00.fit,GRB180620660,2018-06-20T15:50:36.055,330.3833,-60.933,29290.89222845339,3.159562197761596,9270.55408157644,positive,significant_positive,46.721,long,29290.89222845339,29290.89222845339,11.076705397183739,1.762912417134468,29290.89222845339
Fermi/GBM,glg_tte_n9_bn180622273_v00.fit,GRB180622273,2018-06-22T06:32:42.498,210.37500000000003,-75.34073424154307,-16069.514753212256,2.590245747201782,6203.857209522302,negative,significant_negative,13.568,long,16069.514753212256,16069.514753212256,8.20437846481535,1.3057673876720588,16069.514753212256
Fermi/GBM,glg_tte_n9_bn180622578_v00.fit,GRB180622578,2018-06-22T13:52:42.163,113.75,76.81353334098655,11710.26131373929,3.515012631855147,3331.4990699077143,positive,significant_positive,58.881,long,11710.26131373929,11710.26131373929,7.0037010134985165,1.1146736362360061,11710.26131373929
Fermi/GBM,glg_tte_n9_bn180623849_v00.fit,GRB180623849,2018-06-23T20:22:30.250,199.6875,-3.284369108365796,-62049.37091478926,10.228276820089096,6066.454008452301,negative,significant_negative,15.872,long,62049.37091478926,62049.370914789266,16.12178020880532,2.565861011672455,62049.37091478926
Fermi/GBM,glg_tte_n9_bn180625941_v00.fit,GRB180625941,2018-06-25T22:34:41.709,37.6875,-60.43443884495229,4257.289547514057,3.9812528749992566,1069.3341219916483,positive,significant_positive,0.704,short,4257.289547514057,4257.289547514057,4.222900988132017,0.6720955664488598,4257.289547514057
Fermi/GBM,glg_tte_n9_bn180626392_v00.fit,GRB180626392,2018-06-26T09:23:50.648,288.508064516129,43.406858485936986,14519.397057027,3.581799150499952,4053.6603106291896,positive,significant_positive,0.96,short,14519.397057027,14519.397057026998,7.798635019788978,1.2411913127689769,14519.397057027
Fermi/GBM,glg_tte_n9_bn180630335_v00.fit,GRB180630335,2018-06-30T08:02:59.063,130.98214285714283,-69.42254649458224,28629.88822982044,2.938217187675372,9743.965949798128,positive,significant_positive,48.896,long,28629.88822982044,28629.88822982044,10.951008875039827,1.7429071943058045,28629.88822982044
Fermi/GBM,glg_tte_n9_bn180630467_v00.fit,GRB180630467,2018-06-30T11:11:54.405,146.25,-88.53802883735192,-85311.06411784983,3.1175191322233284,27365.049098193776,negative,significant_negative,12.032,long,85311.06411784983,85311.06411784982,18.90370730139337,3.0086184597791084,85311.06411784983
Fermi/GBM,glg_tte_n9_bn180701469_v00.fit,GRB180701469,2018-07-01T11:15:04.510,201.09375,-16.64603991239297,-46142.200120551286,3.5176207437654154,13117.445990257223,negative,significant_negative,25.601,long,46142.200120551286,46142.20012055128,13.902517609852492,2.212654399030146,46142.200120551286
Fermi/GBM,glg_tte_n9_bn180703876_v00.fit,GRB180703876,2018-07-03T21:01:40.495,347.4264705882353,-64.94808409550689,558.848910399755,3.9341879902895824,142.04936616631278,positive,significant_positive,20.736,long,558.848910399755,558.848910399755,1.5300002751104462,0.2435071067157873,558.848910399755
Fermi/GBM,glg_tte_n9_bn180703949_v00.fit,GRB180703949,2018-07-03T22:46:51.317,95.2734375,-28.63098983692436,21560.232249446806,3.3372520603789093,6460.474623843328,positive,significant_positive,1.536,short,21560.232249446806,21560.232249446806,9.503225224070112,1.5124852697263431,21560.232249446806
Fermi/GBM,glg_tte_n9_bn180706351_v00.fit,GRB180706351,2018-07-06T08:25:09.026,189.0167,56.383,24710.07365977503,3.121663983714417,7915.673752423833,positive,significant_positive,38.144,long,24710.07365977503,24710.07365977503,10.173756165036385,1.6192035834771854,24710.07365977503
Fermi/GBM,glg_tte_n9_bn180709099_v00.fit,GRB180709099,2018-07-09T02:22:03.465,331.875,-26.27681155719998,-58260.19020502442,2.9011858136368005,20081.509405973546,negative,significant_negative,11.008,long,58260.19020502442,58260.19020502441,15.62177051616744,2.4862819974952775,58260.19020502442
Fermi/GBM,glg_tte_n9_bn180710062_v00.fit,GRB180710062,2018-07-10T01:28:38.710,199.6875,-31.039240010397894,9839.483517416762,2.6922645954582105,3654.7238090995024,positive,significant_positive,90.112,long,9839.483517416762,9839.483517416762,6.4199324122542345,1.0217639777261371,9839.483517416762
Fermi/GBM,glg_tte_n9_bn180712651_v00.fit,GRB180712651,2018-07-12T15:38:02.457,303.3984375,-20.742379954487145,82750.3118817593,2.6481136199787128,31248.776962381435,positive,significant_positive,54.272,long,82750.3118817593,82750.31188175932,18.61783273781705,2.963120109881699,82750.3118817593
Fermi/GBM,glg_tte_n9_bn180715087_v00.fit,GRB180715087,2018-07-15T02:05:14.476,333.28124999999994,39.065494664452594,-19748.6491896503,3.0332164242260733,6510.794624451889,negative,significant_negative,5.12,long,19748.6491896503,19748.649189650296,9.0952156809704,1.447548534113358,19748.6491896503
Fermi/GBM,glg_tte_n9_bn180715741_v00.fit,GRB180715741,2018-07-15T17:47:19.090,210.5357142857143,79.75282793472046,60150.45143147695,3.3738183568686426,17828.598065754984,positive,significant_positive,1.664,short,60150.45143147695,60150.45143147694,15.873173021474004,2.5262939489205034,60150.45143147695
Fermi/GBM,glg_tte_n9_bn180715755_v00.fit,GRB180715755,2018-07-15T18:07:05.061,232.03125,-2.686724185691605,8838.86934954491,2.974221116744926,2971.82657327725,positive,significant_positive,0.704,short,8838.86934954491,8838.86934954491,6.084748914520662,0.9684178672190079,8838.86934954491
Fermi/GBM,glg_tte_n9_bn180718082_v00.fit,GRB180718082,2018-07-18T01:57:44.601,330.8203125,-2.3880154632687858,9479.036881116406,3.0350031120555814,3123.2379444567805,positive,significant_positive,0.08,short,9479.036881116406,9479.036881116404,6.301245657679864,1.0028743940560914,9479.036881116406
Fermi/GBM,glg_tte_n9_bn180718201_v00.fit,GRB180718201,2018-07-18T04:49:00.200,10.875000000000002,-44.99388015045713,-7829.904955358087,3.154619891235827,2482.043867507191,negative,significant_negative,7.168,long,7829.904955358087,7829.904955358088,5.726938901491126,0.9114706349575817,7829.904955358087
Fermi/GBM,glg_tte_n9_bn180718763_v00.fit,GRB180718763,2018-07-18T18:18:24.464,45.0,-31.039240010397894,-10379.812647484236,2.892655383920185,3588.333648447713,negative,significant_negative,98.306,long,10379.812647484236,10379.812647484236,6.593849978980403,1.0494438181611214,10379.812647484236
Fermi/GBM,glg_tte_n9_bn180720213_v00.fit,GRB180720213,2018-07-20T05:06:02.058,126.91406249999996,-1.1937484371410847,41040.463012929366,3.1563767251412203,13002.39692113848,positive,significant_positive,8.896,long,41040.463012929366,41040.46301292936,13.11144116672369,2.086750672742643,41040.463012929366
Fermi/GBM,glg_tte_n9_bn180720933_v00.fit,GRB180720933,2018-07-20T22:23:53.152,272.4609375,-25.944479772370013,-47420.138404018006,3.016520236400812,15720.145958840894,negative,significant_negative,23.296,long,47420.138404018006,47420.138404018006,14.093722405963783,2.2430855874741362,47420.138404018006
Fermi/GBM,glg_tte_n9_bn180721642_v00.fit,GRB180721642,2018-07-21T15:25:07.934,233.0859375,13.24801490567694,-53069.107129927885,3.631723200412469,14612.651956487383,negative,significant_negative,0.064,short,53069.107129927885,53069.10712992788,14.909572633801464,2.3729321840571522,53069.107129927885
Fermi/GBM,glg_tte_n9_bn180722120_v00.fit,GRB180722120,2018-07-22T02:53:21.076,111.4453125,-19.4712206344907,-9318.83551334144,2.778658882829741,3353.7169930881514,negative,significant_negative,12.544,long,9318.83551334144,9318.835513341442,6.24777135611573,0.9943636946337728,9318.83551334144
Fermi/GBM,glg_tte_n9_bn180722418_v00.fit,GRB180722418,2018-07-22T10:01:39.884,312.53906249999994,18.209956864283004,84311.6809710127,3.125559855232047,26974.905257334533,positive,significant_positive,51.457,long,84311.6809710127,84311.68097101268,18.792656634985196,2.9909441972865984,84311.6809710127
Fermi/GBM,glg_tte_n9_bn180722993_v00.fit,GRB180722993,2018-07-22T23:49:13.565,57.30468749999999,38.68218745348943,13748.69189585812,3.5031922251599,3924.618180274299,positive,significant_positive,86.53,long,13748.69189585812,13748.69189585812,7.588832976288022,1.207800280475019,13748.69189585812
Fermi/GBM,glg_tte_n9_bn180723133_v00.fit,GRB180723133,2018-07-23T03:10:49.337,103.359375,-66.44353569089876,-15721.445420913333,3.558880659475475,4417.525319107057,negative,significant_negative,3.072,long,15721.445420913333,15721.445420913336,8.115037682241878,1.2915483605057925,15721.445420913333
Fermi/GBM,glg_tte_n9_bn180723757_v00.fit,GRB180723757,2018-07-23T18:09:48.161,7.734374999999999,-66.44353569089876,-230.2506992133232,3.501935591848538,65.74955283280427,negative,significant_negative,19.712,long,230.2506992133232,230.25069921332317,0.982075289125017,0.15630213675264873,230.2506992133232
Fermi/GBM,glg_tte_n9_bn180724807_v00.fit,GRB180724807,2018-07-24T19:22:31.548,285.11718749999994,-32.79716829582364,10029.8089317979,3.132021973249311,3202.3430925653734,positive,significant_positive,58.113,long,10029.8089317979,10029.808931797901,6.4817254963006645,1.0315986525010195,10029.8089317979
Fermi/GBM,glg_tte_n9_bn180724984_v00.fit,GRB180724984,2018-07-24T23:36:18.298,62.22656250000001,-25.944479772370013,4270.163501946361,2.745084787630454,1555.5670707105369,positive,significant_positive,4.608,long,4270.163501946361,4270.16350194636,4.229281150478089,0.6731110008239659,4270.163501946361
Fermi/GBM,glg_tte_n9_bn180727594_v00.fit,GRB180727594,2018-07-27T14:15:28.814,2.556818181818182,-57.39952353962295,38779.45687050734,2.648000837145746,14644.80536656753,positive,significant_positive,0.896,short,38779.45687050734,38779.45687050734,12.745156299006986,2.0284546254657685,38779.45687050734
Fermi/GBM,glg_tte_n9_bn180728575_v00.fit,GRB180728575,2018-07-28T13:48:22.440,222.1875,1.4922462896203397,-4540.586264092298,3.2047738637183625,1416.8195502019132,negative,significant_negative,6.144,long,4540.586264092298,4540.586264092298,4.361142426820918,0.6940973747563336,4540.586264092298
Fermi/GBM,glg_tte_n9_bn180728728_v00.fit,GRB180728728,2018-07-28T17:29:02.277,267.3214285714286,-58.91977535280316,-139.35375613991252,5.27799613711617,26.40277721310604,negative,significant_negative,6.4,long,139.35375613991252,139.3537561399125,0.7640180944971505,0.1215972563508723,139.35375613991252
Fermi/GBM,glg_tte_n9_bn180728882_v00.fit,GRB180728882,2018-07-28T21:09:58.913,236.6015625,13.24801490567694,23598.954427881083,2.9791487360822138,7921.37503645264,positive,significant_positive,0.832,short,23598.954427881083,23598.954427881086,9.942387497513296,1.5823801163643005,23598.954427881083
Fermi/GBM,glg_tte_n9_bn180730018_v00.fit,GRB180730018,2018-07-30T00:25:40.343,100.5241935483871,43.406858485936986,15028.306698806016,3.5185935707026768,4271.111851035641,positive,significant_positive,0.256,short,15028.306698806016,15028.306698806016,7.934130317462926,1.2627560591594935,15028.306698806016
Fermi/GBM,glg_tte_n9_bn180731891_v00.fit,GRB180731891,2018-07-31T21:23:21.639,309.7265625,20.74237995448713,7311.312843734951,2.6891064958666253,2718.863256242559,positive,significant_positive,31.233,long,7311.312843734951,7311.31284373495,5.534036106131391,0.8807692015398356,7311.312843734951
Fermi/GBM,glg_tte_n9_bn180801276_v00.fit,GRB180801276,2018-08-01T06:37:03.514,247.5,-6.279288322550267,23167.428930377777,3.168132045834568,7312.646251862548,positive,significant_positive,0.32,short,23167.428930377777,23167.428930377777,9.8510659003811,1.5678458327696647,23167.428930377777
Fermi/GBM,glg_tte_n9_bn180801492_v00.fit,GRB180801492,2018-08-01T11:48:42.170,15.267857142857142,-69.42254649458224,-11588.585393876989,2.8779234157176177,4026.71778219899,negative,significant_negative,7.424,long,11588.585393876989,11588.585393876989,6.967219889252998,1.1088674849827824,11588.585393876989
Fermi/GBM,glg_tte_n9_bn180803590_v00.fit,GRB180803590,2018-08-03T14:09:49.734,72.6923076923077,56.25546743858108,120748.90833288318,3.3812714821772984,35711.09535846245,positive,significant_positive,0.384,short,120748.90833288318,120748.90833288316,22.489816461310458,3.579365459047037,120748.90833288318
Fermi/GBM,glg_tte_n9_bn180804554_v00.fit,GRB180804554,2018-08-04T13:17:41.437,135.3515625,-31.388166464348547,28419.579194169648,2.9006679830057616,9797.59812590492,positive,significant_positive,43.517,long,28419.579194169648,28419.579194169648,10.910712852636575,1.7364938831533852,28419.579194169648
Fermi/GBM,glg_tte_n9_bn180804765_v00.fit,GRB180804765,2018-08-04T18:22:19.646,138.515625,-66.44353569089876,69430.73945839008,3.458570520012178,20074.98157306493,positive,significant_positive,21.504,long,69430.73945839008,69430.73945839008,17.05376208800804,2.7141905346196418,69430.73945839008
Fermi/GBM,glg_tte_n9_bn180804909_v00.fit,GRB180804909,2018-08-04T21:49:02.180,178.24218749999997,30.0,15640.178644831918,2.966185165254577,5272.82612968283,positive,significant_positive,4.608,long,15640.178644831918,15640.17864483192,8.09403651514998,1.288205920952418,15640.178644831918
Fermi/GBM,glg_tte_n9_bn180804931_v00.fit,GRB180804931,2018-08-04T22:20:38.284,106.875,-69.42254649458224,33860.64309028474,2.830652297913433,11962.134351592576,positive,significant_positive,18.432,long,33860.64309028474,33860.64309028475,11.90945549151399,1.8954487110073694,33860.64309028474
Fermi/GBM,glg_tte_n9_bn180805543_v00.fit,GRB180805543,2018-08-05T13:02:36.516,29.53125,-7.481631264246963,20369.253693663424,2.8471575616249423,7154.2418193527,positive,significant_positive,0.96,short,20369.253693663424,20369.25369366342,9.237019559946074,1.4701173224019415,20369.253693663424
Fermi/GBM,glg_tte_n9_bn180806665_v00.fit,GRB180806665,2018-08-06T15:57:58.302,30.5859375,-20.742379954487145,78969.61995018752,3.2041597786474187,24645.968180626496,positive,significant_positive,8.448,long,78969.61995018752,78969.61995018751,18.187555375119807,2.8946393407078883,78969.61995018752
Fermi/GBM,glg_tte_n9_bn180806944_v00.fit,GRB180806944,2018-08-06T22:38:59.661,10.898437499999998,28.630989836924343,-3130.817333191734,2.717913570191316,1151.9193868152895,negative,significant_negative,15.616,long,3130.817333191734,3130.8173331917333,3.6213722507150496,0.5763592944771226,3130.817333191734
Fermi/GBM,glg_tte_n9_bn180807097_v00.fit,GRB180807097,2018-08-07T02:19:54.720,348.75,-46.5718474134496,-4011.05196538093,3.4322676022120286,1168.630313905561,negative,significant_negative,54.272,long,4011.05196538093,4011.0519653809315,4.098957816747673,0.6523693980605554,4011.05196538093
Fermi/GBM,glg_tte_n9_bn180809485_v00.fit,GRB180809485,2018-08-09T11:38:12.076,301.9921875,-35.68533471265204,-2170.215549205676,3.285533681819799,660.5366918666413,negative,significant_negative,236.036,long,2170.215549205676,2170.215549205676,3.015058479497181,0.4798614607231103,2170.215549205676
Fermi/GBM,glg_tte_n9_bn180810278_v00.fit,GRB180810278,2018-08-10T06:40:46.744,31.2890625,-34.228866327812575,28699.852940165096,2.846032809068012,10084.16095862346,positive,significant_positive,15.104,long,28699.852940165096,28699.852940165092,10.964381554587264,1.745035522358163,28699.852940165096
Fermi/GBM,glg_tte_n9_bn180812349_v00.fit,GRB180812349,2018-08-12T08:22:30.307,231.05769230769232,70.90666664467562,-31979.03584146695,3.348167628938532,9551.20513234436,negative,significant_negative,38.4,long,31979.03584146695,31979.035841466946,11.573827028742466,1.8420317821149472,31979.03584146695
Fermi/GBM,glg_tte_n9_bn180814505_v00.fit,GRB180814505,2018-08-14T12:06:54.073,281.24999999999994,-3.284369108365796,-8439.472738539058,2.815994121397672,2996.978109581517,negative,significant_negative,100.608,long,8439.472738539058,8439.472738539058,5.945685893213177,0.9462852999766281,8439.472738539058
Fermi/GBM,glg_tte_n9_bn180816088_v00.fit,GRB180816088,2018-08-16T02:07:18.913,126.91406249999996,-37.168899655999454,-60569.000830117846,3.2266385211496744,18771.54829495331,negative,significant_negative,34.561,long,60569.000830117846,60569.00083011783,15.92830302922745,2.535068162167159,60569.000830117846
Fermi/GBM,glg_tte_n9_bn180816930_v01.fit,GRB180816930,2018-08-16T22:19:52.324,212.34375,14.785930226053416,30218.53485937837,3.261523317958709,9265.159838958703,positive,significant_positive,19.456,long,30218.53485937837,30218.53485937837,11.250737878999768,1.7906105468740394,30218.53485937837
Fermi/GBM,glg_tte_n9_bn180818179_v01.fit,GRB180818179,2018-08-18T04:17:57.030,174.0234375,34.228866327812575,-53208.35421601972,3.28551861785393,16194.811353945368,negative,significant_negative,4.416,long,53208.35421601972,53208.35421601972,14.929120300703188,2.3760432918704755,53208.35421601972
Fermi/GBM,glg_tte_n9_bn180818520_v00.fit,GRB180818520,2018-08-18T12:28:57.244,100.1953125,27.279612735978088,-37171.05938241745,2.9858857117878874,12448.922353481566,negative,significant_negative,169.216,long,37171.05938241745,37171.05938241745,12.47805150825254,1.9859435776936718,37171.05938241745
Fermi/GBM,glg_tte_n9_bn180821653_v00.fit,GRB180821653,2018-08-21T15:40:39.223,306.9140625,-37.168899655999454,-46791.1470401602,3.105594508475508,15066.72777545878,negative,significant_negative,13.568,long,46791.1470401602,46791.147040160184,13.999939228173197,2.2281595311498985,46791.1470401602
Fermi/GBM,glg_tte_n9_bn180822423_v00.fit,GRB180822423,2018-08-22T10:08:27.091,209.53125,-17.270004694974464,17630.012680878543,2.864819577537491,6153.969631844232,positive,significant_positive,8.448,long,17630.012680878543,17630.012680878543,8.593510599744665,1.3676996904619616,17630.012680878543
Fermi/GBM,glg_tte_n9_bn180822562_v00.fit,GRB180822562,2018-08-22T13:28:34.050,186.1875,-60.43443884495229,25029.26792879097,2.9659426194540446,8438.891489208321,positive,significant_positive,152.003,long,25029.26792879097,25029.26792879097,10.239255457946822,1.6296281197129052,25029.26792879097
Fermi/GBM,glg_tte_n9_bn180823442_v00.fit,GRB180823442,2018-08-23T10:36:38.228,1.7578124999999998,27.279612735978088,-24730.583777886062,3.0040436363420184,8232.431606086837,negative,significant_negative,47.745,long,24730.583777886062,24730.58377788606,10.17797755388851,1.619875438379714,24730.583777886062
Fermi/GBM,glg_tte_n9_bn180826055_v00.fit,GRB180826055,2018-08-26T01:19:15.542,61.87499999999999,-21.061817601649302,15630.88089187475,3.554703165980936,4397.239421132183,positive,significant_positive,290.565,long,15630.88089187475,15630.880891874755,8.091630291360804,1.2878229585421854,15630.88089187475
Fermi/GBM,glg_tte_n9_bn180828790_v00.fit,GRB180828790,2018-08-28T18:57:26.577,269.64843749999994,-23.31795706533424,-560.9673542389057,3.841304511915749,146.03563776284375,negative,significant_negative,8.256,long,560.9673542389057,560.9673542389056,1.5328974390483094,0.2439682046774458,560.9673542389057
Fermi/GBM,glg_tte_n9_bn180905400_v00.fit,GRB180905400,2018-09-05T09:36:09.666,292.5,12.94163198542334,-9780.275434847674,2.79201840899628,3502.940884391821,negative,significant_negative,7.168,long,9780.275434847674,9780.275434847674,6.400587624710945,1.0186851591655601,9780.275434847674
Fermi/GBM,glg_tte_n9_bn180906597_v00.fit,GRB180906597,2018-09-06T14:19:51.779,105.75,-67.93492864899142,15030.870225251998,2.7047633066597943,5557.1850550627805,positive,significant_positive,52.03,long,15030.870225251998,15030.870225251998,7.934806990025087,1.262863754942616,15030.870225251998
Fermi/GBM,glg_tte_n9_bn180906759_v00.fit,GRB180906759,2018-09-06T18:12:25.937,272.25,-67.93492864899142,21991.61360468028,3.2337124876462258,6800.732498233839,positive,significant_positive,13.309,long,21991.61360468028,21991.613604680275,9.597825569092818,1.5275413822549053,21991.61360468028
Fermi/GBM,glg_tte_n9_bn180906988_v00.fit,GRB180906988,2018-09-06T23:42:34.164,320.625,3.8823720030295576,-76181.19140302323,2.876371494623196,26485.171176751264,negative,significant_negative,3.328,long,76181.19140302323,76181.19140302321,17.863567066460742,2.843074999880815,76181.19140302323
Fermi/GBM,glg_tte_n9_bn180910032_v00.fit,GRB180910032,2018-09-10T00:46:12.985,184.32692307692307,70.90666664467562,31147.1069918424,3.488124798294889,8929.470358132867,positive,significant_positive,38.401,long,31147.1069918424,31147.1069918424,11.422289467303091,1.817913830147779,31147.1069918424
Fermi/GBM,glg_tte_n9_bn180910156_v00.fit,GRB180910156,2018-09-10T03:44:16.083,352.61718749999994,0.0,17299.825645436074,3.213762055021253,5383.044963894089,positive,significant_positive,28.928,long,17299.825645436074,17299.825645436074,8.512657646593984,1.3548315433044533,17299.825645436074
Fermi/GBM,glg_tte_n9_bn180910352_v00.fit,GRB180910352,2018-09-10T08:27:32.007,263.3203125,-35.68533471265204,-39610.67150036873,2.830944822260512,13992.032338072762,negative,significant_negative,0.256,short,39610.67150036873,39610.671500368735,12.881024523917187,2.050078725069348,39610.67150036873
Fermi/GBM,glg_tte_n9_bn180912274_v00.fit,GRB180912274,2018-09-12T06:34:13.806,202.8515625,-25.944479772370013,88268.76899224297,3.1210500529099257,28281.75373539593,positive,significant_positive,41.217,long,88268.76899224297,88268.76899224296,19.2286077224343,3.0603279678004105,88268.76899224297
Fermi/GBM,glg_tte_n9_bn180913783_v00.fit,GRB180913783,2018-09-13T18:48:07.540,350.20161290322585,43.406858485936986,30519.44173160834,3.077064794510385,9918.361740726528,positive,significant_positive,0.768,short,30519.44173160834,30519.441731608338,11.306614815271192,1.7995036374864675,30519.44173160834
Fermi/GBM,glg_tte_n9_bn180914522_v00.fit,GRB180914522,2018-09-14T12:31:47.248,48.8671875,-4.78019184719916,-28430.76398388149,2.762635769191827,10291.173487628645,negative,significant_negative,122.37,long,28430.76398388149,28430.76398388149,10.912859647694388,1.7368355561986413,28430.76398388149
Fermi/GBM,glg_tte_n9_bn180917477_v00.fit,GRB180917477,2018-09-17T11:26:41.804,164.8667,3.7,-93158.57011088048,3.592978579427033,25927.950320743726,negative,significant_negative,4.864,long,93158.57011088048,93158.57011088048,19.75403011975942,3.1439515395458972,93158.57011088048
Fermi/GBM,glg_tte_n9_bn180922461_v00.fit,GRB180922461,2018-09-22T11:03:52.023,19.3359375,-1.1937484371410847,2379.8666389778327,2.7207426997022224,874.7121288750687,positive,significant_positive,6.4,long,2379.8666389778327,2379.8666389778327,3.1573346458758937,0.5025054158864474,2379.8666389778327
Fermi/GBM,glg_tte_n9_bn180922734_v00.fit,GRB180922734,2018-09-22T17:36:51.080,342.0703125,-19.4712206344907,-16530.342494522858,2.857906930812402,5784.073062807495,negative,significant_negative,16.896,long,16530.342494522858,16530.342494522854,8.321186016597728,1.3243578869286867,16530.342494522858
Fermi/GBM,glg_tte_n9_bn180923931_v00.fit,GRB180923931,2018-09-23T22:20:30.535,311.1328125,0.0,-2091.669336167481,4.53351690920937,461.3789642911603,negative,significant_negative,8.192,long,2091.669336167481,2091.669336167481,2.9599939234718704,0.47109766444252155,2091.669336167481
Fermi/GBM,glg_tte_n9_bn180925407_v00.fit,GRB180925407,2018-09-25T09:46:30.545,178.9453125,-24.62431835216409,6788.882266873308,3.3195391092454183,2045.127966097837,positive,significant_positive,0.896,short,6788.882266873308,6788.882266873306,5.332654455421515,0.8487183163813534,6788.882266873308
Fermi/GBM,glg_tte_n9_bn180927993_v00.fit,GRB180927993,2018-09-27T23:49:20.193,235.1953125,-2.3880154632687858,5391.284159320123,4.190133057903297,1286.661804009124,positive,significant_positive,4.608,long,5391.284159320123,5391.284159320124,4.7521530149796485,0.7563286426630649,5391.284159320123
Fermi/GBM,glg_tte_n9_bn180929453_v00.fit,GRB180929453,2018-09-29T10:52:33.919,243.28125,-9.29155323877026,-62749.78720641559,2.952728985772137,21251.45501289769,negative,significant_negative,2.944,long,62749.78720641559,62749.787206415574,16.212516584499273,2.5803021543823914,62749.78720641559
Fermi/GBM,glg_tte_n9_bn181002617_v00.fit,GRB181002617,2018-10-02T14:47:47.342,271.0546875,-4.78019184719916,34421.47447073311,3.6795263849547575,9354.865509724114,positive,significant_positive,1.664,short,34421.47447073311,34421.47447073311,12.007678172624034,1.911081336229772,34421.47447073311
Fermi/GBM,glg_tte_n9_bn181007385_v00.fit,GRB181007385,2018-10-07T09:14:23.980,303.75,-16.024100308155862,-55349.89364516126,3.0174593208860028,18343.211211513244,negative,significant_negative,46.336,long,55349.89364516126,55349.89364516127,15.22659161916481,2.4233873226317058,55349.89364516126
Fermi/GBM,glg_tte_n9_bn181007737_v00.fit,GRB181007737,2018-10-07T17:41:28.372,210.5357142857143,-79.75282793472047,-37030.87165355732,2.8582832775394547,12955.633874552575,negative,significant_negative,23.552,long,37030.87165355732,37030.87165355731,12.454499285684788,1.9821951250512135,37030.87165355732
Fermi/GBM,glg_tte_n9_bn181008269_v00.fit,GRB181008269,2018-10-08T06:27:48.582,45.0,28.971532223711293,83649.34013810742,3.3611461703489027,24887.147389196773,positive,significant_positive,33.025,long,83649.34013810742,83649.3401381074,18.718694842519053,2.979172812415675,83649.34013810742
Fermi/GBM,glg_tte_n9_bn181008877_v00.fit,GRB181008877,2018-10-08T21:02:22.843,98.0859375,-40.22818472806109,10180.826008590991,2.7265194102360617,3734.000928205217,positive,significant_positive,224.516,long,10180.826008590991,10180.826008590993,6.53034028680133,1.039335936716577,10180.826008590991
Fermi/GBM,glg_tte_n9_bn181010247_v00.fit,GRB181010247,2018-10-10T05:55:59.391,59.0625,-13.554784037179,25020.802790385587,2.7486347313016366,9102.993026118387,positive,significant_positive,9.728,long,25020.802790385587,25020.802790385587,10.237523804331746,1.6293525184803428,25020.802790385587
Fermi/GBM,glg_tte_n9_bn181014479_v00.fit,GRB181014479,2018-10-14T11:30:14.618,230.2734375,15.71386104800821,14518.125683799026,3.3027368642259427,4395.786367680132,positive,significant_positive,33.537,long,14518.125683799026,14518.125683799024,7.798293573350203,1.2411369698804446,14518.125683799026
Fermi/GBM,glg_tte_n9_bn181016718_v00.fit,GRB181016718,2018-10-16T17:13:25.403,12.656249999999998,3.8823720030295576,-21819.56055834299,2.9423274466611726,7415.748571119402,negative,significant_negative,0.08,short,21819.56055834299,21819.560558342986,9.560207191244894,1.5215542314693098,21819.56055834299
Fermi/GBM,glg_tte_n9_bn181020424_v00.fit,GRB181020424,2018-10-20T10:10:58.903,226.0546875,38.68218745348943,-1971.846921228736,3.3561571366222944,587.5311676297861,negative,significant_negative,13.312,long,1971.846921228736,1971.8469212287357,2.8739612156362044,0.4574051337228945,1971.846921228736
Fermi/GBM,glg_tte_n9_bn181020792_v00.fit,GRB181020792,2018-10-20T19:00:33.297,16.68103448275862,-46.5718474134496,1298.9690413648746,3.6343543900757127,357.41397286735537,positive,significant_positive,15.104,long,1298.9690413648746,1298.9690413648748,2.332618442178222,0.3712477554199805,1298.9690413648746
Fermi/GBM,glg_tte_n9_bn181022846_v00.fit,GRB181022846,2018-10-22T20:18:30.505,226.8947368421053,-54.72462840974654,7532.723712192099,3.31628228341932,2271.436225394339,positive,significant_positive,13.824,long,7532.723712192099,7532.7237121921,5.617205648807283,0.8940060453713962,7532.723712192099
Fermi/GBM,glg_tte_n9_bn181026540_v00.fit,GRB181026540,2018-10-26T12:57:00.037,354.77678571428567,-48.1412077943603,-43450.71917460448,3.086215731734203,14078.963673154723,negative,significant_negative,44.8,long,43450.71917460448,43450.71917460448,13.49095796707956,2.1471526475056995,43450.71917460448
Fermi/GBM,glg_tte_n9_bn181027076_v00.fit,GRB181027076,2018-10-27T01:49:47.309,225.3515625,28.630989836924343,720.8415041488059,4.427859810247404,162.79682172424725,positive,significant_positive,89.856,long,720.8415041488059,720.841504148806,1.7376575703463577,0.2765567917216757,720.8415041488059
Fermi/GBM,glg_tte_n9_bn181028590_v00.fit,GRB181028590,2018-10-28T14:09:42.530,84.7265625,-18.20995686428302,-4529.381280538321,3.2194127552018803,1406.896730846274,negative,significant_negative,29.697,long,4529.381280538321,4529.381280538321,4.355758021477061,0.6932404200302482,4529.381280538321
Fermi/GBM,glg_tte_n9_bn181029892_v00.fit,GRB181029892,2018-10-29T21:24:46.328,274.5703125,-24.62431835216409,2971.2683732153346,3.2187272275263807,923.1190353147072,positive,significant_positive,18.688,long,2971.2683732153346,2971.2683732153346,3.527891701500485,0.5614814029866796,2971.2683732153346
Fermi/GBM,glg_tte_n9_bn181103046_v00.fit,GRB181103046,2018-11-03T01:06:45.608,292.5,-76.07742270175358,-30889.72164587957,2.8981522619460374,10658.419176754323,negative,significant_negative,11.776,long,30889.72164587957,30889.72164587957,11.374997294893678,1.8103870471392667,30889.72164587957
Fermi/GBM,glg_tte_n9_bn181111654_v00.fit,GRB181111654,2018-11-11T15:42:14.825,90.3515625,10.806922874860335,-46389.077928591934,2.837887210650132,16346.343066243517,negative,significant_negative,15.104,long,46389.077928591934,46389.077928591934,13.939659796291961,2.2185657615992285,46389.077928591934
Fermi/GBM,glg_tte_n9_bn181116484_v00.fit,GRB181116484,2018-11-16T11:36:47.288,6.6796875,-24.62431835216409,-83501.40663950137,3.283570552788152,25430.06318795206,negative,significant_negative,68.609,long,83501.40663950137,83501.4066395014,18.70213555232206,2.97653731952673,83501.40663950137
Fermi/GBM,glg_tte_n9_bn181117663_v00.fit,GRB181117663,2018-11-17T15:55:18.057,352.96874999999994,24.29647799480565,-4800.508615626026,3.465001280559674,1385.4276598854929,negative,significant_negative,87.554,long,4800.508615626026,4800.508615626026,4.484230532335172,0.7136874551847437,4800.508615626026
Fermi/GBM,glg_tte_n9_bn181119606_v00.fit,GRB181119606,2018-11-19T14:32:17.134,84.7265625,37.16889965599944,-33981.8894671676,5.657274280545487,6006.760107783035,negative,significant_negative,16.445,long,33981.8894671676,33981.8894671676,11.930758808232001,1.8988392391672932,33981.8894671676
Fermi/GBM,glg_tte_n9_bn181119649_v00.fit,GRB181119649,2018-11-19T15:35:09.131,71.3671875,27.279612735978088,1268.154069169403,3.742708868697632,338.8332124295547,positive,significant_positive,25.344,long,1268.154069169403,1268.154069169403,2.3047844461243656,0.36681783736200896,1268.154069169403
Fermi/GBM,glg_tte_n9_bn181120265_v00.fit,GRB181120265,2018-11-20T06:21:19.084,36.5625,6.279288322550267,-62210.47115344535,2.9957836289762323,20766.00945132507,negative,significant_negative,17.374,long,62210.47115344535,62210.47115344536,16.14269532025858,2.569189755045559,62210.47115344535
Fermi/GBM,glg_tte_n9_bn181121307_v00.fit,GRB181121307,2018-11-21T07:21:29.268,129.7265625,31.388166464348547,2909.712483764817,2.8038280500536725,1037.7642393973188,positive,significant_positive,0.256,short,2909.712483764817,2909.7124837648175,3.4911567067003375,0.5556348469797809,2909.712483764817
Fermi/GBM,glg_tte_n9_bn181121401_v00.fit,GRB181121401,2018-11-21T09:36:59.295,252.0703125,35.68533471265204,20268.81727479007,3.5922971099896626,5642.299802659808,positive,significant_positive,0.192,short,20268.81727479007,20268.817274790075,9.214218537849309,1.4664884270276939,20268.81727479007
Fermi/GBM,glg_tte_n9_bn181122381_v00.fit,GRB181122381,2018-11-22T09:09:03.060,92.8125,33.8687046016565,-74200.21130503055,3.207102835789311,23136.212059370675,negative,significant_negative,73.728,long,74200.21130503055,74200.21130503055,17.629779303995623,2.8058665218500978,74200.21130503055
Fermi/GBM,glg_tte_n9_bn181125092_v00.fit,GRB181125092,2018-11-25T02:12:00.487,204.2578125,-4.78019184719916,57400.63776696107,3.290890963909576,17442.278822501357,positive,significant_positive,9.216,long,57400.63776696107,57400.63776696107,15.506102967113893,2.467872935308081,57400.63776696107
Fermi/GBM,glg_tte_n9_bn181125371_v00.fit,GRB181125371,2018-11-25T08:54:41.732,248.8,-7.717,-4190.802546353281,3.184584104126327,1315.9654163076357,negative,significant_negative,3.84,long,4190.802546353281,4190.802546353282,4.1897962547549366,0.6668267844921582,4190.802546353281
Fermi/GBM,glg_tte_n9_bn181126162_v00.fit,GRB181126162,2018-11-26T03:52:50.350,81.2109375,20.74237995448713,4269.909884545801,2.8888553057426267,1478.0629116514897,positive,significant_positive,1.664,short,4269.909884545801,4269.909884545801,4.2291555539736345,0.673091011519447,4269.909884545801
Fermi/GBM,glg_tte_n9_bn181126413_v00.fit,GRB181126413,2018-11-26T09:54:09.943,162.2833,-26.917,-12700.612247359824,2.937495769989225,4323.618905979365,negative,significant_negative,2.112,long,12700.612247359824,12700.612247359824,7.293846733825088,1.1608517618429386,12700.612247359824
Fermi/GBM,glg_tte_n9_bn181126729_v00.fit,GRB181126729,2018-11-26T17:29:48.081,53.0859375,-5.979156796301309,-26880.782053709267,3.2759301607007263,8205.541856838434,negative,significant_negative,9.216,long,26880.782053709267,26880.782053709267,10.611218429736294,1.6888278653203508,26880.782053709267
Fermi/GBM,glg_tte_n9_bn181127274_v00.fit,GRB181127274,2018-11-27T06:35:01.896,2.1634615384615388,51.25580694880489,-870.0969762331191,3.047946212605522,285.469924841397,negative,significant_negative,12.288,long,870.0969762331191,870.0969762331191,1.9090976117683314,0.3038423217578621,870.0969762331191
Fermi/GBM,glg_tte_n9_bn181128129_v00.fit,GRB181128129,2018-11-28T03:05:25.848,8.125,-63.44828368030105,-17769.843975153526,2.8158713350029654,6310.602247433586,negative,significant_negative,1.728,short,17769.843975153526,17769.843975153533,8.627522725771609,1.3731128884442143,17769.843975153526
Fermi/GBM,glg_tte_n9_bn181128751_v00.fit,GRB181128751,2018-11-28T18:01:54.190,171.875,-63.44828368030105,-5188.128803726155,2.949868983081472,1758.76584129054,negative,significant_negative,17.664,long,5188.128803726155,5188.128803726156,4.661757513451151,0.7419417517615334,5188.128803726155
Fermi/GBM,glg_tte_n9_bn181203880_v00.fit,GRB181203880,2018-12-03T21:06:32.086,182.8125,-10.503271450113209,29249.282338590867,3.210961408221259,9109.197719942003,positive,significant_positive,41.217,long,29249.282338590867,29249.28233859086,11.068834959331582,1.7616597980459996,29249.282338590867
Fermi/GBM,glg_tte_n9_bn181206970_v00.fit,GRB181206970,2018-12-06T23:16:28.960,243.6328125,-7.180755781458284,-29479.44627181163,3.47067327594249,8493.869612029743,negative,significant_negative,89.088,long,29479.44627181163,29479.446271811634,11.11230020229346,1.7685775063160727,29479.44627181163
Fermi/GBM,glg_tte_n9_bn181208188_v00.fit,GRB181208188,2018-12-08T04:30:44.013,104.25,-67.93492864899142,31769.767740806416,5.038179880706711,6305.802590031787,positive,significant_positive,62.465,long,31769.767740806416,31769.76774080641,11.53589580054486,1.8359948396497519,31769.767740806416
Fermi/GBM,glg_tte_n9_bn181212693_v00.fit,GRB181212693,2018-12-12T16:37:46.048,297.0703125,-2.3880154632687858,4260.083973483247,3.391815812283552,1255.9891837449543,positive,significant_positive,57.601,long,4260.083973483247,4260.083973483247,4.224286687678064,0.6723161073812534,4260.083973483247
Fermi/GBM,glg_tte_n9_bn181215110_v00.fit,GRB181215110,2018-12-15T02:38:38.088,129.375,-20.42361536381095,2918.952452061317,3.408686258850916,856.3276964789685,positive,significant_positive,37.438,long,2918.952452061317,2918.952452061317,3.4966955028185773,0.556516373760777,2918.952452061317
Fermi/GBM,glg_tte_n9_bn181216551_v00.fit,GRB181216551,2018-12-16T13:13:11.605,213.34821428571425,48.14120779436029,65899.7949353933,2.8790418066150267,22889.4887125219,positive,significant_positive,43.52,long,65899.7949353933,65899.7949353933,16.61446404560819,2.644274079681113,65899.7949353933
Fermi/GBM,glg_tte_n9_bn181217665_v00.fit,GRB181217665,2018-12-17T15:56:59.038,330.46875,29.65601354117841,21128.66494344528,3.088793767009459,6840.425919371706,positive,significant_positive,42.497,long,21128.66494344528,21128.664943445277,9.40763226084636,1.497271177104481,21128.66494344528
Fermi/GBM,glg_tte_n9_bn181221565_v00.fit,GRB181221565,2018-12-21T13:34:19.059,262.6875,60.43443884495229,-53290.51820886466,3.5904061089106865,14842.476475462763,negative,significant_negative,15.616,long,53290.51820886466,53290.518208864654,14.940642579262883,2.3778771194589328,53290.51820886466
Fermi/GBM,glg_tte_n9_bn181222279_v00.fit,GRB181222279,2018-12-22T06:41:34.254,268.2421875,-38.68218745348945,368.4510867089151,3.73294966285597,98.70239890323728,positive,significant_positive,130.691,long,368.4510867089151,368.4510867089151,1.2423221413744523,0.1977217097122525,368.4510867089151
Fermi/GBM,glg_tte_n9_bn181222841_v00.fit,GRB181222841,2018-12-22T20:11:37.438,311.1328125,22.02431283704216,421.2505437157779,2.9916038524066013,140.8109377105201,positive,significant_positive,0.576,short,421.2505437157779,421.2505437157779,1.328356183889544,0.21141445285270763,421.2505437157779
Fermi/GBM,glg_tte_n9_bn181224987_v00.fit,GRB181224987,2018-12-24T23:41:47.453,214.875,-44.99388015045713,-30940.542676065696,3.437363518641069,9001.242524473455,negative,significant_negative,1.088,short,30940.542676065696,30940.542676065703,11.3843507540957,1.8118756964062768,30940.542676065696
Fermi/GBM,glg_tte_n9_bn181225489_v00.fit,GRB181225489,2018-12-25T11:44:10.534,163.0333,68.667,-19219.229283977234,2.8899407374768105,6650.388720689624,negative,significant_negative,41.473,long,19219.229283977234,19219.229283977234,8.972475654370292,1.4280138521647203,19219.229283977234
Fermi/GBM,glg_tte_n9_bn181225786_v00.fit,GRB181225786,2018-12-25T18:52:28.151,320.62500000000006,75.34073424154306,-6030.068300128986,2.729064485203906,2209.573402468883,negative,significant_negative,1.792,short,6030.068300128986,6030.068300128986,5.025802525942819,0.7998813150075332,6030.068300128986
Fermi/GBM,glg_tte_n9_bn181226600_v00.fit,GRB181226600,2018-12-26T14:23:45.821,49.21875,16.64603991239297,44220.27217640227,3.575338226868643,12368.136766498685,positive,significant_positive,5.12,long,44220.27217640227,44220.27217640227,13.609902385597849,2.1660832396660763,44220.27217640227
Fermi/GBM,glg_tte_n9_bn181227262_v00.fit,GRB181227262,2018-12-27T06:17:00.496,24.945652173913043,-55.87335043525199,-2616.9883745644074,4.659159792047989,561.6867614265874,negative,significant_negative,13.184,long,2616.9883745644074,2616.988374564408,3.3108934246537216,0.5269450545840936,2616.9883745644074
Fermi/GBM,glg_tte_n9_bn181227571_v00.fit,GRB181227571,2018-12-27T13:42:31.568,238.0078125,-4.78019184719916,-24288.23216867713,2.99665755692278,8105.107676573605,negative,significant_negative,25.856,long,24288.23216867713,24288.23216867712,10.086540982900553,1.6053228561276076,24288.23216867713
Fermi/GBM,glg_tte_n9_bn181228120_v00.fit,GRB181228120,2018-12-28T02:53:14.963,50.2734375,13.24801490567694,1590.9935819785371,4.400347953940799,361.5608580575312,positive,significant_positive,17.664,long,1590.9935819785371,1590.9935819785371,2.5815379780413283,0.41086452998473416,1590.9935819785371
Fermi/GBM,glg_tte_n9_bn181231144_v00.fit,GRB181231144,2018-12-31T03:27:43.745,254.1796875,-7.180755781458284,38159.810718235065,3.0689278906494293,12434.248075525782,positive,significant_positive,36.865,long,38159.810718235065,38159.81071823507,12.642920602180723,2.012183308955424,38159.810718235065
Fermi/GBM,glg_tte_n9_bn181231359_v00.fit,GRB181231359,2018-12-31T08:36:43.590,31.875000000000004,-44.99388015045713,-38530.40727035388,2.969000392370924,12977.5689384753,negative,significant_negative,3.072,long,38530.40727035388,38530.40727035388,12.704164378678696,2.021930558718692,38530.40727035388
Fermi/GBM,glg_tte_n9_bn181231954_v00.fit,GRB181231954,2018-12-31T22:54:26.895,68.52272727272727,73.86549608859848,67810.6513442981,3.201929078297654,21178.06162663368,positive,significant_positive,28.929,long,67810.6513442981,67810.65134429808,16.853622522507763,2.6823373334620086,67810.6513442981
Fermi/GBM,glg_tte_n9_bn190102258_v00.fit,GRB190102258,2019-01-02T06:11:31.125,87.5390625,18.209956864283004,-48489.08529156484,3.3651759257033245,14409.078860098696,negative,significant_negative,122.112,long,48489.08529156484,48489.08529156484,14.2516878126192,2.268226562780867,48489.08529156484
Fermi/GBM,glg_tte_n9_bn190106866_v00.fit,GRB190106866,2019-01-06T20:47:10.476,346.99218749999994,7.180755781458272,10260.202384733551,2.931675159534679,3499.7746429594445,positive,significant_positive,11.773,long,10260.202384733551,10260.202384733551,6.555748259985116,1.043379741242723,10260.202384733551
Fermi/GBM,glg_tte_n9_bn190107050_v00.fit,GRB190107050,2019-01-07T01:12:40.035,351.5625,-26.27681155719998,17728.96167759568,3.0799355115836464,5756.276912590216,positive,significant_positive,67.584,long,17728.96167759568,17728.96167759568,8.61759253017605,1.3715324487293117,17728.96167759568
Fermi/GBM,glg_tte_n9_bn190109217_v00.fit,GRB190109217,2019-01-09T05:12:49.450,32.69531249999999,38.68218745348943,76848.92801678478,3.4554795328621264,22239.72889607361,positive,significant_positive,123.902,long,76848.92801678478,76848.92801678479,17.94168433913167,2.8555077499672508,76848.92801678478
Fermi/GBM,glg_tte_n9_bn190109497_v00.fit,GRB190109497,2019-01-09T11:56:10.763,78.1667,59.6,-11520.438755957355,3.1625433910167504,3642.7765034564673,negative,significant_negative,8.192,long,11520.438755957355,11520.438755957357,6.94670432765032,1.1056023319434098,11520.438755957355
Fermi/GBM,glg_tte_n9_bn190110726_v00.fit,GRB190110726,2019-01-10T17:24:49.208,275.4166666666667,-49.7023903266307,7700.891697106529,2.789659318282321,2760.5133166756023,positive,significant_positive,8.96,long,7700.891697106529,7700.891697106529,5.6795615771783545,0.9039302996027364,7700.891697106529
Fermi/GBM,glg_tte_n9_bn190117369_v00.fit,GRB190117369,2019-01-17T08:50:43.596,106.5234375,-20.742379954487145,41037.77346883854,3.776579760035839,10866.386009665292,positive,significant_positive,35.585,long,41037.77346883854,41037.77346883853,13.111011537349576,2.086682295104055,41037.77346883854
Fermi/GBM,glg_tte_n9_bn190118937_v00.fit,GRB190118937,2019-01-18T22:29:49.932,251.71875,78.28414760510762,67828.17456005113,2.9069393586332275,23333.19212821223,positive,significant_positive,0.576,short,67828.17456005113,67828.17456005112,16.855799987116708,2.6826838877179298,67828.17456005113
Fermi/GBM,glg_tte_n9_bn190119249_v00.fit,GRB190119249,2019-01-19T05:59:03.575,197.17105263157893,-61.943837023156725,20069.925504541992,2.992174810363108,6707.470912137804,positive,significant_positive,34.304,long,20069.925504541992,20069.925504541992,9.16889891776641,1.459275585472454,20069.925504541992
Fermi/GBM,glg_tte_n9_bn190122305_v00.fit,GRB190122305,2019-01-22T07:19:07.574,257.9166666666667,49.702390326630685,-10999.791269751557,3.016244156529957,3646.8504202280105,negative,significant_negative,54.016,long,10999.791269751557,10999.791269751557,6.787917053517241,1.0803305523650424,10999.791269751557
Fermi/GBM,glg_tte_n9_bn190123513_v00.fit,GRB190123513,2019-01-23T12:19:18.218,44.7833,36.117,-9860.222230143674,2.8544036479949697,3454.38958399238,negative,significant_negative,16.896,long,9860.222230143674,9860.222230143676,6.426694507648769,1.0228401986338362,9860.222230143674
Fermi/GBM,glg_tte_n9_bn190129515_v00.fit,GRB190129515,2019-01-29T12:21:41.873,8.4375,-16.024100308155862,-41979.46082641259,3.198909445164478,13123.053823817803,negative,significant_negative,8.704,long,41979.46082641259,41979.46082641259,13.260586499544093,2.110487889700096,41979.46082641259
Fermi/GBM,glg_tte_n9_bn190129539_v00.fit,GRB190129539,2019-01-29T12:55:42.675,125.15625,35.31877290301153,381.6376250410503,3.1215065757262472,122.26071474869752,positive,significant_positive,9.984,long,381.6376250410503,381.63762504105034,1.2643575228351722,0.2012287495946416,381.6376250410503
Fermi/GBM,glg_tte_n9_bn190131109_v00.fit,GRB190131109,2019-01-31T02:36:33.938,69.9609375,23.31795706533424,1240.643737347821,2.722269750185531,455.7387221686122,positive,significant_positive,49.92,long,1240.643737347821,1240.6437373478211,2.279648291871387,0.362817294162327,1240.643737347821
Fermi/GBM,glg_tte_n9_bn190131964_v00.fit,GRB190131964,2019-01-31T23:08:35.673,41.1328125,35.68533471265204,5909.147384912677,3.4198992775582857,1727.871760343669,positive,significant_positive,63.232,long,5909.147384912677,5909.147384912676,4.975156146751711,0.791820693409562,5909.147384912677
Fermi/GBM,glg_tte_n9_bn190202069_v00.fit,GRB190202069,2019-02-02T01:39:26.210,170.15625,7.48163126424695,250.19050349937777,4.635529625201578,53.97236642371758,positive,significant_positive,18.432,long,250.19050349937777,250.1905034993778,1.023716528336223,0.16292954580958424,250.19050349937777
Fermi/GBM,glg_tte_n9_bn190202234_v00.fit,GRB190202234,2019-02-02T05:36:55.718,226.125,44.99388015045712,13659.59072618606,2.8360123522785923,4816.477867316506,positive,significant_positive,97.536,long,13659.59072618606,13659.590726186058,7.564202524737104,1.2038802223601048,13659.59072618606
Fermi/GBM,glg_tte_n9_bn190202634_v00.fit,GRB190202634,2019-02-02T15:13:12.939,114.9609375,5.979156796301309,-8960.913853650065,3.130423171858987,2862.524764768039,negative,significant_negative,17.152,long,8960.913853650065,8960.913853650065,6.126613108080521,0.9750807605626154,8960.913853650065
Fermi/GBM,glg_tte_n9_bn190204627_v00.fit,GRB190204627,2019-02-04T15:02:50.914,95.9765625,-15.71386104800821,22969.135104313664,2.9455139229213185,7798.005952568442,positive,significant_positive,41.216,long,22969.135104313664,22969.13510431366,9.808816857162963,1.5611216887005952,22969.135104313664
Fermi/GBM,glg_tte_n9_bn190205938_v00.fit,GRB190205938,2019-02-05T22:31:15.658,309.55645161290323,-43.40685848593699,-100999.76629728328,3.171143481713767,31849.63622103294,negative,significant_negative,98.05,long,100999.76629728328,100999.76629728328,20.56858847251738,3.273592527824118,100999.76629728328
Fermi/GBM,glg_tte_n9_bn190212482_v00.fit,GRB190212482,2019-02-12T11:33:31.888,26.3671875,-14.477512185929934,-3408.016790149996,3.273666448983242,1041.039715945551,negative,significant_negative,17.92,long,3408.016790149996,3408.0167901499967,3.7782889445260617,0.6013333619507827,3408.016790149996
Fermi/GBM,glg_tte_n9_bn190215772_v00.fit,GRB190215772,2019-02-15T18:31:22.475,339.25781249999994,38.68218745348943,32237.24021126251,3.674621854585194,8772.940859489221,positive,significant_positive,23.296,long,32237.24021126251,32237.240211262502,11.62045765132692,1.8494532761987157,32237.24021126251
Fermi/GBM,glg_tte_n9_bn190217188_v01.fit,GRB190217188,2019-02-17T04:31:26.137,169.8046875,-16.957763300004153,18368.82829447536,3.246961246688403,5657.236689600113,positive,significant_positive,11.52,long,18368.82829447536,18368.828294475363,8.771725487798937,1.3960634708283677,18368.82829447536
Fermi/GBM,glg_tte_n9_bn190218330_v00.fit,GRB190218330,2019-02-18T07:54:33.343,293.90625,16.64603991239297,-6439.00403348156,3.004427590327607,2143.1716491391435,negative,significant_negative,50.177,long,6439.00403348156,6439.00403348156,5.193422476944045,0.8265588587701996,6439.00403348156
Fermi/GBM,glg_tte_n9_bn190220844_v00.fit,GRB190220844,2019-02-20T20:15:31.492,265.4166666666667,-49.7023903266307,-17888.794424009902,3.3242199678440354,5381.350992729854,negative,significant_negative,108.544,long,17888.794424009902,17888.794424009902,8.656350666344917,1.3777009976856156,17888.794424009902
Fermi/GBM,glg_tte_n9_bn190222312_v00.fit,GRB190222312,2019-02-22T07:29:35.526,216.5625,-37.54432510382695,129530.47961273044,3.403545365581632,38057.51523767187,positive,significant_positive,13.824,long,129530.47961273044,129530.47961273044,23.293260918623837,3.7072376159282467,129530.47961273044
Fermi/GBM,glg_tte_n9_bn190222537_v00.fit,GRB190222537,2019-02-22T12:53:27.151,145.68749999999997,60.43443884495229,24410.412197314785,3.642519497998346,6701.518608405227,positive,significant_positive,13.312,long,24410.412197314785,24410.41219731478,10.111878930590022,1.6093555157501904,24410.412197314785
Fermi/GBM,glg_tte_n9_bn190226515_v00.fit,GRB190226515,2019-02-26T12:21:45.676,225.0,-8.084013907099306,-22279.325572099347,2.880368178839998,7734.888107627903,negative,significant_negative,0.192,short,22279.325572099347,22279.32557209935,9.660404790983486,1.53750117475365,22279.325572099347
Fermi/GBM,glg_tte_n9_bn190228973_v00.fit,GRB190228973,2019-02-28T23:21:16.317,271.40624999999994,-9.896853442815877,-44381.12184813819,2.968102009358915,14952.694249792356,negative,significant_negative,50.944,long,44381.12184813819,44381.12184813819,13.634632685734974,2.170019189177046,44381.12184813819
Fermi/GBM,glg_tte_n9_bn190303240_v00.fit,GRB190303240,2019-03-03T05:45:22.235,296.71874999999994,14.169522214770062,52430.5657945838,2.869814084031781,18269.673316581007,positive,significant_positive,64.768,long,52430.5657945838,52430.56579458381,14.819603248122435,2.3586131115993934,52430.5657945838
Fermi/GBM,glg_tte_n9_bn190304371_v00.fit,GRB190304371,2019-03-04T08:54:35.515,354.72656249999994,31.388166464348547,-4830.207811323337,2.8323329904126915,1705.381333223655,negative,significant_negative,62.208,long,4830.207811323337,4830.207811323337,4.498080386915501,0.7158917280023072,4830.207811323337
Fermi/GBM,glg_tte_n9_bn190304818_v00.fit,GRB190304818,2019-03-04T19:37:23.342,354.8863636363637,-73.86549608859849,10569.81047112774,2.7852694070394604,3794.896983542674,positive,significant_positive,2.88,long,10569.81047112774,10569.810471127741,6.653925049766379,1.059005062633305,10569.81047112774
Fermi/GBM,glg_tte_n9_bn190306943_v00.fit,GRB190306943,2019-03-06T22:37:43.178,230.9765625,-1.1937484371410847,-57029.63840368079,2.664086192127076,21406.829318141103,negative,significant_negative,180.483,long,57029.63840368079,57029.63840368079,15.45591119047492,2.459884665953424,57029.63840368079
Fermi/GBM,glg_tte_n9_bn190307151_v00.fit,GRB190307151,2019-03-07T03:37:16.537,19.6875,-20.42361536381095,-3158.5290868887664,3.09794682947824,1019.5556156206626,negative,significant_negative,75.521,long,3158.5290868887664,3158.5290868887664,3.637363839471186,0.5789044348755545,3158.5290868887664
Fermi/GBM,glg_tte_n9_bn190308923_v00.fit,GRB190308923,2019-03-08T22:09:46.740,170.50781249999997,-22.024312837042167,35010.5427004674,2.940688028267449,11905.561679419085,positive,significant_positive,45.568,long,35010.5427004674,35010.542700467406,12.109988370265825,1.9273645099131718,35010.5427004674
Fermi/GBM,glg_tte_n9_bn190310398_v00.fit,GRB190310398,2019-03-10T09:32:32.569,350.15625,12.32998415024295,-449.3311429000997,3.2193488534958496,139.57205737805543,negative,significant_negative,59.393,long,449.3311429000997,449.33114290009974,1.3719161381387026,0.21834723489231805,449.3311429000997
Fermi/GBM,glg_tte_n9_bn190311600_v00.fit,GRB190311600,2019-03-11T14:23:37.601,173.95,65.367,15659.729032733236,2.961590522811241,5287.607760801617,positive,significant_positive,12.544,long,15659.729032733236,15659.729032733232,8.09909375065643,1.289010804981649,15659.729032733236
Fermi/GBM,glg_tte_n9_bn190312446_v00.fit,GRB190312446,2019-03-12T10:42:10.794,330.46875,24.29647799480565,5489.645504566922,2.855759589768683,1922.3065989989668,positive,significant_positive,12.8,long,5489.645504566922,5489.645504566922,4.795307426774593,0.7631968806164534,5489.645504566922
Fermi/GBM,glg_tte_n9_bn190315512_v00.fit,GRB190315512,2019-03-15T12:17:42.138,146.6015625,-10.806922874860348,-12199.887307229546,3.244842794592272,3759.777616210376,negative,significant_negative,29.184,long,12199.887307229546,12199.88730722955,7.148620038302564,1.1377382153816273,12199.887307229546
Fermi/GBM,glg_tte_n9_bn190319353_v00.fit,GRB190319353,2019-03-19T08:28:17.514,192.65625,-4.480798785982211,15730.030041426113,2.9176339121777417,5391.365234607213,positive,significant_positive,13.886,long,15730.030041426113,15730.030041426118,8.117252968740187,1.291900934302363,15730.030041426113
Fermi/GBM,glg_tte_n9_bn190319375_v00.fit,GRB190319375,2019-03-19T09:00:37.980,282.65625,-7.481631264246963,310.5027266206103,4.7081974869506045,65.94938455347506,positive,significant_positive,21.76,long,310.5027266206103,310.50272662061025,1.1404520068060202,0.18150857424224998,310.5027266206103
Fermi/GBM,glg_tte_n9_bn190320052_v00.fit,GRB190320052,2019-03-20T01:14:16.488,131.50862068965515,-46.5718474134496,44609.63543976335,3.0590872452101,14582.662037381524,positive,significant_positive,43.009,long,44609.63543976335,44609.63543976335,13.66968924186547,2.1755986133729928,44609.63543976335
Fermi/GBM,glg_tte_n9_bn190321363_v01.fit,GRB190321363,2019-03-21T08:42:33.858,316.40625,5.079715792733466,-5569.412149413109,3.0585669382690663,1820.9221056201584,negative,significant_negative,55.809,long,5569.412149413109,5569.412149413109,4.830020606361835,0.7687216547381996,5569.412149413109
Fermi/GBM,glg_tte_n9_bn190323179_v02.fit,GRB190323179,2019-03-23T04:17:14.965,217.96875,78.28414760510762,-9188.32626084673,2.5495230969535583,3603.939211935723,negative,significant_negative,4.736,long,9188.32626084673,9188.32626084673,6.203867426034856,0.9873761671402408,9188.32626084673
Fermi/GBM,glg_tte_n9_bn190323303_v00.fit,GRB190323303,2019-03-23T07:16:51.688,141.6796875,4.78019184719916,589.4076237479013,2.869289996781891,205.41932826900145,positive,significant_positive,30.465,long,589.4076237479013,589.4076237479013,1.5712749221513183,0.25007617081671535,589.4076237479013
Fermi/GBM,glg_tte_n9_bn190323548_v00.fit,GRB190323548,2019-03-23T13:09:04.842,11.5833,-7.717,-3340.051158133362,2.913992929809788,1146.2111400357396,negative,significant_negative,1.28,short,3340.051158133362,3340.051158133362,3.740424250626454,0.5953070087479986,3340.051158133362
Fermi/GBM,glg_tte_n9_bn190323879_v01.fit,GRB190323879,2019-03-23T21:05:19.785,34.8046875,9.59406822686046,43749.73890917902,3.5566428469019464,12300.85245902262,positive,significant_positive,38.401,long,43749.73890917902,43749.738909179025,13.53729950192176,2.154528131846301,43749.73890917902
Fermi/GBM,glg_tte_n9_bn190324348_v00.fit,GRB190324348,2019-03-24T08:21:09.629,80.50781249999999,12.024699180565822,-209.96591820662104,3.2576963425251915,64.45226814598279,negative,significant_negative,52.225,long,209.96591820662104,209.96591820662104,0.937818309441053,0.1492584196696283,209.96591820662104
Fermi/GBM,glg_tte_n9_bn190324947_v00.fit,GRB190324947,2019-03-24T22:44:02.636,49.7787610619469,-47.74965082913658,1353.2564482632283,4.533609461837161,298.4942703280062,positive,significant_positive,26.881,long,1353.2564482632283,1353.2564482632283,2.3808627333487817,0.37892607283573976,1353.2564482632283
Fermi/GBM,glg_tte_n9_bn190325999_v00.fit,GRB190325999,2019-03-25T23:58:57.211,293.90625,16.64603991239297,-36919.99787425275,2.750331222450124,13423.836944759942,negative,significant_negative,316.933,long,36919.99787425275,36919.99787425275,12.435840359879355,1.9792254647764942,36919.99787425275
Fermi/GBM,glg_tte_n9_bn190326314_v00.fit,GRB190326314,2019-03-26T07:31:38.998,262.265625,66.44353569089876,25989.43261291584,3.800259659708797,6838.857062442764,positive,significant_positive,55.809,long,25989.43261291584,25989.43261291584,10.433804711462537,1.6605915950847696,25989.43261291584
Fermi/GBM,glg_tte_n9_bn190326975_v00.fit,GRB190326975,2019-03-26T23:24:41.342,160.17857142857144,58.91977535280316,-31001.234768860413,3.773509488524893,8215.49140478752,negative,significant_negative,20.736,long,31001.234768860413,31001.234768860417,11.395510894035677,1.8136518878433217,31001.234768860413
Fermi/GBM,glg_tte_n9_bn190327111_v00.fit,GRB190327111,2019-03-27T02:39:10.973,84.375,-75.34073424154307,-36269.92956296466,2.62621247069344,13810.736933020404,negative,significant_negative,36.864,long,36269.92956296466,36269.92956296466,12.325872207744112,1.9617234897814886,36269.92956296466
Fermi/GBM,glg_tte_n9_bn190330694_v00.fit,GRB190330694,2019-03-30T16:39:32.274,84.37499999999999,21.06181760164929,-67229.89080316103,3.5732396347770896,18814.828467935946,negative,significant_negative,36.097,long,67229.89080316103,67229.89080316103,16.78129637617844,2.670826269758909,67229.89080316103
Fermi/GBM,glg_tte_n9_bn190331093_v00.fit,GRB190331093,2019-03-31T02:14:37.572,36.2109375,34.228866327812575,-24670.586656224976,2.926792118288986,8429.224098993234,negative,significant_negative,4.8,long,24670.586656224976,24670.586656224976,10.165624020783428,1.6179093125213908,24670.586656224976
Fermi/GBM,glg_tte_n9_bn190401139_v00.fit,GRB190401139,2019-04-01T03:20:20.538,275.27343749999994,31.388166464348547,-41149.98001511462,3.402949633306936,12092.444628728072,negative,significant_negative,42.753,long,41149.98001511462,41149.98001511463,13.128923536012687,2.089533078231945,41149.98001511462
Fermi/GBM,glg_tte_n9_bn190404293_v00.fit,GRB190404293,2019-04-04T07:01:21.925,151.14130434782606,55.87335043525199,-25420.21825134501,3.1682872818117462,8023.331216608857,negative,significant_negative,9.472,long,25420.21825134501,25420.21825134501,10.318912792284186,1.6423059782262204,25420.21825134501
Fermi/GBM,glg_tte_n9_bn190406450_v00.fit,GRB190406450,2019-04-06T10:47:20.324,355.78125,19.78804941066957,18689.747094258983,2.844003143650783,6571.633767699489,positive,significant_positive,11.776,long,18689.747094258983,18689.747094258986,8.848018397266529,1.4082058644929973,18689.747094258983
Fermi/GBM,glg_tte_n9_bn190406465_v00.fit,GRB190406465,2019-04-06T11:09:47.053,285.9868421052631,61.94383702315671,69649.40098701199,2.731291083547191,25500.541266570788,positive,significant_positive,15.104,long,69649.40098701199,69649.40098701198,17.080595089856658,2.7184611395018434,69649.40098701199
Fermi/GBM,glg_tte_n9_bn190406745_v00.fit,GRB190406745,2019-04-06T17:52:33.155,292.5,26.27681155719998,40599.77397359121,3.1524281851032367,12878.889411484448,positive,significant_positive,80.384,long,40599.77397359121,40599.77397359122,13.04085639584764,2.0755167575507105,40599.77397359121
Fermi/GBM,glg_tte_n9_bn190407575_v00.fit,GRB190407575,2019-04-07T13:48:36.785,91.875,-63.44828368030105,-83599.17477601708,3.0390252639691813,27508.548799239223,negative,significant_negative,58.88,long,83599.17477601708,83599.17477601705,18.713081104671293,2.9782793582879816,83599.17477601708
Fermi/GBM,glg_tte_n9_bn190407672_v00.fit,GRB190407672,2019-04-07T16:07:26.493,181.40625,39.065494664452594,31699.92239752448,2.753522737766434,11512.49705068294,positive,significant_positive,17.664,long,31699.92239752448,31699.92239752449,11.523208078969992,1.8339755260445376,31699.92239752448
Fermi/GBM,glg_tte_n9_bn190407788_v00.fit,GRB190407788,2019-04-07T18:54:41.578,201.09375,-7.481631264246963,9220.13085581466,3.247344509665331,2839.283244624045,positive,significant_positive,2.432,long,9220.13085581466,9220.130855814661,6.214595225409714,0.9890835494392476,9220.13085581466
Fermi/GBM,glg_tte_n9_bn190409901_v00.fit,GRB190409901,2019-04-09T21:38:05.455,228.8671875,-32.79716829582364,9860.45997889159,3.1978302907392373,3083.484451143954,positive,significant_positive,1.6,short,9860.45997889159,9860.45997889159,6.426771987107471,1.0228525298726767,9860.45997889159
Fermi/GBM,glg_tte_n9_bn190411407_v00.fit,GRB190411407,2019-04-11T09:45:48.597,284.4140625,-37.168899655999454,33050.003286331375,2.946508499497746,11216.666536670433,positive,significant_positive,18.688,long,33050.003286331375,33050.003286331375,11.766032892778385,1.8726222954675127,33050.003286331375
Fermi/GBM,glg_tte_n9_bn190411579_v00.fit,GRB190411579,2019-04-11T13:53:58.091,43.79464285714285,48.14120779436029,-49.49588780499795,2.9574712596870385,16.73588125087499,negative,significant_negative,60.928,long,49.49588780499795,49.49588780499794,0.45533272451558054,0.07246845385815488,49.49588780499795
Fermi/GBM,glg_tte_n9_bn190415173_v00.fit,GRB190415173,2019-04-15T04:09:49.964,28.4765625,18.209956864283004,-6291.400663479092,3.3028014571609736,1904.8679568184104,negative,significant_negative,52.481,long,6291.400663479092,6291.400663479093,5.133552130208461,0.8170301971426057,6291.400663479092
Fermi/GBM,glg_tte_n9_bn190419414_v00.fit,GRB190419414,2019-04-19T09:55:37.770,106.875,-39.8384399769991,-3540.4181878386416,3.330207148402013,1063.1225116243888,negative,significant_negative,212.741,long,3540.4181878386416,3540.4181878386416,3.850982864940597,0.6129029587174848,3540.4181878386416
Fermi/GBM,glg_tte_n9_bn190420981_v00.fit,GRB190420981,2019-04-20T23:32:24.966,318.515625,-66.44353569089876,-11808.964982405254,3.242170562574965,3642.302202949635,negative,significant_negative,1.472,short,11808.964982405254,11808.964982405254,7.033155539796104,1.1193614696926972,11808.964982405254
Fermi/GBM,glg_tte_n9_bn190422284_v00.fit,GRB190422284,2019-04-22T06:48:17.495,304.68749999999994,-72.38756092964962,-6799.625394884717,2.862630110187585,2375.307019473481,negative,significant_negative,80.386,long,6799.625394884717,6799.625394884717,5.33687214108694,0.8493895819034136,6799.625394884717
Fermi/GBM,glg_tte_n9_bn190422670_v00.fit,GRB190422670,2019-04-22T16:05:04.521,190.84821428571428,-48.1412077943603,-69109.49113649037,3.119949140164916,22150.839014265897,negative,significant_negative,20.736,long,69109.49113649037,69109.49113649035,17.014263414273998,2.707904125449295,69109.49113649037
Fermi/GBM,glg_tte_n9_bn190425089_v00.fit,GRB190425089,2019-04-25T02:07:43.545,316.40625,-16.64603991239297,16111.774297859522,3.6546889927320287,4408.521307804995,positive,significant_positive,7.68,long,16111.774297859522,16111.774297859516,8.215159302204862,1.3074832112332695,16111.774297859522
Fermi/GBM,glg_tte_n9_bn190427190_v00.fit,GRB190427190,2019-04-27T04:34:15.081,272.5167,46.833,-12039.044942907429,2.815884457326686,4275.4044511957445,negative,significant_negative,0.368,short,12039.044942907429,12039.044942907429,7.1013402630654,1.1302134054443589,12039.044942907429
Fermi/GBM,glg_tte_n9_bn190428783_v00.fit,GRB190428783,2019-04-28T18:48:12.460,28.4765625,15.71386104800821,66110.20266647293,3.161986824394542,20907.804598183844,positive,significant_positive,16.64,long,66110.20266647293,66110.20266647292,16.640966599502715,2.6484920921379858,66110.20266647293
Fermi/GBM,glg_tte_n9_bn190429743_v00.fit,GRB190429743,2019-04-29T17:49:50.579,201.09375,-7.481631264246963,-25191.14290283353,2.879309810011209,8749.021315888012,negative,significant_negative,22.272,long,25191.14290283353,25191.14290283353,10.272312915734377,1.6348893775258462,25191.14290283353
Fermi/GBM,glg_tte_n9_bn190501794_v00.fit,GRB190501794,2019-05-01T19:03:42.592,151.875,-18.52439107386579,-19620.82378557409,3.27208415387783,5996.430061959426,negative,significant_negative,424.967,long,19620.82378557409,19620.823785574095,9.06573298100339,1.442856216677913,19620.82378557409
Fermi/GBM,glg_tte_n9_bn190502168_v00.fit,GRB190502168,2019-05-02T04:01:30.415,93.1640625,3.583321698471966,-49880.36008365914,2.923862399633101,17059.74949091939,negative,significant_negative,11.776,long,49880.36008365914,49880.36008365915,14.454700402625075,2.3005370199901907,49880.36008365914
Fermi/GBM,glg_tte_n9_bn190504415_v00.fit,GRB190504415,2019-05-04T09:57:34.203,68.5546875,38.68218745348943,78649.8109571537,2.618284416999268,30038.6812244377,positive,significant_positive,77.568,long,78649.8109571537,78649.8109571537,18.150690282896317,2.888772079052981,78649.8109571537
Fermi/GBM,glg_tte_n9_bn190504678_v00.fit,GRB190504678,2019-05-04T16:16:28.313,135.0,31.738394244764443,688.9124104149915,3.312000230694425,208.0049403470445,positive,significant_positive,0.704,short,688.9124104149915,688.9124104149917,1.6987376362175823,0.2703624918202701,688.9124104149915
Fermi/GBM,glg_tte_n9_bn190505051_v00.fit,GRB190505051,2019-05-05T01:14:09.330,339.9609375,40.228184728061095,130449.94214637876,3.340527095280834,39050.7061986312,positive,significant_positive,0.032,short,130449.94214637876,130449.94214637876,23.37578747075064,3.7203721246355586,130449.94214637876
Fermi/GBM,glg_tte_n9_bn190507270_v00.fit,GRB190507270,2019-05-07T06:28:23.301,155.7421875,-12.024699180565822,-9620.373669082688,2.72024488240037,3536.583684551804,negative,significant_negative,84.993,long,9620.373669082688,9620.373669082688,6.348049069709408,1.01032338843416,9620.373669082688
Fermi/GBM,glg_tte_n9_bn190507712_v00.fit,GRB190507712,2019-05-07T17:05:16.938,99.75,-67.93492864899142,-11289.443604362954,3.095749326921513,3646.756378556479,negative,significant_negative,0.096,short,11289.443604362954,11289.443604362952,6.876707845142463,1.094462045753239,11289.443604362954
Fermi/GBM,glg_tte_n9_bn190507970_v00.fit,GRB190507970,2019-05-07T23:16:29.638,289.3359375,-23.31795706533424,52800.891466593486,3.303208466160773,15984.728789449517,positive,significant_positive,36.352,long,52800.891466593486,52800.89146659348,14.871847799761001,2.366928090242291,52800.891466593486
Fermi/GBM,glg_tte_n9_bn190508808_v00.fit,GRB190508808,2019-05-08T19:22:50.400,178.59374999999997,22.34658789836113,-49390.489709174646,2.8814276234594427,17140.978765892585,negative,significant_negative,37.633,long,49390.489709174646,49390.489709174646,14.383546137979806,2.2892124670498273,49390.489709174646
Fermi/GBM,glg_tte_n9_bn190508987_v00.fit,GRB190508987,2019-05-08T23:41:24.148,102.65625,27.615881983844705,38479.75132934632,2.5618143590736,15020.507318594826,positive,significant_positive,119.808,long,38479.75132934632,38479.75132934632,12.695810547223125,2.020601005148781,38479.75132934632
Fermi/GBM,glg_tte_n9_bn190510120_v00.fit,GRB190510120,2019-05-10T02:52:13.232,125.72164948453609,-53.95678248481785,-12201.521046059388,3.527614116363196,3458.859343333897,negative,significant_negative,69.633,long,12201.521046059388,12201.521046059388,7.149098673345372,1.1378143925146271,12201.521046059388
Fermi/GBM,glg_tte_n9_bn190510430_v00.fit,GRB190510430,2019-05-10T10:19:16.044,128.3203125,35.68533471265204,989.76523416261,2.725905919390346,363.0958893783,positive,significant_positive,0.64,short,989.76523416261,989.7652341626101,2.0361529701617336,0.32406381009248436,989.76523416261
Fermi/GBM,glg_tte_n9_bn190511302_v00.fit,GRB190511302,2019-05-11T07:14:24.358,122.6953125,-24.62431835216409,-178.72120584508016,3.5545491296937786,50.27957114225534,negative,significant_negative,27.648,long,178.72120584508016,178.72120584508014,0.8652315507605371,0.13770587822260563,178.72120584508016
Fermi/GBM,glg_tte_n9_bn190512611_v00.fit,GRB190512611,2019-05-12T14:39:59.722,81.56249999999999,-10.503271450113209,-47308.97863941352,2.9533411253353576,16018.799262154824,negative,significant_negative,28.16,long,47308.97863941352,47308.978639413515,14.077193836955715,2.2404549840142667,47308.97863941352
Fermi/GBM,glg_tte_n9_bn190515190_v00.fit,GRB190515190,2019-05-15T04:33:03.135,138.8671875,38.68218745348943,26611.42444491357,2.9152961956921564,9128.206075333426,positive,significant_positive,1.264,short,26611.42444491357,26611.424444913566,10.557919967979823,1.6803451516726142,26611.42444491357
Fermi/GBM,glg_tte_n9_bn190517813_v00.fit,GRB190517813,2019-05-17T19:30:10.172,271.0546875,24.624318352164074,18048.864623662128,3.052495359195924,5912.822952961503,positive,significant_positive,4.861,long,18048.864623662128,18048.864623662128,8.694993234218847,1.3838511533765157,18048.864623662128
Fermi/GBM,glg_tte_n9_bn190519309_v00.fit,GRB190519309,2019-05-19T07:24:57.343,114.2578125,-35.68533471265204,448.1837539922947,3.915478456558141,114.4646200879026,positive,significant_positive,43.521,long,448.1837539922947,448.18375399229467,1.3701633912301545,0.21806827655783356,448.1837539922947
Fermi/GBM,glg_tte_n9_bn190525032_v00.fit,GRB190525032,2019-05-25T00:45:47.652,339.9609375,5.979156796301309,-32849.484707419186,3.4007154315456813,9659.58057022388,negative,significant_negative,0.896,short,32849.484707419186,32849.48470741919,11.73028557941868,1.8669329338440606,32849.484707419186
Fermi/GBM,glg_tte_n9_bn190531312_v00.fit,GRB190531312,2019-05-31T07:29:11.825,22.1484375,15.71386104800821,-56559.68824772931,3.4424423656208734,16430.104629370693,negative,significant_negative,57.089,long,56559.68824772931,56559.68824772931,15.392097586679357,2.449728415472853,56559.68824772931
Fermi/GBM,glg_tte_n9_bn190531568_v00.fit,GRB190531568,2019-05-31T13:38:03.822,280.35,37.633,-28400.096387559137,2.8077787721476275,10114.79133230868,negative,significant_negative,0.32,short,28400.096387559137,28400.096387559137,10.906972337142745,1.7358985616228304,28400.096387559137
Fermi/GBM,glg_tte_n9_bn190531840_v00.fit,GRB190531840,2019-05-31T20:10:12.142,20.0390625,-40.22818472806109,-31961.744597427474,4.209948321367243,7591.956517662769,negative,significant_negative,38.145,long,31961.744597427474,31961.744597427478,11.57069758906474,1.8415337163211292,31961.744597427474
Fermi/GBM,glg_tte_n9_bn190601325_v00.fit,GRB190601325,2019-06-01T07:47:24.176,160.64999999999998,52.80185378173063,-13497.572907852476,3.281398543083967,4113.359816137119,negative,significant_negative,0.64,short,13497.572907852476,13497.572907852476,7.519208813751791,1.1967192508487443,13497.572907852476
Fermi/GBM,glg_tte_n9_bn190603795_v00.fit,GRB190603795,2019-06-03T19:04:25.984,20.0390625,40.228184728061095,-60869.75432746375,3.0064844233109675,20246.156559304367,negative,significant_negative,22.528,long,60869.75432746375,60869.75432746374,15.967799807570051,2.5413542696765887,60869.75432746375
Fermi/GBM,glg_tte_n9_bn190604446_v00.fit,GRB190604446,2019-06-04T10:42:37.054,342.5431034482758,46.57184741344958,-17809.07192026172,2.8361652691400843,6279.278613993242,negative,significant_negative,31.998,long,17809.07192026172,17809.071920261722,8.63704035048631,1.3746276654640524,17809.07192026172
Fermi/GBM,glg_tte_n9_bn190605974_v01.fit,GRB190605974,2019-06-05T23:22:27.118,337.49999999999994,6.279288322550267,30820.195101512832,3.279644368672137,9397.41985317491,positive,significant_positive,3.584,long,30820.195101512832,30820.195101512836,11.362188669038305,1.8083484910201695,30820.195101512832
Fermi/GBM,glg_tte_n9_bn190606080_v00.fit,GRB190606080,2019-06-06T01:55:07.776,82.96875,-4.480798785982211,22779.84676161461,3.196587006053817,7126.302746796278,positive,significant_positive,0.224,short,22779.84676161461,22779.84676161461,9.768316077072152,1.5546757893500647,22779.84676161461
Fermi/GBM,glg_tte_n9_bn190607071_v00.fit,GRB190607071,2019-06-07T01:42:44.289,271.93965517241384,-46.5718474134496,-6050.475135719858,3.129446458760946,1933.401071228248,negative,significant_negative,37.888,long,6050.475135719858,6050.475135719858,5.03429945303286,0.8012336429550047,6050.475135719858
Fermi/GBM,glg_tte_n9_bn190608009_v00.fit,GRB190608009,2019-06-08T00:12:18.394,224.6484375,-31.388166464348547,65069.66481556637,3.365082108502542,19336.72425143953,positive,significant_positive,85.25,long,65069.66481556637,65069.664815566386,16.50948741203609,2.6275665295389663,65069.66481556637
Fermi/GBM,glg_tte_n9_bn190609315_v00.fit,GRB190609315,2019-06-09T07:34:05.259,167.45192307692307,-51.2558069488049,-19178.3674392856,3.492477001649225,5491.33678768082,negative,significant_negative,97.538,long,19178.3674392856,19178.3674392856,8.962932426024073,1.426495000200365,19178.3674392856
Fermi/GBM,glg_tte_n9_bn190610750_v00.fit,GRB190610750,2019-06-10T17:59:49.908,326.97580645161287,43.406858485936986,28860.441837867897,2.709984508307869,10649.67041301964,positive,significant_positive,37.889,long,28860.441837867897,28860.4418378679,10.9950141462514,1.7499108507412258,28860.441837867897
Fermi/GBM,glg_tte_n9_bn190610834_v00.fit,GRB190610834,2019-06-10T20:00:23.685,315.0,-15.404093698725482,-8431.157410895237,2.6332135734301425,3201.8509611100144,negative,significant_negative,3.072,long,8431.157410895237,8431.157410895237,5.942756059083206,0.9458190023924039,8431.157410895237
Fermi/GBM,glg_tte_n9_bn190611950_v00.fit,GRB190611950,2019-06-11T22:47:49.337,88.64999999999999,52.80185378173063,46939.90472966644,2.959565903617861,15860.401916472178,positive,significant_positive,100.61,long,46939.90472966644,46939.90472966644,14.02217576359793,2.231698585679983,46939.90472966644
Fermi/GBM,glg_tte_n9_bn190612165_v00.fit,GRB190612165,2019-06-12T03:57:24.648,224.40789473684208,61.94383702315671,6720.208189288956,3.7726502969920297,1781.2963461381626,positive,significant_positive,144.896,long,6720.208189288956,6720.208189288956,5.305614218676181,0.8444147290409584,6720.208189288956
Fermi/GBM,glg_tte_n9_bn190613172_v00.fit,GRB190613172,2019-06-13T04:07:18.234,172.265625,66.44353569089876,-11960.487987768576,2.921789412568349,4093.548951994769,negative,significant_negative,17.149,long,11960.487987768576,11960.487987768576,7.0781335765603,1.1265199465742881,11960.487987768576
Fermi/GBM,glg_tte_n9_bn190613449_v00.fit,GRB190613449,2019-06-13T10:47:00.049,304.8046875,-9.59406822686046,-30329.138094841048,2.8976939199499387,10466.646558503677,negative,significant_negative,4.864,long,30329.138094841048,30329.138094841048,11.271308556298331,1.793884471848854,30329.138094841048
Fermi/GBM,glg_tte_n9_bn190615636_v00.fit,GRB190615636,2019-06-15T15:16:27.372,191.6517857142857,48.14120779436029,-45378.58487175283,3.1971802678020533,14193.31444296351,negative,significant_negative,16.896,long,45378.58487175283,45378.584871752835,13.787000102192868,2.194269216672461,45378.58487175283
Fermi/GBM,glg_tte_n9_bn190619018_v00.fit,GRB190619018,2019-06-19T00:26:01.777,348.3984375,13.24801490567694,-14489.238585017109,4.306677585900669,3364.365754346788,negative,significant_negative,177.92,long,14489.238585017109,14489.23858501711,7.790531474792505,1.2399015935262208,14489.238585017109
Fermi/GBM,glg_tte_n9_bn190619595_v00.fit,GRB190619595,2019-06-19T14:16:25.891,291.4453125,19.471220634490685,-25848.53554905872,3.220193568212981,8027.012973447786,negative,significant_negative,134.914,long,25848.53554905872,25848.535549058717,10.405483771356812,1.6560841774739339,25848.53554905872
Fermi/GBM,glg_tte_n9_bn190620507_v00.fit,GRB190620507,2019-06-20T12:10:10.809,163.12499999999997,31.039240010397883,12969.132635733757,2.9540108595321444,4390.346973127852,positive,significant_positive,51.713,long,12969.132635733757,12969.132635733757,7.370547859497085,1.1730591251343496,12969.132635733757
Fermi/GBM,glg_tte_n9_bn190622368_v00.fit,GRB190622368,2019-06-22T08:50:06.276,128.8306451612903,-43.40685848593699,-49059.23999494336,3.14922131400099,15578.212867045248,negative,significant_negative,31.744,long,49059.23999494336,49059.23999494336,14.33523156231121,2.2815229635087824,49059.23999494336
Fermi/GBM,glg_tte_n9_bn190623461_v00.fit,GRB190623461,2019-06-23T11:03:27.095,335.0390625,-23.31795706533424,50201.43137118683,3.4967951907826995,14356.411694775315,positive,significant_positive,9.728,long,50201.43137118683,50201.43137118684,14.5011469889069,2.307929223786687,50201.43137118683
Fermi/GBM,glg_tte_n9_bn190626254_v00.fit,GRB190626254,2019-06-26T06:06:21.684,146.25,-39.8384399769991,44922.62782812047,3.809910179485852,11790.993937338118,positive,significant_positive,23.808,long,44922.62782812047,44922.627828120465,13.717560403355094,2.183217545355617,44922.62782812047
Fermi/GBM,glg_tte_n9_bn190627481_v00.fit,GRB190627481,2019-06-27T11:31:59.942,355.78125,-19.78804941066958,71149.03578903504,3.205679049975476,22194.684707933982,positive,significant_positive,8.96,long,71149.03578903504,71149.03578903504,17.26349860813579,2.7475711385448665,71149.03578903504
Fermi/GBM,glg_tte_n9_bn190628521_v00.fit,GRB190628521,2019-06-28T12:30:55.320,163.75000000000003,-76.81353334098657,-29978.74221196776,3.015014097031532,9943.151589733425,negative,significant_negative,19.2,long,29978.74221196776,29978.742211967758,11.206010071801062,1.783491895264704,29978.74221196776
Fermi/GBM,glg_tte_n9_bn190630257_v00.fit,GRB190630257,2019-06-30T06:09:58.319,306.56249999999994,-3.284369108365796,199.79888730641807,3.5339293616748577,56.53731777245434,positive,significant_positive,0.224,short,199.79888730641807,199.79888730641804,0.9148309254044399,0.14559986387144958,199.79888730641807
Fermi/GBM,glg_tte_n9_bn190707285_v00.fit,GRB190707285,2019-07-07T06:50:05.127,153.6328125,-32.79716829582364,-33350.46351092331,3.1302973716299256,10654.087951253636,negative,significant_negative,36.353,long,33350.46351092331,33350.46351092331,11.81939486097497,1.8811151164791116,33350.46351092331
Fermi/GBM,glg_tte_n9_bn190707308_v00.fit,GRB190707308,2019-07-07T07:23:01.216,185.2734375,-10.806922874860348,-106148.96208304875,3.023299635474112,35110.30161798785,negative,significant_negative,34.304,long,106148.96208304875,106148.96208304875,21.086387377208943,3.35600278303335,106148.96208304875
Fermi/GBM,glg_tte_n9_bn190708365_v00.fit,GRB190708365,2019-07-08T08:45:11.798,209.53125,-2.0893716714986184,32930.50263177596,3.865721320640437,8518.591978151271,positive,significant_positive,27.392,long,32930.50263177596,32930.50263177596,11.74474209434484,1.8692337596544406,32930.50263177596
Fermi/GBM,glg_tte_n9_bn190712018_v00.fit,GRB190712018,2019-07-12T00:25:20.655,339.25781249999994,-38.68218745348945,13980.370648035374,3.3687230117258267,4150.050508567371,positive,significant_positive,1.792,short,13980.370648035374,13980.37064803537,7.6525054478761225,1.2179340690671434,13980.370648035374
Fermi/GBM,glg_tte_n9_bn190712095_v00.fit,GRB190712095,2019-07-12T02:16:41.727,288.0978260869565,55.87335043525199,33970.84797164788,3.350840430380845,10138.008263135012,positive,significant_positive,6.4,long,33970.84797164788,33970.84797164788,11.928820362128281,1.898530725887969,33970.84797164788
Fermi/GBM,glg_tte_n9_bn190714573_v00.fit,GRB190714573,2019-07-14T13:44:39.039,71.71874999999999,-6.880079227870648,22241.07047721985,3.2399776868514505,6864.575199847535,positive,significant_positive,66.049,long,22241.07047721985,22241.07047721985,9.652107446508369,1.5361806113658987,22241.07047721985
Fermi/GBM,glg_tte_n9_bn190716019_v00.fit,GRB190716019,2019-07-16T00:27:59.548,83.2833,17.833,87720.04265382509,3.277518865007933,26764.161021423373,positive,significant_positive,61.184,long,87720.04265382509,87720.0426538251,19.16874684041153,3.0508008125286454,87720.04265382509
Fermi/GBM,glg_tte_n9_bn190716917_v00.fit,GRB190716917,2019-07-16T22:00:08.119,344.53125,-2.0893716714986184,15639.916069192916,2.775451263546264,5635.089426578294,positive,significant_positive,6.909,long,15639.916069192916,15639.916069192916,8.093968571369459,1.2881951073638955,15639.916069192916
Fermi/GBM,glg_tte_n9_bn190719113_v00.fit,GRB190719113,2019-07-19T02:42:21.537,123.3984375,-31.388166464348547,-66859.34327491971,3.2421717411822777,20621.777195102884,negative,significant_negative,84.738,long,66859.34327491971,66859.34327491971,16.734986172938253,2.663455771997643,66859.34327491971
Fermi/GBM,glg_tte_n9_bn190719499_v00.fit,GRB190719499,2019-07-19T11:57:51.264,97.03125,6.880079227870636,-29471.56210581968,2.84651368730676,10353.56416420548,negative,significant_negative,54.529,long,29471.56210581968,29471.56210581968,11.110814131674207,1.768340990831235,29471.56210581968
Fermi/GBM,glg_tte_n9_bn190719624_v00.fit,GRB190719624,2019-07-19T14:58:34.558,244.6875,5.679189845582371,48929.52466207814,3.497503391504824,13989.84337825785,positive,significant_positive,175.62,long,48929.52466207814,48929.52466207815,14.316267447535585,2.2785047309008797,48929.52466207814
Fermi/GBM,glg_tte_n9_bn190720613_v00.fit,GRB190720613,2019-07-20T14:42:09.784,203.5546875,41.81031489577859,-88.51910905637969,4.094256945475684,21.620311141975787,negative,significant_negative,6.144,long,88.51910905637969,88.5191090563797,0.6089236216076541,0.096913204344277,88.51910905637969
Fermi/GBM,glg_tte_n9_bn190720964_v00.fit,GRB190720964,2019-07-20T23:08:38.764,139.40217391304347,-55.87335043525199,-150.04506206104608,2.7188049951559665,55.18787199831469,negative,significant_negative,10.496,long,150.04506206104608,150.04506206104605,0.7927845143781984,0.12617557426999806,150.04506206104608
Fermi/GBM,glg_tte_n9_bn190723309_v00.fit,GRB190723309,2019-07-23T07:24:17.869,288.63281249999994,24.624318352164074,47289.29248432895,3.1008487933575672,15250.434844043006,positive,significant_positive,24.576,long,47289.29248432895,47289.292484328944,14.074264639747108,2.2399887877992257,47289.29248432895
Fermi/GBM,glg_tte_n9_bn190724031_v00.fit,GRB190724031,2019-07-24T00:43:56.792,169.8046875,14.47751218592992,-11618.672640619368,2.802893240680884,4145.242662826837,negative,significant_negative,0.08,short,11618.672640619368,11618.67264061937,6.976258463506498,1.11030601875373,11618.672640619368
Fermi/GBM,glg_tte_n9_bn190726642_v00.fit,GRB190726642,2019-07-26T15:24:53.610,309.7265625,34.228866327812575,1010.3396903902446,3.737089358434413,270.35470482126993,positive,significant_positive,307.974,long,1010.3396903902446,1010.3396903902444,2.0572070869539534,0.3274146768524002,1010.3396903902446
Fermi/GBM,glg_tte_n9_bn190726843_v00.fit,GRB190726843,2019-07-26T20:14:30.561,342.65625,-54.34091230386124,-31680.59441188716,3.165791084563292,10007.165212627217,negative,significant_negative,224.26,long,31680.59441188716,31680.59441188716,11.51969459466367,1.8334163376497108,31680.59441188716
Fermi/GBM,glg_tte_n9_bn190727668_v00.fit,GRB190727668,2019-07-27T16:01:52.277,225.0,18.52439107386577,-76660.91514622622,2.9826067035877006,25702.656355600888,negative,significant_negative,47.361,long,76660.91514622622,76660.91514622624,17.91972350385109,2.8520125744779192,76660.91514622622
Fermi/GBM,glg_tte_n9_bn190727846_v00.fit,GRB190727846,2019-07-27T20:17:56.447,130.78124999999997,-14.78593022605343,829.5203960197092,3.6005925181724465,230.38441362999583,positive,significant_positive,35.073,long,829.5203960197092,829.5203960197092,1.8640512089312047,0.2966729640778246,829.5203960197092
Fermi/GBM,glg_tte_n9_bn190728271_v00.fit,GRB190728271,2019-07-28T06:30:36.852,356.83593749999994,5.979156796301309,40809.905268875526,3.161064333893256,12910.178648155794,positive,significant_positive,0.832,short,40809.905268875526,40809.90526887552,13.074560468655392,2.0808809273403934,40809.905268875526
Fermi/GBM,glg_tte_n9_bn190731943_v00.fit,GRB190731943,2019-07-31T22:38:20.369,345.375,-75.34073424154307,497.08351128943167,20.46669516016821,24.287434165572733,positive,significant_positive,15.872,long,497.08351128943167,497.08351128943167,1.4429755864358886,0.22965669734219815,497.08351128943167
Fermi/GBM,glg_tte_n9_bn190804058_v00.fit,GRB190804058,2019-08-04T01:23:27.355,108.75,-58.91977535280316,-6790.679037006504,3.1844998988415,2132.416157236152,negative,significant_negative,4.224,long,6790.679037006504,6790.6790370065055,5.333360088542787,0.8488306213806132,6790.679037006504
Fermi/GBM,glg_tte_n9_bn190804792_v00.fit,GRB190804792,2019-08-04T19:00:37.518,99.4921875,41.81031489577859,-14639.246949344266,2.58635641005628,5660.181594626284,negative,significant_negative,8.448,long,14639.246949344266,14639.246949344266,7.830755661292359,1.2463034716395227,14639.246949344266
Fermi/GBM,glg_tte_n9_bn190805106_v00.fit,GRB190805106,2019-08-05T02:32:30.450,164.53125,-22.346587898361143,112051.17127497146,3.271564054500233,34250.03130256256,positive,significant_positive,9.216,long,112051.17127497146,112051.17127497146,21.664691289548593,3.448042709291587,112051.17127497146
Fermi/GBM,glg_tte_n9_bn190805199_v00.fit,GRB190805199,2019-08-05T04:46:00.970,209.8828125,19.471220634490685,3599.587599640005,3.261668381321218,1103.6031805851164,positive,significant_positive,21.504,long,3599.587599640005,3599.5875996400046,3.8830293945117913,0.618003322307681,3599.587599640005
Fermi/GBM,glg_tte_n9_bn190806535_v00.fit,GRB190806535,2019-08-06T12:50:02.235,309.7265625,3.583321698471966,8878.64121246763,3.4099685869719742,2603.7310860836387,positive,significant_positive,13.824,long,8878.64121246763,8878.641212467628,6.098423184938642,0.9705941949492046,8878.64121246763
Fermi/GBM,glg_tte_n9_bn190806675_v00.fit,GRB190806675,2019-08-06T16:12:33.324,121.82926829268293,-74.97216337375242,86440.48058309878,3.099615612041018,27887.48393423529,positive,significant_positive,20.992,long,86440.48058309878,86440.4805830988,19.028427112179095,3.0284682341671423,86440.48058309878
Fermi/GBM,glg_tte_n9_bn190808498_v00.fit,GRB190808498,2019-08-08T11:56:27.791,282.3046875,-32.79716829582364,5740.107578804397,2.7955787638043947,2053.2805775763254,positive,significant_positive,47.36,long,5740.107578804397,5740.107578804399,4.903479009898583,0.7804129227727123,5740.107578804397
Fermi/GBM,glg_tte_n9_bn190808752_v00.fit,GRB190808752,2019-08-08T18:03:17.432,168.74999999999997,39.83843997699909,16682.498093802882,3.6479178454135095,4573.156195054562,positive,significant_positive,31.233,long,16682.498093802882,16682.498093802886,8.359394990469655,1.330439033990873,16682.498093802882
Fermi/GBM,glg_tte_n9_bn190810675_v00.fit,GRB190810675,2019-08-10T16:12:01.243,192.3046875,-35.68533471265204,-2949.1034671092566,2.871449512081227,1027.0434687085085,negative,significant_negative,0.16,short,2949.1034671092566,2949.1034671092566,3.51470848235367,0.5593832284936002,2949.1034671092566
Fermi/GBM,glg_tte_n9_bn190813520_v00.fit,GRB190813520,2019-08-13T12:29:09.943,103.0078125,-22.024312837042167,-21778.79380832456,3.710269247230469,5869.868830835214,negative,significant_negative,0.192,short,21778.79380832456,21778.793808324568,9.551272071110342,1.5201321629327758,21778.79380832456
Fermi/GBM,glg_tte_n9_bn190814837_v00.fit,GRB190814837,2019-08-14T20:05:22.991,61.60714285714287,-58.91977535280316,93371.06253689916,3.600855307294496,25930.24561352162,positive,significant_positive,9.984,long,93371.06253689916,93371.06253689916,19.77654651765724,3.1475351355719594,93371.06253689916
Fermi/GBM,glg_tte_n9_bn190817953_v00.fit,GRB190817953,2019-08-17T22:52:25.502,275.625,-31.039240010397894,-11262.40375206726,3.216700041467219,3501.229087848113,negative,significant_negative,8.448,long,11262.40375206726,11262.40375206726,6.8684675524463845,1.093150562438134,11262.40375206726
Fermi/GBM,glg_tte_n9_bn190821716_v00.fit,GRB190821716,2019-08-21T17:10:34.084,245.2333,-30.35,-47159.82410961675,3.138481408591076,15026.319410567325,negative,significant_negative,59.904,long,47159.82410961675,47159.82410961674,14.05498521129822,2.236920371461599,47159.82410961675
Fermi/GBM,glg_tte_n9_bn190822705_v00.fit,GRB190822705,2019-08-22T16:55:29.116,135.0,-11.110881800003284,92120.7419970279,3.1604184566334768,29148.27364195191,positive,significant_positive,0.768,short,92120.7419970279,92120.7419970279,19.643687579851314,3.1263899788862073,92120.7419970279
Fermi/GBM,glg_tte_n9_bn190824616_v00.fit,GRB190824616,2019-08-24T14:46:37.675,208.4765625,-40.22818472806109,43098.05102379717,3.3923992602516333,12704.29796656669,positive,significant_positive,108.546,long,43098.05102379717,43098.05102379718,13.436096679239313,2.138421202361537,43098.05102379717
Fermi/GBM,glg_tte_n9_bn190825171_v00.fit,GRB190825171,2019-08-25T04:06:56.140,177.1875,-60.43443884495229,33490.293715702086,2.738336955208649,12230.158035153228,positive,significant_positive,12.032,long,33490.293715702086,33490.29371570209,11.84414683595877,1.8850545156490701,33490.293715702086
Fermi/GBM,glg_tte_n9_bn190827467_v00.fit,GRB190827467,2019-08-27T11:12:48.546,175.73275862068968,46.57184741344958,22171.07690247029,2.98477477779919,7428.056906463819,positive,significant_positive,43.777,long,22171.07690247029,22171.076902470286,9.63690768652649,1.5337614944309723,22171.07690247029
Fermi/GBM,glg_tte_n9_bn190828542_v00.fit,GRB190828542,2019-08-28T12:59:59.456,245.7421875,24.624318352164074,777.3976997465036,4.2267094878549925,183.92503719034264,positive,significant_positive,63.489,long,777.3976997465036,777.3976997465036,1.804537577863544,0.287201075512059,777.3976997465036
Fermi/GBM,glg_tte_n9_bn190828614_v00.fit,GRB190828614,2019-08-28T14:44:26.448,191.8125,-60.43443884495229,-30869.740449920708,3.3369433350028377,9250.903401958563,negative,significant_negative,19.968,long,30869.740449920708,30869.740449920708,11.371317708204538,1.809801422729155,30869.740449920708
Fermi/GBM,glg_tte_n9_bn190829830_v00.fit,GRB190829830,2019-08-29T19:55:53.126,46.40625,-6.880079227870648,-50638.46753640042,3.029760316965864,16713.68763160514,negative,significant_negative,59.393,long,50638.46753640042,50638.467536400436,14.564131172228151,2.3179534678988705,50638.46753640042
Fermi/GBM,glg_tte_n9_bn190830023_v00.fit,GRB190830023,2019-08-30T00:32:48.260,111.09375,-24.29647799480565,-69069.42374668154,3.420774753618497,20191.1639091758,negative,significant_negative,12.288,long,69069.42374668154,69069.42374668154,17.00933054650712,2.7071190351605776,69069.42374668154
Fermi/GBM,glg_tte_n9_bn190830264_v00.fit,GRB190830264,2019-08-30T06:20:46.350,159.84374999999997,-54.34091230386124,-39349.4928919986,3.3991385778393064,11576.31323081022,negative,significant_negative,5.376,long,39349.4928919986,39349.4928919986,12.838487854467731,2.0433088038638014,39349.4928919986
Fermi/GBM,glg_tte_n9_bn190831332_v00.fit,GRB190831332,2019-08-31T07:57:31.191,64.6875,16.02410030815585,-38260.27798109085,2.8779821830571106,13294.133023592669,negative,significant_negative,40.961,long,38260.27798109085,38260.27798109084,12.659552821470344,2.0148304088699556,38260.27798109085
Fermi/GBM,glg_tte_n9_bn190831693_v00.fit,GRB190831693,2019-08-31T16:38:37.978,170.15625,-22.346587898361143,17160.574746303962,3.574778758540208,4800.457848001658,positive,significant_positive,17.92,long,17160.574746303962,17160.574746303962,8.478328102038912,1.34936782659442,17160.574746303962
Fermi/GBM,glg_tte_n9_bn190901890_v00.fit,GRB190901890,2019-09-01T21:21:49.612,220.4296875,0.0,-969.9092364059168,3.0225499243740725,320.89105578852315,negative,significant_negative,473.097,long,969.9092364059168,969.9092364059171,2.0156255378886607,0.32079676777724075,969.9092364059168
Fermi/GBM,glg_tte_n9_bn190903722_v00.fit,GRB190903722,2019-09-03T17:19:36.255,61.11940298507463,-65.32234324182822,-70.26892337938845,2.757762769370644,25.480409032944017,negative,significant_negative,0.272,short,70.26892337938845,70.26892337938847,0.5425327436684977,0.0863467679440496,70.26892337938845
Fermi/GBM,glg_tte_n9_bn190904174_v00.fit,GRB190904174,2019-09-04T04:11:00.737,33.75,-23.6433142557656,-26319.477301896928,2.831139670628237,9296.424890283344,negative,significant_negative,7.68,long,26319.477301896928,26319.477301896924,10.499846128267004,1.6711024130179926,26319.477301896928
Fermi/GBM,glg_tte_n9_bn190905985_v00.fit,GRB190905985,2019-09-05T23:38:28.489,234.49218749999991,2.3880154632687733,-50239.773188288695,2.978483744820517,16867.566685785667,negative,significant_negative,0.704,short,50239.773188288695,50239.77318828869,14.506683625894432,2.308810406931358,50239.773188288695
Fermi/GBM,glg_tte_n9_bn190906767_v00.fit,GRB190906767,2019-09-06T18:25:09.288,175.67307692307693,-70.90666664467562,17691.24460029032,3.099811080778422,5707.200903303988,positive,significant_positive,23.04,long,17691.24460029032,17691.244600290323,8.608420998776502,1.370072754171351,17691.24460029032
Fermi/GBM,glg_tte_n9_bn190910028_v00.fit,GRB190910028,2019-09-10T00:39:37.860,229.21875,8.687297481032452,44490.68700092138,3.4582309736316463,12865.15774688111,positive,significant_positive,9.216,long,44490.68700092138,44490.68700092138,13.65145244703569,2.1726961373296807,44490.68700092138
Fermi/GBM,glg_tte_n9_bn190914345_v00.fit,GRB190914345,2019-09-14T08:16:34.631,18.6328125,20.74237995448713,-5559.398365717381,2.690926861936807,2065.9789919804725,negative,significant_negative,132.098,long,5559.398365717381,5559.398365717381,4.825676472663956,0.76803026438673,5559.398365717381
Fermi/GBM,glg_tte_n9_bn190915240_v00.fit,GRB190915240,2019-09-15T05:44:57.911,48.8671875,4.181528273111476,-52970.96398487714,2.8641444624617,18494.515440519783,negative,significant_negative,13.824,long,52970.96398487714,52970.96398487714,14.895779774081854,2.370736982253403,52970.96398487714
Fermi/GBM,glg_tte_n9_bn190916590_v00.fit,GRB190916590,2019-09-16T14:10:14.554,323.1081081081081,-48.5322537274423,-46260.10862970474,2.910919566785418,15891.922661673068,negative,significant_negative,37.376,long,46260.10862970474,46260.10862970474,13.92026903118117,2.2154796254815126,46260.10862970474
Fermi/GBM,glg_tte_n9_bn190919764_v00.fit,GRB190919764,2019-09-19T18:20:02.656,357.5390625,-22.024312837042167,-10010.371189633775,3.7027753369894016,2703.477872295882,negative,significant_negative,41.985,long,10010.371189633775,10010.371189633774,6.475441667208025,1.030598550039381,10010.371189633775
Fermi/GBM,glg_tte_n9_bn190921699_v00.fit,GRB190921699,2019-09-21T16:45:55.125,337.5,-62.69666002027376,49050.72316123138,2.7916933575258005,17570.240309166213,positive,significant_positive,22.272,long,49050.72316123138,49050.72316123137,14.333987188338593,2.2813249152399857,49050.72316123138
Fermi/GBM,glg_tte_n9_bn190923617_v00.fit,GRB190923617,2019-09-23T14:48:02.751,7.734374999999999,-11.110881800003284,-1109.6166261073806,2.9256262063464407,379.2749134186503,negative,significant_negative,3.584,long,1109.6166261073806,1109.6166261073806,2.1559107714621955,0.3431238561432699,1109.6166261073806
Fermi/GBM,glg_tte_n9_bn190930400_v00.fit,GRB190930400,2019-09-30T09:36:06.502,238.35937499999991,-5.679189845582385,-44879.15701391724,2.894969911640341,15502.460607090705,negative,significant_negative,185.86,long,44879.15701391724,44879.15701391724,13.710921679411891,2.1821609596242335,44879.15701391724
Fermi/GBM,glg_tte_n9_bn191001279_v00.fit,GRB191001279,2019-10-01T06:41:50.579,309.375,19.15501007356373,7799.54467991169,2.9908848269635144,2607.771656600415,positive,significant_positive,24.0,long,7799.54467991169,7799.54467991169,5.715825081036673,0.9097018154956198,7799.54467991169
Fermi/GBM,glg_tte_n9_bn191008297_v00.fit,GRB191008297,2019-10-08T07:06:59.080,51.48648648648649,48.5322537274423,-46219.8546260204,2.7852025571227816,16594.791106958928,negative,significant_negative,32.513,long,46219.8546260204,46219.8546260204,13.914211236147208,2.2145154974576196,46219.8546260204
Fermi/GBM,glg_tte_n9_bn191009298_v00.fit,GRB191009298,2019-10-09T07:08:56.769,26.19402985074627,65.32234324182821,24789.535896803936,2.6903464923617064,9214.25398817034,positive,significant_positive,61.697,long,24789.535896803936,24789.53589680394,10.190101331475216,1.621804997511585,24789.535896803936
Fermi/GBM,glg_tte_n9_bn191011192_v00.fit,GRB191011192,2019-10-11T04:35:58.582,207.7325581395349,58.160368554338,-52879.87191927731,2.9371405273177222,18003.86172450818,negative,significant_negative,25.088,long,52879.87191927731,52879.87191927731,14.882966422250227,2.368697673971824,52879.87191927731
Fermi/GBM,glg_tte_n9_bn191015327_v00.fit,GRB191015327,2019-10-15T07:50:43.992,200.0390625,-9.59406822686046,36220.532456059045,3.388178783591058,10690.26600115525,positive,significant_positive,8.192,long,36220.532456059045,36220.532456059045,12.317475860097623,1.9603871695496318,36220.532456059045
Fermi/GBM,glg_tte_n9_bn191017957_v00.fit,GRB191017957,2019-10-17T22:58:20.586,139.21875,22.9933943142978,-5962.2505720444415,3.791681348435117,1572.455600601868,negative,significant_negative,3.136,long,5962.2505720444415,5962.250572044443,4.997461034831769,0.7953706266026146,5962.2505720444415
Fermi/GBM,glg_tte_n9_bn191019469_v00.fit,GRB191019469,2019-10-19T11:15:15.469,109.28571428571428,61.56696379051533,-20309.62841015632,2.908449034780366,6982.975519696538,negative,significant_negative,11.264,long,20309.62841015632,20309.62841015632,9.22349025842789,1.467964067188742,20309.62841015632
Fermi/GBM,glg_tte_n9_bn191019970_v00.fit,GRB191019970,2019-10-19T23:17:13.347,216.9140625,-41.014499665730526,4650.171299519707,3.0314080763925166,1533.9971334554125,positive,significant_positive,137.73,long,4650.171299519707,4650.171299519706,4.413455787702755,0.7024233047304281,4650.171299519707
Fermi/GBM,glg_tte_n9_bn191022285_v00.fit,GRB191022285,2019-10-22T06:50:05.074,273.8671875,-23.31795706533424,12949.078690143851,3.45770363887291,3744.9938000946768,positive,significant_positive,12.288,long,12949.078690143851,12949.078690143853,7.3648471795606705,1.1721518337434844,12949.078690143851
Fermi/GBM,glg_tte_n9_bn191022341_v00.fit,GRB191022341,2019-10-22T08:11:06.253,168.74999999999997,-31.738394244764443,-11727.450507332493,3.041441130782326,3855.886076057613,negative,significant_negative,77.824,long,11727.450507332493,11727.450507332493,7.008839405510126,1.1154914367241977,11727.450507332493
Fermi/GBM,glg_tte_n9_bn191023630_v00.fit,GRB191023630,2019-10-23T15:06:56.755,295.6640625,6.579592944977629,-19018.904026144883,3.0469253936966023,6241.998594875569,negative,significant_negative,172.547,long,19018.904026144883,19018.904026144886,8.92559235515986,1.4205521433469237,19018.904026144883
Fermi/GBM,glg_tte_n9_bn191026350_v00.fit,GRB191026350,2019-10-26T08:23:44.459,34.30693069306931,-52.41601188939429,-66879.2751185759,3.732403896855431,17918.55248434448,negative,significant_negative,59.136,long,66879.2751185759,66879.27511857588,16.7374804710836,2.66385275187702,66879.2751185759
Fermi/GBM,glg_tte_n9_bn191027638_v00.fit,GRB191027638,2019-10-27T15:19:07.590,185.2734375,30.69158768492234,88208.6551006588,3.443785313484416,25613.86586883648,positive,significant_positive,7.168,long,88208.6551006588,88208.65510065877,19.22205895483157,3.059285699065276,88208.6551006588
Fermi/GBM,glg_tte_n9_bn191028174_v00.fit,GRB191028174,2019-10-28T04:10:01.398,319.5703125,-12.63562509302113,2531.661321925378,2.957471219382056,856.0223022066643,positive,significant_positive,4.864,long,2531.661321925378,2531.661321925378,3.256470197486473,0.5182833289614128,2531.661321925378
Fermi/GBM,glg_tte_n9_bn191028589_v00.fit,GRB191028589,2019-10-28T14:08:04.442,264.56896551724134,68.67919198537577,8311.323866354649,3.3566711054595992,2476.061432660574,positive,significant_positive,34.305,long,8311.323866354649,8311.32386635465,5.900372191666701,0.9390734003857156,8311.323866354649
Fermi/GBM,glg_tte_n9_bn191031025_v00.fit,GRB191031025,2019-10-31T00:36:35.608,244.3359375,20.74237995448713,26279.71264998528,3.049562717681539,8617.534736247268,positive,significant_positive,200.196,long,26279.71264998528,26279.71264998528,10.491911309807158,1.6698395474375713,26279.71264998528
Fermi/GBM,glg_tte_n9_bn191031635_v00.fit,GRB191031635,2019-10-31T15:14:54.816,29.8828125,-14.477512185929934,70740.36224675513,3.477462224794788,20342.52500066472,positive,significant_positive,9.984,long,70740.36224675513,70740.36224675513,17.213847230129844,2.7396688763038957,70740.36224675513
Fermi/GBM,glg_tte_n9_bn191031780_v00.fit,GRB191031780,2019-10-31T18:43:16.707,121.23529411764704,-58.54024913501049,-4470.107522389782,2.730609270308,1637.0366756594126,negative,significant_negative,77.825,long,4470.107522389782,4470.107522389782,4.327163343823328,0.6886894357355373,4470.107522389782
Fermi/GBM,glg_tte_n9_bn191031891_v00.fit,GRB191031891,2019-10-31T21:23:31.128,283.8829787234043,55.1079364250982,-39680.76681048884,2.8459830931482126,13942.727525691014,negative,significant_negative,0.256,short,39680.76681048884,39680.76681048885,12.892416659966765,2.051891839834014,39680.76681048884
Fermi/GBM,glg_tte_n9_bn191101895_v00.fit,GRB191101895,2019-11-01T21:28:50.523,153.6328125,17.5827760084254,32089.577776655096,3.261926199217581,9837.616125206092,positive,significant_positive,10.496,long,32089.577776655096,32089.577776655096,11.593813396229212,1.8452127112949142,32089.577776655096
Fermi/GBM,glg_tte_n9_bn191108003_v00.fit,GRB191108003,2019-11-08T00:04:37.596,237.65625,12.94163198542334,-2697.6497074197528,3.068466367265423,879.1524444258006,negative,significant_negative,125.699,long,2697.6497074197528,2697.649707419753,3.3615307034719666,0.5350042278127397,2697.6497074197528
Fermi/GBM,glg_tte_n9_bn191110587_v00.fit,GRB191110587,2019-11-10T14:05:34.993,259.80468749999994,41.81031489577859,-43170.82943540574,2.899660600038312,14888.23534548676,negative,significant_negative,14.848,long,43170.82943540574,43170.82943540575,13.447436464677258,2.140225985267587,43170.82943540574
Fermi/GBM,glg_tte_n9_bn191111347_v00.fit,GRB191111347,2019-11-11T08:19:09.572,130.78124999999997,-33.86870460165652,-5912.151553827624,3.180278609775142,1859.0042820951576,negative,significant_negative,5.376,long,5912.151553827624,5912.151553827626,4.976420653229166,0.7920219458660206,5912.151553827624
Fermi/GBM,glg_tte_n9_bn191111364_v00.fit,GRB191111364,2019-11-11T08:44:29.948,189.84375,-31.039240010397894,-51048.69906350869,2.70089009346092,18900.694695834474,negative,significant_negative,88.066,long,51048.69906350869,51048.6990635087,14.623005525688399,2.3273236122734082,51048.69906350869
Fermi/GBM,glg_tte_n9_bn191111547_v00.fit,GRB191111547,2019-11-11T13:07:10.792,240.8823529411765,-71.2771821379778,13959.757468550166,3.168497193216534,4405.797643891478,positive,significant_positive,158.212,long,13959.757468550166,13959.757468550164,7.646861797198678,1.2170358541647441,13959.757468550166
Fermi/GBM,glg_tte_n9_bn191112369_v00.fit,GRB191112369,2019-11-12T08:51:18.192,163.55769230769232,-70.90666664467562,-17680.38595416591,3.1380339937381323,5634.223845072002,negative,significant_negative,50.432,long,17680.38595416591,17680.38595416591,8.605778727207262,1.3696522235901154,17680.38595416591
Fermi/GBM,glg_tte_n9_bn191113578_v00.fit,GRB191113578,2019-11-13T13:52:44.522,298.828125,21.06181760164929,34131.02569578731,2.7415182807560963,12449.68014087951,positive,significant_positive,11.776,long,34131.02569578731,34131.02569578731,11.956910391644929,1.9030013929371408,34131.02569578731
Fermi/GBM,glg_tte_n9_bn191117006_v00.fit,GRB191117006,2019-11-17T00:08:28.724,299.0,73.49627530761094,10610.807247047826,2.8307665061419667,3748.386602718861,positive,significant_positive,7.424,long,10610.807247047826,10610.807247047826,6.6668167412424335,1.0610568390565347,10610.807247047826
Fermi/GBM,glg_tte_n9_bn191117637_v00.fit,GRB191117637,2019-11-17T15:17:38.361,156.09374999999997,11.110881800003272,-23129.784384437,2.878158891169892,8036.312538337791,negative,significant_negative,1.28,short,23129.784384437,23129.784384436996,9.843059192565638,1.5665715256429416,23129.784384437
Fermi/GBM,glg_tte_n9_bn191118925_v00.fit,GRB191118925,2019-11-18T22:12:01.821,214.1517857142857,-48.1412077943603,29982.34979184072,3.1326666234511555,9570.87152759656,positive,significant_positive,36.353,long,29982.34979184072,29982.349791840712,11.206684305562536,1.7835992029006422,29982.34979184072
Fermi/GBM,glg_tte_n9_bn191119261_v00.fit,GRB191119261,2019-11-19T06:16:07.175,309.35,-9.35,20429.02627795564,2.9196299410750743,6997.128639677262,positive,significant_positive,8.448,long,20429.02627795564,20429.02627795564,9.250562424329905,1.4722727362122514,20429.02627795564
Fermi/GBM,glg_tte_n9_bn191125206_v00.fit,GRB191125206,2019-11-25T04:56:43.136,242.578125,-13.554784037179,24000.116858912355,3.303336787907566,7265.416274467962,positive,significant_positive,77.313,long,24000.116858912355,24000.11685891235,10.026537508648776,1.59577300659775,24000.116858912355
Fermi/GBM,glg_tte_n9_bn191125634_v00.fit,GRB191125634,2019-11-25T15:12:45.686,354.375,19.78804941066957,20529.614981264305,2.8911144103018223,7100.93481880611,positive,significant_positive,46.336,long,20529.614981264305,20529.614981264305,9.273308478723,1.4758928832047495,20529.614981264305
Fermi/GBM,glg_tte_n9_bn191129141_v00.fit,GRB191129141,2019-11-29T03:22:27.127,8.4375,5.079715792733466,5969.312799615209,3.0961163032913905,1928.000183090476,positive,significant_positive,19.968,long,5969.312799615209,5969.312799615209,5.000419880803433,0.7958415415648524,5969.312799615209
Fermi/GBM,glg_tte_n9_bn191130253_v00.fit,GRB191130253,2019-11-30T06:04:41.797,350.75342465753425,63.07261938698223,-12249.05262879068,3.158265341326461,3878.4115028302585,negative,significant_negative,121.09,long,12249.05262879068,12249.052628790681,7.163009958766733,1.140028442354199,12249.05262879068
Fermi/GBM,glg_tte_n9_bn191130507_v00.fit,GRB191130507,2019-11-30T12:09:34.900,346.55,-9.283,-16350.132865322012,3.0793865395011,5309.542227190142,negative,significant_negative,61.953,long,16350.132865322012,16350.132865322008,8.275703981729704,1.3171191962575628,16350.132865322012
Fermi/GBM,glg_tte_n9_bn191202867_v00.fit,GRB191202867,2019-12-02T20:48:51.230,245.7421875,16.95776330000414,14020.315723581369,3.022872840355936,4638.076579473488,positive,significant_positive,30.721,long,14020.315723581369,14020.315723581369,7.663430117835633,1.219672784292847,14020.315723581369
Fermi/GBM,glg_tte_n9_bn191203290_v00.fit,GRB191203290,2019-12-03T06:57:19.076,330.1442307692308,51.25580694880489,4461.318362921794,3.545119625325644,1258.4394419446398,positive,significant_positive,0.832,short,4461.318362921794,4461.318362921795,4.322907199910781,0.688012049393345,4461.318362921794
Fermi/GBM,glg_tte_n9_bn191205741_v00.fit,GRB191205741,2019-12-05T17:46:20.441,19.3359375,-34.228866327812575,38640.67981597071,3.2900464312280806,11744.721730734738,positive,significant_positive,2.048,long,38640.67981597071,38640.67981597072,12.722330805297641,2.0248218353134133,38640.67981597071
Fermi/GBM,glg_tte_n9_bn191213254_v00.fit,GRB191213254,2019-12-13T06:05:33.022,196.171875,-30.34518296958825,57560.71501138168,3.340482171824568,17231.259456158714,positive,significant_positive,18.944,long,57560.71501138168,57560.71501138168,15.527709400300372,2.471311705952294,57560.71501138168
Fermi/GBM,glg_tte_n9_bn191213784_v00.fit,GRB191213784,2019-12-13T18:49:07.969,331.171875,-16.024100308155862,18039.96693601094,3.301654841836954,5463.916672154009,positive,significant_positive,9.216,long,18039.96693601094,18039.96693601094,8.692849751159454,1.3835100074521793,18039.96693601094
Fermi/GBM,glg_tte_n9_bn191220589_v00.fit,GRB191220589,2019-12-20T14:08:29.264,210.7142857142857,-66.81675324303835,-71209.56850174034,3.283159158457306,21689.34403265432,negative,significant_negative,27.905,long,71209.56850174034,71209.56850174034,17.27084083150428,2.748739689687246,71209.56850174034
Fermi/GBM,glg_tte_n9_bn191221802_v00.fit,GRB191221802,2019-12-21T19:14:28.844,41.733870967741936,-43.40685848593699,-71110.27758560158,2.8169175982899435,25244.003455681577,negative,significant_negative,2.24,long,71110.27758560158,71110.27758560157,17.25879585052819,2.7468226714254538,71110.27758560158
Fermi/GBM,glg_tte_n9_bn191225309_v00.fit,GRB191225309,2019-12-25T07:25:16.497,94.921875,-18.52439107386579,-17519.104039674658,2.885212334152912,6072.032838726307,negative,significant_negative,112.384,long,17519.104039674658,17519.104039674654,8.56643749746783,1.3633908724097707,17519.104039674658
Fermi/GBM,glg_tte_n9_bn191225735_v01.fit,GRB191225735,2019-12-25T17:37:51.867,145.546875,-6.880079227870648,40038.770074378976,3.1305420486180195,12789.7244159535,positive,significant_positive,82.69,long,40038.770074378976,40038.770074378976,12.950444312812326,2.0611272276204056,40038.770074378976
Fermi/GBM,glg_tte_n9_bn191227069_v00.fit,GRB191227069,2019-12-27T01:39:24.721,319.21875,-13.554784037179,-1181.085398333739,3.0341644073568896,389.2621624161104,negative,significant_negative,25.089,long,1181.085398333739,1181.085398333739,2.224256942791592,0.35400148715174895,1181.085398333739
Fermi/GBM,glg_tte_n9_bn191227723_v00.fit,GRB191227723,2019-12-27T17:21:44.144,257.34375,-25.613083216401822,12720.08574839487,2.8335142782813816,4489.155338264261,positive,significant_positive,0.208,short,12720.08574839487,12720.085748394868,7.299436319807126,1.161741372081817,12720.08574839487
Fermi/GBM,glg_tte_n9_bn200101861_v00.fit,GRB200101861,2020-01-01T20:39:26.451,257.69531249999994,-34.95386525718846,250.37015478898925,4.76535746675152,52.53963769472748,positive,significant_positive,9.984,long,250.37015478898925,250.3701547889892,1.0240840062958558,0.16298803174333712,250.37015478898925
Fermi/GBM,glg_tte_n9_bn200103678_v00.fit,GRB200103678,2020-01-03T16:16:50.019,353.671875,-33.15288792861988,32610.349501847,3.0465994342243463,10703.852017930109,positive,significant_positive,9.984,long,32610.349501847,32610.34950184701,11.687510965470684,1.8601251425953895,32610.349501847
Fermi/GBM,glg_tte_n9_bn200103689_v00.fit,GRB200103689,2020-01-03T16:32:23.473,119.8828125,-4.181528273111476,2398.983261632042,2.850156864173832,841.7021855137187,positive,significant_positive,68.096,long,2398.983261632042,2398.9832616320423,3.1699901557845265,0.5045196028457548,2398.983261632042
Fermi/GBM,glg_tte_n9_bn200105914_v00.fit,GRB200105914,2020-01-05T21:55:28.993,316.40625,-29.656013541178424,-33049.73035818895,3.335833550780299,9907.487845266784,negative,significant_negative,16.896,long,33049.73035818895,33049.73035818895,11.765984310511946,1.8726145633596623,33049.73035818895
Fermi/GBM,glg_tte_n9_bn200107810_v00.fit,GRB200107810,2020-01-07T19:26:22.806,358.59375,-78.28414760510763,-8140.16167037077,2.8826649827661064,2823.832016219849,negative,significant_negative,81.154,long,8140.16167037077,8140.1616703707705,5.839300426440372,0.9293535270665976,8140.16167037077
Fermi/GBM,glg_tte_n9_bn200109074_v00.fit,GRB200109074,2020-01-09T01:45:51.894,283.18965517241384,68.67919198537577,18111.003710341545,3.244167858835778,5582.634591799751,positive,significant_positive,40.96,long,18111.003710341545,18111.003710341545,8.70994804466299,1.3862312853817034,18111.003710341545
Fermi/GBM,glg_tte_n9_bn200110518_v00.fit,GRB200110518,2020-01-10T12:26:08.356,95.9765625,35.68533471265204,-71960.27721319739,3.309417639069148,21744.090671323647,negative,significant_negative,153.859,long,71960.27721319739,71960.27721319738,17.361638872075254,2.763190646667175,71960.27721319739
Fermi/GBM,glg_tte_n9_bn200111633_v00.fit,GRB200111633,2020-01-11T15:11:08.106,104.4140625,32.0899512562803,6928.624555419892,3.2423125650591618,2136.939118728508,positive,significant_positive,6.016,long,6928.624555419892,6928.624555419891,5.387258548685528,0.8574088277373719,6928.624555419892
Fermi/GBM,glg_tte_n9_bn200112395_v00.fit,GRB200112395,2020-01-12T09:28:27.478,177.890625,-30.34518296958825,7499.678988349276,2.9733525340743863,2522.297272995228,positive,significant_positive,38.912,long,7499.678988349276,7499.678988349276,5.604871263948866,0.8920429670511812,7499.678988349276
Fermi/GBM,glg_tte_n9_bn200112525_v00.fit,GRB200112525,2020-01-12T12:36:31.101,146.73913043478262,64.57355318327413,16499.08638726182,5.807940756198451,2840.780765481016,positive,significant_positive,4.925,long,16499.08638726182,16499.08638726182,8.313315310204876,1.3231052251006394,16499.08638726182
Fermi/GBM,glg_tte_n9_bn200114153_v00.fit,GRB200114153,2020-01-14T03:40:43.724,199.3359375,0.0,-45679.61376643636,2.8074524235968714,16270.841629405862,negative,significant_negative,29.693,long,45679.61376643636,45679.61376643636,13.832654072999665,2.201535271798136,45679.61376643636
Fermi/GBM,glg_tte_n9_bn200117517_v00.fit,GRB200117517,2020-01-17T12:24:06.532,131.87500000000003,-63.44828368030105,5808.738056218791,2.874497400014841,2020.7838964087427,positive,significant_positive,28.416,long,5808.738056218791,5808.738056218792,4.932705654309733,0.7850644877007359,5808.738056218791
Fermi/GBM,glg_tte_n9_bn200119692_v00.fit,GRB200119692,2020-01-19T16:37:07.531,271.3636363636364,-77.9166850933892,-3130.5161793902485,3.664466974498012,854.2896418978074,negative,significant_negative,19.2,long,3130.5161793902485,3130.5161793902485,3.6211980763492058,0.5763315737658388,3130.5161793902485
Fermi/GBM,glg_tte_n9_bn200120962_v00.fit,GRB200120962,2020-01-20T23:04:55.338,139.16666666666666,-70.16502666715499,-15779.65368212052,2.763386669438586,5710.259029847003,negative,significant_negative,12.8,long,15779.65368212052,15779.653682120525,8.130046665215886,1.2939371143368879,15779.65368212052
Fermi/GBM,glg_tte_n9_bn200122221_v00.fit,GRB200122221,2020-01-22T05:18:20.738,125.84745762711862,68.30717609030755,-16119.611657224414,3.078069808638912,5236.9220515997085,negative,significant_negative,2.816,long,16119.611657224414,16119.611657224412,8.217157137036029,1.307801176522131,16119.611657224414
Fermi/GBM,glg_tte_n9_bn200125864_v00.fit,GRB200125864,2020-01-25T20:43:31.188,7.27941176470588,64.94808409550687,99.95414206857808,7.273984423397183,13.741319234485836,positive,significant_positive,5.824,long,99.95414206857808,99.9541420685781,0.6470602222549978,0.10298283285002333,99.95414206857808
Fermi/GBM,glg_tte_n9_bn200126466_v00.fit,GRB200126466,2020-01-26T11:10:51.755,66.5,-58.8,-4269.431849491878,3.839462095977889,1111.9869770206649,negative,significant_negative,0.768,short,4269.431849491878,4269.431849491877,4.228918811133009,0.6730533327261198,4269.431849491878
Fermi/GBM,glg_tte_n9_bn200127758_v00.fit,GRB200127758,2020-01-27T18:11:18.671,75.58593749999999,19.471220634490685,67689.42828153537,2.8592679354152675,23673.69194160688,positive,significant_positive,33.025,long,67689.42828153537,67689.42828153535,16.838551426808845,2.679938694083715,67689.42828153537
Fermi/GBM,glg_tte_n9_bn200128153_v00.fit,GRB200128153,2020-01-28T03:40:05.775,149.0625,39.065494664452594,29.602186384765005,2.8858381169906044,10.25774322214394,positive,significant_positive,0.576,short,29.602186384765005,29.60218638476501,0.3521325721497015,0.056043639481288474,29.602186384765005
Fermi/GBM,glg_tte_n9_bn200129409_v00.fit,GRB200129409,2020-01-29T09:48:44.182,346.875,-44.99388015045713,-18910.814912063244,2.759382641570792,6853.277478508082,negative,significant_negative,0.112,short,18910.814912063244,18910.81491206324,8.900193046680444,1.4165097178513086,18910.814912063244
Fermi/GBM,glg_tte_n9_bn200130248_v00.fit,GRB200130248,2020-01-30T05:57:16.079,326.0769230769231,-66.07006450641592,-6928.374905731391,4.145684246922335,1671.2259045958128,negative,significant_negative,56.577,long,6928.374905731391,6928.37490573139,5.387161491937612,0.8573933806761806,6928.374905731391
Fermi/GBM,glg_tte_n9_bn200130417_v00.fit,GRB200130417,2020-01-30T09:59:56.672,137.57142857142858,-50.86815892553735,-66169.93852433264,3.7168439707879166,17802.721621996305,negative,significant_negative,11.293,long,66169.93852433264,66169.93852433263,16.648483124358272,2.6496883842236207,66169.93852433264
Fermi/GBM,glg_tte_n9_bn200201040_v00.fit,GRB200201040,2020-02-01T00:57:20.322,287.2265625,-10.19991809111631,-8860.57539770929,3.370841700194267,2628.5943351177366,negative,significant_negative,12.544,long,8860.57539770929,8860.57539770929,6.092215642497888,0.969606233885306,8860.57539770929
Fermi/GBM,glg_tte_n9_bn200205845_v00.fit,GRB200205845,2020-02-05T20:17:23.328,223.9453125,-41.81031489577861,-3622.3311718977807,3.3591040890738304,1078.3622882304094,negative,significant_negative,17.408,long,3622.3311718977807,3622.331171897781,3.895277311224174,0.6199526387950345,3622.3311718977807
Fermi/GBM,glg_tte_n9_bn200206706_v00.fit,GRB200206706,2020-02-06T16:56:21.457,293.6138613861386,-52.41601188939429,410.6806434370938,3.119493349645498,131.64978969542085,positive,significant_positive,13.824,long,410.6806434370938,410.68064343709386,1.3115849406442082,0.20874522658841588,410.6806434370938
Fermi/GBM,glg_tte_n9_bn200207058_v00.fit,GRB200207058,2020-02-07T01:22:55.598,243.64864864864865,-48.5322537274423,55969.8511801524,2.818449669989126,19858.38234974348,positive,significant_positive,15.616,long,55969.8511801524,55969.8511801524,15.311628404150042,2.436921347306748,55969.8511801524
Fermi/GBM,glg_tte_n9_bn200208052_v00.fit,GRB200208052,2020-02-08T01:14:17.086,27.421875,24.95302078772749,62599.19134055683,3.3551501983670744,18657.6420247962,positive,significant_positive,20.992,long,62599.19134055683,62599.191340556834,16.193050346209436,2.577204006335159,62599.19134055683
Fermi/GBM,glg_tte_n9_bn200211310_v00.fit,GRB200211310,2020-02-11T07:26:28.826,345.5859375,-7.180755781458284,25520.174068265547,3.277115858693352,7787.388413676936,positive,significant_positive,78.594,long,25520.174068265547,25520.17406826555,10.339180584630215,1.6455316975636511,25520.174068265547
Fermi/GBM,glg_tte_n9_bn200211813_v00.fit,GRB200211813,2020-02-11T19:30:01.312,109.82142857142856,58.91977535280316,102488.64619397096,3.0189906046745465,33947.984480402,positive,significant_positive,55.04,long,102488.64619397096,102488.64619397096,20.719638927334703,3.297632954364574,102488.64619397096
Fermi/GBM,glg_tte_n9_bn200212451_v00.fit,GRB200212451,2020-02-12T10:49:49.152,125.5078125,23.31795706533424,-9841.125445947124,3.1158566550132103,3158.401215316948,negative,significant_negative,10.496,long,9841.125445947124,9841.125445947126,6.42046804151048,1.0218492257699332,9841.125445947124
Fermi/GBM,glg_tte_n9_bn200215611_v00.fit,GRB200215611,2020-02-15T14:39:31.850,30.9375,9.896853442815877,28919.04992561716,3.175372426144126,9107.29389961156,positive,significant_positive,24.32,long,28919.04992561716,28919.049925617164,11.006172498200897,1.7516867576107473,28919.04992561716
Fermi/GBM,glg_tte_n9_bn200216380_v00.fit,GRB200216380,2020-02-16T09:07:25.031,319.5703125,5.979156796301309,17668.553309444713,2.8484187393513314,6202.93395256498,positive,significant_positive,8.192,long,17668.553309444713,17668.55330944472,8.602898525226728,1.3691938252078102,17668.553309444713
Fermi/GBM,glg_tte_n9_bn200216564_v00.fit,GRB200216564,2020-02-16T13:32:34.755,158.203125,20.42361536381095,76300.62169325292,3.4671620300739145,22006.650116558387,positive,significant_positive,12.032,long,76300.62169325292,76300.6216932529,17.877564061353823,2.845302690806481,76300.62169325292
Fermi/GBM,glg_tte_n9_bn200219317_v00.fit,GRB200219317,2020-02-19T07:36:49.096,346.5,-64.19874590253252,-8200.545221859738,2.838986604760244,2888.5466412943097,negative,significant_negative,1.152,short,8200.545221859738,8200.54522185974,5.8609183153524596,0.9327941209461679,8200.545221859738
Fermi/GBM,glg_tte_n9_bn200219413_v00.fit,GRB200219413,2020-02-19T09:54:14.678,298.828125,6.279288322550267,2080.274141189104,2.951213245737729,704.8877759658766,positive,significant_positive,9.984,long,2080.274141189104,2080.2741411891034,2.951920043951621,0.46981266660694543,2080.274141189104
Fermi/GBM,glg_tte_n9_bn200219998_v00.fit,GRB200219998,2020-02-19T23:57:10.333,265.078125,8.687297481032452,561.2807505626818,3.877540810212364,144.75173261476047,positive,significant_positive,21.632,long,561.2807505626818,561.2807505626818,1.5333255721118444,0.24403634417080847,561.2807505626818
Fermi/GBM,glg_tte_n9_bn200221162_v00.fit,GRB200221162,2020-02-21T03:52:58.711,157.5,32.44286613851178,12410.335109926236,2.8539096124784,4348.538249306647,positive,significant_positive,1.728,short,12410.335109926236,12410.335109926236,7.210013186296933,1.1475092383569034,12410.335109926236
Fermi/GBM,glg_tte_n9_bn200223814_v00.fit,GRB200223814,2020-02-23T19:32:03.243,247.0108695652174,-55.87335043525199,-27869.35959258873,4.079672437159886,6831.273839227722,negative,significant_negative,65.281,long,27869.35959258873,27869.359592588735,10.804577755521283,1.7196019578119481,27869.35959258873
Fermi/GBM,glg_tte_n9_bn200224212_v00.fit,GRB200224212,2020-02-24T05:05:49.279,177.890625,-28.291548862929403,207210.35625796963,6.038064170139307,34317.34914026079,positive,significant_positive,299.525,long,207210.35625796963,207210.35625796963,29.461172933603333,4.688891301668126,207210.35625796963
Fermi/GBM,glg_tte_n9_bn200224416_v00.fit,GRB200224416,2020-02-24T09:58:44.567,187.3828125,-20.742379954487145,-80629.28321063232,2.879859610771516,27997.643672995466,negative,significant_negative,0.064,short,80629.28321063232,80629.2832106323,18.3776808039438,2.924898742512693,80629.28321063232
Fermi/GBM,glg_tte_n9_bn200227306_v00.fit,GRB200227306,2020-02-27T07:20:08.703,56.953125,6.279288322550267,-11339.84897816436,3.739334131455144,3032.5851019233505,negative,significant_negative,24.32,long,11339.84897816436,11339.848978164362,6.892042391301133,1.096902614574462,11339.84897816436
Fermi/GBM,glg_tte_n9_bn200228291_v00.fit,GRB200228291,2020-02-28T06:58:33.806,328.0769230769231,-46.1781796469964,10330.144946584369,3.027375899266587,3412.243900431047,positive,significant_positive,3.584,long,10330.144946584369,10330.14494658437,6.578055181151663,1.0469299980115403,10330.144946584369
Fermi/GBM,glg_tte_n9_bn200228469_v00.fit,GRB200228469,2020-02-28T11:14:43.894,258.3984375,9.59406822686046,12108.78880470856,3.491391472209126,3468.184218553671,positive,significant_positive,14.08,long,12108.78880470856,12108.788804708562,7.121880084429274,1.133482419544644,12108.78880470856
Fermi/GBM,glg_tte_n9_bn200301320_v00.fit,GRB200301320,2020-03-01T07:40:46.355,320.625,6.279288322550267,50820.98156908418,2.733479689824759,18592.04652526329,positive,significant_positive,18.176,long,50820.98156908418,50820.98156908418,14.59035399824862,2.322126960281867,50820.98156908418
Fermi/GBM,glg_tte_n9_bn200303107_v00.fit,GRB200303107,2020-03-03T02:34:23.847,207.85714285714283,50.86815892553735,3842.88022195228,3.858341553613124,995.9927519515828,positive,significant_positive,82.177,long,3842.88022195228,3842.88022195228,4.0121090503475925,0.6385469875865494,3842.88022195228
Fermi/GBM,glg_tte_n9_bn200306934_v00.fit,GRB200306934,2020-03-06T22:25:25.327,344.88281249999994,6.579592944977629,26361.31549920295,3.280655696742696,8035.38009958699,positive,significant_positive,0.992,short,26361.31549920295,26361.31549920295,10.508188242905861,1.672430101798606,26361.31549920295
Fermi/GBM,glg_tte_n9_bn200307894_v00.fit,GRB200307894,2020-03-07T21:26:59.182,84.23076923076923,-46.1781796469964,30701.270343275988,3.062863349672439,10023.71534027444,positive,significant_positive,1.664,short,30701.270343275988,30701.270343275988,11.340246050611661,1.80485621483319,30701.270343275988
Fermi/GBM,glg_tte_n9_bn200308941_v00.fit,GRB200308941,2020-03-08T22:35:15.791,326.6015625,-26.61009781073392,77908.5267673007,3.0585850932064904,25472.080845599336,positive,significant_positive,43.008,long,77908.5267673007,77908.5267673007,18.0649515303033,2.8751263327632697,77908.5267673007
Fermi/GBM,glg_tte_n9_bn200311636_v00.fit,GRB200311636,2020-03-11T15:16:12.928,204.8130841121496,-50.091456801832585,1928.522215091424,3.6083446156975088,534.4617603046299,positive,significant_positive,52.481,long,1928.522215091424,1928.5222150914246,2.842213039919406,0.45235225462341594,1928.522215091424
Fermi/GBM,glg_tte_n9_bn200313071_v00.fit,GRB200313071,2020-03-13T01:41:36.621,75.58593749999999,21.381942579838885,47930.558663563126,2.590227232684557,18504.38373079996,positive,significant_positive,13.568,long,47930.558663563126,47930.558663563126,14.169370297930417,2.2551253234151076,47930.558663563126
Fermi/GBM,glg_tte_n9_bn200313456_v00.fit,GRB200313456,2020-03-13T10:57:12.130,201.796875,39.83843997699909,-41939.80978007791,2.960448152238233,14166.709776143016,negative,significant_negative,5.184,long,41939.80978007791,41939.80978007791,13.254322479757116,2.109490939987373,41939.80978007791
Fermi/GBM,glg_tte_n9_bn200317028_v00.fit,GRB200317028,2020-03-17T00:40:30.488,65.21186440677965,-45.78396716177504,40750.11593185913,2.6790883122132145,15210.441457301256,positive,significant_positive,7.616,long,40750.11593185913,40750.11593185914,13.064979389929453,2.0793560513010076,40750.11593185913
Fermi/GBM,glg_tte_n9_bn200318941_v00.fit,GRB200318941,2020-03-18T22:35:27.222,123.3529411764706,58.54024913501049,-9200.26570975551,3.1682240228223617,2903.9189285483667,negative,significant_negative,10.24,long,9200.26570975551,9200.26570975551,6.207896816672776,0.988017464577914,9200.26570975551
Fermi/GBM,glg_tte_n9_bn200319323_v00.fit,GRB200319323,2020-03-19T07:44:40.320,64.3359375,-21.381942579838896,20870.78780999669,3.243028320207652,6435.586047753149,positive,significant_positive,20.48,long,20870.78780999669,20870.787809996695,9.350045537038275,1.4881059653539566,20870.78780999669
Fermi/GBM,glg_tte_n9_bn200320414_v00.fit,GRB200320414,2020-03-20T09:56:46.851,183.515625,-39.065494664452615,-19089.780533838897,3.253588460277409,5867.30029532108,negative,significant_negative,9.021,long,19089.780533838897,19089.780533838897,8.942208100445118,1.4231966213422282,19089.780533838897
Fermi/GBM,glg_tte_n9_bn200323006_v01.fit,GRB200323006,2020-03-23T00:08:42.965,325.8333,62.067,62529.93127253437,2.9317192946203527,21328.757970544983,positive,significant_positive,7.168,long,62529.93127253437,62529.931272534355,16.184089829840854,2.5757778958624433,62529.93127253437
Fermi/GBM,glg_tte_n9_bn200323782_v00.fit,GRB200323782,2020-03-23T18:46:32.956,156.78947368421055,-54.72462840974654,55349.75973940639,3.401530291239116,16272.01729820359,positive,significant_positive,2.112,long,55349.75973940639,55349.7597394064,15.226573200615615,2.423384391228557,55349.75973940639
Fermi/GBM,glg_tte_n9_bn200325138_v00.fit,GRB200325138,2020-03-25T03:18:31.742,22.8515625,-28.63098983692436,119.66490621353655,2.970229583839997,40.288099904664726,positive,significant_positive,0.96,short,119.66490621353655,119.66490621353655,0.7079909512161465,0.11268025955038265,119.66490621353655
Fermi/GBM,glg_tte_n9_bn200325620_v00.fit,GRB200325620,2020-03-25T14:53:16.037,165.9375,26.27681155719998,-11559.682644860804,2.7930320761920884,4138.757568663811,negative,significant_negative,36.609,long,11559.682644860804,11559.682644860806,6.958526096324722,1.1074838248640297,11559.682644860804
Fermi/GBM,glg_tte_n9_bn200326517_v00.fit,GRB200326517,2020-03-26T12:24:47.903,243.6328125,-21.381942579838896,-42419.75358682649,2.8307843086716007,14985.15922137945,negative,significant_negative,96.512,long,42419.75358682649,42419.75358682649,13.329945548048993,2.121526725117801,42419.75358682649
Fermi/GBM,glg_tte_n9_bn200327873_v00.fit,GRB200327873,2020-03-27T20:56:48.165,233.7890625,1.1937484371410718,45219.73671665208,2.820964620017212,16029.884386276412,positive,significant_positive,0.64,short,45219.73671665208,45219.736716652085,13.762848187120708,2.1904253200035915,45219.73671665208
Fermi/GBM,glg_tte_n9_bn200401292_v00.fit,GRB200401292,2020-04-01T07:00:28.807,141.328125,19.15501007356373,-33622.073875272894,3.6192944291075673,9289.67635373155,negative,significant_negative,4.48,long,33622.073875272894,33622.073875272894,11.867426583440384,1.8887596025347002,33622.073875272894
Fermi/GBM,glg_tte_n9_bn200402403_v00.fit,GRB200402403,2020-04-02T09:39:37.908,49.5703125,41.81031489577859,99679.34229327188,2.810934409668945,35461.28360391429,positive,significant_positive,55.809,long,99679.34229327188,99679.34229327188,20.43369405216803,3.252123414030003,99679.34229327188
Fermi/GBM,glg_tte_n9_bn200402688_v00.fit,GRB200402688,2020-04-02T16:30:29.655,189.4921875,-6.579592944977629,-23238.489753516627,2.7789217664609462,8362.412369424726,negative,significant_negative,23.808,long,23238.489753516627,23238.48975351663,9.866162285993443,1.5702484971626904,23238.489753516627
Fermi/GBM,glg_tte_n9_bn200402824_v00.fit,GRB200402824,2020-04-02T19:46:23.077,227.4609375,-8.989299345162816,33110.86953475124,3.2647132755972006,10142.04517813112,positive,significant_positive,33.792,long,33110.86953475124,33110.86953475125,11.776862314688328,1.8743458514953077,33110.86953475124
Fermi/GBM,glg_tte_n9_bn200403896_v00.fit,GRB200403896,2020-04-03T21:30:16.346,79.6875,72.38756092964962,5639.025505171876,3.204869939859975,1759.5177373775898,positive,significant_positive,58.881,long,5639.025505171876,5639.025505171875,4.860112632501903,0.773510949446042,5639.025505171876
Fermi/GBM,glg_tte_n9_bn200403919_v00.fit,GRB200403919,2020-04-03T22:04:03.419,241.00000000000003,73.49627530761094,-52531.28772096994,3.147477863021438,16689.962569122647,negative,significant_negative,37.377,long,52531.28772096994,52531.28772096994,14.833831044285711,2.3608775356880827,52531.28772096994
Fermi/GBM,glg_tte_n9_bn200403974_v00.fit,GRB200403974,2020-04-03T23:21:57.371,48.51562499999999,19.15501007356373,85909.49552239766,2.943013584279945,29190.9952374266,positive,significant_positive,18.432,long,85909.49552239766,85909.49552239763,18.969893340300032,3.0191522950347762,85909.49552239766
Fermi/GBM,glg_tte_n9_bn200404706_v00.fit,GRB200404706,2020-04-04T16:57:02.830,60.8203125,2.3880154632687733,-25499.48449221517,3.4526902100577,7385.396007419106,negative,significant_negative,26.624,long,25499.48449221517,25499.48449221517,10.334988672857527,1.6448645340840227,25499.48449221517
Fermi/GBM,glg_tte_n9_bn200405394_v00.fit,GRB200405394,2020-04-05T09:27:21.555,60.46875,-28.971532223711293,-22449.841029048515,2.8761886880398486,7805.413157489436,negative,significant_negative,14.848,long,22449.841029048515,22449.84102904851,9.697302418791013,1.5433736146075827,22449.841029048515
Fermi/GBM,glg_tte_n9_bn200407265_v00.fit,GRB200407265,2020-04-07T06:22:01.482,278.0859375,1.7907846593289465,-75971.60734717398,3.921354711260138,19373.816688661736,negative,significant_negative,3.072,long,75971.60734717398,75971.60734717398,17.838977680845957,2.8391614776126293,75971.60734717398
Fermi/GBM,glg_tte_n9_bn200407388_v00.fit,GRB200407388,2020-04-07T09:18:33.475,182.8125,36.05358859962301,-8278.92877312425,2.543784747108893,3254.571277123021,negative,significant_negative,47.872,long,8278.92877312425,8278.92877312425,5.8888620081461465,0.9372414977825244,8278.92877312425
Fermi/GBM,glg_tte_n9_bn200411187_v00.fit,GRB200411187,2020-04-11T04:29:02.522,71.66666666666667,-60.05627904951215,13020.107125367167,2.694881831177566,4831.42042620765,positive,significant_positive,1.44,short,13020.107125367167,13020.107125367167,7.385018428684351,1.1753621877498561,13020.107125367167
Fermi/GBM,glg_tte_n9_bn200412290_v00.fit,GRB200412290,2020-04-12T06:57:11.947,139.57031249999997,-41.014499665730526,130.02909740228165,4.614217029868052,28.180100017098667,positive,significant_positive,12.606,long,130.02909740228165,130.02909740228165,0.7380139629681087,0.1174585702772135,130.02909740228165
Fermi/GBM,glg_tte_n9_bn200412381_v00.fit,GRB200412381,2020-04-12T09:08:40.707,278.3571428571429,64.19874590253252,-60.35291901999254,5.72407658732514,10.543695231757102,negative,significant_negative,6.08,long,60.35291901999254,60.35291901999254,0.5027978878448188,0.08002276922666732,60.35291901999254
Fermi/GBM,glg_tte_n9_bn200416295_v00.fit,GRB200416295,2020-04-16T07:05:17.385,341.2,-5.933,-33369.80130162505,3.3795542781098145,9874.024369949988,negative,significant_negative,9.344,long,33369.80130162505,33369.80130162504,11.822821018179846,1.8816604063340776,33369.80130162505
Fermi/GBM,glg_tte_n9_bn200418865_v00.fit,GRB200418865,2020-04-18T20:45:00.278,71.71874999999999,-0.2984168674869415,13840.034305437126,3.1946899293481144,4332.199559742947,positive,significant_positive,38.145,long,13840.034305437126,13840.034305437124,7.614000271376581,1.2118057798926154,13840.034305437126
Fermi/GBM,glg_tte_n9_bn200420106_v00.fit,GRB200420106,2020-04-20T02:32:58.598,299.8828125,2.3880154632687733,-88.59136984123022,2.9169785868635416,30.37093595413993,negative,significant_negative,0.32,short,88.59136984123022,88.59136984123022,0.609172112148573,0.09695275284217583,88.59136984123022
Fermi/GBM,glg_tte_n9_bn200421865_v00.fit,GRB200421865,2020-04-21T20:45:59.726,165.4225352112676,63.823657621837775,-47061.59038509192,3.43373486257221,13705.656455326342,negative,significant_negative,67.073,long,47061.59038509192,47061.59038509193,14.04033934158083,2.2345894089001965,47061.59038509192
Fermi/GBM,glg_tte_n9_bn200423579_v00.fit,GRB200423579,2020-04-23T13:54:11.373,321.1363636363637,65.69633519657744,19989.841783481017,3.209451961275653,6228.428412287469,positive,significant_positive,0.032,short,19989.841783481017,19989.841783481013,9.150587601781373,1.4563612490189175,19989.841783481017
Fermi/GBM,glg_tte_n9_bn200425701_v00.fit,GRB200425701,2020-04-25T16:49:50.945,304.45312499999994,39.83843997699909,20080.26970357448,2.9514447999161613,6803.53896645632,positive,significant_positive,7.936,long,20080.26970357448,20080.26970357448,9.171261475053566,1.4596515981430425,20080.26970357448
Fermi/GBM,glg_tte_n9_bn200501435_v00.fit,GRB200501435,2020-05-01T10:25:44.847,46.05468749999999,-18.839404547275457,36679.741985306726,3.703935103538246,9902.911622362872,positive,significant_positive,1.536,short,36679.741985306726,36679.741985306726,12.395311369309967,1.9727750755888511,36679.741985306726
Fermi/GBM,glg_tte_n9_bn200502574_v00.fit,GRB200502574,2020-05-02T13:46:33.856,288.98437499999994,39.83843997699909,12020.577559499354,3.0675012179565253,3918.6871350313895,positive,significant_positive,25.344,long,12020.577559499354,12020.577559499357,7.095891595642228,1.1293462230906972,12020.577559499354
Fermi/GBM,glg_tte_n9_bn200503721_v00.fit,GRB200503721,2020-05-03T17:18:33.570,250.3125,-19.78804941066958,-439.6895221655041,3.1692050910848675,138.73810925091996,negative,significant_negative,92.93,long,439.6895221655041,439.68952216550423,1.3571172254429875,0.21599191478440957,439.6895221655041
Fermi/GBM,glg_tte_n9_bn200505994_v00.fit,GRB200505994,2020-05-05T23:50:44.085,80.32710280373833,-50.091456801832585,48300.15939801688,3.268434348318876,14777.766432071716,positive,significant_positive,9.984,long,48300.15939801688,48300.15939801687,14.223896603112468,2.2638034544133685,48300.15939801688
Fermi/GBM,glg_tte_n9_bn200506020_v00.fit,GRB200506020,2020-05-06T00:28:41.053,271.0546875,-3.5833216984719782,29931.32820606475,3.2837256651396647,9115.051395376446,positive,significant_positive,116.994,long,29931.32820606475,29931.32820606475,11.197144922068778,1.7820809628635614,29931.32820606475
Fermi/GBM,glg_tte_n9_bn200506208_v00.fit,GRB200506208,2020-05-06T04:59:44.716,83.32031249999999,-5.379378991112076,19219.7680460098,3.307717668096771,5810.582998478426,positive,significant_positive,11.776,long,19219.7680460098,19219.7680460098,8.97260141371455,1.428033867385999,19219.7680460098
Fermi/GBM,glg_tte_n9_bn200506404_v00.fit,GRB200506404,2020-05-06T09:41:08.981,190.8984375,37.921650784291785,19671.22793079325,2.980193190482912,6600.655284232,positive,significant_positive,204.548,long,19671.22793079325,19671.22793079326,9.077370041626994,1.4447083123992197,19671.22793079325
Fermi/GBM,glg_tte_n9_bn200507662_v00.fit,GRB200507662,2020-05-07T15:52:58.839,56.5909090909091,65.69633519657744,21768.49258296725,3.304040584735632,6588.445881547495,positive,significant_positive,55.297,long,21768.49258296725,21768.49258296725,9.549012959698945,1.5197726141846568,21768.49258296725
Fermi/GBM,glg_tte_n9_bn200509818_v00.fit,GRB200509818,2020-05-09T19:38:38.819,117.23684210526316,76.07742270175356,22980.037362843937,2.787980883967368,8242.537635388217,positive,significant_positive,2.176,long,22980.037362843937,22980.037362843945,9.811144449609637,1.5614921365439867,22980.037362843937
Fermi/GBM,glg_tte_n9_bn200509958_v00.fit,GRB200509958,2020-05-09T22:59:04.499,310.78124999999994,-3.8823720030295705,10880.93133183504,3.0779128836365155,3535.165465430378,positive,significant_positive,13.312,long,10880.93133183504,10880.931331835038,6.751143501788712,1.0744778598324014,10880.93133183504
Fermi/GBM,glg_tte_n9_bn200510445_v00.fit,GRB200510445,2020-05-10T10:41:16.959,155.03906249999997,-1.790784659328959,5459.645963813971,3.0135236039217426,1811.7150158402249,positive,significant_positive,9.981,long,5459.645963813971,5459.645963813971,4.782186898776073,0.7611086837295135,5459.645963813971
Fermi/GBM,glg_tte_n9_bn200514380_v00.fit,GRB200514380,2020-05-14T09:07:37.124,238.35937499999991,37.54432510382694,26100.56276512557,2.774811771704814,9406.246229483766,positive,significant_positive,1.664,short,26100.56276512557,26100.56276512557,10.456088257564126,1.6641381315964536,26100.56276512557
Fermi/GBM,glg_tte_n9_bn200517786_v00.fit,GRB200517786,2020-05-17T18:52:28.279,115.6640625,28.630989836924343,-12538.244368154214,3.2664982888886893,3838.4359210608704,negative,significant_negative,27.392,long,12538.244368154214,12538.244368154215,7.247073560723839,1.153407580139782,12538.244368154214
Fermi/GBM,glg_tte_n9_bn200522650_v00.fit,GRB200522650,2020-05-22T15:36:39.467,87.890625,-39.8384399769991,-24380.465143861224,2.7167308413460662,8974.192353844433,negative,significant_negative,30.977,long,24380.465143861224,24380.465143861216,10.105674325978544,1.608368022256343,24380.465143861224
Fermi/GBM,glg_tte_n9_bn200524211_v00.fit,GRB200524211,2020-05-24T05:04:00.358,210.19736842105263,61.94383702315671,-1900.3931317379968,3.4148550194271627,556.5077055765564,negative,significant_negative,37.761,long,1900.3931317379968,1900.3931317379968,2.821408891931025,0.4490411716342498,1900.3931317379968
Fermi/GBM,glg_tte_n9_bn200525611_v00.fit,GRB200525611,2020-05-25T14:40:28.486,20.390625,-7.481631264246963,-189400.47470629527,4.973671045673505,38080.61951967068,negative,significant_negative,93.44,long,189400.47470629527,189400.47470629527,28.166626585937163,4.4828578513754955,189400.47470629527
Fermi/GBM,glg_tte_n9_bn200528436_v00.fit,GRB200528436,2020-05-28T10:27:24.347,168.33333333333331,60.05627904951215,10320.522773775325,2.726634216146909,3785.077848967791,positive,significant_positive,56.577,long,10320.522773775325,10320.522773775325,6.574990851937739,1.0464422948698833,10320.522773775325
Fermi/GBM,glg_tte_n9_bn200529039_v00.fit,GRB200529039,2020-05-29T00:56:39.278,239.4140625,-20.10550978791601,10709.867251227792,2.96422553064088,3613.040620735855,positive,significant_positive,84.992,long,10709.867251227792,10709.867251227792,6.6978643638480415,1.0659982216654689,10709.867251227792
Fermi/GBM,glg_tte_n9_bn200529504_v00.fit,GRB200529504,2020-05-29T12:05:34.896,338.6842105263158,54.724628409746536,-105191.12873825453,3.334211268180006,31549.029223836063,negative,significant_negative,46.592,long,105191.12873825453,105191.12873825454,20.99103546014881,3.3408270540999414,105191.12873825453
Fermi/GBM,glg_tte_n9_bn200530031_v00.fit,GRB200530031,2020-05-30T00:44:10.568,17.099999999999998,71.6475002354226,7730.220460945486,3.2582248594575054,2372.5251615177253,positive,significant_positive,22.528,long,7730.220460945486,7730.220460945486,5.690366574101161,0.9056499682730937,7730.220460945486
Fermi/GBM,glg_tte_n9_bn200531119_v00.fit,GRB200531119,2020-05-31T02:51:18.524,169.453125,33.15288792861988,-7349.960806305439,3.2164501180045653,2285.11574457907,negative,significant_negative,27.392,long,7349.960806305439,7349.96080630544,5.5486434225868315,0.8830940281590266,7349.960806305439
Fermi/GBM,glg_tte_n9_bn200601097_v00.fit,GRB200601097,2020-06-01T02:19:49.995,36.2109375,33.51005606625301,40738.60319562553,2.827654189570051,14407.208401187096,positive,significant_positive,153.859,long,40738.60319562553,40738.60319562554,13.063133698409269,2.0790623003721476,40738.60319562553
Fermi/GBM,glg_tte_n9_bn200604778_v00.fit,GRB200604778,2020-06-04T18:39:45.859,15.468749999999998,17.896089316234637,14020.2729470205,2.574363081059212,5446.113273676964,positive,significant_positive,70.4,long,14020.2729470205,14020.272947020496,7.6634184271062145,1.2196709236554717,14020.2729470205
Fermi/GBM,glg_tte_n9_bn200604833_v00.fit,GRB200604833,2020-06-04T20:00:05.010,178.59374999999997,-4.480798785982211,-24361.13927195065,3.0650881274416086,7947.940894046852,negative,significant_negative,11.008,long,24361.13927195065,24361.13927195065,10.101668256272523,1.6077304364602591,24361.13927195065
Fermi/GBM,glg_tte_n9_bn200605762_v00.fit,GRB200605762,2020-06-05T18:17:42.195,92.29591836734694,53.57223328098856,52081.52696687581,3.6329864660761175,14335.733824829673,positive,significant_positive,0.32,short,52081.52696687581,52081.526966875805,14.770192619230382,2.350749165769944,52081.52696687581
Fermi/GBM,glg_tte_n9_bn200607362_v00.fit,GRB200607362,2020-06-07T08:41:49.657,172.265625,31.039240010397883,-21428.25423733833,3.287592702736536,6517.916352442871,negative,significant_negative,20.48,long,21428.25423733833,21428.254237338326,9.474094228739508,1.5078489278222906,21428.25423733833
Fermi/GBM,glg_tte_n9_bn200607921_v00.fit,GRB200607921,2020-06-07T22:06:31.425,37.49999999999999,-83.41768908593824,39389.42276999021,2.7394040279434684,14378.82925198176,positive,significant_positive,26.625,long,39389.42276999021,39389.422769990204,12.845000127330673,2.0443452642807016,39389.42276999021
Fermi/GBM,glg_tte_n9_bn200609380_v00.fit,GRB200609380,2020-06-09T09:06:59.309,10.546875,66.44353569089876,-21350.0643744308,2.629611717562127,8119.093869198344,negative,significant_negative,92.16,long,21350.0643744308,21350.064374430804,9.456793353096737,1.5050954079439254,21350.0643744308
Fermi/GBM,glg_tte_n9_bn200612201_v00.fit,GRB200612201,2020-06-12T04:49:38.683,302.6953125,-38.68218745348945,-62638.92219493977,3.70005200640724,16929.20047785013,negative,significant_negative,984.084,long,62638.92219493977,62638.92219493977,16.19818828537749,2.57802173475106,62638.92219493977
Fermi/GBM,glg_tte_n9_bn200613229_v00.fit,GRB200613229,2020-06-13T05:30:08.214,149.27884615384616,51.25580694880489,-29.84846010546737,3.4429349801634097,8.669481206424264,negative,significant_negative,478.026,long,29.84846010546737,29.84846010546737,0.3535943117723178,0.05627628256774114,29.84846010546737
Fermi/GBM,glg_tte_n9_bn200614608_v00.fit,GRB200614608,2020-06-14T14:34:55.239,113.65384615384616,61.18977627871704,21431.08256779116,3.4341221346902127,6240.629111965008,positive,significant_positive,9.728,long,21431.08256779116,21431.08256779116,9.474719454312723,1.507948435562815,21431.08256779116
Fermi/GBM,glg_tte_n9_bn200615250_v00.fit,GRB200615250,2020-06-15T06:00:05.083,48.51562499999999,5.079715792733466,-908.2695992389744,3.37442239353,269.16298356141147,negative,significant_negative,49.664,long,908.2695992389744,908.2695992389745,1.950525775425046,0.31043581878704823,908.2695992389744
Fermi/GBM,glg_tte_n9_bn200616048_v00.fit,GRB200616048,2020-06-16T01:09:15.631,116.1,-71.64750023542261,-11019.995716634276,2.8277948895797635,3897.02794825828,negative,significant_negative,23.297,long,11019.995716634276,11019.995716634274,6.794148225835644,1.0813222742407738,11019.995716634276
Fermi/GBM,glg_tte_n9_bn200616654_v00.fit,GRB200616654,2020-06-16T15:41:47.725,147.96,-43.00863399423693,-17951.374796779943,3.01602416563577,5951.999656141959,negative,significant_negative,24.576,long,17951.374796779943,17951.374796779943,8.67147870384291,1.3801086996327008,17951.374796779943
Fermi/GBM,glg_tte_n9_bn200617679_v00.fit,GRB200617679,2020-06-17T16:18:05.795,359.4512195121951,-59.67778522657882,-10870.90804604945,3.702989154615728,2935.7115541370144,negative,significant_negative,1.216,short,10870.90804604945,10870.90804604945,6.748033279439684,1.0739828525714388,10870.90804604945
Fermi/GBM,glg_tte_n9_bn200619108_v00.fit,GRB200619108,2020-06-19T02:36:11.670,102.22826086956522,55.87335043525199,-3271.5676385218067,4.007187181507732,816.4249610348517,negative,significant_negative,28.672,long,3271.5676385218067,3271.5676385218067,3.7018793171220867,0.5891723920496301,3271.5676385218067
Fermi/GBM,glg_tte_n9_bn200619252_v00.fit,GRB200619252,2020-06-19T06:03:22.367,225.703125,-9.896853442815877,240.54609590818595,4.090184663776805,58.81057108215498,positive,significant_positive,15.104,long,240.54609590818595,240.54609590818598,1.0037913778967307,0.1597583596252894,240.54609590818595
Fermi/GBM,glg_tte_n9_bn200619492_v00.fit,GRB200619492,2020-06-19T11:48:43.086,200.45454545454547,-44.59799149300628,8291.41057990663,3.3593585227046803,2468.152929753703,positive,significant_positive,50.432,long,8291.41057990663,8291.410579906631,5.89329953599638,0.937947752274997,8291.41057990663
Fermi/GBM,glg_tte_n9_bn200622092_v00.fit,GRB200622092,2020-06-22T02:11:48.116,107.578125,38.3009224658677,-34420.19523643827,3.735464072341562,9214.436163713948,negative,significant_negative,32.001,long,34420.19523643827,34420.19523643827,12.007455044813943,1.9110458243358548,34420.19523643827
Fermi/GBM,glg_tte_n9_bn200623138_v00.fit,GRB200623138,2020-06-23T03:18:00.637,224.4375,60.43443884495229,51769.826094688215,3.024343611671113,17117.70643220087,positive,significant_positive,0.096,short,51769.826094688215,51769.826094688215,14.725927490277986,2.34370415169057,51769.826094688215
Fermi/GBM,glg_tte_n9_bn200623752_v00.fit,GRB200623752,2020-06-23T18:02:48.953,343.0263157894737,-47.357576233199,57362.04789438998,3.3024066463370207,17369.771211554184,positive,significant_positive,0.704,short,57362.04789438998,57362.04789438997,15.500889792089632,2.467043232733767,57362.04789438998
Fermi/GBM,glg_tte_n9_bn200625532_v00.fit,GRB200625532,2020-06-25T12:45:49.143,168.74999999999997,-22.346587898361143,-9540.314446538008,2.569004666336854,3713.622856178596,negative,significant_negative,63.488,long,9540.314446538008,9540.314446538008,6.3215801588084375,1.0061107304260115,9540.314446538008
Fermi/GBM,glg_tte_n9_bn200626105_v00.fit,GRB200626105,2020-06-26T02:31:31.752,86.8359375,16.95776330000414,12899.779285544651,2.7033682976913083,4771.743197758566,positive,significant_positive,3.52,long,12899.779285544651,12899.779285544651,7.3508141804289835,1.1699184125652722,12899.779285544651
Fermi/GBM,glg_tte_n9_bn200629535_v00.fit,GRB200629535,2020-06-29T12:49:49.292,339.4852941176471,-64.94808409550689,18571.53695607256,3.4371045137879643,5403.250579542382,positive,significant_positive,28.16,long,18571.53695607256,18571.536956072556,8.819992748830646,1.403745444011071,18571.53695607256
Fermi/GBM,glg_tte_n9_bn200630076_v00.fit,GRB200630076,2020-06-30T01:49:35.083,99.5833,-45.283,-19940.11017587382,3.1674863407040976,6295.247407899271,negative,significant_negative,7.168,long,19940.11017587382,19940.11017587382,9.1391978962632,1.4545485210853393,19940.11017587382
Fermi/GBM,glg_tte_n9_bn200630980_v00.fit,GRB200630980,2020-06-30T23:31:21.894,79.45312499999999,30.34518296958825,-9391.391812691683,3.5625067114070186,2636.175191648281,negative,significant_negative,102.146,long,9391.391812691683,9391.391812691681,6.2720467181227235,0.998227238492531,9391.391812691683
Fermi/GBM,glg_tte_n9_bn200702892_v00.fit,GRB200702892,2020-07-02T21:24:18.967,301.9186046511628,-58.160368554338014,56310.03855497214,3.0917956377399864,18212.7298025859,positive,significant_positive,23.04,long,56310.03855497214,56310.03855497214,15.358090308700861,2.444315989081475,56310.03855497214
Fermi/GBM,glg_tte_n9_bn200703341_v00.fit,GRB200703341,2020-07-03T08:11:39.611,244.6875,-8.084013907099306,7192.075574801141,2.833385408372083,2538.332961534285,positive,significant_positive,0.704,short,7192.075574801141,7192.075574801139,5.48872441645693,0.8735576221482991,7192.075574801141
Fermi/GBM,glg_tte_n9_bn200703970_v00.fit,GRB200703970,2020-07-03T23:16:41.839,148.7109375,6.579592944977629,-16118.743852394537,2.882813885961631,5591.323092651799,negative,significant_negative,32.513,long,16118.743852394537,16118.743852394537,8.216935947320698,1.3077659730855749,16118.743852394537
Fermi/GBM,glg_tte_n9_bn200705674_v00.fit,GRB200705674,2020-07-05T16:09:53.251,57.352941176470594,-71.2771821379778,-194690.50590565748,5.001967400926009,38922.785836152114,negative,significant_negative,16.128,long,194690.50590565748,194690.50590565742,28.55727024949207,4.5450307214177865,194690.50590565748
Fermi/GBM,glg_tte_n9_bn200706231_v00.fit,GRB200706231,2020-07-06T05:32:09.326,88.9453125,34.228866327812575,-26909.89571515959,3.0623410462901868,8787.360815921877,negative,significant_negative,0.832,short,26909.89571515959,26909.895715159593,10.616963199685857,1.6897421738547498,26909.89571515959
Fermi/GBM,glg_tte_n9_bn200706633_v00.fit,GRB200706633,2020-07-06T15:12:08.383,123.75,9.896853442815877,7119.198994549115,2.9681812667331537,2398.505466744847,positive,significant_positive,17.152,long,7119.198994549115,7119.198994549116,5.460845265551154,0.8691205174724401,7119.198994549115
Fermi/GBM,glg_tte_n9_bn200707072_v00.fit,GRB200707072,2020-07-07T01:44:02.537,81.2109375,-14.477512185929934,-16719.589290941214,3.283862637365662,5091.439910030399,negative,significant_negative,17.152,long,16719.589290941214,16719.589290941218,8.36868280256493,1.3319172351963446,16719.589290941214
Fermi/GBM,glg_tte_n9_bn200709147_v00.fit,GRB200709147,2020-07-09T03:31:16.764,117.09183673469389,-53.57223328098857,2409.115454764873,3.106848410796882,775.4209849417643,positive,significant_positive,51.969,long,2409.115454764873,2409.1154547648725,3.1766773866917317,0.5055839087002334,2409.115454764873
Fermi/GBM,glg_tte_n9_bn200710036_v00.fit,GRB200710036,2020-07-10T00:52:07.073,79.8046875,4.181528273111476,-6632.842249266473,3.238606738302545,2048.054236045637,negative,significant_negative,0.288,short,6632.842249266473,6632.842249266472,5.271013625823854,0.8389078736546004,6632.842249266473
Fermi/GBM,glg_tte_n9_bn200711461_v00.fit,GRB200711461,2020-07-11T11:04:32.931,287.2265625,0.0,-1109.886649227822,3.511937003362113,316.03261908322514,negative,significant_negative,29.441,long,1109.886649227822,1109.886649227822,2.1561730739225666,0.3431656028764231,1109.886649227822
Fermi/GBM,glg_tte_n9_bn200713919_v00.fit,GRB200713919,2020-07-13T22:02:40.092,231.6796875,-13.248014905676952,19368.441381081007,3.0928400722017177,6262.348174793624,positive,significant_positive,5.12,long,19368.441381081007,19368.441381081007,9.007238063860171,1.4335464614688191,19368.441381081007
Fermi/GBM,glg_tte_n9_bn200714247_v00.fit,GRB200714247,2020-07-14T05:56:02.259,9.606741573033707,57.01854862136609,22799.6775166428,2.827879171269754,8062.465238359335,positive,significant_positive,8.704,long,22799.6775166428,22799.6775166428,9.772567004323985,1.555352345434918,22799.6775166428
Fermi/GBM,glg_tte_n9_bn200714344_v00.fit,GRB200714344,2020-07-14T08:15:25.914,189.7422680412372,-53.95678248481785,-115589.83703854376,3.4386258952412985,33615.12434327564,negative,significant_negative,0.96,short,115589.83703854376,115589.83703854376,22.004126366659214,3.5020654796725212,115589.83703854376
Fermi/GBM,glg_tte_n9_bn200714437_v00.fit,GRB200714437,2020-07-14T10:28:45.459,208.125,4.480798785982211,51659.71548630929,4.105051838834744,12584.424634445872,positive,significant_positive,152.576,long,51659.71548630929,51659.71548630928,14.710258672474259,2.3412103818847005,51659.71548630929
Fermi/GBM,glg_tte_n9_bn200714661_v00.fit,GRB200714661,2020-07-14T15:52:16.794,12.3046875,26.61009781073391,-14381.0894979688,2.875059187379624,5002.015110191856,negative,significant_negative,3.328,long,14381.0894979688,14381.089497968798,7.761402374780484,1.2352655532714893,14381.0894979688
Fermi/GBM,glg_tte_n9_bn200714774_v00.fit,GRB200714774,2020-07-14T18:35:05.078,215.41666666666669,-49.7023903266307,-6828.979682837312,3.0047680489589443,2272.7144230661447,negative,significant_negative,20.736,long,6828.979682837312,6828.979682837314,5.348379493281513,0.8512210338870793,6828.979682837312
Fermi/GBM,glg_tte_n9_bn200716060_v00.fit,GRB200716060,2020-07-16T01:26:37.759,135.0,-15.404093698725482,-19440.46395645816,3.13557227313086,6199.9731669545945,negative,significant_negative,45.057,long,19440.46395645816,19440.46395645816,9.023969470100994,1.4362093474769246,19440.46395645816
Fermi/GBM,glg_tte_n9_bn200716316_v00.fit,GRB200716316,2020-07-16T07:34:28.480,344.88281249999994,-15.71386104800821,10679.563500643442,2.7876932433352763,3830.9679611183137,positive,significant_positive,51.457,long,10679.563500643442,10679.563500643442,6.688381791053013,1.0644890233319113,10679.563500643442
Fermi/GBM,glg_tte_n9_bn200716957_v00.fit,GRB200716957,2020-07-16T22:57:41.180,191.6015625,34.95386525718846,51.32041147363231,3.535875051270471,14.514203904120546,positive,significant_positive,5.312,long,51.32041147363231,51.32041147363231,0.4636490449535706,0.07379203736419716,51.32041147363231
Fermi/GBM,glg_tte_n9_bn200722094_v00.fit,GRB200722094,2020-07-22T02:14:55.944,187.734375,5.679189845582371,-73791.1533137367,3.47323248417148,21245.67061088603,negative,significant_negative,64.769,long,73791.1533137367,73791.1533137367,17.58111658002617,2.7981216087860425,73791.1533137367
Fermi/GBM,glg_tte_n9_bn200723691_v00.fit,GRB200723691,2020-07-23T16:35:24.787,252.10227272727272,57.39952353962295,20379.968986514403,2.8440390126557924,7165.854229082245,positive,significant_positive,58.113,long,20379.968986514403,20379.968986514403,9.239448818222977,1.4705039508647575,20379.968986514403
Fermi/GBM,glg_tte_n9_bn200724213_v00.fit,GRB200724213,2020-07-24T05:06:18.985,121.2890625,-12.024699180565822,-41692.3291624469,3.699919280025499,11268.442905640786,negative,significant_negative,228.352,long,41692.3291624469,41692.3291624469,13.215158720590061,2.1032578341258756,41692.3291624469
Fermi/GBM,glg_tte_n9_bn200801352_v00.fit,GRB200801352,2020-08-01T08:27:14.081,13.749999999999998,76.81353334098655,-24501.03259685936,2.7551409205890973,8892.841891956878,negative,significant_negative,30.72,long,24501.03259685936,24501.03259685936,10.130631043961504,1.6123400072866814,24501.03259685936
Fermi/GBM,glg_tte_n9_bn200801650_v00.fit,GRB200801650,2020-08-01T15:35:46.754,71.3671875,-33.51005606625301,40111.28158522655,3.0360459500595263,13211.684620399144,positive,significant_positive,63.745,long,40111.28158522655,40111.28158522655,12.962165845476045,2.0629927674844493,40111.28158522655
Fermi/GBM,glg_tte_n9_bn200802491_v00.fit,GRB200802491,2020-08-02T11:46:46.843,329.2105263157895,54.724628409746536,68871.5241858999,2.7875839733066576,24706.528967521604,positive,significant_positive,91.138,long,68871.5241858999,68871.52418589989,16.984945272169895,2.7032379982111565,68871.5241858999
Fermi/GBM,glg_tte_n9_bn200803149_v00.fit,GRB200803149,2020-08-03T03:34:26.568,313.83116883116884,-61.56696379051533,61.275846905903904,5.257480264447602,11.654983722956894,positive,significant_positive,118.274,long,61.275846905903904,61.275846905903904,0.5066277403670675,0.08063230918689615,61.275846905903904
Fermi/GBM,glg_tte_n9_bn200803703_v00.fit,GRB200803703,2020-08-03T16:52:43.637,198.2142857142857,-42.60980697763762,-48.68596366935789,3.066311579684651,15.877696184536113,negative,significant_negative,54.784,long,48.68596366935789,48.68596366935789,0.4515919482550507,0.07187309082529074,48.68596366935789
Fermi/GBM,glg_tte_n9_bn200808469_v00.fit,GRB200808469,2020-08-08T11:15:57.405,14.68421052631579,54.724628409746536,-3609.086138377325,3.056362124004901,1180.8437586735183,negative,significant_negative,27.904,long,3609.086138377325,3609.086138377325,3.8881492595662115,0.6188181741390554,3609.086138377325
Fermi/GBM,glg_tte_n9_bn200809211_v00.fit,GRB200809211,2020-08-09T05:04:31.565,206.015625,-26.94435818047575,4369.566060949937,2.8526662579373805,1531.748079114362,positive,significant_positive,64.512,long,4369.566060949937,4369.566060949937,4.278223406423997,0.6809004027838259,4369.566060949937
Fermi/GBM,glg_tte_n9_bn200809255_v00.fit,GRB200809255,2020-08-09T06:07:22.164,30.5859375,22.66960987175037,9190.477135911207,4.346602064162023,2114.404999640341,positive,significant_positive,106.498,long,9190.477135911207,9190.477135911206,6.204593508378945,0.9874917267343943,9190.477135911207
Fermi/GBM,glg_tte_n9_bn200809654_v00.fit,GRB200809654,2020-08-09T15:41:27.130,356.25,-76.81353334098657,12710.681848026585,3.1022122615632,4097.295986323544,positive,significant_positive,17.408,long,12710.681848026585,12710.681848026583,7.296737601227684,1.1613118576798849,12710.681848026585
Fermi/GBM,glg_tte_n9_bn200811632_v00.fit,GRB200811632,2020-08-11T15:10:42.684,120.5859375,-4.78019184719916,69670.16492534203,3.145498237130087,22149.16673706618,positive,significant_positive,40.193,long,69670.16492534203,69670.16492534205,17.08314094085526,2.7188663242726463,69670.16492534203
Fermi/GBM,glg_tte_n9_bn200816486_v00.fit,GRB200816486,2020-08-16T11:39:31.527,305.859375,-25.613083216401822,-13509.000409914192,3.055435199141039,4421.301559172952,negative,significant_negative,31.488,long,13509.000409914192,13509.000409914192,7.52239114866436,1.1972257351806534,13509.000409914192
Fermi/GBM,glg_tte_n9_bn200817393_v00.fit,GRB200817393,2020-08-17T09:25:20.224,198.28125,54.34091230386124,13428.388867668618,3.42960035405784,3915.438383886448,positive,significant_positive,30.464,long,13428.388867668618,13428.388867668618,7.499913583165671,1.193648319522865,13428.388867668618
Fermi/GBM,glg_tte_n9_bn200818998_v00.fit,GRB200818998,2020-08-18T23:57:18.337,207.7734375,23.31795706533424,-11008.84730522472,3.274215495137321,3362.285506734189,negative,significant_negative,4.096,long,11008.84730522472,11008.847305224717,6.790710696099072,1.0807751743911729,11008.84730522472
Fermi/GBM,glg_tte_n9_bn200824594_v00.fit,GRB200824594,2020-08-24T14:15:38.818,119.17968749999996,8.989299345162804,91391.8340871613,3.731937264549959,24489.11318936183,positive,significant_positive,3.584,long,91391.8340871613,91391.83408716129,19.565817627223357,3.113996591007136,91391.8340871613
Fermi/GBM,glg_tte_n9_bn200826187_v00.fit,GRB200826187,2020-08-26T04:29:52.571,4.921875,34.59057497617661,-25956.962247123603,3.556703014185413,7298.0403884153075,negative,significant_negative,1.136,short,25956.962247123603,25956.962247123603,10.427284843465316,1.6595539258647052,25956.962247123603
Fermi/GBM,glg_tte_n9_bn200826923_v00.fit,GRB200826923,2020-08-26T22:09:42.721,151.875,51.25580694880489,1058.6160336675352,5.901406052610537,179.3836967377033,positive,significant_positive,7.424,long,1058.6160336675352,1058.6160336675355,2.105782627066809,0.3351457141747199,1058.6160336675352
Fermi/GBM,glg_tte_n9_bn200829582_v00.fit,GRB200829582,2020-08-29T13:58:14.660,271.6167,79.067,299.6127498024194,4.443099196751779,67.43327945985487,positive,significant_positive,6.912,long,299.6127498024194,299.6127498024195,1.1202744983268567,0.17829722402851247,299.6127498024194
Fermi/GBM,glg_tte_n9_bn200901158_v00.fit,GRB200901158,2020-09-01T03:47:27.620,64.21348314606742,-57.01854862136609,-17319.782369260378,2.883916609887979,6005.646040484207,negative,significant_negative,10.176,long,17319.782369260378,17319.782369260378,8.517566244966334,1.3556127709990655,17319.782369260378
Fermi/GBM,glg_tte_n9_bn200903031_v00.fit,GRB200903031,2020-09-03T00:44:19.250,158.19587628865978,53.95678248481785,459.7168825196873,3.2158001087289323,142.95567727354597,positive,significant_positive,26.881,long,459.7168825196873,459.7168825196872,1.387680645708299,0.22085623419742892,459.7168825196873
Fermi/GBM,glg_tte_n9_bn200903113_v00.fit,GRB200903113,2020-09-03T02:42:40.872,54.140625,-13.554784037179,-29888.032371576228,3.090826783520255,9669.91503080469,negative,significant_negative,80.897,long,29888.032371576228,29888.032371576228,11.189043624832154,1.7807916013628957,29888.032371576228
Fermi/GBM,glg_tte_n9_bn200903902_v00.fit,GRB200903902,2020-09-03T21:38:58.576,9.4921875,-3.5833216984719782,-7610.486616535908,2.996853582852972,2539.4923062243192,negative,significant_negative,7.168,long,7610.486616535908,7610.486616535907,5.64612537878885,0.8986087633508454,7610.486616535908
Fermi/GBM,glg_tte_n9_bn200904085_v00.fit,GRB200904085,2020-09-04T02:02:55.282,16.171875,-16.64603991239297,13529.194307306134,2.618355744847448,5167.05735419248,positive,significant_positive,37.632,long,13529.194307306134,13529.194307306136,7.528011463400925,1.19812023605271,13529.194307306134
Fermi/GBM,glg_tte_n9_bn200906550_v00.fit,GRB200906550,2020-09-06T13:11:53.377,267.78688524590166,67.5624452929487,28263.079426349606,3.255418742308276,8681.856825063765,positive,significant_positive,67.329,long,28263.079426349606,28263.07942634961,10.880630048769833,1.7317060562159292,28263.079426349606
Fermi/GBM,glg_tte_n9_bn200907957_v00.fit,GRB200907957,2020-09-07T22:57:28.091,34.09090909090909,-77.9166850933892,768.4958755063561,5.093813962283371,150.86846147044355,positive,significant_positive,140.803,long,768.4958755063561,768.4958755063561,1.7941761328642643,0.28555200032284883,768.4958755063561
Fermi/GBM,glg_tte_n9_bn200908886_v00.fit,GRB200908886,2020-09-08T21:15:41.430,173.57142857142858,-66.81675324303835,-19558.5050692412,3.1332736653748907,6242.194955830983,negative,significant_negative,6.144,long,19558.5050692412,19558.505069241208,9.051324458569725,1.4405630291099452,19558.5050692412
Fermi/GBM,glg_tte_n9_bn200909168_v00.fit,GRB200909168,2020-09-09T04:01:22.387,338.90625,-16.024100308155862,-20470.676137467937,2.9603296312084457,6914.99889798135,negative,significant_negative,28.097,long,20470.676137467937,20470.67613746794,9.259987456253935,1.4737727766317597,20470.676137467937
Fermi/GBM,glg_tte_n9_bn200914534_v00.fit,GRB200914534,2020-09-14T12:48:30.034,255.5859375,-37.9216507842918,33599.91977548961,2.681121012551848,12532.041492416543,positive,significant_positive,65.281,long,33599.91977548961,33599.91977548961,11.863516124538265,1.8881372336706703,33599.91977548961
Fermi/GBM,glg_tte_n9_bn200915144_v00.fit,GRB200915144,2020-09-15T03:27:15.247,353.3203125,36.42357364233115,-34850.6905171572,3.5870881870579607,9715.593456245875,negative,significant_negative,1.536,short,34850.6905171572,34850.69051715719,12.082310667596245,1.9229594667198804,34850.6905171572
Fermi/GBM,glg_tte_n9_bn200915846_v00.fit,GRB200915846,2020-09-15T20:17:35.342,190.60975609756096,43.80448796297494,92630.06492301794,3.3017270810920847,28055.03381956678,positive,significant_positive,0.96,short,92630.06492301794,92630.06492301793,19.69791635219992,3.135020756063293,92630.06492301794
Fermi/GBM,glg_tte_n9_bn200916812_v00.fit,GRB200916812,2020-09-16T19:28:39.957,41.1328125,-4.78019184719916,-4460.215178055343,3.668364694060696,1215.8592588345157,negative,significant_negative,108.8,long,4460.215178055343,4460.215178055342,4.322372687434276,0.687926979090565,4460.215178055343
Fermi/GBM,glg_tte_n9_bn200919569_v00.fit,GRB200919569,2020-09-19T13:38:51.064,56.24999999999999,34.59057497617661,65268.68465824601,3.4933184922982847,18683.86315251352,positive,significant_positive,2.56,long,65268.68465824601,65268.68465824601,16.534715811762617,2.631581754061741,65268.68465824601
Fermi/GBM,glg_tte_n9_bn200919964_v00.fit,GRB200919964,2020-09-19T23:08:22.645,273.51562499999994,-22.9933943142978,18719.38190109334,3.358793137616757,5573.246441242803,positive,significant_positive,48.129,long,18719.38190109334,18719.38190109334,8.855030409149109,1.409321860845129,18719.38190109334
Fermi/GBM,glg_tte_n9_bn200920651_v00.fit,GRB200920651,2020-09-20T15:36:47.161,212.34375,-24.29647799480565,41570.19522592251,3.7750222863465255,11011.907234633634,positive,significant_positive,1.472,short,41570.19522592251,41570.19522592251,13.195788213418787,2.10017492215937,41570.19522592251
Fermi/GBM,glg_tte_n9_bn200920831_v00.fit,GRB200920831,2020-09-20T19:56:59.570,157.5,6.880079227870636,34008.648620807886,4.285866663445867,7935.069215024225,positive,significant_positive,0.384,short,34008.648620807886,34008.64862080789,11.935455341999411,1.8995867157317745,34008.648620807886
Fermi/GBM,glg_tte_n9_bn200922718_v00.fit,GRB200922718,2020-09-22T17:13:53.618,182.8125,-2.0893716714986184,-40000.7141888684,2.9256488497797,13672.424902216288,negative,significant_negative,0.32,short,40000.7141888684,40000.714188868405,12.944288307156635,2.0601474688906003,40000.7141888684
Fermi/GBM,glg_tte_n9_bn200922753_v00.fit,GRB200922753,2020-09-22T18:04:24.240,136.0546875,27.95318688338113,50501.025142939456,2.948453162977711,17127.972652594995,positive,significant_positive,48.896,long,50501.025142939456,50501.025142939456,14.54435283711228,2.3148056480990515,50501.025142939456
Fermi/GBM,glg_tte_n9_bn200923748_v00.fit,GRB200923748,2020-09-23T17:57:43.613,115.92391304347824,-55.87335043525199,31080.448741126187,3.144498944656564,9884.070336210823,positive,significant_positive,0.64,short,31080.448741126187,31080.448741126187,11.410060440120153,1.8159675200224092,31080.448741126187
Fermi/GBM,glg_tte_n9_bn200924235_v00.fit,GRB200924235,2020-09-24T05:38:29.540,318.8671875,6.579592944977629,5849.247629711163,3.020411166077156,1936.573303464521,positive,significant_positive,58.113,long,5849.247629711163,5849.2476297111625,4.949875874878494,0.7877972131782324,5849.247629711163
Fermi/GBM,glg_tte_n9_bn200924284_v00.fit,GRB200924284,2020-09-24T06:48:55.203,20.25,52.80185378173063,-25499.836906544337,2.951543970342007,8639.49077593771,negative,significant_negative,7.168,long,25499.836906544337,25499.836906544344,10.335060089703564,1.6448759004280895,25499.836906544337
Fermi/GBM,glg_tte_n9_bn200924386_v00.fit,GRB200924386,2020-09-24T09:15:20.824,316.978021978022,-56.255467438581086,-94339.11127955448,2.7309970347541244,34543.835119194104,negative,significant_negative,2.816,long,94339.11127955448,94339.11127955448,19.878801403908916,3.163809506174213,94339.11127955448
Fermi/GBM,glg_tte_n9_bn200925610_v00.fit,GRB200925610,2020-09-25T14:38:02.660,95.625,33.15288792861988,23319.64616781813,3.05024383566644,7645.174426759583,positive,significant_positive,50.176,long,23319.64616781813,23319.64616781813,9.883375205203993,1.572988018340091,23319.64616781813
Fermi/GBM,glg_tte_n9_bn200928290_v00.fit,GRB200928290,2020-09-28T06:57:59.000,58.35937500000001,-16.024100308155862,150.99059067148872,3.793951908029384,39.79770812380032,positive,significant_positive,0.128,short,150.99059067148872,150.99059067148872,0.7952785092152581,0.12657250587636176,150.99059067148872
Fermi/GBM,glg_tte_n9_bn200928552_v00.fit,GRB200928552,2020-09-28T13:14:39.150,74.8828125,-11.415157742730496,4900.249837682364,3.42984552828258,1428.7086101326718,positive,significant_positive,14.848,long,4900.249837682364,4900.249837682364,4.530575959090631,0.7210635589425785,4900.249837682364
Fermi/GBM,glg_tte_n9_bn200929204_v00.fit,GRB200929204,2020-09-29T04:53:12.267,216.2109375,-33.51005606625301,-16090.5074814838,3.049410719787207,5276.595696694679,negative,significant_negative,2.048,long,16090.5074814838,16090.507481483803,8.209735691755338,1.3066200168208228,16090.5074814838
Fermi/GBM,glg_tte_n9_bn201001416_v00.fit,GRB201001416,2020-10-01T09:59:00.486,111.796875,6.279288322550267,-19680.68555831296,2.670540440262455,7369.551593975781,negative,significant_negative,29.184,long,19680.68555831296,19680.685558312965,9.07955191020693,1.4450555675688936,19680.68555831296
Fermi/GBM,glg_tte_n9_bn201004094_v00.fit,GRB201004094,2020-10-04T02:16:01.088,254.8828125,-1.790784659328959,-1669.596638536568,3.3637198774905346,496.3542445104412,negative,significant_negative,28.416,long,1669.596638536568,1669.5966385365684,2.644539666075414,0.42089156005849243,1669.596638536568
Fermi/GBM,glg_tte_n9_bn201004365_v00.fit,GRB201004365,2020-10-04T08:45:57.614,29.01315789473684,61.94383702315671,-27749.494297402725,2.8597217886537503,9703.564314368548,negative,significant_negative,36.353,long,27749.494297402725,27749.494297402718,10.78131763286549,1.7158999943143547,27749.494297402725
Fermi/GBM,glg_tte_n9_bn201006054_v00.fit,GRB201006054,2020-10-06T01:17:52.270,36.21951219512196,43.80448796297494,-79281.0642728219,3.706182988665894,21391.567689797343,negative,significant_negative,4.288,long,79281.0642728219,79281.06427282191,18.223384577268753,2.900341735336932,79281.0642728219
Fermi/GBM,glg_tte_n9_bn201007123_v00.fit,GRB201007123,2020-10-07T02:56:38.168,296.71874999999994,2.0893716714986184,-1039.301557277005,3.631716201890458,286.17367093166746,negative,significant_negative,195.332,long,1039.301557277005,1039.3015572770046,2.086484167910497,0.3320742690059358,1039.301557277005
Fermi/GBM,glg_tte_n9_bn201008443_v00.fit,GRB201008443,2020-10-08T10:37:36.705,159.86842105263156,47.35757623319898,37018.8999131233,3.1597105761479622,11715.914803264495,positive,significant_positive,2.048,long,37018.8999131233,37018.89991312329,12.452485910373825,1.9818746864181747,37018.8999131233
Fermi/GBM,glg_tte_n9_bn201008754_v00.fit,GRB201008754,2020-10-08T18:06:00.936,91.0546875,38.68218745348943,33449.96988175178,3.632466250822693,9208.611332362943,positive,significant_positive,55.041,long,33449.96988175178,33449.969881751786,11.83701424308857,1.883919328236716,33449.96988175178
Fermi/GBM,glg_tte_n9_bn201011629_v00.fit,GRB201011629,2020-10-11T15:06:24.659,280.89843749999994,-5.979156796301309,19890.938851816805,3.086503423370626,6444.489483214258,positive,significant_positive,126.21,long,19890.938851816805,19890.938851816805,9.127922536179593,1.4527539917928922,19890.938851816805
Fermi/GBM,glg_tte_n9_bn201011837_v00.fit,GRB201011837,2020-10-11T20:04:36.171,286.8833,-8.633,-10239.895195854137,2.475468650469381,4136.548121468844,negative,significant_negative,56.576,long,10239.895195854137,10239.895195854137,6.549257415496281,1.0423466912574841,10239.895195854137
Fermi/GBM,glg_tte_n9_bn201012233_v00.fit,GRB201012233,2020-10-12T05:35:38.502,303.3984375,-33.51005606625301,-37032.90254171928,3.669557057428449,10091.927162367434,negative,significant_negative,64.001,long,37032.90254171928,37032.90254171928,12.45484080273862,1.982249479178481,37032.90254171928
Fermi/GBM,glg_tte_n9_bn201016019_v00.fit,GRB201016019,2020-10-16T00:27:49.593,174.37499999999997,-1.492246289620352,30299.944320499235,2.86187103744206,10587.45971571847,positive,significant_positive,2.944,long,30299.944320499235,30299.94432049924,11.265882565306645,1.7930208985613552,30299.944320499235
Fermi/GBM,glg_tte_n9_bn201016136_v00.fit,GRB201016136,2020-10-16T03:16:21.143,7.3828125,-31.388166464348547,-49639.59028459028,3.299662174014467,15043.84014688306,negative,significant_negative,165.123,long,49639.59028459028,49639.59028459028,14.419772174126104,2.294978019771136,49639.59028459028
Fermi/GBM,glg_tte_n9_bn201019069_v00.fit,GRB201019069,2020-10-19T01:40:02.642,225.703125,-23.6433142557656,-15390.11430234427,3.336737351465121,4612.324160181998,negative,significant_negative,16.896,long,15390.11430234427,15390.114302344267,8.02906968709343,1.277866129130217,15390.11430234427
Fermi/GBM,glg_tte_n9_bn201019484_v00.fit,GRB201019484,2020-10-19T11:36:22.276,163.82812499999997,16.02410030815585,-9270.23477725185,3.2649063128735545,2839.357056188483,negative,significant_negative,13.568,long,9270.23477725185,9270.234777251851,6.2314579859791,0.9917673411380404,9270.23477725185
Fermi/GBM,glg_tte_n9_bn201020241_v00.fit,GRB201020241,2020-10-20T05:47:45.178,250.0667,25.35,6730.901042934298,2.777489532698308,2423.375844875024,positive,significant_positive,21.504,long,6730.901042934298,6730.901042934298,5.3098335527613,0.8450862569171612,6730.901042934298
Fermi/GBM,glg_tte_n9_bn201020732_v00.fit,GRB201020732,2020-10-20T17:33:54.329,76.25,76.81353334098655,498.49295468062576,6.770850807008819,73.62338484324788,positive,significant_positive,15.872,long,498.49295468062576,498.49295468062587,1.445019863434836,0.2299820541316297,498.49295468062576
Fermi/GBM,glg_tte_n9_bn201021111_v00.fit,GRB201021111,2020-10-21T02:39:55.415,174.37499999999997,-2.0893716714986184,-32459.824433691687,3.5173126391378755,9228.586640978232,negative,significant_negative,20.48,long,32459.824433691687,32459.82443369169,11.660505762484478,1.8558271310509349,32459.824433691687
Fermi/GBM,glg_tte_n9_bn201021852_v00.fit,GRB201021852,2020-10-21T20:27:21.923,47.05,-23.6,1559.3956862881732,3.266868168716935,477.3365822412807,positive,significant_positive,35.328,long,1559.3956862881732,1559.395686288173,2.555774124626441,0.4067640853606599,1559.3956862881732
Fermi/GBM,glg_tte_n9_bn201026943_v00.fit,GRB201026943,2020-10-26T22:37:33.055,183.46153846153848,85.24736019800629,3472.2172805654227,3.040650334480441,1141.9324481973767,positive,significant_positive,281.349,long,3472.2172805654227,3472.2172805654227,3.813710756431652,0.6069709184088287,3472.2172805654227
Fermi/GBM,glg_tte_n9_bn201029847_v00.fit,GRB201029847,2020-10-29T20:19:51.611,220.4621848739496,45.38920300540005,-51851.0693646739,2.962507672092481,17502.425344961357,negative,significant_negative,105.474,long,51851.0693646739,51851.0693646739,14.737477784968693,2.345542438184764,51851.0693646739
Fermi/GBM,glg_tte_n9_bn201031744_v00.fit,GRB201031744,2020-10-31T17:51:24.536,43.06451612903226,55.49084192446861,-29169.705388412603,3.218017560861516,9064.495403376046,negative,significant_negative,34.048,long,29169.705388412603,29169.705388412607,11.053767511915904,1.7592617393100172,29169.705388412603
Fermi/GBM,glg_tte_n9_bn201103259_v00.fit,GRB201103259,2020-11-03T06:13:09.809,247.1052631578947,69.0509806793522,-7001.761585760024,3.451024582789831,2028.8935699495232,negative,significant_negative,0.192,short,7001.761585760024,7001.761585760022,5.415617263681141,0.861922257408658,7001.761585760024
Fermi/GBM,glg_tte_n9_bn201104001_v00.fit,GRB201104001,2020-11-04T00:00:56.750,60.9375,-72.38756092964962,-106699.29404555052,3.5755565651847605,29841.31060447565,negative,significant_negative,52.48,long,106699.29404555052,106699.29404555052,21.140978164588905,3.364691176692149,106699.29404555052
Fermi/GBM,glg_tte_n9_bn201104622_v00.fit,GRB201104622,2020-11-04T14:56:21.064,218.671875,37.54432510382694,36609.75616156571,3.113412078902746,11758.724908161856,positive,significant_positive,0.96,short,36609.75616156571,36609.75616156571,12.383480448128655,1.9708921260015146,36609.75616156571
Fermi/GBM,glg_tte_n9_bn201104808_v00.fit,GRB201104808,2020-11-04T19:23:25.206,239.0625,-34.590574976176626,25627.68944275656,3.5470603076549145,7225.050385371068,positive,significant_positive,40.448,long,25627.68944275656,25627.68944275656,10.360936951315082,1.6489943308652675,25627.68944275656
Fermi/GBM,glg_tte_n9_bn201105215_v00.fit,GRB201105215,2020-11-05T05:09:32.233,234.49218749999991,-3.5833216984719782,-23028.076355384976,3.5160854813423743,6549.350542693091,negative,significant_negative,4.608,long,23028.076355384976,23028.07635538497,9.821394028981306,1.5631234077656004,23028.076355384976
Fermi/GBM,glg_tte_n9_bn201105230_v00.fit,GRB201105230,2020-11-05T05:31:07.759,244.3359375,16.334822780685986,61798.992418166905,3.229018716659487,19138.629361089534,positive,significant_positive,17.152,long,61798.992418166905,61798.992418166905,16.08922043191919,2.5606789622350585,61798.992418166905
Fermi/GBM,glg_tte_n9_bn201105482_v00.fit,GRB201105482,2020-11-05T11:34:29.374,315.3515625,33.51005606625301,-6361.149643175308,5.022312380637729,1266.5778551925864,negative,significant_negative,0.96,short,6361.149643175308,6361.149643175308,5.161929999187627,0.8215466752650541,6361.149643175308
Fermi/GBM,glg_tte_n9_bn201108645_v00.fit,GRB201108645,2020-11-08T15:28:23.267,288.28125,35.31877290301153,-22770.24467192602,3.01503852652434,7552.223453069764,negative,significant_negative,68.864,long,22770.24467192602,22770.244671926022,9.766257105071176,1.5543480937784215,22770.24467192602
Fermi/GBM,glg_tte_n9_bn201109105_v00.fit,GRB201109105,2020-11-09T02:31:05.793,136.0546875,-5.379378991112076,-8270.744239602269,3.350802699118027,2468.287446998665,negative,significant_negative,0.448,short,8270.744239602269,8270.74423960227,5.885950429381771,0.9367781056299728,8270.744239602269
Fermi/GBM,glg_tte_n9_bn201111323_v00.fit,GRB201111323,2020-11-11T07:45:45.984,80.859375,-16.64603991239297,83389.34728210466,3.383777646986139,24643.861382670293,positive,significant_positive,3.584,long,83389.34728210466,83389.34728210467,18.689582153670816,2.9745393840787817,83389.34728210466
Fermi/GBM,glg_tte_n9_bn201116035_v00.fit,GRB201116035,2020-11-16T00:49:47.692,149.0625,-4.480798785982211,32410.023308190903,3.5762654931366806,9062.532793046254,positive,significant_positive,6.784,long,32410.023308190903,32410.0233081909,11.651557328110636,1.8544029434874043,32410.023308190903
Fermi/GBM,glg_tte_n9_bn201120402_v00.fit,GRB201120402,2020-11-20T09:38:50.553,277.38281249999994,20.105509787916,63109.32192670075,2.61789785011439,24106.869534249843,positive,significant_positive,8.192,long,63109.32192670075,63109.32192670073,16.258896319162474,2.5876837184133303,63109.32192670075
Fermi/GBM,glg_tte_n9_bn201120442_v00.fit,GRB201120442,2020-11-20T10:35:49.072,77.77173913043478,-55.87335043525199,-37459.56344621762,3.348155855602975,11188.118194537115,negative,significant_negative,3.136,long,37459.56344621762,37459.56344621762,12.526382256625043,1.9936356552004864,37459.56344621762
Fermi/GBM,glg_tte_n9_bn201121062_v00.fit,GRB201121062,2020-11-21T01:29:49.006,211.2890625,-27.279612735978088,13140.461102305808,2.766125818071804,4750.492915562927,positive,significant_positive,59.649,long,13140.461102305808,13140.461102305808,7.4190723646366425,1.1807820399883981,13140.461102305808
Fermi/GBM,glg_tte_n9_bn201121130_v00.fit,GRB201121130,2020-11-21T03:07:45.547,233.0859375,-39.45089470914608,-44809.91885496624,3.361176064743146,13331.619049950164,negative,significant_negative,15.36,long,44809.91885496624,44809.918854966236,13.700341206588819,2.1804770250741923,44809.91885496624
Fermi/GBM,glg_tte_n9_bn201127147_v00.fit,GRB201127147,2020-11-27T03:31:44.755,143.2142857142857,42.60980697763761,-3799.786984382796,2.6054548495103065,1458.39678822182,negative,significant_negative,7.424,long,3799.786984382796,3799.786984382796,3.9895501626696555,0.6349566291019508,3799.786984382796
Fermi/GBM,glg_tte_n9_bn201128746_v00.fit,GRB201128746,2020-11-28T17:54:11.610,325.6333,-58.783,-4861.006183817962,3.3492233505872875,1451.3831043742075,negative,significant_negative,11.264,long,4861.006183817962,4861.006183817962,4.512397931054259,0.7181704359249268,4861.006183817962
Fermi/GBM,glg_tte_n9_bn201130230_v00.fit,GRB201130230,2020-11-30T05:30:49.552,165.9375,28.291548862929403,-66829.21123777203,3.263615679475513,20477.04687106785,negative,significant_negative,1.28,short,66829.21123777203,66829.21123777202,16.73121470265623,2.6628555238595353,66829.21123777203
Fermi/GBM,glg_tte_n9_bn201201120_v00.fit,GRB201201120,2020-12-01T02:52:14.911,307.265625,20.42361536381095,28088.82752489687,2.8532261154955614,9844.58517758179,positive,significant_positive,44.288,long,28088.82752489687,28088.82752489687,10.847036719778465,1.7263595118520407,28088.82752489687
Fermi/GBM,glg_tte_n9_bn201207977_v00.fit,GRB201207977,2020-12-07T23:26:55.727,124.18269230769228,-51.2558069488049,28051.3337058871,2.578275611377978,10879.881724861394,positive,significant_positive,17.408,long,28051.3337058871,28051.3337058871,10.839794825475906,1.7252069285764393,28051.3337058871
Fermi/GBM,glg_tte_n9_bn201208252_v00.fit,GRB201208252,2020-12-08T06:03:23.248,156.09374999999997,-29.656013541178424,2971.0153527929465,2.909625911593604,1021.0987402039322,positive,significant_positive,44.801,long,2971.0153527929465,2971.0153527929465,3.5277414882682487,0.5614574958082513,2971.0153527929465
Fermi/GBM,glg_tte_n9_bn201213746_v00.fit,GRB201213746,2020-12-13T17:54:05.752,240.46875,-28.971532223711293,90400.44615183111,3.0418637847512704,29718.768672352977,positive,significant_positive,46.336,long,90400.44615183111,90400.44615183113,19.459406551822433,3.0970607423573546,90400.44615183111
Fermi/GBM,glg_tte_n9_bn201214672_v00.fit,GRB201214672,2020-12-14T16:07:46.617,206.015625,11.110881800003272,25310.08609281224,3.2240745013844534,7850.341573044857,positive,significant_positive,0.448,short,25310.08609281224,25310.086092812242,10.296535373992175,1.638744501491412,25310.08609281224
Fermi/GBM,glg_tte_n9_bn201215266_v00.fit,GRB201215266,2020-12-15T06:23:28.838,213.046875,19.15501007356373,-37130.63455606948,2.793200891898836,13293.22021332588,negative,significant_negative,13.056,long,37130.63455606948,37130.63455606948,12.471264503889207,1.9848633924004613,37130.63455606948
Fermi/GBM,glg_tte_n9_bn201216792_v00.fit,GRB201216792,2020-12-16T19:00:31.239,191.6015625,40.228184728061095,-38629.3575349302,2.663135484773536,14505.216785174229,negative,significant_negative,77.312,long,38629.3575349302,38629.357534930205,12.72046675478172,2.024525162459631,38629.3575349302
Fermi/GBM,glg_tte_n9_bn201216963_v00.fit,GRB201216963,2020-12-16T23:07:25.754,17.929687499999996,15.71386104800821,71.48286427891293,10.423359061921037,6.857948944698308,positive,significant_positive,29.953,long,71.48286427891293,71.48286427891293,0.5471989781620443,0.08708942222932345,71.48286427891293
Fermi/GBM,glg_tte_n9_bn201217108_v00.fit,GRB201217108,2020-12-17T02:35:03.511,273.3582089552239,-65.32234324182822,39668.60942298996,3.21170811343146,12351.249871398535,positive,significant_positive,37.121,long,39668.60942298996,39668.60942298996,12.890441520309437,2.0515774865942533,39668.60942298996
Fermi/GBM,glg_tte_n9_bn201218177_v00.fit,GRB201218177,2020-12-18T04:14:15.899,287.2265625,23.96948231775968,179.536400341884,3.2474967022411843,55.28455201139423,positive,significant_positive,14.336,long,179.536400341884,179.53640034188402,0.8672025802283407,0.1380195773053864,179.536400341884
Fermi/GBM,glg_tte_n9_bn201218798_v00.fit,GRB201218798,2020-12-18T19:09:13.922,81.91406249999999,26.61009781073391,-36600.27708729918,2.691059641782189,13600.693391938416,negative,significant_negative,75.265,long,36600.27708729918,36600.27708729919,12.381877166074077,1.970636955737358,36600.27708729918
Fermi/GBM,glg_tte_n9_bn201221591_v00.fit,GRB201221591,2020-12-21T14:11:43.014,110.390625,31.738394244764443,-79728.02020078567,4.757876677589634,16757.058999935307,negative,significant_negative,0.032,short,79728.02020078567,79728.02020078569,18.274680573516534,2.9085057467005893,79728.02020078567
Fermi/GBM,glg_tte_n9_bn201221963_v00.fit,GRB201221963,2020-12-21T23:06:34.327,164.23076923076923,46.1781796469964,10091.561981239209,3.273407269917327,3082.8922737420576,positive,significant_positive,0.144,short,10091.561981239209,10091.561981239209,6.501648712289025,1.0347695308078544,10091.561981239209
Fermi/GBM,glg_tte_n9_bn201221978_v00.fit,GRB201221978,2020-12-21T23:28:47.633,158.203125,-39.8384399769991,21539.42547223639,2.9890031787301576,7206.223675341543,positive,significant_positive,7.168,long,21539.42547223639,21539.42547223639,9.498638556910684,1.5117552789756028,21539.42547223639
Fermi/GBM,glg_tte_n9_bn201222461_v00.fit,GRB201222461,2020-12-22T11:03:25.686,95.9765625,28.630989836924343,4339.734251004087,3.123673090434298,1389.3048745381725,positive,significant_positive,7.872,long,4339.734251004087,4339.734251004087,4.263594296128787,0.6785721075673066,4339.734251004087
Fermi/GBM,glg_tte_n9_bn201223173_v00.fit,GRB201223173,2020-12-23T04:09:46.408,181.1667,18.45,-2390.5960167268977,3.511267255304849,680.8356763829831,negative,significant_negative,25.6,long,2390.5960167268977,2390.5960167268977,3.1644438971906252,0.5036368883748695,2390.5960167268977
Fermi/GBM,glg_tte_n9_bn201223749_v00.fit,GRB201223749,2020-12-23T17:58:25.695,118.55769230769232,70.90666664467562,65699.49677684906,2.498561601282828,26294.92774687532,positive,significant_positive,33.281,long,65699.49677684906,65699.49677684906,16.589195536802272,2.64025247160009,65699.49677684906
Fermi/GBM,glg_tte_n9_bn201226553_v00.fit,GRB201226553,2020-12-26T13:16:26.600,173.671875,-5.679189845582385,64100.4249750536,2.980055913239856,21509.806138289845,positive,significant_positive,70.914,long,64100.4249750536,64100.4249750536,16.386068236711008,2.6079237577136545,64100.4249750536
Fermi/GBM,glg_tte_n9_bn201227635_v00.fit,GRB201227635,2020-12-27T15:14:07.415,183.0,-73.49627530761094,68.81396460801305,3.4153333540480286,20.148535289081284,positive,significant_positive,0.112,short,68.81396460801305,68.81396460801307,0.536886636919343,0.08544816214569712,68.81396460801305
Fermi/GBM,glg_tte_n9_bn201228102_v00.fit,GRB201228102,2020-12-28T02:27:30.732,303.3984375,32.0899512562803,-5350.721330172698,3.350732813112787,1596.880929817244,negative,significant_negative,25.344,long,5350.721330172698,5350.721330172697,4.734242188182709,0.753478046043469,5350.721330172698
Fermi/GBM,glg_tte_n9_bn201228640_v00.fit,GRB201228640,2020-12-28T15:21:45.972,12.31132075471698,50.48004426244293,-13068.086554403308,3.153161680266696,4144.439099392456,negative,significant_negative,30.977,long,13068.086554403308,13068.08655440331,7.398612907456729,1.177525816245238,13068.086554403308
Fermi/GBM,glg_tte_n9_bn201229639_v00.fit,GRB201229639,2020-12-29T15:20:12.706,339.950495049505,-52.41601188939429,7149.849611367884,2.6171480751716243,2731.9239897799894,positive,significant_positive,77.826,long,7149.849611367884,7149.849611367885,5.4725880548232,0.8709894404307726,7149.849611367884
Fermi/GBM,glg_tte_n9_bn201231447_v00.fit,GRB201231447,2020-12-31T10:44:19.747,86.8359375,28.630989836924343,21768.320060994403,3.457978215608684,6295.100403679865,positive,significant_positive,9.984,long,21768.320060994403,21768.320060994396,9.548975120197372,1.5197665918409373,21768.320060994403
Fermi/GBM,glg_tte_n9_bn201231550_v00.fit,GRB201231550,2020-12-31T13:12:41.630,242.578125,-5.679189845582385,-10479.568627246852,2.7434285329381547,3819.880307223988,negative,significant_negative,21.184,long,10479.568627246852,10479.568627246852,6.625459562641551,1.0544746396498699,10479.568627246852
Fermi/GBM,glg_tte_n9_bn201231622_v00.fit,GRB201231622,2020-12-31T14:55:43.002,126.91406249999996,41.01449966573052,8760.589560550747,3.1472753297899523,2783.5472408876994,positive,significant_positive,0.256,short,8760.589560550747,8760.589560550745,6.057744773378033,0.9641200246722074,8760.589560550747
Fermi/GBM,glg_tte_n9_bn210101620_v00.fit,GRB210101620,2021-01-01T14:53:06.860,135.8411214953271,50.091456801832585,39061.01484602443,3.278078813738636,11915.825416496164,positive,significant_positive,23.297,long,39061.01484602443,39061.01484602443,12.791340679383179,2.035805097896276,39061.01484602443
Fermi/GBM,glg_tte_n9_bn210101861_v00.fit,GRB210101861,2021-01-01T20:39:23.613,9.4921875,-6.579592944977629,41009.8008011128,2.529234622645275,16214.31259636225,positive,significant_positive,19.456,long,41009.8008011128,41009.800801112804,13.106542331825827,2.0859709989532567,41009.8008011128
Fermi/GBM,glg_tte_n9_bn210102861_v00.fit,GRB210102861,2021-01-02T20:39:14.399,238.0078125,-34.95386525718846,14999.555527107022,3.1782900672738426,4719.379040180808,positive,significant_positive,83.97,long,14999.555527107022,14999.555527107022,7.926537154905379,1.2615475698047596,14999.555527107022
Fermi/GBM,glg_tte_n9_bn210104477_v00.fit,GRB210104477,2021-01-04T11:26:59.866,108.1451612903226,67.18972162985978,18150.55521689208,2.7580295485405744,6580.986496862058,positive,significant_positive,31.745,long,18150.55521689208,18150.555216892077,8.719453417729351,1.3877441124911472,18150.55521689208
Fermi/GBM,glg_tte_n9_bn210105669_v00.fit,GRB210105669,2021-01-05T16:03:05.920,69.609375,-36.79533013738013,43449.66979964866,3.077329954891325,14119.275617678468,positive,significant_positive,5.12,long,43449.66979964866,43449.66979964866,13.490795056555093,2.147126719490449,43449.66979964866
Fermi/GBM,glg_tte_n9_bn210108424_v00.fit,GRB210108424,2021-01-08T10:10:10.464,308.671875,-23.6433142557656,-30321.609108148696,3.5625324477147946,8511.251350875036,negative,significant_negative,7.168,long,30321.609108148696,30321.609108148696,11.26990945951098,1.793661798679283,30321.609108148696
Fermi/GBM,glg_tte_n9_bn210113379_v00.fit,GRB210113379,2021-01-13T09:05:48.032,275.9734513274336,-47.74965082913658,-2249.348694262347,3.055476076249737,736.1696305680707,negative,significant_negative,38.4,long,2249.348694262347,2249.3486942623463,3.069535759308755,0.48853178909132267,2249.348694262347
Fermi/GBM,glg_tte_n9_bn210117458_v00.fit,GRB210117458,2021-01-17T10:58:52.032,226.0546875,-25.282603043312,38129.33333611041,2.8997631332060774,13149.119974483334,positive,significant_positive,12.544,long,38129.33333611041,38129.33333611041,12.637870785592582,2.011379605683714,38129.33333611041
Fermi/GBM,glg_tte_n9_bn210119121_v00.fit,GRB210119121,2021-01-19T02:54:09.820,285.77922077922074,-61.56696379051533,-27110.2144431625,3.121977001407243,8683.66885180207,negative,significant_negative,0.048,short,27110.2144431625,27110.214443162495,10.656406557051847,1.6960197791516871,27110.2144431625
Fermi/GBM,glg_tte_n9_bn210120299_v00.fit,GRB210120299,2021-01-20T07:10:44.704,162.421875,16.64603991239297,44178.81998967372,2.944883670098872,15001.889697120178,positive,significant_positive,22.205,long,44178.81998967372,44178.81998967371,13.603521912790322,2.165067755879495,44178.81998967372
Fermi/GBM,glg_tte_n9_bn210123305_v00.fit,GRB210123305,2021-01-23T07:19:03.067,345.65934065934067,-56.255467438581086,-12718.456391237498,3.117596725582569,4079.5707433458592,negative,significant_negative,13.056,long,12718.456391237498,12718.456391237498,7.2989688005648095,1.1616669640834119,12718.456391237498
Fermi/GBM,glg_tte_n9_bn210125369_v00.fit,GRB210125369,2021-01-25T08:52:00.399,80.82524271844659,51.64299443168207,12031.460057260876,3.087609197069372,3896.691352221852,positive,significant_positive,68.864,long,12031.460057260876,12031.460057260878,7.09910290368671,1.1298573186397673,12031.460057260876
Fermi/GBM,glg_tte_n9_bn210126417_v00.fit,GRB210126417,2021-01-26T10:00:05.890,70.08196721311475,-67.5624452929487,-15309.644299978649,2.9706327080834143,5153.664489830548,negative,significant_negative,61.441,long,15309.644299978649,15309.644299978645,8.008051453538142,1.2745209733648328,15309.644299978649
Fermi/GBM,glg_tte_n9_bn210127268_v00.fit,GRB210127268,2021-01-27T06:26:17.020,56.6015625,32.0899512562803,-22839.012410115472,2.8307491523197488,8068.186611095267,negative,significant_negative,33.28,long,22839.012410115472,22839.012410115472,9.780993378511535,1.5566934445392087,22839.012410115472
Fermi/GBM,glg_tte_n9_bn210201567_v00.fit,GRB210201567,2021-02-01T13:36:22.493,147.00000000000003,-50.86815892553735,7729.903740424218,2.736991465003799,2824.2337761230424,positive,significant_positive,39.68,long,7729.903740424218,7729.90374042422,5.690250000819881,0.9056314150591456,7729.903740424218
Fermi/GBM,glg_tte_n9_bn210202841_v00.fit,GRB210202841,2021-02-02T20:10:31.299,231.328125,-40.620185190672686,-40.56696776708556,3.9610050892379176,10.241584358804872,negative,significant_negative,17.664,long,40.56696776708556,40.56696776708556,0.4122214419710033,0.06560708013815407,40.56696776708556
Fermi/GBM,glg_tte_n9_bn210204270_v00.fit,GRB210204270,2021-02-04T06:29:25.656,116.71875,12.32998415024295,63.36435268296384,7.094363524006143,8.931647281472037,positive,significant_positive,206.852,long,63.36435268296384,63.36435268296384,0.5151892660479537,0.0819949183194174,63.36435268296384
Fermi/GBM,glg_tte_n9_bn210204777_v00.fit,GRB210204777,2021-02-04T18:38:59.570,270.4591836734694,-53.57223328098857,310.3492210774031,2.6853761562199647,115.57011123322933,positive,significant_positive,32.0,long,310.3492210774031,310.3492210774031,1.1401700650833244,0.18146370182341912,310.3492210774031
Fermi/GBM,glg_tte_n9_bn210207603_v00.fit,GRB210207603,2021-02-07T14:27:58.984,138.8671875,4.181528273111476,19220.775873487324,2.888058848850768,6655.257693635904,positive,significant_positive,11.008,long,19220.775873487324,19220.77587348732,8.972836658897691,1.4280713078197345,19220.775873487324
Fermi/GBM,glg_tte_n9_bn210210713_v00.fit,GRB210210713,2021-02-10T17:07:07.657,203.5546875,17.5827760084254,1160.6451507366028,3.8335280939514615,302.76161339938216,positive,significant_positive,64.513,long,1160.6451507366028,1160.6451507366028,2.204926084620141,0.35092488551955414,1160.6451507366028
Fermi/GBM,glg_tte_n9_bn210211363_v00.fit,GRB210211363,2021-02-11T08:43:18.659,283.7368421052632,-54.72462840974654,6279.892272709249,2.880313568484264,2180.280765754952,positive,significant_positive,28.673,long,6279.892272709249,6279.892272709249,5.12885476876059,0.8162825888486878,6279.892272709249
Fermi/GBM,glg_tte_n9_bn210213741_v00.fit,GRB210213741,2021-02-13T17:47:14.165,121.9921875,23.31795706533424,-88319.66791034848,3.0088282144284446,29353.509611091453,negative,significant_negative,15.36,long,88319.66791034848,88319.66791034848,19.234150873715603,3.0612101877271356,88319.66791034848
Fermi/GBM,glg_tte_n9_bn210225218_v00.fit,GRB210225218,2021-02-25T05:13:35.722,333.28124999999994,28.971532223711293,-77978.84983132315,3.07431457919147,25364.62935807669,negative,significant_negative,87.808,long,77978.84983132315,77978.84983132314,18.073102731793323,2.8764236367725444,77978.84983132315
Fermi/GBM,glg_tte_n9_bn210226197_v00.fit,GRB210226197,2021-02-26T04:43:56.563,127.2667,56.883,50459.08299332584,2.6829562282692536,18807.27030193722,positive,significant_positive,18.88,long,50459.08299332584,50459.08299332584,14.538311889106893,2.313844201363033,50459.08299332584
Fermi/GBM,glg_tte_n9_bn210227115_v00.fit,GRB210227115,2021-02-27T02:45:10.888,117.5625,60.43443884495229,10800.866984583028,3.39147622972687,3184.709622880909,positive,significant_positive,17.92,long,10800.866984583028,10800.866984583032,6.726259423202626,1.0705174357211387,10800.866984583028
Fermi/GBM,glg_tte_n9_bn210228058_v00.fit,GRB210228058,2021-02-28T01:22:53.968,283.4274193548387,-43.40685848593699,24449.75037920304,2.938245724300252,8321.206826575331,positive,significant_positive,3.776,long,24449.75037920304,24449.750379203044,10.120023463306696,1.6106517583912228,24449.75037920304
Fermi/GBM,glg_tte_n9_bn210228277_v00.fit,GRB210228277,2021-02-28T06:38:31.030,91.7578125,-41.014499665730526,17269.846606489147,3.084866000923239,5598.248546718277,positive,significant_positive,42.753,long,17269.846606489147,17269.84660648915,8.505278614097556,1.353657133807411,17269.846606489147
Fermi/GBM,glg_tte_n9_bn210303425_v00.fit,GRB210303425,2021-03-03T10:11:38.358,44.296875,-3.8823720030295705,29150.11531255097,2.857337873960795,10201.844023487343,positive,significant_positive,13.056,long,29150.11531255097,29150.115312550966,11.050055089890153,1.7586708889937757,29150.11531255097
Fermi/GBM,glg_tte_n9_bn210305794_v00.fit,GRB210305794,2021-03-05T19:02:59.396,314.2167,20.017,-8428.613364937599,2.766087902076572,3047.1241924777687,negative,significant_negative,61.697,long,8428.613364937599,8428.613364937599,5.941859397779644,0.9456762943136627,8428.613364937599
Fermi/GBM,glg_tte_n9_bn210306162_v00.fit,GRB210306162,2021-03-06T03:53:57.108,134.15,66.0,-33330.30382279514,3.517980875549008,9474.270896254857,negative,significant_negative,9.536,long,33330.30382279514,33330.30382279513,11.815822027073642,1.880546482302869,33330.30382279514
Fermi/GBM,glg_tte_n9_bn210306397_v00.fit,GRB210306397,2021-03-06T09:32:14.418,343.3333,29.733,37720.9426586262,2.895192868051263,13028.818589214035,positive,significant_positive,15.104,long,37720.9426586262,37720.94265862619,12.570008557028213,2.000578996558463,37720.9426586262
Fermi/GBM,glg_tte_n9_bn210308276_v00.fit,GRB210308276,2021-03-08T06:37:56.911,66.45,38.733,93338.69630860962,2.9608544323486963,31524.243572680047,positive,significant_positive,5.437,long,93338.69630860962,93338.69630860962,19.77311854071167,3.146989556096267,93338.69630860962
Fermi/GBM,glg_tte_n9_bn210308838_v00.fit,GRB210308838,2021-03-08T20:06:00.143,350.6435643564356,-52.41601188939429,-21029.741404308388,3.547317410387848,5928.350629894462,negative,significant_negative,0.384,short,21029.741404308388,21029.741404308385,9.385583349134873,1.4937619838158012,21029.741404308388
Fermi/GBM,glg_tte_n9_bn210309999_v00.fit,GRB210309999,2021-03-09T23:57:55.129,144.84375,-6.880079227870648,-12459.861189221983,3.04239668786464,4095.4097928522137,negative,significant_negative,0.512,short,12459.861189221983,12459.861189221983,7.224385406552668,1.1497966482538091,12459.861189221983
Fermi/GBM,glg_tte_n9_bn210312169_v00.fit,GRB210312169,2021-03-12T04:04:04.895,65.7421875,-15.094787099543192,2828.417153348606,2.665570446165693,1061.0926293158602,positive,significant_positive,65.281,long,2828.417153348606,2828.417153348606,3.4420409740438083,0.5478178353439143,2828.417153348606
Fermi/GBM,glg_tte_n9_bn210315716_v00.fit,GRB210315716,2021-03-15T17:10:51.604,97.18085106382978,-55.1079364250982,15589.496545361751,2.803072236746609,5561.575025071679,positive,significant_positive,5.632,long,15589.496545361751,15589.496545361755,8.080911484898383,1.2861170075096457,15589.496545361751
Fermi/GBM,glg_tte_n9_bn210317381_v00.fit,GRB210317381,2021-03-17T09:08:29.045,153.64285714285714,-64.19874590253252,47540.09095617016,3.580393464675316,13277.89569085287,positive,significant_positive,46.337,long,47540.09095617016,47540.09095617016,14.111536675070496,2.245920816460039,47540.09095617016
Fermi/GBM,glg_tte_n9_bn210318131_v00.fit,GRB210318131,2021-03-18T03:08:46.504,256.9921875,-30.69158768492234,59898.995745376815,3.5309599658889166,16963.94077645604,positive,significant_positive,24.32,long,59898.995745376815,59898.99574537682,15.839959805970977,2.5210079014972204,59898.995745376815
Fermi/GBM,glg_tte_n9_bn210323502_v00.fit,GRB210323502,2021-03-23T12:03:33.093,253.4765625,7.782714385390946,-1469.057807155105,2.612921802950803,562.2280029567211,negative,significant_negative,13.568,long,1469.057807155105,1469.057807155105,2.4806400288788937,0.39480612262769793,1469.057807155105
Fermi/GBM,glg_tte_n9_bn210323918_v00.fit,GRB210323918,2021-03-23T22:02:18.396,239.7667,53.767,-13788.791866534875,4.115135029014112,3350.7507698570807,negative,significant_negative,0.96,short,13788.791866534875,13788.791866534877,7.599891861492474,1.2095603567203932,13788.791866534875
Fermi/GBM,glg_tte_n9_bn210324468_v00.fit,GRB210324468,2021-03-24T11:14:28.212,148.7109375,37.16889965599944,-36352.1522389517,3.798160174210631,9570.989787577018,negative,significant_negative,31.745,long,36352.1522389517,36352.15223895169,12.339835461683617,1.963945810667608,36352.1522389517
Fermi/GBM,glg_tte_n9_bn210324809_v00.fit,GRB210324809,2021-03-24T19:25:06.486,173.3203125,7.180755781458272,-11988.52860352086,2.4176982005417127,4958.65389684895,negative,significant_negative,4.864,long,11988.52860352086,11988.52860352086,7.086425839887809,1.127839701272281,11988.52860352086
Fermi/GBM,glg_tte_n9_bn210324833_v00.fit,GRB210324833,2021-03-24T19:59:58.322,37.875,-44.99388015045713,8030.517205530151,3.645930161177982,2202.5976501249083,positive,significant_positive,67.073,long,8030.517205530151,8030.51720553015,5.799840671078239,0.9230733119475172,8030.517205530151
Fermi/GBM,glg_tte_n9_bn210326057_v00.fit,GRB210326057,2021-03-26T01:22:24.926,56.6015625,11.415157742730482,-16839.949130391866,2.808438950211782,5996.195548107599,negative,significant_negative,0.576,short,16839.949130391866,16839.949130391866,8.398750738442388,1.3367026958198123,16839.949130391866
Fermi/GBM,glg_tte_n9_bn210328865_v00.fit,GRB210328865,2021-03-28T20:45:16.970,208.125,-8.687297481032452,-4590.3773558050025,2.7652860536572845,1660.0009065007605,negative,significant_negative,54.785,long,4590.3773558050025,4590.3773558050025,4.384988905831946,0.6978926597662758,4590.3773558050025
Fermi/GBM,glg_tte_n9_bn210401970_v01.fit,GRB210401970,2021-04-01T23:17:04.029,262.96875,-31.039240010397894,-28779.99612327664,3.433495065055532,8382.128291426905,negative,significant_negative,301.061,long,28779.99612327664,28779.996123276636,10.97967967906949,1.7474702944895444,28779.99612327664
Fermi/GBM,glg_tte_n9_bn210402920_v00.fit,GRB210402920,2021-04-02T22:04:16.979,202.0333,48.8,237.75942358313955,4.346546382296954,54.70076761437765,positive,significant_positive,76.032,long,237.75942358313955,237.7594235831396,0.9979600916873949,0.15883028160048998,237.75942358313955
Fermi/GBM,glg_tte_n9_bn210404141_v00.fit,GRB210404141,2021-04-04T03:23:22.398,176.48437499999997,1.4922462896203397,58359.378074158834,3.2741752853763297,17824.145926094203,positive,significant_positive,1.344,short,58359.378074158834,58359.378074158834,15.635062879133624,2.4883975427667173,58359.378074158834
Fermi/GBM,glg_tte_n9_bn210405351_v00.fit,GRB210405351,2021-04-05T08:24:59.016,26.71875,16.02410030815585,-38340.76090628058,3.40149019883147,11271.754044580804,negative,significant_negative,14.848,long,38340.76090628058,38340.760906280586,12.672860913317288,2.016948457470518,38340.76090628058
Fermi/GBM,glg_tte_n9_bn210406716_v00.fit,GRB210406716,2021-04-06T17:11:30.565,158.05,77.383,4280.989986840582,2.851225401755239,1501.4561753711814,positive,significant_positive,21.76,long,4280.989986840582,4280.989986840581,4.234639172782782,0.6739637565589545,4280.989986840582
Fermi/GBM,glg_tte_n9_bn210406949_v00.fit,GRB210406949,2021-04-06T22:46:05.228,7.3828125,18.839404547275457,9520.711202337505,2.894432672889898,3289.3185913465068,positive,significant_positive,19.712,long,9520.711202337505,9520.711202337507,6.315082091861625,1.0050765309508845,9520.711202337505
Fermi/GBM,glg_tte_n9_bn210410037_v00.fit,GRB210410037,2021-04-10T00:53:16.519,267.21238938053096,47.74965082913658,-1147.956946887919,3.812068449291078,301.1375483305925,negative,significant_negative,48.128,long,1147.956946887919,1147.9569468879192,2.192840809233677,0.3490014542031716,1147.956946887919
Fermi/GBM,glg_tte_n9_bn210411146_v00.fit,GRB210411146,2021-04-11T03:30:56.435,259.1015625,-26.61009781073392,-62839.5559855154,3.053868758365163,20577.032268785344,negative,significant_negative,42.497,long,62839.5559855154,62839.55598551541,16.22410911530285,2.5821471629627255,62839.5559855154
Fermi/GBM,glg_tte_n9_bn210411564_v00.fit,GRB210411564,2021-04-11T13:32:44.633,113.04878048780486,-74.97216337375242,70650.31819463035,3.023085504791828,23370.2679208524,positive,significant_positive,47.873,long,70650.31819463035,70650.31819463035,17.20288815340928,2.7379246850720946,70650.31819463035
Fermi/GBM,glg_tte_n9_bn210411688_v00.fit,GRB210411688,2021-04-11T16:31:10.877,358.94531249999994,24.624318352164074,4430.147170974941,3.662402347879005,1209.6287491571093,positive,significant_positive,60.673,long,4430.147170974941,4430.147170974941,4.307778670677264,0.6856042691841205,4430.147170974941
Fermi/GBM,glg_tte_n9_bn210413991_v00.fit,GRB210413991,2021-04-13T23:46:52.451,190.41666666666663,49.702390326630685,-13408.983765194043,2.8412491387364622,4719.397388416695,negative,significant_negative,2.048,long,13408.983765194043,13408.983765194043,7.494492634714144,1.1927855487805583,13408.983765194043
Fermi/GBM,glg_tte_n9_bn210415284_v00.fit,GRB210415284,2021-04-15T06:48:20.095,129.7265625,-34.228866327812575,500.00268779056046,2.872927141301482,174.0394598256506,positive,significant_positive,16.896,long,500.00268779056046,500.0026877905605,1.447206398888551,0.23033005205733414,500.00268779056046
Fermi/GBM,glg_tte_n9_bn210417957_v00.fit,GRB210417957,2021-04-17T22:57:47.042,159.609375,0.895282986570128,31699.352084640763,2.897255618660426,10941.165108274869,positive,significant_positive,0.832,short,31699.352084640763,31699.35208464077,11.523104421561852,1.8339590284556442,31699.352084640763
Fermi/GBM,glg_tte_n9_bn210419882_v00.fit,GRB210419882,2021-04-19T21:10:28.455,307.265625,0.2984168674869415,-13022.643697283149,3.5348857559691065,3684.0352408257454,negative,significant_negative,37.377,long,13022.643697283149,13022.64369728315,7.385737766777459,1.1754766739631286,13022.643697283149
Fermi/GBM,glg_tte_n9_bn210420215_v00.fit,GRB210420215,2021-04-20T05:09:29.204,249.609375,14.169522214770062,28241.83540923232,3.16527033635802,8922.408643846691,positive,significant_positive,29.44,long,28241.83540923232,28241.83540923232,10.876540053131869,1.731055113192923,28241.83540923232
Fermi/GBM,glg_tte_n9_bn210421455_v00.fit,GRB210421455,2021-04-21T10:54:44.812,271.53409090909093,57.39952353962295,-1210.3764491766517,3.909765023991144,309.5777986015851,negative,significant_negative,11.008,long,1210.3764491766517,1210.3764491766515,2.2516689397900596,0.35836424197407524,1210.3764491766517
Fermi/GBM,glg_tte_n9_bn210422573_v00.fit,GRB210422573,2021-04-22T13:44:40.169,116.71875,24.29647799480565,12071.266020575093,3.162449391405447,3817.062196593892,positive,significant_positive,11.008,long,12071.266020575093,12071.26602057509,7.1108368611827775,1.1317248359772967,12071.266020575093
Fermi/GBM,glg_tte_n9_bn210424694_v00.fit,GRB210424694,2021-04-24T16:40:00.979,185.9765625,37.16889965599944,63408.873123451805,2.989523920882795,21210.3581712527,positive,significant_positive,5.888,long,63408.873123451805,63408.87312345178,16.297437425437714,2.5938177259892647,63408.873123451805
Fermi/GBM,glg_tte_n9_bn210424778_v01.fit,GRB210424778,2021-04-24T18:40:11.447,10.195312499999998,13.24801490567694,11780.986807494266,2.6201349018610856,4496.328337570029,positive,significant_positive,43.776,long,11780.986807494266,11780.98680749427,7.024819011330448,1.118034669979162,11780.986807494266
Fermi/GBM,glg_tte_n9_bn210427206_v00.fit,GRB210427206,2021-04-27T04:57:12.992,176.7857142857143,-53.57223328098857,-2110.349839609636,3.0098261601752863,701.1533980044659,negative,significant_negative,18.688,long,2110.349839609636,2110.3498396096365,2.973182257586873,0.47319665300807173,2110.349839609636
Fermi/GBM,glg_tte_n9_bn210429658_v00.fit,GRB210429658,2021-04-29T15:47:23.416,260.2167,41.417,11557.9804919846,3.8088013206955806,3034.545390746144,positive,significant_positive,12.288,long,11557.9804919846,11557.9804919846,6.958013759108075,1.1074022838634705,11557.9804919846
Fermi/GBM,glg_tte_n9_bn210430904_v00.fit,GRB210430904,2021-04-30T21:42:17.665,347.6953125,8.38553864708132,-27100.650074526096,2.851142004100189,9505.19126565882,negative,significant_negative,37.12,long,27100.650074526096,27100.650074526096,10.654526623718132,1.695720578468943,27100.650074526096
Fermi/GBM,glg_tte_n9_bn210501205_v00.fit,GRB210501205,2021-05-01T04:55:00.292,350.4807692307692,-70.90666664467562,27240.84592842181,3.1604617402946067,8619.26141396115,positive,significant_positive,8.192,long,27240.84592842181,27240.84592842182,10.68204983114517,1.7001010329806998,27240.84592842181
Fermi/GBM,glg_tte_n9_bn210501940_v00.fit,GRB210501940,2021-05-01T22:33:02.155,196.2167,45.283,-19080.07527558465,2.9421239616287567,6485.136426754073,negative,significant_negative,0.832,short,19080.07527558465,19080.075275584655,8.939934698920121,1.4228347982518923,19080.07527558465
Fermi/GBM,glg_tte_n9_bn210502295_v00.fit,GRB210502295,2021-05-02T07:05:17.885,354.0234375,-26.61009781073392,-15720.048065191291,3.298214156233426,4766.230244776965,negative,significant_negative,4.992,long,15720.048065191291,15720.048065191291,8.114677033267839,1.291490961438853,15720.048065191291
Fermi/GBM,glg_tte_n9_bn210503815_v00.fit,GRB210503815,2021-05-03T19:34:09.461,329.7761194029851,65.32234324182821,-26209.498791335165,3.1476714676706945,8326.630990727388,negative,significant_negative,32.768,long,26209.498791335165,26209.498791335158,10.47788584636736,1.667607325601973,26209.498791335165
Fermi/GBM,glg_tte_n9_bn210504959_v00.fit,GRB210504959,2021-05-04T23:00:47.171,65.86363636363636,48.9227951602473,-5519.324545764494,3.548385473683855,1555.4467198386014,negative,significant_negative,13.568,long,5519.324545764494,5519.324545764494,4.808252551014288,0.7652571611281396,5519.324545764494
Fermi/GBM,glg_tte_n9_bn210507778_v00.fit,GRB210507778,2021-05-07T18:40:38.042,286.87499999999994,-7.481631264246963,48978.195065077074,3.2016512946644777,15297.791844695512,positive,significant_positive,2.816,long,48978.195065077074,48978.195065077074,14.323385903364889,2.2796376683332946,48978.195065077074
Fermi/GBM,glg_tte_n9_bn210510806_v00.fit,GRB210510806,2021-05-10T19:20:00.830,193.1102362204724,42.2103698396502,-14400.041471562374,2.6122705742553083,5512.461692704806,negative,significant_negative,1.344,short,14400.041471562374,14400.041471562374,7.7665148338619865,1.2360792264056655,14400.041471562374
Fermi/GBM,glg_tte_n9_bn210511458_v00.fit,GRB210511458,2021-05-11T10:58:57.350,249.4067796610169,68.30717609030755,13400.964158593755,3.1151116261395244,4301.921011800537,positive,significant_positive,17.92,long,13400.964158593755,13400.964158593755,7.492251157176394,1.1924288065505961,13400.964158593755
Fermi/GBM,glg_tte_n9_bn210511477_v00.fit,GRB210511477,2021-05-11T11:26:39.260,316.1688311688312,61.56696379051533,-42160.140845868125,3.503136729234172,12034.968687929244,negative,significant_negative,5.888,long,42160.140845868125,42160.14084586813,13.28909270821703,2.115024793719203,42160.140845868125
Fermi/GBM,glg_tte_n9_bn210512789_v00.fit,GRB210512789,2021-05-12T18:56:03.318,135.0,12.94163198542334,23310.13376738503,3.332927139542385,6993.892392914878,positive,significant_positive,0.832,short,23310.13376738503,23310.133767385032,9.881359218097625,1.572667164026903,23310.13376738503
Fermi/GBM,glg_tte_n9_bn210515546_v00.fit,GRB210515546,2021-05-15T13:06:45.702,131.25,76.81353334098655,-49969.338691409306,3.2358336607435385,15442.493011191193,negative,significant_negative,1.6,short,49969.338691409306,49969.338691409306,14.467587098415164,2.302588001325305,49969.338691409306
Fermi/GBM,glg_tte_n9_bn210516982_v00.fit,GRB210516982,2021-05-16T23:34:46.497,22.5,74.60343607627445,-5679.589250544255,3.457784021368614,1642.5517659417708,negative,significant_negative,2.688,long,5679.589250544255,5679.589250544254,4.877561667461505,0.7762880496120459,5679.589250544255
Fermi/GBM,glg_tte_n9_bn210518033_v00.fit,GRB210518033,2021-05-18T00:46:54.636,4.921875,-0.895282986570128,-20509.311030215747,3.2667035947020584,6278.289546525665,negative,significant_negative,15.104,long,20509.311030215747,20509.31103021575,9.268721656748854,1.4751628678144817,20509.311030215747
Fermi/GBM,glg_tte_n9_bn210518545_v00.fit,GRB210518545,2021-05-18T13:04:09.640,269.5871559633028,49.31283855921746,-18979.123343376155,3.0020220582284867,6322.113220772223,negative,significant_negative,6.461,long,18979.123343376155,18979.12334337615,8.916252910060749,1.4190657244936646,18979.123343376155
Fermi/GBM,glg_tte_n9_bn210518889_v00.fit,GRB210518889,2021-05-18T21:20:17.915,177.5390625,25.94447977237,-20489.110951472543,3.017941977083695,6789.100356154505,negative,significant_negative,0.896,short,20489.110951472543,20489.11095147254,9.264156046737865,1.474436228413003,20489.110951472543
Fermi/GBM,glg_tte_n9_bn210519277_v00.fit,GRB210519277,2021-05-19T06:38:53.855,187.734375,-39.8384399769991,14128.21546884531,3.820910726925608,3697.604178314104,positive,significant_positive,25.024,long,14128.21546884531,14128.215468845308,7.692862313015279,1.2243570636417331,14128.21546884531
Fermi/GBM,glg_tte_n9_bn210520797_v00.fit,GRB210520797,2021-05-20T19:07:02.940,134.19642857142858,-69.42254649458224,-54960.99184144167,3.276837215986264,16772.573130368175,negative,significant_negative,56.065,long,54960.99184144167,54960.99184144167,15.173004457614043,2.4148586609846374,54960.99184144167
Fermi/GBM,glg_tte_n9_bn210524208_v00.fit,GRB210524208,2021-05-24T04:59:59.092,337.3008849557522,-47.74965082913658,-43711.15571356671,3.9110200949480194,11176.407855850628,negative,significant_negative,20.992,long,43711.15571356671,43711.15571356671,13.531328866481699,2.1535778757026156,43711.15571356671
Fermi/GBM,glg_tte_n9_bn210524473_v00.fit,GRB210524473,2021-05-24T11:20:34.686,148.35937499999997,8.687297481032452,-53700.53302198464,2.930644572932744,18323.79590413642,negative,significant_negative,31.168,long,53700.53302198464,53700.533021984644,14.998008758308464,2.3870072304203314,53700.53302198464
Fermi/GBM,glg_tte_n9_bn210528586_v00.fit,GRB210528586,2021-05-28T14:03:46.163,134.296875,-16.024100308155862,-40447.494620867816,3.514702001206305,11508.086491254606,negative,significant_negative,1.024,short,40447.494620867816,40447.49462086781,13.016376964272405,2.071620735011432,40447.494620867816
Fermi/GBM,glg_tte_n9_bn210529677_v00.fit,GRB210529677,2021-05-29T16:15:24.720,15.1171875,-13.861949672048636,82280.53172184253,3.182310972632165,25855.591244681647,positive,significant_positive,2.368,long,82280.53172184253,82280.53172184253,18.564910054214373,2.954697203184644,82280.53172184253
Fermi/GBM,glg_tte_n9_bn210529996_v00.fit,GRB210529996,2021-05-29T23:53:37.098,230.9765625,36.42357364233115,32239.61356578802,2.8931901211223177,11143.275144767093,positive,significant_positive,12.288,long,32239.61356578802,32239.61356578802,11.620885401313934,1.8495213547235565,32239.61356578802
Fermi/GBM,glg_tte_n9_bn210531500_v00.fit,GRB210531500,2021-05-31T12:00:01.650,140.6,-6.283,-3079.0519225128733,3.6087523687585,853.2178459150255,negative,significant_negative,20.48,long,3079.0519225128733,3079.0519225128737,3.5913093062350714,0.5715746282592369,3079.0519225128733
Fermi/GBM,glg_tte_n9_bn210601724_v00.fit,GRB210601724,2021-06-01T17:22:13.537,275.625,10.503271450113209,-10640.312306190426,2.7225195393527244,3908.259298928722,negative,significant_negative,0.96,short,10640.312306190426,10640.312306190426,6.676079385690269,1.0625310347065102,10640.312306190426
Fermi/GBM,glg_tte_n9_bn210602865_v00.fit,GRB210602865,2021-06-02T20:46:02.339,209.0,-45.683,899.7635428964505,3.5296709692041657,254.91428259085572,positive,significant_positive,14.592,long,899.7635428964505,899.7635428964505,1.9413708340006943,0.3089787646056459,899.7635428964505
Fermi/GBM,glg_tte_n9_bn210603907_v00.fit,GRB210603907,2021-06-03T21:46:28.382,143.39999999999998,-62.320400827275016,22538.68931403388,2.918028399560737,7723.94446792455,positive,significant_positive,7.936,long,22538.68931403388,22538.68931403388,9.716472663850231,1.5464246538690403,22538.68931403388
Fermi/GBM,glg_tte_n9_bn210605215_v00.fit,GRB210605215,2021-06-05T05:08:58.389,20.7421875,-41.014499665730526,47057.80542925639,3.534038826338979,13315.588124990987,positive,significant_positive,0.448,short,47057.80542925639,47057.80542925639,14.039774728990952,2.2344995480155854,47057.80542925639
Fermi/GBM,glg_tte_n9_bn210605622_v00.fit,GRB210605622,2021-06-05T14:55:58.076,15.468749999999998,-6.279288322550267,46029.70929858866,3.078936445195796,14949.87315194859,positive,significant_positive,110.338,long,46029.70929858866,46029.70929858866,13.885560681481078,2.2099556200601804,46029.70929858866
Fermi/GBM,glg_tte_n9_bn210606164_v00.fit,GRB210606164,2021-06-06T03:56:02.123,177.1875,-2.0893716714986184,25079.426010447056,3.024676847187908,8291.605112712723,positive,significant_positive,11.008,long,25079.426010447056,25079.42601044706,10.249509940198394,1.6312601712520909,25079.426010447056
Fermi/GBM,glg_tte_n9_bn210606945_v00.fit,GRB210606945,2021-06-06T22:40:25.321,77.7667,-31.65,-17368.727272239954,2.818544998758673,6162.302634830875,negative,significant_negative,243.717,long,17368.727272239954,17368.72727223995,8.529592878183868,1.3575268691243894,17368.727272239954
Fermi/GBM,glg_tte_n9_bn210610628_v00.fit,GRB210610628,2021-06-10T15:03:42.749,211.9921875,11.415157742730482,-6921.044966266331,2.686735889161161,2576.004956120635,negative,significant_negative,8.192,long,6921.044966266331,6921.044966266332,5.384311038710762,0.8569397169550752,6921.044966266331
Fermi/GBM,glg_tte_n9_bn210610827_v00.fit,GRB210610827,2021-06-10T19:51:05.054,227.05,32.267,-159.48034518722378,10.044863994358831,15.87680483048725,negative,significant_negative,55.041,long,159.48034518722378,159.48034518722378,0.8173308435243316,0.1300822438883658,159.48034518722378
Fermi/GBM,glg_tte_n9_bn210615892_v00.fit,GRB210615892,2021-06-15T21:23:51.505,114.609375,14.169522214770062,8379.727172284718,3.273852912403156,2559.5918315504346,positive,significant_positive,6.4,long,8379.727172284718,8379.727172284716,5.924602864163013,0.9429298316879445,8379.727172284718
Fermi/GBM,glg_tte_n9_bn210615982_v00.fit,GRB210615982,2021-06-15T23:33:53.604,341.1486486486487,62.69666002027376,-41540.56580249495,2.9330549707355367,14162.900531004238,negative,significant_negative,1.856,short,41540.56580249495,41540.565802494944,13.19108468378455,2.0994263321681026,41540.56580249495
Fermi/GBM,glg_tte_n9_bn210618072_v00.fit,GRB210618072,2021-06-18T01:43:36.140,227.5,42.60980697763761,-15970.102045549698,3.2156157709963,4966.421109634517,negative,significant_negative,3.584,long,15970.102045549698,15970.102045549693,8.178961243204277,1.3017221112129944,15970.102045549698
Fermi/GBM,glg_tte_n9_bn210619532_v00.fit,GRB210619532,2021-06-19T12:45:43.730,74.53125,12.32998415024295,2138.9209137477883,2.7383321394764923,781.1035348534097,positive,significant_positive,1.28,short,2138.9209137477883,2138.9209137477874,2.9932408811052094,0.47638908209263425,2138.9209137477883
Fermi/GBM,glg_tte_n9_bn210620204_v00.fit,GRB210620204,2021-06-20T04:54:14.284,290.30973451327435,47.74965082913658,12869.090254947603,2.9980434980016404,4292.496177432234,positive,significant_positive,53.76,long,12869.090254947603,12869.0902549476,7.342065050408945,1.1685259452748293,12869.090254947603
Fermi/GBM,glg_tte_n9_bn210620666_v00.fit,GRB210620666,2021-06-20T15:59:29.600,114.9609375,19.471220634490685,-24950.4533192174,2.762341616577255,9032.356160977964,negative,significant_negative,98.306,long,24950.4533192174,24950.45331921739,10.223121561857607,1.6270603303989757,24950.4533192174
Fermi/GBM,glg_tte_n9_bn210621447_v00.fit,GRB210621447,2021-06-21T10:44:03.750,248.92405063291136,-60.8122696032311,-60129.67982124171,3.07341041738564,19564.481034195986,negative,significant_negative,15.616,long,60129.67982124171,60129.67982124171,15.870432062554542,2.5258577117596595,60129.67982124171
Fermi/GBM,glg_tte_n9_bn210622064_v00.fit,GRB210622064,2021-06-22T01:32:35.940,240.46875,-13.554784037179,14298.291492650376,3.466783872958444,4124.367718501202,positive,significant_positive,40.704,long,14298.291492650376,14298.291492650376,7.739027287042893,1.2317044474559369,14298.291492650376
Fermi/GBM,glg_tte_n9_bn210622440_v00.fit,GRB210622440,2021-06-22T10:33:01.760,126.5625,-13.554784037179,-6149.509743132722,2.8025141421475497,2194.283215434692,negative,significant_negative,16.128,long,6149.509743132722,6149.50974313272,5.07533310988282,0.8077643522758124,6149.509743132722
Fermi/GBM,glg_tte_n9_bn210624041_v00.fit,GRB210624041,2021-06-24T00:58:23.248,93.75,85.61313403601544,-21260.252982293707,2.989120348522204,7112.544997662807,negative,significant_negative,0.304,short,21260.252982293707,21260.252982293707,9.436881870804177,1.5019263971127776,21260.252982293707
Fermi/GBM,glg_tte_n9_bn210625891_v00.fit,GRB210625891,2021-06-25T21:23:21.140,251.015625,-40.620185190672686,-11671.31588835154,3.6751668665306174,3175.7240724607805,negative,significant_negative,4.096,long,11671.31588835154,11671.315888351543,6.992045027750802,1.1128185284876486,11671.31588835154
Fermi/GBM,glg_tte_n9_bn210626345_v00.fit,GRB210626345,2021-06-26T08:16:15.992,217.265625,-3.8823720030295705,-11259.87574099632,2.945374143348831,3822.901673263848,negative,significant_negative,34.048,long,11259.87574099632,11259.87574099632,6.867696645236836,1.0930278687450692,11259.87574099632
Fermi/GBM,glg_tte_n9_bn210626991_v00.fit,GRB210626991,2021-06-26T23:46:24.876,354.375,9.29155323877026,-29729.65082785229,2.7566208953734685,10784.816612885938,negative,significant_negative,46.337,long,29729.65082785229,29729.650827852285,11.159357964481078,1.776066981779075,29729.65082785229
Fermi/GBM,glg_tte_n9_bn210627312_v00.fit,GRB210627312,2021-06-27T07:29:15.677,147.04724409448818,42.2103698396502,98120.5010690698,3.0312034822895875,32370.14659106802,positive,significant_positive,12.8,long,98120.5010690698,98120.5010690698,20.273287690131863,3.226593948608559,98120.5010690698
Fermi/GBM,glg_tte_n9_bn210627748_v00.fit,GRB210627748,2021-06-27T17:57:20.742,234.84375,-5.679189845582385,-3291.2814102651005,3.84586896614005,855.7965544958315,negative,significant_negative,13.824,long,3291.2814102651005,3291.2814102651014,3.713015934858615,0.5909448398117234,3291.2814102651005
Fermi/GBM,glg_tte_n9_bn210701834_v00.fit,GRB210701834,2021-07-01T20:01:09.899,314.29687499999994,-17.270004694974464,-31090.073795248594,2.68928022583031,11560.741605367508,negative,significant_negative,68.864,long,31090.073795248594,31090.073795248583,11.41182704826985,1.8162486844419399,31090.073795248594
Fermi/GBM,glg_tte_n9_bn210704815_v00.fit,GRB210704815,2021-07-04T19:33:24.588,163.39285714285714,58.91977535280316,92599.8257509172,3.242625921192095,28557.048516060244,positive,significant_positive,4.672,long,92599.8257509172,92599.8257509172,19.694700888065515,3.1345089990519677,92599.8257509172
Fermi/GBM,glg_tte_n9_bn210706346_v00.fit,GRB210706346,2021-07-06T08:17:49.856,315.3515625,12.635625093021115,6120.74090259008,3.0487563496797065,2007.618910980901,positive,significant_positive,7.232,long,6120.74090259008,6120.74090259008,5.0634473966661036,0.8058726822651994,6120.74090259008
Fermi/GBM,glg_tte_n9_bn210706571_v00.fit,GRB210706571,2021-07-06T13:41:34.000,114.58333333333331,-49.7023903266307,-26570.442157786456,3.048778488607041,8715.110742573575,negative,significant_negative,3.84,long,26570.442157786456,26570.44215778645,10.54978709962335,1.6790507654721658,26570.442157786456
Fermi/GBM,glg_tte_n9_bn210709201_v00.fit,GRB210709201,2021-07-09T04:49:04.308,295.4508196721312,-44.20152985105138,18468.32290857016,3.134463736717359,5892.019962531627,positive,significant_positive,30.977,long,18468.32290857016,18468.32290857016,8.795449397174131,1.399839248274894,18468.32290857016
Fermi/GBM,glg_tte_n9_bn210711432_v00.fit,GRB210711432,2021-07-11T10:21:54.175,343.12499999999994,9.896853442815877,-22940.91437526722,3.0408480327179523,7544.248883349265,negative,significant_negative,1.6,short,22940.91437526722,22940.91437526722,9.802789267548428,1.5601623680185126,22940.91437526722
Fermi/GBM,glg_tte_n9_bn210712405_v00.fit,GRB210712405,2021-07-12T09:43:10.982,105.3167,-37.733,-5351.098111840776,3.373703096944013,1586.120046155792,negative,significant_negative,7.168,long,5351.098111840776,5351.098111840776,4.7344088707809755,0.7535045744029106,5351.098111840776
Fermi/GBM,glg_tte_n9_bn210714331_v00.fit,GRB210714331,2021-07-14T07:56:33.250,311.02941176470586,-52.02972741646418,1029.8187355068412,4.755598102413772,216.54873126981485,positive,significant_positive,42.369,long,1029.8187355068412,1029.8187355068412,2.0769435793965525,0.3305558371839357,1029.8187355068412
Fermi/GBM,glg_tte_n9_bn210715866_v00.fit,GRB210715866,2021-07-15T20:46:30.607,323.78906249999994,9.59406822686046,-15169.806220515293,2.823950503264448,5371.838565505736,negative,significant_negative,0.384,short,15169.806220515293,15169.806220515293,7.971394840616171,1.2686868922212948,15169.806220515293
Fermi/GBM,glg_tte_n9_bn210716485_v00.fit,GRB210716485,2021-07-16T11:38:13.679,175.78125,2.686724185691592,-17789.79772492077,2.837439720545,6269.665429757148,negative,significant_negative,5.184,long,17789.79772492077,17789.797724920765,8.632365287409895,1.3738836060661745,17789.79772492077
Fermi/GBM,glg_tte_n9_bn210719164_v00.fit,GRB210719164,2021-07-19T03:55:47.030,202.1484375,-4.181528273111476,-27308.31378311124,3.148329557662944,8673.905727767153,negative,significant_negative,40.704,long,27308.31378311124,27308.313783111247,10.69526985559175,1.7022050652191687,27308.31378311124
Fermi/GBM,glg_tte_n9_bn210721978_v00.fit,GRB210721978,2021-07-21T23:28:32.680,31.5333,-75.217,-35899.11637098774,3.2321506903704886,11106.882014487004,negative,significant_negative,9.984,long,35899.11637098774,35899.116370987744,12.262702272145411,1.9516696822761586,35899.11637098774
Fermi/GBM,glg_tte_n9_bn210722871_v00.fit,GRB210722871,2021-07-22T20:54:40.875,24.609375,-7.481631264246963,6112.256814553084,3.575855356346892,1709.3132147261658,positive,significant_positive,61.953,long,6112.256814553084,6112.256814553084,5.059936904146022,0.8053139700279411,6112.256814553084
Fermi/GBM,glg_tte_n9_bn210723615_v00.fit,GRB210723615,2021-07-23T14:46:07.295,119.8828125,-30.000000000000018,-76979.99787449624,3.022097656377626,25472.37271172988,negative,significant_negative,42.753,long,76979.99787449624,76979.99787449624,17.956978060385524,2.857941821303071,76979.99787449624
Fermi/GBM,glg_tte_n9_bn210724105_v00.fit,GRB210724105,2021-07-24T02:31:33.469,281.24999999999994,23.64331425576558,72980.81390915536,3.082995409906484,23672.04754008021,positive,significant_positive,13.568,long,72980.81390915536,72980.81390915537,17.484316356094922,2.782715374654982,72980.81390915536
Fermi/GBM,glg_tte_n9_bn210725048_v00.fit,GRB210725048,2021-07-25T01:08:29.397,339.609375,14.785930226053416,30688.976531865654,2.8468734338466746,10779.88791739116,positive,significant_positive,6.976,long,30688.976531865654,30688.976531865657,11.337975317118937,1.8044948163733785,30688.976531865654
Fermi/GBM,glg_tte_n9_bn210725158_v00.fit,GRB210725158,2021-07-25T03:47:03.541,218.3203125,3.583321698471966,82749.49635125781,2.6925694776948434,30732.538950898725,positive,significant_positive,47.104,long,82749.49635125781,82749.49635125781,18.617740995275337,2.9631055086026934,82749.49635125781
Fermi/GBM,glg_tte_n9_bn210726106_v01.fit,GRB210726106,2021-07-26T02:32:56.804,174.72656249999997,-17.582776008425416,-18630.686550561422,3.454623116823775,5392.9722347515335,negative,significant_negative,47.872,long,18630.686550561422,18630.686550561426,8.834027243077601,1.4059791031442688,18630.686550561422
Fermi/GBM,glg_tte_n9_bn210727410_v00.fit,GRB210727410,2021-07-27T09:50:46.735,189.5625,-60.43443884495229,-2559.3889014727524,2.781196626228933,920.2473774545984,negative,significant_negative,1.088,short,2559.3889014727524,2559.3889014727524,3.2742545961986624,0.5211138039263749,2559.3889014727524
Fermi/GBM,glg_tte_n9_bn210730207_v00.fit,GRB210730207,2021-07-30T04:57:29.034,142.8833,67.417,-46078.02714779579,3.861981190925616,11931.188907927355,negative,significant_negative,4.16,long,46078.02714779579,46078.02714779579,13.89284667634997,2.2111152221589068,46078.02714779579
Fermi/GBM,glg_tte_n9_bn210731092_v00.fit,GRB210731092,2021-07-31T02:12:43.477,35.15624999999999,22.34658789836113,-16200.193168783077,3.1196330543767408,5192.980355832154,negative,significant_negative,72.45,long,16200.193168783077,16200.19316878308,8.237670208320187,1.311065933215001,16200.193168783077
Fermi/GBM,glg_tte_n9_bn210731367_v00.fit,GRB210731367,2021-07-31T08:48:17.629,147.30468749999997,30.69158768492234,12990.848016486403,3.312273345610769,3922.033800048874,positive,significant_positive,28.929,long,12990.848016486403,12990.848016486403,7.37671586299262,1.1740407933796722,12990.848016486403
Fermi/GBM,glg_tte_n9_bn210731931_v00.fit,GRB210731931,2021-07-31T22:21:07.203,302.4333,-26.4,51971.786686592604,3.2183777243380054,16148.442208498938,positive,significant_positive,25.857,long,51971.786686592604,51971.78668659262,14.754623377031583,2.3482712439138105,51971.786686592604
Fermi/GBM,glg_tte_n9_bn210801581_v00.fit,GRB210801581,2021-08-01T13:57:18.595,251.4705882352941,-45.389203005400056,5917.324179927912,3.255849256702024,1817.444148480572,positive,significant_positive,13.824,long,5917.324179927912,5917.324179927911,4.978597148135979,0.7923683457890541,5917.324179927912
Fermi/GBM,glg_tte_n9_bn210801649_v00.fit,GRB210801649,2021-08-01T15:34:44.860,335.39062499999994,-8.687297481032452,-11950.75786894364,2.785245225139873,4290.738122832068,negative,significant_negative,5.376,long,11950.75786894364,11950.757868943641,7.075253882455739,1.1260616290229546,11950.75786894364
Fermi/GBM,glg_tte_n9_bn210802839_v00.fit,GRB210802839,2021-08-02T20:08:06.492,229.57031250000003,30.69158768492234,47.31995429948584,4.007477167962257,11.807916131820992,positive,significant_positive,10.24,long,47.31995429948584,47.31995429948584,0.44521159133677773,0.07085762548305703,47.31995429948584
Fermi/GBM,glg_tte_n9_bn210803497_v00.fit,GRB210803497,2021-08-03T11:55:44.403,219.0234375,-19.4712206344907,147.83357057092786,5.944734512369329,24.867985317650028,positive,significant_positive,9.216,long,147.83357057092786,147.8335705709279,0.7869204612577438,0.12524228122932426,147.83357057092786
Fermi/GBM,glg_tte_n9_bn210805002_v00.fit,GRB210805002,2021-08-05T00:02:12.553,203.7096774193548,-55.49084192446863,-4870.064343575998,3.0969035507719527,1572.559255958119,negative,significant_negative,0.832,short,4870.064343575998,4870.0643435759985,4.516600250083087,0.718839255770814,4870.064343575998
Fermi/GBM,glg_tte_n9_bn210807525_v00.fit,GRB210807525,2021-08-07T12:36:42.844,257.34375,-32.44286613851178,-23019.103947113486,3.1264617103574737,7362.669394240406,negative,significant_negative,8.704,long,23019.103947113486,23019.103947113486,9.819480492196556,1.5628188589275194,23019.103947113486
Fermi/GBM,glg_tte_n9_bn210807687_v00.fit,GRB210807687,2021-08-07T16:29:19.536,277.734375,-19.78804941066958,-16649.784019621082,2.988647096581697,5571.010387497568,negative,significant_negative,7.68,long,16649.784019621082,16649.784019621082,8.351194657843736,1.3291339105184603,16649.784019621082
Fermi/GBM,glg_tte_n9_bn210807955_v00.fit,GRB210807955,2021-08-07T22:55:24.307,147.23300970873785,-51.64299443168208,-38919.96015485836,2.998974552106032,12977.756055824744,negative,significant_negative,125.442,long,38919.96015485836,38919.96015485836,12.768224146973115,2.03212598749607,38919.96015485836
Fermi/GBM,glg_tte_n9_bn210812011_v00.fit,GRB210812011,2021-08-12T00:15:51.734,183.8671875,1.7907846593289465,-20570.15062009816,2.8444505569967733,7231.678036905842,negative,significant_negative,37.633,long,20570.15062009816,20570.15062009816,9.282459018409286,1.4773492368277805,20570.15062009816
Fermi/GBM,glg_tte_n9_bn210812699_v00.fit,GRB210812699,2021-08-12T16:47:01.014,40.98214285714285,69.4225464945822,68109.65762404751,3.364941024181761,20240.966226327684,positive,significant_positive,39.873,long,68109.65762404751,68109.6576240475,16.890739081134516,2.6882446172380163,68109.65762404751
Fermi/GBM,glg_tte_n9_bn210813038_v00.fit,GRB210813038,2021-08-13T00:54:23.674,14.765625,8.084013907099306,21328.95061826716,3.0883292654250103,6906.307192388021,positive,significant_positive,82.433,long,21328.95061826716,21328.950618267165,9.452116134928206,1.5043510055524842,21328.95061826716
Fermi/GBM,glg_tte_n9_bn210815100_v00.fit,GRB210815100,2021-08-15T02:23:49.635,352.265625,-30.34518296958825,23819.935850526563,3.0865175928403694,7717.414572909093,positive,significant_positive,7.168,long,23819.935850526563,23819.935850526563,9.988829459417447,1.5897715841682316,23819.935850526563
Fermi/GBM,glg_tte_n9_bn210820004_v00.fit,GRB210820004,2021-08-20T00:05:14.008,276.5322580645161,67.18972162985978,29560.492858381407,2.9282787928179674,10094.835550113208,positive,significant_positive,13.76,long,29560.492858381407,29560.49285838141,11.127565004700989,1.771006975074552,29560.492858381407
Fermi/GBM,glg_tte_n9_bn210821291_v01.fit,GRB210821291,2021-08-21T06:58:24.476,5.625,-16.024100308155862,-4440.164322904326,2.7889949770546263,1592.0302329097235,negative,significant_negative,51.712,long,4440.164322904326,4440.164322904326,4.312646150963888,0.686378952732139,4440.164322904326
Fermi/GBM,glg_tte_n9_bn210821320_v00.fit,GRB210821320,2021-08-21T07:40:28.595,49.5703125,-6.579592944977629,-47561.605297987255,3.0284527724807506,15704.918937542903,negative,significant_negative,7.168,long,47561.605297987255,47561.605297987255,14.114729412784559,2.2464289564492277,47561.605297987255
Fermi/GBM,glg_tte_n9_bn210822273_v00.fit,GRB210822273,2021-08-22T06:32:44.581,343.46153846153845,-46.1781796469964,-40520.92464419896,3.2486099836482505,12473.311615786268,negative,significant_negative,18.624,long,40520.92464419896,40520.92464419896,13.028186836183616,2.0735003345033833,40520.92464419896
Fermi/GBM,glg_tte_n9_bn210822729_v00.fit,GRB210822729,2021-08-22T17:30:24.489,239.0625,18.52439107386577,-21230.67180988615,3.326061495950274,6383.1266606874415,negative,significant_negative,2.176,long,21230.67180988615,21230.671809886153,9.430314423087157,1.5008811553451165,21230.67180988615
Fermi/GBM,glg_tte_n9_bn210824174_v00.fit,GRB210824174,2021-08-24T04:10:03.062,234.84375,10.503271450113209,-22870.629416214186,3.5461850878640138,6449.361454506011,negative,significant_negative,40.192,long,22870.629416214186,22870.62941621419,9.787761157483232,1.5577705700163074,22870.629416214186
Fermi/GBM,glg_tte_n9_bn210826293_v00.fit,GRB210826293,2021-08-26T07:01:45.161,64.85294117647058,-77.54909782319496,58170.28952133195,4.005086876231761,14524.101803270303,positive,significant_positive,19.712,long,58170.28952133195,58170.28952133196,15.609712968422697,2.484362979170135,58170.28952133195
Fermi/GBM,glg_tte_n9_bn210827416_v00.fit,GRB210827416,2021-08-27T09:59:24.343,128.19767441860466,58.160368554338,-440.7146336292131,2.863758782920696,153.89376935571931,negative,significant_negative,8.704,long,440.7146336292131,440.7146336292132,1.3586983257706882,0.21624355471708737,440.7146336292131
Fermi/GBM,glg_tte_n9_bn210827424_v00.fit,GRB210827424,2021-08-27T10:10:16.144,308.671875,-19.15501007356374,26010.50041066237,3.172256056251072,8199.369770106523,positive,significant_positive,35.585,long,26010.50041066237,26010.500410662375,10.438032829119429,1.661264520909838,26010.50041066237
Fermi/GBM,glg_tte_n9_bn210903021_v00.fit,GRB210903021,2021-09-03T00:30:46.047,269.29687499999994,11.71976030578877,31679.68472732045,3.1058356927268864,10200.051728913602,positive,significant_positive,1.344,short,31679.68472732045,31679.684727320455,11.51952920377048,1.8333900148715172,31679.68472732045
Fermi/GBM,glg_tte_n9_bn210903077_v00.fit,GRB210903077,2021-09-03T01:50:17.389,179.29687499999997,39.065494664452594,-4220.53424573624,2.88792523427522,1461.4416591001063,negative,significant_negative,15.872,long,4220.53424573624,4220.534245736239,4.204632267809574,0.6691880093055795,4220.53424573624
Fermi/GBM,glg_tte_n9_bn210903727_v00.fit,GRB210903727,2021-09-03T17:26:58.653,155.39062499999997,21.06181760164929,44339.52849616384,3.1917499094639656,13891.918149567797,positive,significant_positive,18.176,long,44339.52849616384,44339.52849616384,13.628242096821516,2.1690020953622007,44339.52849616384
Fermi/GBM,glg_tte_n9_bn210904866_v00.fit,GRB210904866,2021-09-04T20:47:39.631,123.3984375,-38.68218745348945,58619.57326769311,2.7569246025824428,21262.668269122587,positive,significant_positive,3.904,long,58619.57326769311,58619.5732676931,15.669878567253514,2.4939386316281436,58619.57326769311
Fermi/GBM,glg_tte_n9_bn210909447_v00.fit,GRB210909447,2021-09-09T10:43:19.365,177.1875,84.14973293629666,35340.046701988525,3.3958468964657857,10406.843352911032,positive,significant_positive,1.408,short,35340.046701988525,35340.046701988525,12.166841885303809,1.9364130278636162,35340.046701988525
Fermi/GBM,glg_tte_n9_bn210912522_v00.fit,GRB210912522,2021-09-12T12:31:34.292,337.49999999999994,22.34658789836113,-12958.55206124782,3.3116284572185943,3913.045267201136,negative,significant_negative,2.56,long,12958.55206124782,12958.552061247818,7.36754069838568,1.1725805205787958,12958.55206124782
Fermi/GBM,glg_tte_n9_bn210915530_v00.fit,GRB210915530,2021-09-15T12:43:41.202,166.2890625,30.0,-55240.695480723545,3.1108652621482182,17757.341069338665,negative,significant_negative,113.41,long,55240.695480723545,55240.69548072354,15.21156415807535,2.420995627917197,55240.695480723545
Fermi/GBM,glg_tte_n9_bn210915630_v00.fit,GRB210915630,2021-09-15T15:07:34.197,155.7421875,41.81031489577859,-30870.025681551902,3.1078584454805163,9932.893091203512,negative,significant_negative,33.536,long,30870.025681551902,30870.0256815519,11.371370242692343,1.809809783852572,30870.025681551902
Fermi/GBM,glg_tte_n9_bn210917157_v00.fit,GRB210917157,2021-09-17T03:45:47.224,77.34375,-36.05358859962301,-13530.212460760104,3.015894576596172,4486.301532472898,negative,significant_negative,7.04,long,13530.212460760104,13530.212460760102,7.528294722200419,1.1981653180908238,13530.212460760104
Fermi/GBM,glg_tte_n9_bn210919653_v00.fit,GRB210919653,2021-09-19T15:39:51.957,214.02439024390245,-74.97216337375242,47908.73121240772,2.973641792113993,16111.130580509129,positive,significant_positive,1.6,short,47908.73121240772,47908.73121240772,14.166143583427266,2.254611775851985,47908.73121240772
Fermi/GBM,glg_tte_n9_bn210923124_v00.fit,GRB210923124,2021-09-23T02:59:03.493,277.8865979381443,-53.95678248481785,-14180.336342125052,3.145283323488972,4508.444831098781,negative,significant_negative,128.512,long,14180.336342125052,14180.33634212505,7.707039248016705,1.2266133929251026,14180.336342125052
Fermi/GBM,glg_tte_n9_bn210924960_v00.fit,GRB210924960,2021-09-24T23:02:52.138,112.13709677419357,43.406858485936986,-19950.98007393802,2.736329146480103,7291.147740615235,negative,significant_negative,10.24,long,19950.98007393802,19950.980073938015,9.141688569930613,1.454944924111137,19950.98007393802
Fermi/GBM,glg_tte_n9_bn210925056_v00.fit,GRB210925056,2021-09-25T01:20:08.678,47.16346153846153,-51.2558069488049,-2972.3615060185475,3.980140051755369,746.7982200042536,negative,significant_negative,4.544,long,2972.3615060185475,2972.3615060185466,3.528540599383067,0.5615846782922543,2972.3615060185475
Fermi/GBM,glg_tte_n9_bn210925800_v00.fit,GRB210925800,2021-09-25T19:12:27.965,348.046875,-17.896089316234637,25240.44604269684,3.693140564526461,6834.412501148111,positive,significant_positive,229.124,long,25240.44604269684,25240.446042696844,10.282360290715744,1.6364884669192286,25240.44604269684
Fermi/GBM,glg_tte_n9_bn210926044_v00.fit,GRB210926044,2021-09-26T01:03:30.369,291.4453125,1.1937484371410718,5260.523360586564,2.828392311746862,1859.8987625367915,positive,significant_positive,7.424,long,5260.523360586564,5260.523360586563,4.694169652332027,0.7471003038806059,5260.523360586564
Fermi/GBM,glg_tte_n9_bn210926869_v00.fit,GRB210926869,2021-09-26T20:51:18.648,347.6953125,-18.20995686428302,6841.755203395635,2.710271693741541,2524.379832174893,positive,significant_positive,6.912,long,6841.755203395635,6841.755203395635,5.353379977129398,0.8520168856093213,6841.755203395635
Fermi/GBM,glg_tte_n9_bn210927031_v00.fit,GRB210927031,2021-09-27T00:43:57.859,235.546875,9.29155323877026,-8578.144011987655,3.061717062744132,2801.7428900825025,negative,significant_negative,1.088,short,8578.144011987655,8578.144011987655,5.994334459526005,0.9540279597796486,8578.144011987655
Fermi/GBM,glg_tte_n9_bn210927996_v00.fit,GRB210927996,2021-09-27T23:54:46.168,245.625,81.21982231598935,219.73428889503447,3.794658998335619,57.906201582648784,positive,significant_positive,32.257,long,219.73428889503447,219.73428889503444,0.9593856560211974,0.15269096948723435,219.73428889503447
Fermi/GBM,glg_tte_n9_bn210928084_v00.fit,GRB210928084,2021-09-28T02:00:31.006,244.6667,-29.533,-1168.2471774424096,3.4926952598773804,334.48299680271094,negative,significant_negative,23.808,long,1168.2471774424096,1168.2471774424096,2.2121352430717507,0.35207225872266057,1168.2471774424096
Fermi/GBM,glg_tte_n9_bn210928761_v00.fit,GRB210928761,2021-09-28T18:16:13.787,41.1328125,22.02431283704216,19110.382199085765,2.770860966902401,6896.911258759269,positive,significant_positive,32.768,long,19110.382199085765,19110.38219908576,8.947032008730865,1.4239643701909268,19110.382199085765
Fermi/GBM,glg_tte_n9_bn210929154_v00.fit,GRB210929154,2021-09-29T03:41:39.256,318.51562499999994,12.94163198542334,-99980.85302129274,3.569763596884717,28007.6958341288,negative,significant_negative,1.92,short,99980.85302129274,99980.85302129273,20.464574703662397,3.2570382223612295,99980.85302129274
Fermi/GBM,glg_tte_n9_bn210929821_v00.fit,GRB210929821,2021-09-29T19:42:22.411,265.78124999999994,1.4922462896203397,5510.967473015595,3.6928745843266952,1492.324569159552,positive,significant_positive,10.752,long,5510.967473015595,5510.967473015594,4.804610969669046,0.7646775854563731,5510.967473015595
Fermi/GBM,glg_tte_n9_bn211002338_v00.fit,GRB211002338,2021-10-02T08:06:34.268,69.9609375,-4.181528273111476,-26440.240010313537,3.640599936812048,7262.605193985246,negative,significant_negative,13.568,long,26440.240010313537,26440.240010313537,10.523906991578867,1.6749318183491342,26440.240010313537
Fermi/GBM,glg_tte_n9_bn211002740_v00.fit,GRB211002740,2021-10-02T17:45:21.634,173.3203125,-20.10550978791601,-118549.75243962133,3.0269964839123578,39164.15267400547,negative,significant_negative,4.861,long,118549.75243962133,118549.75243962131,22.284075969151992,3.546620842725858,118549.75243962133
Fermi/GBM,glg_tte_n9_bn211018505_v00.fit,GRB211018505,2021-10-18T12:07:38.850,311.0625,60.43443884495229,8538.560998285571,4.232243094127033,2017.50249415831,positive,significant_positive,24.576,long,8538.560998285571,8538.560998285571,5.9804883306122845,0.9518242799203424,8538.560998285571
Fermi/GBM,glg_tte_n9_bn211018697_v00.fit,GRB211018697,2021-10-18T16:43:27.608,139.921875,-23.6433142557656,22510.348122457857,3.516501536243291,6401.347444456361,positive,significant_positive,15.104,long,22510.348122457857,22510.348122457857,9.710361770896242,1.5454520750487075,22510.348122457857
Fermi/GBM,glg_tte_n9_bn211018936_v00.fit,GRB211018936,2021-10-18T22:28:13.944,19.6875,3.8823720030295576,261.0711147177579,7.817672222131301,33.394993714200915,positive,significant_positive,123.906,long,261.0711147177579,261.07111471775784,1.0457399906680476,0.16643468870369227,261.0711147177579
Fermi/GBM,glg_tte_n9_bn211019250_v00.fit,GRB211019250,2021-10-19T05:59:31.194,110.0390625,-39.45089470914608,38.99434832833769,7.8610077382772605,4.960477031267152,positive,significant_positive,47.361,long,38.99434832833769,38.99434832833769,0.4041523776000452,0.0643228486573894,38.99434832833769
Fermi/GBM,glg_tte_n9_bn211021460_v00.fit,GRB211021460,2021-10-21T11:02:54.311,27.0703125,26.61009781073391,-8539.8392229807,3.156215400412177,2705.721295785282,negative,significant_negative,2.816,long,8539.8392229807,8539.839222980701,5.980935954152342,0.9518955214193867,8539.8392229807
Fermi/GBM,glg_tte_n9_bn211023546_v00.fit,GRB211023546,2021-10-23T13:05:43.174,76.30434782608695,81.58633629694107,-10219.322291823826,3.69118437169268,2768.5754117824013,negative,significant_negative,79.106,long,10219.322291823826,10219.322291823824,6.542675073358515,1.0412990789691365,10219.322291823826
Fermi/GBM,glg_tte_n9_bn211024065_v00.fit,GRB211024065,2021-10-24T01:34:11.399,355.4296875,2.985506005746533,-22429.7007838192,3.3524514629798854,6690.537068620873,negative,significant_negative,0.064,short,22429.7007838192,22429.700783819197,9.69295161132828,1.5426811620934475,22429.7007838192
Fermi/GBM,glg_tte_n9_bn211027244_v00.fit,GRB211027244,2021-10-27T05:51:52.696,278.0859375,18.209956864283004,-28940.309005548937,3.775173195332373,7665.95531069429,negative,significant_negative,19.968,long,28940.309005548937,28940.309005548934,11.010217204303226,1.752330492580287,28940.309005548937
Fermi/GBM,glg_tte_n9_bn211031175_v00.fit,GRB211031175,2021-10-31T04:11:39.155,70.05154639175257,-53.95678248481785,16260.40911776623,3.273891780892947,4966.691083885258,positive,significant_positive,0.128,short,16260.40911776623,16260.40911776623,8.252965675338684,1.3135002823978938,16260.40911776623
Fermi/GBM,glg_tte_n9_bn211102338_v00.fit,GRB211102338,2021-11-02T08:06:03.219,30.5,56.63719837020753,-9130.455133478508,3.2942588153543126,2771.6265312616265,negative,significant_negative,48.897,long,9130.455133478508,9130.455133478508,6.184299558426677,0.9842618442846313,9130.455133478508
Fermi/GBM,glg_tte_n9_bn211102587_v00.fit,GRB211102587,2021-11-02T14:05:35.140,300.9375,-2.686724185691605,6929.4781250236265,3.084956439385111,2246.2158740902028,positive,significant_positive,19.712,long,6929.4781250236265,6929.478125023627,5.387590379230824,0.8574616402089247,6929.4781250236265
Fermi/GBM,glg_tte_n9_bn211104765_v00.fit,GRB211104765,2021-11-04T18:21:49.113,247.95,-52.80185378173062,2211.396520806012,3.336360685577392,662.8169820983568,positive,significant_positive,39.681,long,2211.396520806012,2211.396520806012,3.0435302011399408,0.48439287596089203,2211.396520806012
Fermi/GBM,glg_tte_n9_bn211104782_v00.fit,GRB211104782,2021-11-04T18:46:10.805,16.875,18.52439107386577,-15808.927347786075,2.7310006060016963,5788.694192540306,negative,significant_negative,0.704,short,15808.927347786075,15808.927347786079,8.137584409552138,1.2951367836077654,15808.927347786075
Fermi/GBM,glg_tte_n9_bn211107848_v00.fit,GRB211107848,2021-11-07T20:20:40.217,184.2567567567568,-62.69666002027376,-2187.818975875815,3.5495000295672168,616.3738435417258,negative,significant_negative,8.384,long,2187.818975875815,2187.818975875815,3.027261914006518,0.4818036976479695,2187.818975875815
Fermi/GBM,glg_tte_n9_bn211109028_v00.fit,GRB211109028,2021-11-09T00:39:44.168,130.4296875,-32.089951256280315,-30310.632843880376,2.6483532554366875,11445.086784271323,negative,significant_negative,8.96,long,30310.632843880376,30310.632843880376,11.267869450669137,1.7933371211881526,30310.632843880376
Fermi/GBM,glg_tte_n9_bn211109113_v00.fit,GRB211109113,2021-11-09T02:42:47.336,252.9831932773109,-45.389203005400056,31400.601040668866,2.84859520603466,11023.188192603731,positive,significant_positive,285.701,long,31400.601040668866,31400.60104066887,11.468676037954822,1.8252964821600834,31400.601040668866
Fermi/GBM,glg_tte_n9_bn211112607_v00.fit,GRB211112607,2021-11-12T14:34:22.373,137.8125,-2.686724185691605,25600.19906542802,3.20124235471336,7996.957502369505,positive,significant_positive,111.618,long,25600.19906542802,25600.199065428016,10.355378461738933,1.6481096697730986,25600.19906542802
Fermi/GBM,glg_tte_n9_bn211115688_v00.fit,GRB211115688,2021-11-15T16:31:22.410,119.53125,-12.32998415024295,-2748.748884263997,3.3612016426926075,817.7875582799061,negative,significant_negative,8.96,long,2748.748884263997,2748.7488842639973,3.3932185903390533,0.5400475116437734,2748.748884263997
Fermi/GBM,glg_tte_n9_bn211116487_v00.fit,GRB211116487,2021-11-16T11:40:59.976,13.181818181818183,-53.18725897079299,-1110.2128530058665,3.391262966218519,327.374451366662,negative,significant_negative,14.848,long,1110.2128530058665,1110.2128530058667,2.15648990813751,0.34321602860787204,1110.2128530058665
Fermi/GBM,glg_tte_n9_bn211116586_v00.fit,GRB211116586,2021-11-16T14:03:53.348,275.9765625,-34.228866327812575,45128.722479520366,2.777017740162109,16250.786527883673,positive,significant_positive,19.968,long,45128.722479520366,45128.72247952036,13.748990896670865,2.1882198637306387,45128.722479520366
Fermi/GBM,glg_tte_n9_bn211118985_v00.fit,GRB211118985,2021-11-18T23:38:14.587,123.8333,76.1,-5189.260235628635,3.270661939686904,1586.6085616067664,negative,significant_negative,7.168,long,5189.260235628635,5189.260235628635,4.662265805924062,0.7420226490211337,5189.260235628635
Fermi/GBM,glg_tte_n9_bn211120548_v00.fit,GRB211120548,2021-11-20T13:09:46.838,47.34782608695652,46.96497733995481,-26569.51489845649,3.2825210642553206,8094.240487222619,negative,significant_negative,36.097,long,26569.51489845649,26569.51489845649,10.549603013980224,1.6790214673321102,26569.51489845649
Fermi/GBM,glg_tte_n9_bn211121434_v00.fit,GRB211121434,2021-11-21T10:24:53.132,98.0859375,-31.388166464348547,-1569.8610850229363,3.909805901726129,401.51893073000446,negative,significant_negative,333.064,long,1569.8610850229363,1569.8610850229365,2.5643359249168998,0.408126738198652,1569.8610850229363
Fermi/GBM,glg_tte_n9_bn211124104_v00.fit,GRB211124104,2021-11-24T02:29:53.557,94.9667,-61.433,-20350.87128947253,2.93197727556602,6941.005804877455,negative,significant_negative,0.512,short,20350.87128947253,20350.87128947253,9.232850606189354,1.469453812804038,20350.87128947253
Fermi/GBM,glg_tte_n9_bn211129410_v00.fit,GRB211129410,2021-11-29T09:51:06.360,290.0667,27.283,-7118.974421149066,2.880992078901684,2471.0149233950765,negative,significant_negative,111.106,long,7118.974421149066,7118.974421149066,5.460759134354314,0.8691068092667085,7118.974421149066
Fermi/GBM,glg_tte_n9_bn211130636_v00.fit,GRB211130636,2021-11-30T15:16:27.028,18.28125,-24.29647799480565,-12289.296142595846,2.8501291399558464,4311.838355081071,negative,significant_negative,218.629,long,12289.296142595846,12289.296142595846,7.17476712554663,1.1418996535639754,12289.296142595846
Fermi/GBM,glg_tte_n9_bn211201863_v00.fit,GRB211201863,2021-12-01T20:42:52.881,339.609375,-7.481631264246963,-24620.90562011743,3.0917947402757515,7963.305357690575,negative,significant_negative,54.785,long,24620.90562011743,24620.905620117435,10.155383217511691,1.6162794380594623,24620.90562011743
Fermi/GBM,glg_tte_n9_bn211204144_v00.fit,GRB211204144,2021-12-04T03:27:36.437,34.90654205607477,-50.091456801832585,20419.737115706423,2.800713913818798,7290.9042994198335,positive,significant_positive,77.056,long,20419.737115706423,20419.73711570642,9.248459050814041,1.4719379739200331,20419.737115706423
Fermi/GBM,glg_tte_n9_bn211204493_v00.fit,GRB211204493,2021-12-04T11:50:05.858,266.8359375,13.24801490567694,-27359.369734338456,3.100266758129912,8824.843753394205,negative,significant_negative,139.266,long,27359.369734338456,27359.36973433845,10.70526318930675,1.703795553677878,27359.369734338456
Fermi/GBM,glg_tte_n9_bn211204901_v00.fit,GRB211204901,2021-12-04T21:37:00.552,347.07446808510633,55.1079364250982,-21280.77922348097,3.1117335844617897,6838.882136229451,negative,significant_negative,17.408,long,21280.77922348097,21280.77922348097,9.441436308186315,1.5026512583351475,21280.77922348097
Fermi/GBM,glg_tte_n9_bn211207416_v00.fit,GRB211207416,2021-12-07T09:59:09.093,54.84375,-33.15288792861988,47029.512082886366,3.311335521859317,14202.58133687379,positive,significant_positive,120.322,long,47029.512082886366,47029.51208288638,14.03555341084482,2.2338277043662647,47029.512082886366
Fermi/GBM,glg_tte_n9_bn211210937_v00.fit,GRB211210937,2021-12-10T22:29:51.290,307.6171875,-4.78019184719916,22770.031459598857,2.955422109516588,7704.493847521261,positive,significant_positive,11.776,long,22770.031459598857,22770.031459598853,9.766211381116305,1.5543408165849861,22770.031459598857
Fermi/GBM,glg_tte_n9_bn211211909_v00.fit,GRB211211909,2021-12-11T21:48:42.842,228.3644859813084,50.091456801832585,70579.62579158429,3.1405082130926028,22473.95039355152,positive,significant_positive,54.272,long,70579.62579158429,70579.6257915843,17.194279431638805,2.7365545644486207,70579.62579158429
Fermi/GBM,glg_tte_n9_bn211212394_v00.fit,GRB211212394,2021-12-12T09:28:03.511,144.140625,-2.0893716714986184,20537.982635089065,4.3760294731839,4693.291661069662,positive,significant_positive,42.496,long,20537.982635089065,20537.982635089065,9.275198137394913,1.476193631723141,20537.982635089065
Fermi/GBM,glg_tte_n9_bn211212532_v00.fit,GRB211212532,2021-12-12T12:46:26.439,42.5390625,-25.282603043312,39140.17314975874,3.4971963020554018,11191.871936601026,positive,significant_positive,21.504,long,39140.17314975874,39140.17314975874,12.804295134967512,2.037866863537587,39140.17314975874
Fermi/GBM,glg_tte_n9_bn211216282_v00.fit,GRB211216282,2021-12-16T06:45:52.056,45.0,-63.82365762183778,1149.0933787566753,3.533093802271206,325.2371556107553,positive,significant_positive,20.224,long,1149.0933787566753,1149.0933787566753,2.1939259534726463,0.34917416027277126,1149.0933787566753
Fermi/GBM,glg_tte_n9_bn211216556_v00.fit,GRB211216556,2021-12-16T13:21:07.392,99.44444444444446,60.05627904951215,34320.94725837664,3.0943994221963456,11091.311293619712,positive,significant_positive,28.416,long,34320.94725837664,34320.94725837664,11.990131262620872,1.9082886587667802,34320.94725837664
Fermi/GBM,glg_tte_n9_bn211217295_v00.fit,GRB211217295,2021-12-17T07:04:30.327,8.4375,5.079715792733466,-29989.657765177293,2.623371885270596,11431.72187426409,negative,significant_negative,4.096,long,29989.657765177293,29989.657765177293,11.20804999505582,1.783816559134227,29989.657765177293
Fermi/GBM,glg_tte_n9_bn211219622_v00.fit,GRB211219622,2021-12-19T14:55:22.567,58.71093749999999,-29.31319896416834,-114650.90274170664,2.738685048530946,41863.48583719269,negative,significant_negative,31.741,long,114650.90274170664,114650.90274170664,21.914574565215222,3.4878128678099256,114650.90274170664
Fermi/GBM,glg_tte_n9_bn211219910_v01.fit,GRB211219910,2021-12-19T21:49:46.008,67.1917808219178,-63.07261938698223,-1750.5774913218258,2.691295670342908,650.4590003293018,negative,significant_negative,73.729,long,1750.5774913218258,1750.577491321826,2.707914667852072,0.4309780048597052,1750.5774913218258
Fermi/GBM,glg_tte_n9_bn211221867_v00.fit,GRB211221867,2021-12-21T20:48:40.580,75.58593749999999,5.379378991112076,39860.940626131,2.690135435058491,14817.447518312145,positive,significant_positive,14.592,long,39860.940626131,39860.94062613099,12.921653054014003,2.056544956464814,39860.940626131
Fermi/GBM,glg_tte_n9_bn211222768_v00.fit,GRB211222768,2021-12-22T18:26:12.228,100.45454545454544,-53.18725897079299,6350.985017427339,3.447622484231264,1842.13470195054,positive,significant_positive,1.024,short,6350.985017427339,6350.985017427341,5.1578041676419595,0.8208900287801967,6350.985017427339
Fermi/GBM,glg_tte_n9_bn211223350_v00.fit,GRB211223350,2021-12-23T08:23:22.258,291.4453125,40.228184728061095,24020.10499694792,2.7103191639000643,8862.463623060445,positive,significant_positive,57.088,long,24020.10499694792,24020.104996947917,10.030711865523607,1.596437376128609,24020.10499694792
Fermi/GBM,glg_tte_n9_bn211224980_v00.fit,GRB211224980,2021-12-24T23:31:40.061,221.45669291338584,-42.210369839650205,3309.5561672459125,2.6162490484243297,1265.000428471875,positive,significant_positive,0.192,short,3309.5561672459125,3309.5561672459125,3.723309879065946,0.5925831719162323,3309.5561672459125
Fermi/GBM,glg_tte_n9_bn211225014_v00.fit,GRB211225014,2021-12-25T00:20:28.067,123.75,16.02410030815585,13219.690438145366,3.139652075712112,4210.559042643913,positive,significant_positive,9.472,long,13219.690438145366,13219.690438145364,7.441405096996911,1.1843364047362834,13219.690438145366
Fermi/GBM,glg_tte_n9_bn211229145_v00.fit,GRB211229145,2021-12-29T03:29:15.901,294.60937499999994,22.34658789836113,-89018.84637697868,3.291919553290547,27041.62265690756,negative,significant_negative,119.807,long,89018.84637697868,89018.84637697868,19.310133913188505,3.073303264050395,89018.84637697868
Fermi/GBM,glg_tte_n9_bn211231292_v01.fit,GRB211231292,2021-12-31T07:00:31.787,289.3359375,-16.957763300004153,46939.57956136625,3.018888447784325,15548.630025007038,positive,significant_positive,9.216,long,46939.57956136625,46939.579561366256,14.022127195380964,2.2316908558081754,46939.57956136625
Fermi/GBM,glg_tte_n9_bn220101215_v00.fit,GRB220101215,2022-01-01T05:10:11.734,3.8,35.583,-14760.793156798763,3.5346547878631047,4176.021151339219,negative,significant_negative,128.259,long,14760.793156798763,14760.793156798762,7.863196919197474,1.2514666581952407,14760.793156798763
Fermi/GBM,glg_tte_n9_bn220101930_v00.fit,GRB220101930,2022-01-01T22:18:30.632,30.5859375,-25.944479772370013,-34849.32407502051,2.8413235884504946,12265.172547286478,negative,significant_negative,34.56,long,34849.32407502051,34849.32407502051,12.082073800837026,1.9229217682042965,34849.32407502051
Fermi/GBM,glg_tte_n9_bn220103877_v00.fit,GRB220103877,2022-01-03T21:03:12.889,36.5625,-16.024100308155862,-25479.174607535988,3.10480716279479,8206.362995053427,negative,significant_negative,6.912,long,25479.174607535988,25479.174607535988,10.330872035897496,1.644209350962919,25479.174607535988
Fermi/GBM,glg_tte_n9_bn220104167_v00.fit,GRB220104167,2022-01-04T04:01:02.604,197.9296875,41.01449966573052,-31238.84380862796,2.9629279689654022,10543.234306008446,negative,significant_negative,2.624,long,31238.84380862796,31238.843808627953,11.439097995665252,1.8205889905227173,31238.84380862796
Fermi/GBM,glg_tte_n9_bn220107615_v00.fit,GRB220107615,2022-01-07T14:45:31.927,168.74999999999997,34.59057497617661,-14379.592110934387,3.180848509460848,4520.67807321378,negative,significant_negative,33.025,long,14379.592110934387,14379.59211093439,7.760998298099648,1.235201242470346,14379.592110934387
Fermi/GBM,glg_tte_n9_bn220107793_v00.fit,GRB220107793,2022-01-07T19:01:33.520,219.375,20.42361536381095,118.70021170831076,3.442773772341475,34.478074819183135,positive,significant_positive,24.833,long,118.70021170831076,118.70021170831075,0.7051313949256854,0.11222514703170625,118.70021170831076
Fermi/GBM,glg_tte_n9_bn220111807_v00.fit,GRB220111807,2022-01-11T19:21:49.433,148.7109375,0.0,-20.29094363702304,4.295883701954227,4.723345659425684,negative,significant_negative,10.496,long,20.29094363702304,20.290943637023044,0.29153817237650864,0.04639974123369841,20.29094363702304
Fermi/GBM,glg_tte_n9_bn220114168_v00.fit,GRB220114168,2022-01-14T04:02:16.627,45.0,41.41118863809925,-25510.341955144148,2.599524507678189,9813.464685481713,negative,significant_negative,8.192,long,25510.341955144148,25510.341955144148,10.337188713690928,1.6452146814576625,25510.341955144148
Fermi/GBM,glg_tte_n9_bn220114585_v00.fit,GRB220114585,2022-01-14T14:01:47.413,203.203125,-12.32998415024295,-20170.119313787207,3.647972845980762,5529.130880458745,negative,significant_negative,0.704,short,20170.119313787207,20170.11931378721,9.191757079631982,1.4629135749233542,20170.119313787207
Fermi/GBM,glg_tte_n9_bn220115709_v00.fit,GRB220115709,2022-01-15T17:00:27.581,101.953125,11.110881800003272,-64401.0852209805,2.9205827444707366,22050.7654997637,negative,significant_negative,25.345,long,64401.0852209805,64401.08522098051,16.424452348594663,2.61403277885613,64401.0852209805
Fermi/GBM,glg_tte_n9_bn220115943_v00.fit,GRB220115943,2022-01-15T22:37:50.514,317.81249999999994,-14.78593022605343,9241.157101828476,2.967623742519156,3113.992171387551,positive,significant_positive,36.608,long,9241.157101828476,9241.157101828476,6.221677293867893,0.990210695641682,9241.157101828476
Fermi/GBM,glg_tte_n9_bn220117199_v00.fit,GRB220117199,2022-01-17T04:45:55.965,288.28125,13.554784037178988,-116780.89556142256,3.4467343931663867,33881.605670850746,negative,significant_negative,115.458,long,116780.89556142256,116780.89556142257,22.117203065348686,3.5200621952174633,116780.89556142256
Fermi/GBM,glg_tte_n9_bn220118764_v00.fit,GRB220118764,2022-01-18T18:20:35.838,191.25,24.29647799480565,-22219.25935871884,2.9082951836310404,7639.960167653216,negative,significant_negative,18.944,long,22219.25935871884,22219.25935871883,9.6473735264791,1.535427184593039,22219.25935871884
Fermi/GBM,glg_tte_n9_bn220120619_v00.fit,GRB220120619,2022-01-20T14:51:55.915,250.875,-44.99388015045713,11371.318253896725,3.292172045116591,3454.047388186851,positive,significant_positive,1.28,short,11371.318253896725,11371.318253896728,6.9015988377644275,1.0984235702674885,11371.318253896725
Fermi/GBM,glg_tte_n9_bn220124074_v00.fit,GRB220124074,2022-01-24T01:47:00.032,273.4090909090909,-65.69633519657744,-16310.45995365704,3.2651902799106014,4995.2555763775,negative,significant_negative,53.76,long,16310.45995365704,16310.459953657044,8.265657559410462,1.3155202584850667,16310.45995365704
Fermi/GBM,glg_tte_n9_bn220129873_v00.fit,GRB220129873,2022-01-29T20:57:30.405,253.125,5.079715792733466,-3510.2857783876507,2.711019865270125,1294.8211200355358,negative,significant_negative,2.048,long,3510.2857783876507,3510.28577838765,3.8345600379327953,0.6102891846196501,3510.2857783876507
Fermi/GBM,glg_tte_n9_bn220130968_v00.fit,GRB220130968,2022-01-30T23:14:35.949,357.87735849056605,-50.48004426244295,9941.00726053466,3.323747418602964,2990.903341479859,positive,significant_positive,61.441,long,9941.00726053466,9941.007260534658,6.452967831830403,1.027021728048799,9941.00726053466
Fermi/GBM,glg_tte_n9_bn220131236_v00.fit,GRB220131236,2022-01-31T05:40:28.513,73.828125,-26.27681155719998,39969.94042915161,2.8767215705688214,13894.267988280928,positive,significant_positive,84.738,long,39969.94042915161,39969.94042915161,12.939308132799288,2.059354849524169,39969.94042915161
Fermi/GBM,glg_tte_n9_bn220209959_v00.fit,GRB220209959,2022-02-09T23:00:50.423,351.73469387755097,72.0176251134728,200.79074914718936,3.4027059849288386,59.00913861982952,positive,significant_positive,200.196,long,200.79074914718936,200.7907491471894,0.9170988623040965,0.14596081723965046,200.79074914718936
Fermi/GBM,glg_tte_n9_bn220210998_v00.fit,GRB220210998,2022-02-10T23:56:38.371,6.346153846153845,61.18977627871704,-46058.80857400102,3.117267218442393,14775.380275873576,negative,significant_negative,43.52,long,46058.80857400102,46058.80857400102,13.889949107138834,2.2106540596960036,46058.80857400102
Fermi/GBM,glg_tte_n9_bn220211047_v00.fit,GRB220211047,2022-02-11T01:07:48.877,206.7857142857143,42.60980697763761,-30689.826593176444,3.1584337962815727,9716.78641145102,negative,significant_negative,0.448,short,30689.826593176444,30689.82659317644,11.338132342678417,1.8045198077673614,30689.826593176444
Fermi/GBM,glg_tte_n9_bn220211657_v00.fit,GRB220211657,2022-02-11T15:46:28.962,3.5217391304347827,46.96497733995481,91519.35841474944,3.3812795248831207,27066.487032867524,positive,significant_positive,152.579,long,91519.35841474944,91519.35841474947,19.579463528810933,3.1161684036977446,91519.35841474944
Fermi/GBM,glg_tte_n9_bn220214002_v00.fit,GRB220214002,2022-02-14T00:02:40.608,126.5625,16.64603991239297,24501.35070878728,3.496739034845496,7006.91428917854,positive,significant_positive,78.082,long,24501.35070878728,24501.350708787275,10.130696809845029,1.6123504742521313,24501.35070878728
Fermi/GBM,glg_tte_n9_bn220219473_v00.fit,GRB220219473,2022-02-19T11:21:34.096,42.5390625,8.989299345162804,-73779.39281789331,2.789005339725674,26453.657785090592,negative,significant_negative,79.618,long,73779.39281789331,73779.39281789331,17.579715525305833,2.7978986240017587,73779.39281789331
Fermi/GBM,glg_tte_n9_bn220222098_v00.fit,GRB220222098,2022-02-22T02:21:17.836,27.421875,-8.084013907099306,-609.0521977772851,3.1399228874273843,193.970431635758,negative,significant_negative,9.152,long,609.0521977772851,609.0521977772851,1.5972450908527205,0.2542094515384739,609.0521977772851
Fermi/GBM,glg_tte_n9_bn220222808_v00.fit,GRB220222808,2022-02-22T19:24:07.136,191.6015625,-32.79716829582364,-42728.70896324533,3.047099798667261,14022.746804004908,negative,significant_negative,10.752,long,42728.70896324533,42728.70896324533,13.37840041142477,2.1292385561408986,42728.70896324533
Fermi/GBM,glg_tte_n9_bn220223094_v00.fit,GRB220223094,2022-02-23T02:15:16.995,25.6640625,-20.10550978791601,-39442.00427805031,3.116138606594507,12657.333083509648,negative,significant_negative,8.704,long,39442.00427805031,39442.00427805031,12.853570755904371,2.0457093221836105,39442.00427805031
Fermi/GBM,glg_tte_n9_bn220228438_v00.fit,GRB220228438,2022-02-28T10:30:05.923,320.27343749999994,-16.957763300004153,-58449.71013710046,2.5646964693013103,22790.10823960142,negative,significant_negative,12.032,long,58449.71013710046,58449.71013710046,15.647158633275572,2.4903226418288327,58449.71013710046
Fermi/GBM,glg_tte_n9_bn220304228_v00.fit,GRB220304228,2022-03-04T05:28:58.787,245.390625,-36.05358859962301,-10330.090518649944,2.920174603157001,3537.4907060290443,negative,significant_negative,31.489,long,10330.090518649944,10330.090518649946,6.578037851751665,1.0469272399518696,10330.090518649944
Fermi/GBM,glg_tte_n9_bn220305481_v00.fit,GRB220305481,2022-03-05T11:33:20.478,174.37499999999997,-33.15288792861988,-49.468717915308645,5.206807891245714,9.500776473524432,negative,significant_negative,172.803,long,49.468717915308645,49.46871791530864,0.45520773394900255,0.07244856099164414,49.468717915308645
Fermi/GBM,glg_tte_n9_bn220305676_v00.fit,GRB220305676,2022-03-05T16:13:02.180,108.6328125,-37.168899655999454,-45029.434121017606,3.85123230485324,11692.214480095756,negative,significant_negative,27.137,long,45029.434121017606,45029.4341210176,13.73385789110957,2.1858113710917215,45029.434121017606
Fermi/GBM,glg_tte_n9_bn220306306_v01.fit,GRB220306306,2022-03-06T07:20:00.522,186.328125,-30.34518296958825,9740.406530096385,2.947451880533326,3304.687209459687,positive,significant_positive,4.925,long,9740.406530096385,9740.406530096385,6.387528431553564,1.016606724021771,9740.406530096385
Fermi/GBM,glg_tte_n9_bn220306761_v00.fit,GRB220306761,2022-03-06T18:15:36.243,329.71153846153845,70.90666664467562,39101.54557628559,3.652678281576149,10704.89721843586,positive,significant_positive,13.312,long,39101.54557628559,39101.545576285585,12.797975273532673,2.0368610263505764,39101.54557628559
Fermi/GBM,glg_tte_n9_bn220308233_v00.fit,GRB220308233,2022-03-08T05:35:30.099,291.4453125,25.94447977237,28280.135120478008,2.995018966000234,9442.389327585914,positive,significant_positive,32.768,long,28280.135120478008,28280.135120478,10.88391257695016,1.7322284868016666,28280.135120478008
Fermi/GBM,glg_tte_n9_bn220309253_v00.fit,GRB220309253,2022-03-09T06:04:43.984,148.7109375,-2.985506005746545,-1349.566552503799,2.8680868752862376,470.5459113295203,negative,significant_negative,62.208,long,1349.566552503799,1349.5665525037987,2.377614593628507,0.37840911534340493,1349.566552503799
Fermi/GBM,glg_tte_n9_bn220310122_v00.fit,GRB220310122,2022-03-10T02:55:07.867,62.36842105263158,69.0509806793522,99848.7936021336,3.149108992542714,31706.998340985265,positive,significant_positive,5.376,long,99848.7936021336,99848.79360213362,20.45105495079301,3.254886486862686,99848.7936021336
Fermi/GBM,glg_tte_n9_bn220310933_v00.fit,GRB220310933,2022-03-10T22:23:51.427,289.9596774193548,43.406858485936986,-42940.2596262021,3.907613790182337,10988.869917003343,negative,significant_negative,16.384,long,42940.2596262021,42940.25962620209,13.41147787953363,2.134502998695388,42940.2596262021
Fermi/GBM,glg_tte_n9_bn220311690_v00.fit,GRB220311690,2022-03-11T16:33:18.401,132.70408163265304,53.57223328098856,6088.363873253352,3.692611302670692,1648.796305435648,positive,significant_positive,10.496,long,6088.363873253352,6088.363873253353,5.05003752020309,0.803738434139859,6088.363873253352
Fermi/GBM,glg_tte_n9_bn220314898_v00.fit,GRB220314898,2022-03-14T21:32:57.716,175.078125,0.895282986570128,-739.6916365574593,3.0275670134707102,244.3188320081145,negative,significant_negative,30.465,long,739.6916365574593,739.6916365574593,1.7602309739844657,0.28014946049308914,739.6916365574593
Fermi/GBM,glg_tte_n9_bn220315101_v00.fit,GRB220315101,2022-03-15T02:25:56.875,230.1428571428572,-77.18138188096611,-1880.401690073336,2.7370607469747323,687.0149638263382,negative,significant_negative,0.768,short,1880.401690073336,1880.4016900733357,2.806529561654921,0.44667305267091095,1880.401690073336
Fermi/GBM,glg_tte_n9_bn220316476_v00.fit,GRB220316476,2022-03-16T11:25:37.875,222.45967741935485,43.406858485936986,4970.591688648478,2.6138388288354166,1901.644291841476,positive,significant_positive,48.129,long,4970.591688648478,4970.591688648479,4.562977731416558,0.726220461173188,4970.591688648478
Fermi/GBM,glg_tte_n9_bn220317534_v00.fit,GRB220317534,2022-03-17T12:48:30.664,174.0234375,-10.19991809111631,-52610.892027858485,2.830740788386142,18585.55620624413,negative,significant_negative,14.336,long,52610.892027858485,52610.892027858485,14.845066156517055,2.3626656593358932,52610.892027858485
Fermi/GBM,glg_tte_n9_bn220320194_v00.fit,GRB220320194,2022-03-20T04:39:54.512,114.35,-47.067,-52008.66208559533,3.180211387205414,16353.83807970625,negative,significant_negative,19.968,long,52008.66208559533,52008.66208559533,14.759856852564223,2.3491041774143806,52008.66208559533
Fermi/GBM,glg_tte_n9_bn220321282_v00.fit,GRB220321282,2022-03-21T06:46:22.002,170.50781249999997,27.279612735978088,63551.24591828494,2.854485495752226,22263.64296222765,positive,significant_positive,2.24,long,63551.24591828494,63551.24591828496,16.315723594265844,2.5967280601484743,63551.24591828494
Fermi/GBM,glg_tte_n9_bn220323507_v00.fit,GRB220323507,2022-03-23T12:10:11.567,353.7,71.6475002354226,-107719.8988573606,3.013422957621243,35746.69084700719,negative,significant_negative,0.448,short,107719.8988573606,107719.89885736059,21.241846840477237,3.3807449250629116,107719.8988573606
Fermi/GBM,glg_tte_n9_bn220324110_v00.fit,GRB220324110,2022-03-24T02:39:04.314,191.4705882352941,71.27718213797779,-55570.6981499656,3.1177706580666595,17823.85693001075,negative,significant_negative,44.289,long,55570.6981499656,55570.698149965596,15.256932722002713,2.428216259127218,55570.6981499656
Fermi/GBM,glg_tte_n9_bn220325879_v00.fit,GRB220325879,2022-03-25T21:06:13.456,266.484375,21.06181760164929,13011.509189742528,2.901525235470268,4484.368783245711,positive,significant_positive,15.872,long,13011.509189742528,13011.509189742526,7.382579646944665,1.1749740435808629,13011.509189742528
Fermi/GBM,glg_tte_n9_bn220326173_v00.fit,GRB220326173,2022-03-26T04:09:32.482,182.8125,-27.615881983844705,11150.072313647914,2.926116575216322,3810.535919206709,positive,significant_positive,23.552,long,11150.072313647914,11150.072313647912,6.834128597712243,1.0876853480515865,11150.072313647914
Fermi/GBM,glg_tte_n9_bn220330520_v00.fit,GRB220330520,2022-03-30T12:28:09.273,324.1216216216216,62.69666002027376,-61459.92193897637,3.1440094851244367,19548.262252314373,negative,significant_negative,0.32,short,61459.92193897637,61459.92193897639,16.045021626813735,2.55364450392377,61459.92193897637
Fermi/GBM,glg_tte_n9_bn220401429_v00.fit,GRB220401429,2022-04-01T10:17:40.891,9.356435643564357,52.41601188939429,-6427.442118726408,3.211218090495699,2001.558890612203,negative,significant_negative,39.169,long,6427.442118726408,6427.442118726407,5.188757711509823,0.825816438292979,6427.442118726408
Fermi/GBM,glg_tte_n9_bn220401896_v00.fit,GRB220401896,2022-04-01T21:29:49.486,352.5,42.60980697763761,-749.9389464126181,2.882160687636407,260.2002551868909,negative,significant_negative,32.0,long,749.9389464126181,749.9389464126182,1.7723817063265466,0.2820833096075179,749.9389464126181
Fermi/GBM,glg_tte_n9_bn220403424_v00.fit,GRB220403424,2022-04-03T10:10:02.661,56.9758064516129,-43.40685848593699,240.81744941231412,5.84636957685336,41.19093845277008,positive,significant_positive,6.912,long,240.81744941231412,240.81744941231406,1.004357393182299,0.15984844375585316,240.81744941231412
Fermi/GBM,glg_tte_n9_bn220403863_v00.fit,GRB220403863,2022-04-03T20:42:39.048,187.5333,84.833,-1798.8942136131031,2.58936971517514,694.722813459425,negative,significant_negative,29.184,long,1798.8942136131031,1798.8942136131031,2.7450301385284432,0.436885115483032,1798.8942136131031
Fermi/GBM,glg_tte_n9_bn220404741_v00.fit,GRB220404741,2022-04-04T17:47:23.327,27.0703125,-12.63562509302113,-72000.56641362702,3.0108958980426346,23913.33637952549,negative,significant_negative,82.176,long,72000.56641362702,72000.56641362702,17.36649841886593,2.7639640675600976,72000.56641362702
Fermi/GBM,glg_tte_n9_bn220405258_v00.fit,GRB220405258,2022-04-05T06:11:39.121,29.53125,-22.346587898361143,-43959.41266035386,2.8962448297234062,15178.072036317462,negative,significant_negative,8.192,long,43959.41266035386,43959.41266035385,13.569699965727064,2.1596848258193853,43959.41266035386
Fermi/GBM,glg_tte_n9_bn220407167_v00.fit,GRB220407167,2022-04-07T04:00:42.152,60.8203125,-14.477512185929934,-39110.95352670364,3.1719576611568425,12330.225590854674,negative,significant_negative,1.408,short,39110.95352670364,39110.95352670364,12.799514796761319,2.03710604908242,39110.95352670364
Fermi/GBM,glg_tte_n9_bn220408240_v00.fit,GRB220408240,2022-04-08T05:46:04.405,192.7981651376147,49.31283855921746,21158.52230713681,3.362429907467719,6292.628512536493,positive,significant_positive,17.92,long,21158.52230713681,21158.52230713681,9.414276976374182,1.4983287164261736,21158.52230713681
Fermi/GBM,glg_tte_n9_bn220408311_v00.fit,GRB220408311,2022-04-08T07:28:04.645,92.97169811320757,-50.48004426244295,1328.8564442841068,4.353312488740175,305.2517933691157,positive,significant_positive,32.513,long,1328.8564442841068,1328.8564442841068,2.359300925567686,0.375494404545381,1328.8564442841068
Fermi/GBM,glg_tte_n9_bn220411306_v00.fit,GRB220411306,2022-04-11T07:20:00.530,178.24218749999997,25.94447977237,5370.6325157900965,2.849002641137987,1885.092150579715,positive,significant_positive,22.272,long,5370.6325157900965,5370.6325157900965,4.743042575778637,0.7548786712304857,5370.6325157900965
Fermi/GBM,glg_tte_n9_bn220412713_v00.fit,GRB220412713,2022-04-12T17:06:49.041,327.65624999999994,-0.895282986570128,-145418.82838378375,3.685890454438292,39452.8351239198,negative,significant_negative,0.16,short,145418.82838378375,145418.82838378375,24.6805381611809,3.928029646520097,145418.82838378375
Fermi/GBM,glg_tte_n9_bn220413167_v00.fit,GRB220413167,2022-04-13T04:01:04.779,243.94736842105263,-83.05156816397722,1680.2714410581725,3.3068773430471223,508.11423187226114,positive,significant_positive,0.512,short,1680.2714410581725,1680.2714410581725,2.652980315359838,0.4222349311150136,1680.2714410581725
Fermi/GBM,glg_tte_n9_bn220415645_v00.fit,GRB220415645,2022-04-15T15:28:59.684,298.33333333333337,-80.11972495915612,5758.178955642092,3.37310718099078,1707.08449114586,positive,significant_positive,23.04,long,5758.178955642092,5758.178955642094,4.911191668709411,0.7816404305468369,5758.178955642092
Fermi/GBM,glg_tte_n9_bn220417578_v00.fit,GRB220417578,2022-04-17T13:52:35.964,107.578125,11.71976030578877,50808.446468235445,2.9215651550302493,17390.831205922357,positive,significant_positive,16.896,long,50808.446468235445,50808.44646823545,14.588554516694186,2.321840563897476,50808.446468235445
Fermi/GBM,glg_tte_n9_bn220418661_v00.fit,GRB220418661,2022-04-18T15:51:58.878,336.6,62.320400827275,-77271.03994927646,3.087582305363312,25026.390329758047,negative,significant_negative,2.752,long,77271.03994927646,77271.03994927644,17.990891452431896,2.863339305284265,77271.03994927646
Fermi/GBM,glg_tte_n9_bn220418720_v00.fit,GRB220418720,2022-04-18T17:16:21.651,217.6171875,-23.969482317759688,-91.05174077400346,2.839756676566861,32.06321919245593,negative,significant_negative,2.432,long,91.05174077400346,91.05174077400348,0.6175731858516004,0.09828982524929196,91.05174077400346
Fermi/GBM,glg_tte_n9_bn220421346_v00.fit,GRB220421346,2022-04-21T08:17:54.527,74.17968749999999,22.66960987175037,77448.55783627562,4.199203513581962,18443.630461294608,positive,significant_positive,6.429,long,77448.55783627562,77448.55783627562,18.01154519855039,2.866626451072388,77448.55783627562
Fermi/GBM,glg_tte_n9_bn220424481_v00.fit,GRB220424481,2022-04-24T11:32:49.172,235.0446428571429,48.14120779436029,72060.34046805797,3.361289607495637,21438.30162904269,positive,significant_positive,39.425,long,72060.34046805797,72060.34046805797,17.37370565844183,2.7651111353646494,72060.34046805797
Fermi/GBM,glg_tte_n9_bn220426285_v00.fit,GRB220426285,2022-04-26T06:49:51.234,335.39062499999994,-21.061817601649302,1690.3243711712198,7.366242013550092,229.4690247838577,positive,significant_positive,5.632,long,1690.3243711712198,1690.3243711712196,2.6609047650890703,0.4234961464607041,1690.3243711712198
Fermi/GBM,glg_tte_n9_bn220426299_v00.fit,GRB220426299,2022-04-26T07:10:36.182,138.51562499999997,-11.719760305788782,58509.30795106749,2.895511407477937,20206.899478952688,positive,significant_positive,87.554,long,58509.30795106749,58509.30795106749,15.65513385552043,2.4915919378713585,58509.30795106749
Fermi/GBM,glg_tte_n9_bn220430900_v00.fit,GRB220430900,2022-04-30T21:35:59.799,18.75,-85.61313403601545,2147.59528730898,3.575327045085857,600.6710044220328,positive,significant_positive,30.464,long,2147.59528730898,2147.59528730898,2.999304269880812,0.47735410038815934,2147.59528730898
Fermi/GBM,glg_tte_n9_bn220501828_v00.fit,GRB220501828,2022-05-01T19:51:50.736,72.0703125,12.635625093021115,-10290.2492339678,3.0307965284916687,3395.2293191680974,negative,significant_negative,51.201,long,10290.2492339678,10290.249233967801,6.565340447840842,1.0449063853550278,10290.2492339678
Fermi/GBM,glg_tte_n9_bn220507423_v00.fit,GRB220507423,2022-05-07T10:09:05.746,223.21782178217825,52.41601188939429,-24719.614109463684,2.7141817033265108,9107.575251563754,negative,significant_negative,5.95,long,24719.614109463684,24719.61410946368,10.175719996531987,1.6195161369671098,24719.614109463684
Fermi/GBM,glg_tte_n9_bn220508939_v00.fit,GRB220508939,2022-05-08T22:32:49.516,344.1796875,-2.985506005746545,32389.93118601501,3.277112106150343,9883.681160991406,positive,significant_positive,57.601,long,32389.93118601501,32389.93118601501,11.64794516151604,1.853828049318603,32389.93118601501
Fermi/GBM,glg_tte_n9_bn220510147_v00.fit,GRB220510147,2022-05-10T03:31:06.351,111.09375,-11.719760305788782,-22661.23590073326,3.08260109686539,7351.335832513922,negative,significant_negative,1.472,short,22661.23590073326,22661.235900733267,9.742851890968332,1.5506230382598298,22661.23590073326
Fermi/GBM,glg_tte_n9_bn220511571_v00.fit,GRB220511571,2022-05-11T13:41:56.870,285.46875,17.896089316234637,-43830.944471333634,3.1294412766803323,14005.9967886117,negative,significant_negative,16.0,long,43830.944471333634,43830.944471333634,13.549857226851453,2.1565267558428496,43830.944471333634
Fermi/GBM,glg_tte_n9_bn220512211_v00.fit,GRB220512211,2022-05-12T05:03:55.169,126.5625,84.14973293629666,6899.691787579564,2.721283446049045,2535.455024943114,positive,significant_positive,4.48,long,6899.691787579564,6899.691787579563,5.375998639867609,0.855616757590236,6899.691787579564
Fermi/GBM,glg_tte_n9_bn220513865_v00.fit,GRB220513865,2022-05-13T20:46:08.559,84.0234375,-27.953186883381143,61049.024395241344,3.158825362340227,19326.495577461414,positive,significant_positive,1.856,short,61049.024395241344,61049.024395241344,15.991296238846692,2.545093842859285,61049.024395241344
Fermi/GBM,glg_tte_n9_bn220514517_v00.fit,GRB220514517,2022-05-14T12:24:32.638,145.1953125,12.635625093021115,14979.628718269058,2.867070849953372,5224.71522408059,positive,significant_positive,66.305,long,14979.628718269058,14979.628718269058,7.921270229352256,1.260709312568083,14979.628718269058
Fermi/GBM,glg_tte_n9_bn220516525_v00.fit,GRB220516525,2022-05-16T12:35:37.674,111.09375,21.06181760164929,13051.007609774062,3.147204919616986,4146.856637273675,positive,significant_positive,17.408,long,13051.007609774062,13051.007609774066,7.393776628923425,1.1767560986104935,13051.007609774062
Fermi/GBM,glg_tte_n9_bn220518717_v00.fit,GRB220518717,2022-05-18T17:11:52.279,293.203125,-66.44353569089876,-168.60902003884277,3.0324962018327315,55.60073576908079,negative,significant_negative,3.84,long,168.60902003884277,168.60902003884277,0.8403974128811541,0.13375340242167616,168.60902003884277
Fermi/GBM,glg_tte_n9_bn220520876_v00.fit,GRB220520876,2022-05-20T21:01:37.712,181.7578125,12.635625093021115,7120.158120860829,3.2880864438311823,2165.441280967245,positive,significant_positive,1.28,short,7120.158120860829,7120.158120860827,5.461213106370425,0.869179061157098,7120.158120860829
Fermi/GBM,glg_tte_n9_bn220521972_v00.fit,GRB220521972,2022-05-21T23:20:21.727,291.09375,4.480798785982211,37119.07014571322,2.6019872172524177,14265.661990803052,positive,significant_positive,13.568,long,37119.07014571322,37119.07014571322,12.469322252518078,1.984554273494019,37119.07014571322
Fermi/GBM,glg_tte_n9_bn220522110_v00.fit,GRB220522110,2022-05-22T02:39:00.377,33.046875,3.8823720030295576,30859.51222350721,2.9545315880567653,10444.807003672591,positive,significant_positive,5.824,long,30859.51222350721,30859.51222350721,11.369433694178127,1.8095015725839974,30859.51222350721
Fermi/GBM,glg_tte_n9_bn220523175_v00.fit,GRB220523175,2022-05-23T04:11:29.897,136.40625,-37.54432510382695,-44950.88240245456,2.786632500041624,16130.897203625926,negative,significant_negative,7.68,long,44950.88240245456,44950.882402454554,13.72187362949778,2.1839040166168986,44950.88240245456
Fermi/GBM,glg_tte_n9_bn220523558_v00.fit,GRB220523558,2022-05-23T13:24:08.418,103.71951219512196,59.67778522657882,-64861.720440782265,3.3201073942878314,19536.03083815161,negative,significant_negative,7.168,long,64861.720440782265,64861.72044078227,16.483086460003236,2.623364687520606,64861.720440782265
Fermi/GBM,glg_tte_n9_bn220525008_v00.fit,GRB220525008,2022-05-25T00:10:54.241,15.468749999999998,17.896089316234637,8099.212060656484,3.366000764469312,2406.182478076001,positive,significant_positive,16.128,long,8099.212060656484,8099.212060656485,5.824594419027447,0.9270129932936845,8099.212060656484
Fermi/GBM,glg_tte_n9_bn220528259_v00.fit,GRB220528259,2022-05-28T06:12:47.414,311.1328125,23.96948231775968,72270.39804997835,3.027998179872704,23867.38490477448,positive,significant_positive,0.576,short,72270.39804997835,72270.39804997832,17.399009611117602,2.769138384512762,72270.39804997835
Fermi/GBM,glg_tte_n9_bn220530465_v00.fit,GRB220530465,2022-05-30T11:09:58.514,159.609375,14.169522214770062,-9500.17485541171,3.215397592438127,2954.587910917744,negative,significant_negative,8.96,long,9500.17485541171,9500.17485541171,6.308267541734936,1.0039919616132742,9500.17485541171
Fermi/GBM,glg_tte_n9_bn220606025_v00.fit,GRB220606025,2022-06-06T00:35:39.282,241.875,-8.687297481032452,42169.47630889012,3.0031214566902773,14041.881727742324,positive,significant_positive,19.712,long,42169.47630889012,42169.476308890116,13.290563919700725,2.1152589442991663,42169.47630889012
Fermi/GBM,glg_tte_n9_bn220606044_v00.fit,GRB220606044,2022-06-06T01:03:28.675,23.571428571428573,-50.86815892553735,-74498.47839002646,3.247774181002827,22938.31844153133,negative,significant_negative,0.896,short,74498.47839002646,74498.47839002646,17.665177512599,2.8115003217259233,74498.47839002646
Fermi/GBM,glg_tte_n9_bn220608211_v00.fit,GRB220608211,2022-06-08T05:03:44.751,229.21875,-0.2984168674869415,-8590.286911011945,2.63995167121852,3253.9561252827534,negative,significant_negative,35.329,long,8590.286911011945,8590.286911011945,5.998575636695063,0.9547029640906326,8590.286911011945
Fermi/GBM,glg_tte_n9_bn220608317_v00.fit,GRB220608317,2022-06-08T07:36:27.951,80.8667,27.967,4659.604000539708,3.041412118403393,1532.0528159747694,positive,significant_positive,23.037,long,4659.604000539708,4659.604000539709,4.417929786183141,0.7031353637039671,4659.604000539708
Fermi/GBM,glg_tte_n9_bn220609063_v00.fit,GRB220609063,2022-06-09T01:30:54.349,222.1875,-33.15288792861988,84909.76766372022,2.8663577762171903,29622.878332996494,positive,significant_positive,11.52,long,84909.76766372022,84909.76766372025,18.859194125955636,3.001533967875476,84909.76766372022
Fermi/GBM,glg_tte_n9_bn220610295_v00.fit,GRB220610295,2022-06-10T07:04:41.813,227.61627906976744,-58.160368554338014,-139.25547829548904,3.440818860642008,40.47160979276484,negative,significant_negative,17.664,long,139.25547829548904,139.255478295489,0.7637486389166191,0.12155437116328704,139.25547829548904
Fermi/GBM,glg_tte_n9_bn220610906_v00.fit,GRB220610906,2022-06-10T21:44:36.930,158.90624999999997,23.64331425576558,-17148.910221353475,2.633983590611178,6510.636695870348,negative,significant_negative,1.408,short,17148.910221353475,17148.910221353475,8.47544613327031,1.3489091470190606,17148.910221353475
Fermi/GBM,glg_tte_n9_bn220612013_v00.fit,GRB220612013,2022-06-12T00:18:46.568,147.65625,-23.6433142557656,-33719.819989077296,2.8575046282856102,11800.44282528699,negative,significant_negative,15.872,long,33719.819989077296,33719.81998907729,11.884664558892998,1.8915031115368806,33719.819989077296
Fermi/GBM,glg_tte_n9_bn220613395_v00.fit,GRB220613395,2022-06-13T09:28:09.425,178.24218749999997,21.381942579838885,73629.40432014641,3.852270695896023,19113.24777840424,positive,significant_positive,14.848,long,73629.40432014641,73629.40432014641,17.56183725014231,2.7950532081355273,73629.40432014641
Fermi/GBM,glg_tte_n9_bn220617673_v01.fit,GRB220617673,2022-06-17T16:08:55.771,286.5234375,23.96948231775968,93658.96696394244,3.089193862626799,30318.25490042327,positive,significant_positive,23.297,long,93658.96696394244,93658.96696394242,19.80701298553051,3.15238402453254,93658.96696394244
Fermi/GBM,glg_tte_n9_bn220617772_v00.fit,GRB220617772,2022-06-17T18:31:12.902,155.39062499999997,21.06181760164929,4878.824305269187,3.052990555517804,1598.04762463201,positive,significant_positive,0.704,short,4878.824305269187,4878.824305269188,4.520660511560821,0.7194854664552409,4878.824305269187
Fermi/GBM,glg_tte_n9_bn220618382_v00.fit,GRB220618382,2022-06-18T09:10:19.587,30.15957446808511,55.1079364250982,-66689.93790902953,2.745198255639801,24293.304781182967,negative,significant_negative,43.777,long,66689.93790902953,66689.93790902953,16.71377152743077,2.660079356299185,66689.93790902953
Fermi/GBM,glg_tte_n9_bn220618761_v00.fit,GRB220618761,2022-06-18T18:15:34.963,39.02343749999999,-30.000000000000018,21690.01852138648,2.988018236559136,7258.998039571439,positive,significant_positive,0.064,short,21690.01852138648,21690.01852138648,9.531785620964158,1.5170307980686968,21690.01852138648
Fermi/GBM,glg_tte_n9_bn220619207_v00.fit,GRB220619207,2022-06-19T04:58:24.880,42.18749999999999,-1.492246289620352,37788.74767835459,2.860186747050032,13211.986146474366,positive,significant_positive,43.773,long,37788.74767835459,37788.74767835459,12.581301050616196,2.0023762527328235,37788.74767835459
Fermi/GBM,glg_tte_n9_bn220620016_v01.fit,GRB220620016,2022-06-20T00:22:46.101,139.9390243902439,59.67778522657882,12510.808228612925,3.227466867770361,3876.355278359773,positive,significant_positive,0.064,short,12510.808228612925,12510.808228612923,7.239140208752334,1.152144947958229,12510.808228612925
Fermi/GBM,glg_tte_n9_bn220620064_v00.fit,GRB220620064,2022-06-20T01:32:06.216,109.59677419354838,67.18972162985978,-60360.272484747824,3.261179805120607,18508.72263773127,negative,significant_negative,17.408,long,60360.272484747824,60360.272484747824,15.90083388198082,2.5306963116003387,60360.272484747824
Fermi/GBM,glg_tte_n9_bn220620261_v00.fit,GRB220620261,2022-06-20T06:16:25.944,324.6982758620689,-46.5718474134496,-16429.500027556962,3.5115297693543965,4678.730099610566,negative,significant_negative,48.385,long,16429.500027556962,16429.50002755696,8.295765714204345,1.3203121201478891,16429.500027556962
Fermi/GBM,glg_tte_n9_bn220622394_v00.fit,GRB220622394,2022-06-22T09:27:12.907,284.0322580645161,-55.49084192446863,-98499.31982827016,3.429242582767333,28723.34559335347,negative,significant_negative,0.512,short,98499.31982827016,98499.31982827016,20.312385041515434,3.232816485343055,98499.31982827016
Fermi/GBM,glg_tte_n9_bn220623649_v00.fit,GRB220623649,2022-06-23T15:33:56.432,217.0833333333333,49.702390326630685,85780.33537490095,3.028790453049763,28321.64743801495,positive,significant_positive,1.024,short,85780.33537490095,85780.33537490097,18.955627886769584,3.0168818775899573,85780.33537490095
Fermi/GBM,glg_tte_n9_bn220624124_v00.fit,GRB220624124,2022-06-24T02:58:35.159,179.29687499999997,21.06181760164929,329.8514217489742,10.556823168103652,31.245329820962247,positive,significant_positive,285.19,long,329.8514217489742,329.8514217489742,1.1754481717442788,0.18707838688143313,329.8514217489742
Fermi/GBM,glg_tte_n9_bn220624316_v00.fit,GRB220624316,2022-06-24T07:34:56.053,295.5288461538462,51.25580694880489,-11660.19740428786,3.353780870007568,3476.732039520981,negative,significant_negative,2.176,long,11660.19740428786,11660.19740428786,6.988713806771363,1.1122883482022397,11660.19740428786
Fermi/GBM,glg_tte_n9_bn220624431_v00.fit,GRB220624431,2022-06-24T10:20:24.234,97.734375,40.62018519067267,-14440.717566239538,2.984749065564201,4838.16804998642,negative,significant_negative,20.224,long,14440.717566239538,14440.71756623954,7.777476216071056,1.2378237845673585,14440.717566239538
Fermi/GBM,glg_tte_n9_bn220627890_v00.fit,GRB220627890,2022-06-27T21:21:00.086,210.5859375,-35.68533471265204,-40100.22748989728,3.059425304248285,13107.111140845484,negative,significant_negative,136.706,long,40100.22748989728,40100.22748989728,12.96037962867553,2.062708482251214,40100.22748989728
Fermi/GBM,glg_tte_n9_bn220627901_v00.fit,GRB220627901,2022-06-27T21:36:56.390,206.71875,-28.971532223711293,26569.356120329656,3.153137484314264,8426.32338504196,positive,significant_positive,126.978,long,26569.356120329656,26569.356120329652,10.549571491976259,1.679016450449363,26569.356120329656
Fermi/GBM,glg_tte_n9_bn220702569_v00.fit,GRB220702569,2022-07-02T13:39:35.739,158.2167,7.267,31438.686080819705,3.308479749555697,9502.456856518971,positive,significant_positive,3.84,long,31438.686080819705,31438.686080819698,11.475628972160603,1.8264030760079262,31438.686080819705
Fermi/GBM,glg_tte_n9_bn220702842_v00.fit,GRB220702842,2022-07-02T20:12:46.598,172.05882352941177,45.38920300540005,136999.14313124242,3.351573585423957,40876.06601479786,positive,significant_positive,35.84,long,136999.14313124242,136999.14313124242,23.955389139237063,3.8126185951994827,136999.14313124242
Fermi/GBM,glg_tte_n9_bn220704575_v00.fit,GRB220704575,2022-07-04T13:48:01.166,280.6967213114754,-44.20152985105138,-19829.610811983766,3.6295569816131312,5463.369472483288,negative,significant_negative,22.016,long,19829.610811983766,19829.610811983766,9.113839999361625,1.450512686447039,19829.610811983766
Fermi/GBM,glg_tte_n9_bn220705282_v00.fit,GRB220705282,2022-07-05T06:45:53.343,149.4140625,-11.415157742730496,3220.610955296286,2.9499794924387244,1091.740116685975,positive,significant_positive,22.016,long,3220.610955296286,3220.6109552962857,3.6729366483745434,0.5845660232521873,3220.610955296286
Fermi/GBM,glg_tte_n9_bn220711279_v00.fit,GRB220711279,2022-07-11T06:41:07.628,94.921875,32.44286613851178,53209.65971523779,3.075376386156232,17301.836599500602,positive,significant_positive,1.472,short,53209.65971523779,53209.65971523779,14.929303447087042,2.3760724405227753,53209.65971523779
Fermi/GBM,glg_tte_n9_bn220711675_v00.fit,GRB220711675,2022-07-11T16:11:58.536,81.15384615384616,-46.1781796469964,29839.621184807504,2.604279130807915,11457.919710607392,positive,significant_positive,0.256,short,29839.621184807504,29839.621184807507,11.179978217038625,1.779348796901412,29839.621184807504
Fermi/GBM,glg_tte_n9_bn220711761_v00.fit,GRB220711761,2022-07-11T18:16:28.065,267.890625,30.34518296958825,43999.52052772934,2.6481708593676268,16615.061060764132,positive,significant_positive,81.602,long,43999.52052772934,43999.52052772935,13.575888943338127,2.1606698321988707,43999.52052772934
Fermi/GBM,glg_tte_n9_bn220713691_v00.fit,GRB220713691,2022-07-13T16:35:42.058,24.2578125,36.42357364233115,18229.146745368693,2.978057332797772,6121.153728173225,positive,significant_positive,10.749,long,18229.146745368693,18229.146745368693,8.73831055345449,1.3907453188543577,18229.146745368693
Fermi/GBM,glg_tte_n9_bn220714582_v00.fit,GRB220714582,2022-07-14T13:58:06.273,45.703125,-22.346587898361143,-77019.80645913293,3.16125859972588,24363.652649552776,negative,significant_negative,28.16,long,77019.80645913293,77019.80645913295,17.96162049678591,2.858680688004182,77019.80645913293
Fermi/GBM,glg_tte_n9_bn220715368_v00.fit,GRB220715368,2022-07-15T08:49:40.342,170.15625,-31.738394244764443,-21730.219383329262,4.098357335730996,5302.177824729233,negative,significant_negative,13.312,long,21730.219383329262,21730.219383329262,9.54061476534657,1.5184360000404298,21730.219383329262
Fermi/GBM,glg_tte_n9_bn220715691_v00.fit,GRB220715691,2022-07-15T16:34:30.670,155.39062499999997,28.291548862929403,-59888.947505295066,3.132641646587241,19117.71414088784,negative,significant_negative,23.296,long,59888.947505295066,59888.94750529506,15.838631149349565,2.520796439228251,59888.947505295066
Fermi/GBM,glg_tte_n9_bn220715934_v00.fit,GRB220715934,2022-07-15T22:24:42.740,223.2421875,-36.42357364233117,4498.71991248807,3.203137136581289,1404.473090181071,positive,significant_positive,39.68,long,4498.71991248807,4498.71991248807,4.340989968141773,0.6908900113420925,4498.71991248807
Fermi/GBM,glg_tte_n9_bn220721021_v00.fit,GRB220721021,2022-07-21T00:30:25.386,1.7578124999999998,-37.9216507842918,-28180.13708433862,2.9934326007500336,9413.987499594215,negative,significant_negative,17.92,long,28180.13708433862,28180.13708433862,10.86465287933376,1.7291632107235613,28180.13708433862
Fermi/GBM,glg_tte_n9_bn220724457_v00.fit,GRB220724457,2022-07-24T10:58:03.670,319.5703125,-8.989299345162816,10910.274703190293,2.846244538448408,3833.2176156367377,positive,significant_positive,67.328,long,10910.274703190293,10910.274703190295,6.760240514083227,1.0759256943064412,10910.274703190293
Fermi/GBM,glg_tte_n9_bn220724988_v00.fit,GRB220724988,2022-07-24T23:43:03.456,236.6015625,-17.582776008425416,-56180.4063886579,3.183839959460885,17645.486928988368,negative,significant_negative,35.585,long,56180.4063886579,56180.4063886579,15.340402080184502,2.4415008200785575,56180.4063886579
Fermi/GBM,glg_tte_n9_bn220725244_v00.fit,GRB220725244,2022-07-25T05:50:56.868,249.96093749999991,-41.81031489577861,-10060.61378923842,2.7575246718937194,3648.4220401659486,negative,significant_negative,0.512,short,10060.61378923842,10060.61378923842,6.491671625590807,1.0331816281421766,10060.61378923842
Fermi/GBM,glg_tte_n9_bn220725563_v00.fit,GRB220725563,2022-07-25T13:31:15.516,104.18478260869564,-55.87335043525199,-25730.38305021537,3.436982368506617,7486.329661154277,negative,significant_negative,0.256,short,25730.38305021537,25730.38305021537,10.381675032775005,1.6522948990398567,25730.38305021537
Fermi/GBM,glg_tte_n9_bn220726405_v00.fit,GRB220726405,2022-07-26T09:42:47.016,197.8767123287672,-63.07261938698223,81690.24365701621,3.3398443183344435,24459.29686260184,positive,significant_positive,19.456,long,81690.24365701621,81690.2436570162,18.4981970055766,2.9440794917252124,81690.24365701621
Fermi/GBM,glg_tte_n9_bn220727192_v00.fit,GRB220727192,2022-07-27T04:36:27.709,124.47580645161293,-43.40685848593699,-9939.399484276284,2.8091566491118694,3538.214747624944,negative,significant_negative,6.461,long,9939.399484276284,9939.399484276284,6.452445985918472,1.026938673692383,9939.399484276284
Fermi/GBM,glg_tte_n9_bn220728681_v00.fit,GRB220728681,2022-07-28T16:20:39.344,3.515625,36.79533013738011,35519.83086435359,3.1493042407510923,11278.627960022784,positive,significant_positive,1.152,short,35519.83086435359,35519.8308643536,12.197750595920285,1.9413323019428255,35519.83086435359
Fermi/GBM,glg_tte_n9_bn220729429_v00.fit,GRB220729429,2022-07-29T10:17:31.511,314.6484375,-3.5833216984719782,-3529.631085132406,3.532159354691262,999.2842141860054,negative,significant_negative,0.96,short,3529.631085132406,3529.631085132407,3.845111716961184,0.6119685364949372,3529.631085132406
Fermi/GBM,glg_tte_n9_bn220730659_v00.fit,GRB220730659,2022-07-30T15:48:55.032,223.3636363636364,-69.79389373110558,-12439.064805420388,2.8765512555036885,4324.297987606095,negative,significant_negative,0.16,short,12439.064805420388,12439.064805420388,7.218353885315409,1.1488367018345356,12439.064805420388
Fermi/GBM,glg_tte_n9_bn220803402_v00.fit,GRB220803402,2022-08-03T09:39:09.870,201.85,-58.983,-8850.09341980558,3.153211009032895,2806.692414320837,negative,significant_negative,7.936,long,8850.09341980558,8850.09341980558,6.088611059045085,0.969032546611005,8850.09341980558
Fermi/GBM,glg_tte_n9_bn220804089_v00.fit,GRB220804089,2022-08-04T02:08:32.767,160.6640625,9.59406822686046,-77721.27906929041,3.330086859949143,23339.114665158424,negative,significant_negative,12.032,long,77721.27906929041,77721.27906929041,18.04322954653388,2.8716691716726044,77721.27906929041
Fermi/GBM,glg_tte_n9_bn220807581_v00.fit,GRB220807581,2022-08-07T13:56:26.508,142.38281249999997,34.95386525718846,-1000.8018741938296,2.8006705891201698,357.3436583658456,negative,significant_negative,39.937,long,1000.8018741938296,1000.8018741938296,2.04747383073752,0.325865581013175,1000.8018741938296
Fermi/GBM,glg_tte_n9_bn220810969_v00.fit,GRB220810969,2022-08-10T23:15:42.081,309.7265625,2.3880154632687733,-770.7794018049424,3.792361794705124,203.24521855512324,negative,significant_negative,8.96,long,770.7794018049424,770.7794018049424,1.7968397837124088,0.28597593352200196,770.7794018049424
Fermi/GBM,glg_tte_n9_bn220820998_v00.fit,GRB220820998,2022-08-20T23:57:26.215,109.77272727272728,-65.69633519657744,48159.51553695333,3.9343383972817447,12240.816796599647,positive,significant_positive,0.128,short,48159.51553695333,48159.51553695334,14.203172425498753,2.2605050991046314,48159.51553695333
Fermi/GBM,glg_tte_n9_bn220821296_v00.fit,GRB220821296,2022-08-21T07:05:35.441,132.89062499999997,28.971532223711293,31519.782539396205,3.2051254292845965,9834.180669313651,positive,significant_positive,38.145,long,31519.782539396205,31519.782539396205,11.490420199366946,1.8287571729322112,31519.782539396205
Fermi/GBM,glg_tte_n9_bn220823145_v00.fit,GRB220823145,2022-08-23T03:28:52.386,82.96875,3.284369108365784,55680.65284308011,3.108568432722658,17911.991982210242,positive,significant_positive,1.088,short,55680.65284308011,55680.652843080105,15.27201929101733,2.430617361160191,55680.65284308011
Fermi/GBM,glg_tte_n9_bn220823618_v00.fit,GRB220823618,2022-08-23T14:50:33.960,285.20270270270265,62.69666002027376,44940.16184833872,3.2522624045422006,13818.122973587258,positive,significant_positive,69.632,long,44940.16184833872,44940.16184833872,13.720237233803076,2.1836435761532322,44940.16184833872
Fermi/GBM,glg_tte_n9_bn220825082_v00.fit,GRB220825082,2022-08-25T01:57:48.503,87.890625,-9.896853442815877,47701.40938586927,3.8768920336373847,12304.03348145725,positive,significant_positive,14.08,long,47701.40938586927,47701.40938586927,14.13545883195996,2.249728145978417,47701.40938586927
Fermi/GBM,glg_tte_n9_bn220826218_v00.fit,GRB220826218,2022-08-26T05:13:16.969,316.7578125,-14.477512185929934,50670.819950891695,3.207216971600729,15798.99969337022,positive,significant_positive,10.496,long,50670.819950891695,50670.8199508917,14.568782868818863,2.3186938084050457,50670.819950891695
Fermi/GBM,glg_tte_n9_bn220826431_v00.fit,GRB220826431,2022-08-26T10:21:19.718,354.0234375,19.471220634490685,10031.292163165515,3.145388072065228,3189.206525024774,positive,significant_positive,8.192,long,10031.292163165515,10031.292163165514,6.482204744870235,1.0316749272798362,10031.292163165515
Fermi/GBM,glg_tte_n9_bn220826497_v00.fit,GRB220826497,2022-08-26T11:55:22.981,204.609375,-41.41118863809925,8639.500096337402,3.3489618026170302,2579.7547435704123,positive,significant_positive,16.64,long,8639.500096337402,8639.500096337402,6.015733818728118,0.957433773575664,8639.500096337402
Fermi/GBM,glg_tte_n9_bn220827896_v00.fit,GRB220827896,2022-08-27T21:30:03.074,114.9609375,-1.790784659328959,-28590.19388059188,3.299197604929902,8665.802205321172,negative,significant_negative,126.72,long,28590.19388059188,28590.19388059188,10.943414644431924,1.741698534965577,28590.19388059188
Fermi/GBM,glg_tte_n9_bn220829610_v00.fit,GRB220829610,2022-08-29T14:37:48.797,49.40217391304348,55.87335043525199,39848.5652040178,3.847605931111407,10356.716856527786,positive,significant_positive,20.48,long,39848.5652040178,39848.5652040178,12.919647038575844,2.056225689191913,39848.5652040178
Fermi/GBM,glg_tte_n9_bn220830319_v00.fit,GRB220830319,2022-08-30T07:39:27.297,240.2205882352941,-64.94808409550689,-67668.27951577603,3.673815161438871,18419.07568623386,negative,significant_negative,61.441,long,67668.27951577603,67668.27951577603,16.835920717633183,2.679520003714571,67668.27951577603
Fermi/GBM,glg_tte_n9_bn220831550_v00.fit,GRB220831550,2022-08-31T13:11:36.161,167.69531249999997,1.7907846593289465,-7151.514540740272,2.954805194826526,2420.2998401592195,negative,significant_negative,12.032,long,7151.514540740272,7151.514540740274,5.47322519705158,0.8710908447658718,7151.514540740272
Fermi/GBM,glg_tte_n9_bn220831581_v00.fit,GRB220831581,2022-08-31T13:56:32.925,31.352459016393443,-44.20152985105138,-12349.43579163709,2.586830012427201,4773.964942539737,negative,significant_negative,1.728,short,12349.43579163709,12349.43579163709,7.192301139318897,1.144690278528073,12349.43579163709
Fermi/GBM,glg_tte_n9_bn220831664_v00.fit,GRB220831664,2022-08-31T15:56:35.373,336.2946428571429,-48.1412077943603,-25779.95044770169,2.838652153505385,9081.757486864542,negative,significant_negative,2.816,long,25779.95044770169,25779.95044770169,10.39166992909279,1.6538856361945231,25779.95044770169
Fermi/GBM,glg_tte_n9_bn220902438_v00.fit,GRB220902438,2022-09-02T10:30:00.374,32.69531249999999,40.228184728061095,12629.28848914821,3.20007161613454,3946.564328583214,positive,significant_positive,15.872,long,12629.28848914821,12629.28848914821,7.273337605031513,1.1575876326169328,12629.28848914821
Fermi/GBM,glg_tte_n9_bn220903125_v00.fit,GRB220903125,2022-09-03T03:00:38.801,146.25,4.480798785982211,-93909.72332803816,3.0963544428657586,30329.12577060209,negative,significant_negative,6.4,long,93909.72332803816,93909.72332803818,19.833510259424234,3.156601196651186,93909.72332803816
Fermi/GBM,glg_tte_n9_bn220903511_v00.fit,GRB220903511,2022-09-03T12:16:18.167,177.890625,-22.9933943142978,8760.304870851834,3.74188809262946,2341.1456072423284,positive,significant_positive,7.424,long,8760.304870851834,8760.304870851834,6.057646344411885,0.9641043592157014,8760.304870851834
Fermi/GBM,glg_tte_n9_bn220905433_v00.fit,GRB220905433,2022-09-05T10:23:47.910,252.0703125,11.415157742730482,26669.427905756587,2.77350269639486,9615.793033272645,positive,significant_positive,144.64,long,26669.427905756587,26669.42790575658,10.569419964165016,1.6821754329110257,26669.427905756587
Fermi/GBM,glg_tte_n9_bn220905478_v00.fit,GRB220905478,2022-09-05T11:28:43.697,342.7734375,-33.51005606625301,616.2527432890362,3.803333139771567,162.02965152982867,positive,significant_positive,12.544,long,616.2527432890362,616.2527432890361,1.606659097245541,0.25570773719019,616.2527432890362
Fermi/GBM,glg_tte_n9_bn220907587_v00.fit,GRB220907587,2022-09-07T14:05:26.481,268.9453125,-16.957763300004153,9120.79304838478,3.5173104240429764,2593.11574720234,positive,significant_positive,8.704,long,9120.79304838478,9120.79304838478,6.18102649896908,0.9837409206929211,9120.79304838478
Fermi/GBM,glg_tte_n9_bn220909286_v00.fit,GRB220909286,2022-09-09T06:52:13.823,211.640625,-17.896089316234637,640.6644978385859,3.3517895933595647,191.14102481487663,positive,significant_positive,14.592,long,640.6644978385859,640.6644978385859,1.6381725101773197,0.26072325263197865,640.6644978385859
Fermi/GBM,glg_tte_n9_bn220910627_v00.fit,GRB220910627,2022-09-10T15:02:57.881,275.5714285714286,-50.86815892553735,-17117.23814210565,3.8593299980176,4435.287511277389,negative,significant_negative,1.6,short,17117.23814210565,17117.238142105645,8.46761592555119,1.3476629307551262,17117.23814210565
Fermi/GBM,glg_tte_n9_bn220912035_v00.fit,GRB220912035,2022-09-12T00:50:21.526,166.5,48.9227951602473,-810.0789072830513,2.4982494434027034,324.2586161371041,negative,significant_negative,51.969,long,810.0789072830513,810.0789072830511,1.8420777920411797,0.2931757861631582,810.0789072830513
Fermi/GBM,glg_tte_n9_bn220912963_v00.fit,GRB220912963,2022-09-12T23:07:15.066,67.85156249999999,30.69158768492234,21401.70198827461,2.9492505200252728,7256.657867128633,positive,significant_positive,2.496,long,21401.70198827461,21401.701988274606,9.468222623821331,1.50691443287568,21401.70198827461
Fermi/GBM,glg_tte_n9_bn220915022_v00.fit,GRB220915022,2022-09-15T00:31:40.361,136.40625,4.480798785982211,1969.893016077974,3.2476272415597887,606.5637678084825,positive,significant_positive,43.777,long,1969.893016077974,1969.8930160779735,2.872536957155562,0.4571784559454597,1969.893016077974
Fermi/GBM,glg_tte_n9_bn220915218_v00.fit,GRB220915218,2022-09-15T05:13:40.898,288.98437499999994,-22.9933943142978,6249.8369171675295,3.113195869937279,2007.530903377899,positive,significant_positive,18.048,long,6249.8369171675295,6249.836917167528,5.116566784489744,0.8143268954113472,6249.8369171675295
Fermi/GBM,glg_tte_n9_bn220915400_v00.fit,GRB220915400,2022-09-15T09:35:18.767,234.4736842105264,83.05156816397721,3501.172403131436,3.1518554538768684,1110.8289876760998,positive,significant_positive,21.504,long,3501.172403131436,3501.172403131436,3.8295791762940987,0.6094964558689947,3501.172403131436
Fermi/GBM,glg_tte_n9_bn220917614_v00.fit,GRB220917614,2022-09-17T14:44:25.604,356.48437499999994,-17.270004694974464,-47599.93768691989,2.662774340245842,17876.068943388273,negative,significant_negative,26.368,long,47599.93768691989,47599.93768691989,14.120416167075692,2.2473340315048107,47599.93768691989
Fermi/GBM,glg_tte_n9_bn220921462_v00.fit,GRB220921462,2022-09-21T11:05:59.071,67.1484375,-40.22818472806109,-197.2226502253196,6.574675523690916,29.99732070649808,negative,significant_negative,209.988,long,197.2226502253196,197.22265022531963,0.9089138052784935,0.14465812495453667,197.2226502253196
Fermi/GBM,glg_tte_n9_bn220921473_v00.fit,GRB220921473,2022-09-21T11:21:24.440,84.99999999999999,-80.11972495915612,-66970.84470104944,3.2931767720818423,20336.24349254492,negative,significant_negative,44.288,long,66970.84470104944,66970.84470104943,16.74893484046154,2.6656757713835195,66970.84470104944
Fermi/GBM,glg_tte_n9_bn220924906_v00.fit,GRB220924906,2022-09-24T21:44:54.414,322.3828125,33.51005606625301,-35549.35588428886,3.118811599917768,11398.36593054424,negative,significant_negative,127.746,long,35549.35588428886,35549.35588428886,12.202819088824295,1.9421389776425249,35549.35588428886
Fermi/GBM,glg_tte_n9_bn220925462_v00.fit,GRB220925462,2022-09-25T11:05:56.092,155.76923076923077,46.1781796469964,-56650.43409776218,2.866263244541802,19764.56077634916,negative,significant_negative,56.577,long,56650.43409776218,56650.43409776217,15.4044403807994,2.4516928321686233,56650.43409776218
Fermi/GBM,glg_tte_n9_bn220927234_v00.fit,GRB220927234,2022-09-27T05:36:20.950,96.6796875,-27.953186883381143,-23520.271841992537,5.306277712544922,4432.536914980289,negative,significant_negative,76.801,long,23520.271841992537,23520.271841992533,9.925798925308305,1.5797399630990392,23520.271841992537
Fermi/GBM,glg_tte_n9_bn221004622_v00.fit,GRB221004622,2022-10-04T14:56:11.903,351.1046511627907,58.160368554338,46958.29333196353,3.564509584496796,13173.844036273693,positive,significant_positive,1.536,short,46958.29333196353,46958.29333196353,14.02492207259687,2.232135674332422,46958.29333196353
Fermi/GBM,glg_tte_n9_bn221005757_v00.fit,GRB221005757,2022-10-05T18:10:05.105,123.8667,-22.733,-19859.85065727667,3.487279907669528,5694.940235109653,negative,significant_negative,8.96,long,19859.85065727667,19859.85065727667,9.120786583498218,1.4516182696499813,19859.85065727667
Fermi/GBM,glg_tte_n9_bn221013029_v00.fit,GRB221013029,2022-10-13T00:42:20.233,246.09374999999991,6.279288322550267,-49160.27588455352,3.714524746433107,13234.607181378977,negative,significant_negative,35.069,long,49160.27588455352,49160.27588455351,14.349985438662104,2.283871115859794,49160.27588455352
Fermi/GBM,glg_tte_n9_bn221014021_v00.fit,GRB221014021,2022-10-14T00:29:46.292,84.0234375,16.334822780685986,34889.58857985473,3.0326988644465174,11504.468507862304,positive,significant_positive,0.32,short,34889.58857985473,34889.58857985473,12.089051529889456,1.9240323082745467,34889.58857985473
Fermi/GBM,glg_tte_n9_bn221016986_v00.fit,GRB221016986,2022-10-16T23:39:22.709,37.96875,-32.44286613851178,37149.45523353253,3.89875535559626,9528.542277013696,positive,significant_positive,12.736,long,37149.45523353253,37149.455233532535,12.474424804189233,1.9853663698148651,37149.45523353253
Fermi/GBM,glg_tte_n9_bn221018459_v00.fit,GRB221018459,2022-10-18T11:00:27.469,272.1428571428571,50.86815892553735,40879.546647514784,2.8075369577623115,14560.644174065288,positive,significant_positive,226.304,long,40879.546647514784,40879.5466475148,13.085711466069329,2.082655663699226,40879.546647514784
Fermi/GBM,glg_tte_n9_bn221020225_v00.fit,GRB221020225,2022-10-20T05:23:52.826,173.671875,16.64603991239297,-28599.30385224921,2.4969807550772067,11453.553974774191,negative,significant_negative,17.408,long,28599.30385224921,28599.303852249202,10.945158008910203,1.741976000039906,28599.30385224921
Fermi/GBM,glg_tte_n9_bn221021388_v00.fit,GRB221021388,2022-10-21T09:18:25.740,207.32142857142856,-79.75282793472047,7690.93520066801,2.928419608729715,2626.309145636465,positive,significant_positive,68.353,long,7690.93520066801,7690.93520066801,5.675888832086567,0.9033457640666619,7690.93520066801
Fermi/GBM,glg_tte_n9_bn221022612_v00.fit,GRB221022612,2022-10-22T14:41:46.429,235.2061855670103,-53.95678248481785,25521.07752489043,3.1065111116758413,8215.350471134418,positive,significant_positive,0.256,short,25521.07752489043,25521.07752489042,10.339363595108507,1.6455608245859088,25521.07752489043
Fermi/GBM,glg_tte_n9_bn221022815_v00.fit,GRB221022815,2022-10-22T19:33:33.552,126.5625,-18.52439107386579,-45088.58141201805,2.900330408711704,15546.015473473562,negative,significant_negative,6.912,long,45088.58141201805,45088.58141201806,13.74287481447659,2.1872464590170635,45088.58141201805
Fermi/GBM,glg_tte_n9_bn221022955_v00.fit,GRB221022955,2022-10-22T22:55:48.912,168.046875,15.40409369872547,31521.13168384842,3.18552514617312,9895.11312497904,positive,significant_positive,31.744,long,31521.13168384842,31521.131683848413,11.490666109546748,1.828796310752883,31521.13168384842
Fermi/GBM,glg_tte_n9_bn221024542_v00.fit,GRB221024542,2022-10-24T13:00:28.984,169.85,42.3,-1249.3071465318017,2.8735571049036466,434.7598119417544,negative,significant_negative,8.448,long,1249.3071465318017,1249.3071465318017,2.287593831553593,0.3640818660782829,1249.3071465318017
Fermi/GBM,glg_tte_n9_bn221025040_v00.fit,GRB221025040,2022-10-25T00:58:18.419,131.1328125,4.181528273111476,1219.626376879368,3.697591481735156,329.8434624008378,positive,significant_positive,0.448,short,1219.626376879368,1219.626376879368,2.260256406023753,0.3597309796738023,1219.626376879368
Fermi/GBM,glg_tte_n9_bn221027173_v00.fit,GRB221027173,2022-10-27T04:09:34.353,189.4921875,-10.19991809111631,15869.452886008738,3.0567287219578665,5191.645817965877,positive,significant_positive,7.168,long,15869.452886008738,15869.452886008738,8.153147171751073,1.2976136741398894,15869.452886008738
Fermi/GBM,glg_tte_n9_bn221029045_v00.fit,GRB221029045,2022-10-29T01:05:27.313,52.74590163934427,44.20152985105137,81.5151042871991,4.511370307203894,18.068812519564908,positive,significant_positive,27.648,long,81.5151042871991,81.51510428719911,0.5843369493540185,0.09300011392093054,81.5151042871991
Fermi/GBM,glg_tte_n9_bn221103285_v00.fit,GRB221103285,2022-11-03T06:50:18.653,126.42857142857144,-50.86815892553735,-38.86956360918232,2.8292964915912826,13.73824331409003,negative,significant_negative,140.29,long,38.86956360918232,38.86956360918233,0.40350520109468785,0.06421984731750884,38.86956360918232
Fermi/GBM,glg_tte_n9_bn221107058_v00.fit,GRB221107058,2022-11-07T01:22:52.457,145.76923076923077,-46.1781796469964,-18710.97564864123,3.607627204770904,5186.50475412119,negative,significant_negative,231.428,long,18710.97564864123,18710.975648641233,8.853041935912485,1.4090053855003144,18710.97564864123
Fermi/GBM,glg_tte_n9_bn221108472_v00.fit,GRB221108472,2022-11-08T11:19:33.128,343.18181818181813,-53.18725897079299,-45568.89292738935,2.999590074509471,15191.706798416888,negative,significant_negative,15.104,long,45568.89292738935,45568.89292738936,13.815879716370159,2.198865550023364,45568.89292738935
Fermi/GBM,glg_tte_n9_bn221110619_v00.fit,GRB221110619,2022-11-10T14:50:57.648,208.2692307692308,61.18977627871704,23589.66860658453,3.2773980282256776,7197.681942634091,positive,significant_positive,36.352,long,23589.66860658453,23589.668606584528,9.940431217679558,1.58206876475869,23589.66860658453
Fermi/GBM,glg_tte_n9_bn221112263_v00.fit,GRB221112263,2022-11-12T06:18:04.355,93.15,-52.80185378173062,-38460.56502744356,3.2808902756437086,11722.60020792607,negative,significant_negative,10.752,long,38460.56502744356,38460.56502744356,12.692645037875502,2.0200971986887035,38460.56502744356
Fermi/GBM,glg_tte_n9_bn221115018_v00.fit,GRB221115018,2022-11-15T00:25:28.800,37.6171875,-2.985506005746545,-12269.068840390268,3.4537832863648994,3552.356307017584,negative,significant_negative,147.459,long,12269.068840390268,12269.06884039027,7.168860117234586,1.1409595239922288,12269.068840390268
Fermi/GBM,glg_tte_n9_bn221118575_v00.fit,GRB221118575,2022-11-18T13:48:19.534,275.672268907563,-45.389203005400056,-37319.9230488475,3.0251081436751543,12336.723606683408,negative,significant_negative,17.92,long,37319.9230488475,37319.9230488475,12.503012761346532,1.9899162845093485,37319.9230488475
Fermi/GBM,glg_tte_n9_bn221119627_v00.fit,GRB221119627,2022-11-19T15:02:53.640,146.6015625,-12.63562509302113,14309.57256111604,3.440861810325173,4158.71759748577,positive,significant_positive,66.049,long,14309.57256111604,14309.572561116038,7.742079654633048,1.2321902468460435,14309.57256111604
Fermi/GBM,glg_tte_n9_bn221120895_v00.fit,GRB221120895,2022-11-20T21:29:27.850,39.72656249999999,41.01449966573052,2850.1949881243527,3.234216462049308,881.2629029531231,positive,significant_positive,0.64,short,2850.1949881243527,2850.194988124352,3.4552668273212346,0.5499227952696248,2850.1949881243527
Fermi/GBM,glg_tte_n9_bn221121274_v00.fit,GRB221121274,2022-11-21T06:34:49.744,168.52941176470588,71.27718213797779,7820.206678182542,3.386933022134293,2308.9345514292454,positive,significant_positive,40.704,long,7820.206678182542,7820.206678182544,5.723391051900626,0.9109059771579072,7820.206678182542
Fermi/GBM,glg_tte_n9_bn221126547_v00.fit,GRB221126547,2022-11-26T13:07:29.943,144.140625,12.32998415024295,2160.685496577082,3.57573444153866,604.2634127067129,positive,significant_positive,7.424,long,2160.685496577082,2160.685496577082,3.00843119311147,0.47880669533553877,2160.685496577082
Fermi/GBM,glg_tte_n9_bn221127352_v00.fit,GRB221127352,2022-11-27T08:27:10.515,206.7073170731708,43.80448796297494,18330.195363256124,3.18880841959386,5748.289941353935,positive,significant_positive,0.512,short,18330.195363256124,18330.195363256127,8.762496378853927,1.3945946125194357,18330.195363256124
Fermi/GBM,glg_tte_n9_bn221201517_v00.fit,GRB221201517,2022-12-01T12:24:45.315,263.9423076923077,-70.90666664467562,28759.467511967163,2.9123356840138186,9875.052408907237,positive,significant_positive,28.929,long,28759.467511967163,28759.46751196717,10.975763108276368,1.7468469528878496,28759.467511967163
Fermi/GBM,glg_tte_n9_bn221202904_v00.fit,GRB221202904,2022-12-02T21:41:52.069,346.2890625,-3.5833216984719782,12838.059940894667,2.933152788606224,4376.880737602169,positive,significant_positive,26.113,long,12838.059940894667,12838.059940894667,7.333208010746739,1.1671163036314283,12838.059940894667
Fermi/GBM,glg_tte_n9_bn221203537_v00.fit,GRB221203537,2022-12-03T12:52:59.454,356.12068965517244,-68.67919198537577,71338.75708170417,3.15574048456184,22606.02778672696,positive,significant_positive,3.52,long,71338.75708170417,71338.75708170417,17.286500134077986,2.751231945097223,71338.75708170417
Fermi/GBM,glg_tte_n9_bn221203886_v00.fit,GRB221203886,2022-12-03T21:16:22.572,287.2265625,34.228866327812575,-73229.72784333027,2.8781422736956297,25443.40094393627,negative,significant_negative,8.448,long,73229.72784333027,73229.72784333026,17.51410764753132,2.787456805948176,73229.72784333027
Fermi/GBM,glg_tte_n9_bn221205022_v00.fit,GRB221205022,2022-12-05T00:31:56.981,219.030612244898,53.57223328098856,-450.5436293288116,2.910204068378412,154.81513280264846,negative,significant_negative,49.152,long,450.5436293288116,450.54362932881156,1.3737658975827856,0.21864163325137476,450.5436293288116
Fermi/GBM,glg_tte_n9_bn221206464_v00.fit,GRB221206464,2022-12-06T11:07:27.091,244.95967741935488,-43.40685848593699,-53149.58371428423,3.1154455078766943,17060.026753768478,negative,significant_negative,15.872,long,53149.58371428423,53149.583714284236,14.920873153098919,2.3747307175628474,53149.58371428423
Fermi/GBM,glg_tte_n9_bn221206516_v00.fit,GRB221206516,2022-12-06T12:22:47.359,254.87704918032787,44.20152985105137,71610.14800759939,3.195737569077741,22408.018950149708,positive,significant_positive,8.384,long,71610.14800759939,71610.1480075994,17.319350061059914,2.7564601733566048,71610.14800759939
Fermi/GBM,glg_tte_n9_bn221206586_v00.fit,GRB221206586,2022-12-06T14:04:24.212,171.68478260869566,55.87335043525199,-1099.864398398651,3.069223378468977,358.35267192161723,negative,significant_negative,0.384,short,1099.864398398651,1099.864398398651,2.1464159006598758,0.3416127005210618,1099.864398398651
Fermi/GBM,glg_tte_n9_bn221209243_v00.fit,GRB221209243,2022-12-09T05:50:24.853,241.4732142857143,48.14120779436029,429.14443355138366,5.638084807257162,76.11528528251344,positive,significant_positive,4.16,long,429.14443355138366,429.1444335513836,1.3407445691475464,0.21338612560344547,429.14443355138366
Fermi/GBM,glg_tte_n9_bn221209877_v00.fit,GRB221209877,2022-12-09T21:03:27.788,141.6796875,-5.979156796301309,3001.139695551085,3.100503873926075,967.9522482746754,positive,significant_positive,15.616,long,3001.139695551085,3001.139695551085,3.5455809904612243,0.564296740764562,3001.139695551085
Fermi/GBM,glg_tte_n9_bn221210108_v00.fit,GRB221210108,2022-12-10T02:35:38.437,268.2421875,-16.334822780686,84669.72773019534,3.0917808337886434,27385.423573650187,positive,significant_positive,18.176,long,84669.72773019534,84669.72773019533,18.83251778595132,2.9972882965001895,84669.72773019534
Fermi/GBM,glg_tte_n9_bn221211274_v00.fit,GRB221211274,2022-12-11T06:34:53.713,160.52884615384616,51.25580694880489,-23740.384254622964,3.1934183965420857,7434.160296793447,negative,significant_negative,4.416,long,23740.384254622964,23740.384254622964,9.972135630025784,1.5871146787014156,23740.384254622964
Fermi/GBM,glg_tte_n9_bn221212278_v00.fit,GRB221212278,2022-12-12T06:40:59.300,143.0859375,-20.742379954487145,9680.116202864949,2.580884988575414,3750.696464861899,positive,significant_positive,28.16,long,9680.116202864949,9680.11620286495,6.36772926024299,1.0134555880385698,9680.116202864949
Fermi/GBM,glg_tte_n9_bn221215177_v00.fit,GRB221215177,2022-12-15T04:14:27.975,156.4453125,37.921650784291785,7660.803542466141,3.055710620338516,2507.0448397425366,positive,significant_positive,13.248,long,7660.803542466141,7660.803542466141,5.664759380545219,0.9015744568399547,7660.803542466141
Fermi/GBM,glg_tte_n9_bn221215673_v00.fit,GRB221215673,2022-12-15T16:09:34.071,22.1484375,32.0899512562803,89.35552628044441,3.2967686529942464,27.103972309154432,positive,significant_positive,65.793,long,89.35552628044441,89.3555262804444,0.6117937178715211,0.09736999435182102,89.35552628044441
Fermi/GBM,glg_tte_n9_bn221216473_v00.fit,GRB221216473,2022-12-16T11:21:18.184,278.8953488372093,-58.160368554338014,27019.4357552738,3.0462912621399223,8869.616668333123,positive,significant_positive,184.324,long,27019.4357552738,27019.435755273797,10.63855008121624,1.6931778327562492,27019.4357552738
Fermi/GBM,glg_tte_n9_bn221221915_v00.fit,GRB221221915,2022-12-21T21:57:43.788,64.6875,-9.29155323877026,11241.405047482933,3.1001536314585967,3626.079989524243,positive,significant_positive,0.192,short,11241.405047482933,11241.405047482935,6.862061450536042,1.0921309996531525,11241.405047482933
Fermi/GBM,glg_tte_n9_bn221221944_v00.fit,GRB221221944,2022-12-21T22:39:30.568,81.98630136986301,63.07261938698223,-23830.45931211579,3.3248479153065538,7167.383266587278,negative,significant_negative,7.424,long,23830.45931211579,23830.459312115792,9.99103570918207,1.5901227197239665,23830.45931211579
Fermi/GBM,glg_tte_n9_bn221223997_v00.fit,GRB221223997,2022-12-23T23:56:06.759,353.3203125,-12.024699180565822,103310.82393607395,3.211946175342569,32164.55640794023,positive,significant_positive,0.32,short,103310.82393607395,103310.82393607395,20.802580785850537,3.3108335611365978,103310.82393607395
Fermi/GBM,glg_tte_n9_bn221226698_v00.fit,GRB221226698,2022-12-26T16:44:27.057,68.5546875,34.228866327812575,-3620.161085379813,2.5969373313918127,1394.0117235865716,negative,significant_negative,128.514,long,3620.161085379813,3620.161085379813,3.8941103341055747,0.6197669086181343,3620.161085379813
Fermi/GBM,glg_tte_n9_bn221226945_v00.fit,GRB221226945,2022-12-26T22:41:20.419,18.088235294117645,-52.02972741646418,13940.849411131629,3.324526824352142,4193.333411845251,positive,significant_positive,4.864,long,13940.849411131629,13940.84941113163,7.641681324142632,1.21621135627032,13940.849411131629
Fermi/GBM,glg_tte_n9_bn221228204_v00.fit,GRB221228204,2022-12-28T04:53:14.796,292.1484375,15.094787099543192,-23579.79903542085,3.334587422370315,7071.279306469551,negative,significant_negative,86.274,long,23579.79903542085,23579.79903542085,9.9383515348574,1.5817377729574802,23579.79903542085
Fermi/GBM,glg_tte_n9_bn221231907_v00.fit,GRB221231907,2022-12-31T21:46:05.129,333.98437499999994,35.31877290301153,11231.58478249051,3.1777725829150514,3534.4205695762826,positive,significant_positive,6.144,long,11231.58478249051,11231.58478249051,6.859063516335458,1.0916538636060653,11231.58478249051
Fermi/GBM,glg_tte_n9_bn230101095_v00.fit,GRB230101095,2023-01-01T02:16:38.999,206.71875,-21.061817601649302,-15338.828977393192,3.1093015434891087,4933.207269495224,negative,significant_negative,83.202,long,15338.828977393192,15338.82897739319,8.015680668127832,1.2757352005786906,15338.828977393192
Fermi/GBM,glg_tte_n9_bn230102015_v00.fit,GRB230102015,2023-01-02T00:22:12.967,272.109375,-36.05358859962301,-5639.846725603015,2.8054661083922414,2010.30649015222,negative,significant_negative,0.176,short,5639.846725603015,5639.846725603015,4.860466512661363,0.7735672712226822,5639.846725603015
Fermi/GBM,glg_tte_n9_bn230110649_v00.fit,GRB230110649,2023-01-10T15:34:09.040,205.3125,33.8687046016565,22390.07789117853,3.2026492239605235,6991.111522194764,positive,significant_positive,6.848,long,22390.07789117853,22390.07789117853,9.68438634891096,1.541317958240852,22390.07789117853
Fermi/GBM,glg_tte_n9_bn230111797_v00.fit,GRB230111797,2023-01-11T19:07:42.899,317.81249999999994,-22.9933943142978,20209.89795944573,3.0207694505477045,6690.31460040137,positive,significant_positive,7.936,long,20209.89795944573,20209.897959445734,9.200816410094202,1.4643554121475195,20209.89795944573
Fermi/GBM,glg_tte_n9_bn230112342_v00.fit,GRB230112342,2023-01-12T08:12:32.498,63.6328125,-0.596841830507027,34579.81762963642,2.948751802574112,11726.933952003006,positive,significant_positive,0.16,short,34579.81762963642,34579.81762963642,12.03526490652868,1.915471901294457,34579.81762963642
Fermi/GBM,glg_tte_n9_bn230112829_v00.fit,GRB230112829,2023-01-12T19:53:47.440,81.56249999999999,-12.32998415024295,2901.165272082672,3.592645232619077,807.5290167094208,positive,significant_positive,2.432,long,2901.165272082672,2901.165272082672,3.486025340436633,0.5548181646740974,2901.165272082672
Fermi/GBM,glg_tte_n9_bn230114708_v00.fit,GRB230114708,2023-01-14T16:59:13.896,235.8984375,2.985506005746533,23890.26108435443,2.944988086957502,8112.175797979445,positive,significant_positive,23.293,long,23890.26108435443,23890.26108435443,10.003563945911145,1.5921166505276243,23890.26108435443
Fermi/GBM,glg_tte_n9_bn230116205_v00.fit,GRB230116205,2023-01-16T04:54:34.289,82.1559633027523,-49.31283855921748,-27049.592963475883,2.6160083778809984,10340.025357788194,negative,significant_negative,7.933,long,27049.592963475883,27049.592963475887,10.64448542903163,1.6941224727000381,27049.592963475883
Fermi/GBM,glg_tte_n9_bn230116374_v00.fit,GRB230116374,2023-01-16T08:59:06.674,113.5546875,-41.014499665730526,12469.085950819555,3.1349504409279683,3977.4427652925247,positive,significant_positive,0.064,short,12469.085950819555,12469.085950819555,7.2270592285820205,1.1502222002467286,12469.085950819555
Fermi/GBM,glg_tte_n9_bn230116575_v00.fit,GRB230116575,2023-01-16T13:48:15.121,305.2702702702703,76.44554826498828,-17797.129641448504,3.934719674333607,4523.099766811893,negative,significant_negative,39.425,long,17797.129641448504,17797.129641448508,8.63414398278214,1.3741666942269222,17797.129641448504
Fermi/GBM,glg_tte_n9_bn230117211_v00.fit,GRB230117211,2023-01-17T05:04:04.254,15.1171875,38.68218745348943,-28080.301903307893,3.145480395598633,8927.190244962178,negative,significant_negative,44.8,long,28080.301903307893,28080.3019033079,10.845390429118758,1.7260974965557825,28080.301903307893
Fermi/GBM,glg_tte_n9_bn230118996_v00.fit,GRB230118996,2023-01-18T23:54:10.156,329.0625,20.42361536381095,-7949.582735656263,3.209577064451251,2476.831861650726,negative,significant_negative,7.168,long,7949.582735656263,7949.582735656263,5.7705402082695825,0.9184099984566393,7949.582735656263
Fermi/GBM,glg_tte_n9_bn230119558_v00.fit,GRB230119558,2023-01-19T13:23:36.319,332.578125,-21.061817601649302,22668.795999155696,2.8198081294404407,8039.127117366693,positive,significant_positive,114.434,long,22668.795999155696,22668.795999155693,9.744476929808203,1.5508816712239115,22668.795999155696
Fermi/GBM,glg_tte_n9_bn230124638_v00.fit,GRB230124638,2023-01-24T15:18:46.699,67.1484375,-0.596841830507027,-48090.86300180237,3.229713511490687,14890.132772056875,negative,significant_negative,11.52,long,48090.86300180237,48090.86300180237,14.193045335010876,2.2588933225943464,48090.86300180237
Fermi/GBM,glg_tte_n9_bn230128950_v00.fit,GRB230128950,2023-01-28T22:47:49.077,201.28378378378372,62.69666002027376,-35070.412700663306,3.578147025838623,9801.277713691412,negative,significant_negative,119.042,long,35070.412700663306,35070.41270066331,12.120338328543255,1.9290117569338197,35070.412700663306
Fermi/GBM,glg_tte_n9_bn230129246_v00.fit,GRB230129246,2023-01-29T05:53:50.853,129.375,-34.590574976176626,48029.89700382541,3.003025145702191,15993.8377714099,positive,significant_positive,72.961,long,48029.89700382541,48029.8970038254,14.184046041469376,2.257461040542882,48029.89700382541
Fermi/GBM,glg_tte_n9_bn230129254_v00.fit,GRB230129254,2023-01-29T06:05:21.148,112.8515625,1.1937484371410718,36780.496769163765,3.1882198581674763,11536.37402857921,positive,significant_positive,0.384,short,36780.496769163765,36780.49676916376,12.412323899812261,1.975482703912793,36780.496769163765
Fermi/GBM,glg_tte_n9_bn230129542_v00.fit,GRB230129542,2023-01-29T13:00:26.187,218.671875,16.02410030815585,1500.1794950550254,2.915351664717808,514.5792575250902,positive,significant_positive,47.873,long,1500.1794950550254,1500.1794950550254,2.5067782459379777,0.39896614907626005,1500.1794950550254
Fermi/GBM,glg_tte_n9_bn230130204_v00.fit,GRB230130204,2023-01-30T04:53:48.905,203.96739130434784,55.87335043525199,-30539.032834183246,3.091818218135192,9877.370103796931,negative,significant_negative,1.792,short,30539.032834183246,30539.032834183243,11.310243215752557,1.8000811153585936,30539.032834183246
Fermi/GBM,glg_tte_n9_bn230201060_v00.fit,GRB230201060,2023-02-01T01:26:24.144,87.18749999999999,31.039240010397883,1010.1765344607238,3.0049630866306085,336.1693655922443,positive,significant_positive,13.568,long,1010.1765344607238,1010.1765344607237,2.0570409749575096,0.32738823930705935,1010.1765344607238
Fermi/GBM,glg_tte_n9_bn230201236_v00.fit,GRB230201236,2023-02-01T05:39:33.405,348.2142857142858,42.60980697763761,14799.34083258928,3.0365023967166374,4873.811675100857,positive,significant_positive,1.28,short,14799.34083258928,14799.34083258928,7.873457557950335,1.2530996895720388,14799.34083258928
Fermi/GBM,glg_tte_n9_bn230201831_v00.fit,GRB230201831,2023-02-01T19:56:48.104,27.0703125,16.334822780685986,-4910.541988720964,2.9467111292138366,1666.4483803782505,negative,significant_negative,84.738,long,4910.541988720964,4910.541988720965,4.535331320041201,0.7218203981440479,4910.541988720964
Fermi/GBM,glg_tte_n9_bn230204130_v00.fit,GRB230204130,2023-02-04T03:06:30.415,313.3177570093458,-50.091456801832585,-2579.9584706880064,2.8507426636245112,905.0127546089262,negative,significant_negative,0.032,short,2579.9584706880064,2579.9584706880064,3.287385704594701,0.5232036847358799,2579.9584706880064
Fermi/GBM,glg_tte_n9_bn230204906_v00.fit,GRB230204906,2023-02-04T21:44:27.198,198.6328125,-19.4712206344907,14090.29737476098,3.65556179954048,3854.4820597841335,positive,significant_positive,216.068,long,14090.29737476098,14090.29737476098,7.682532110308826,1.22271296081786,14090.29737476098
Fermi/GBM,glg_tte_n9_bn230207021_v00.fit,GRB230207021,2023-02-07T00:30:44.274,234.49218749999991,-32.79716829582364,-34260.0436615069,2.959368735286514,11576.80800401846,negative,significant_negative,22.528,long,34260.0436615069,34260.04366150689,11.979488106963258,1.9065947479337744,34260.0436615069
Fermi/GBM,glg_tte_n9_bn230209939_v00.fit,GRB230209939,2023-02-09T22:32:36.890,86.8359375,28.630989836924343,221.6441619093808,3.998034507587434,55.43828135768875,positive,significant_positive,67.329,long,221.6441619093808,221.64416190938084,0.9635460001235557,0.1533531088160879,221.6441619093808
Fermi/GBM,glg_tte_n9_bn230210260_v00.fit,GRB230210260,2023-02-10T06:14:06.965,280.531914893617,72.75731182299069,19190.114743989703,2.9931321293538646,6411.382429726657,positive,significant_positive,32.512,long,19190.114743989703,19190.114743989707,8.965677033462168,1.4269318180409842,19190.114743989703
Fermi/GBM,glg_tte_n9_bn230215612_v00.fit,GRB230215612,2023-02-15T14:41:18.650,354.0234375,-4.181528273111476,-8240.32337056343,3.183129381567961,2588.7491153452183,negative,significant_negative,55.808,long,8240.32337056343,8240.323370563432,5.8751158132319805,0.9350537229132303,8240.32337056343
Fermi/GBM,glg_tte_n9_bn230217912_v00.fit,GRB230217912,2023-02-17T21:53:10.689,278.4375,-27.615881983844705,41539.62073321449,4.038519431043903,10285.853873551145,positive,significant_positive,0.896,short,41539.62073321449,41539.620733214484,13.190934630943726,2.0994024505167603,41539.62073321449
Fermi/GBM,glg_tte_n9_bn230220892_v00.fit,GRB230220892,2023-02-20T21:25:05.793,44.64843749999999,28.630989836924343,-10798.757494745398,3.2818885972298792,3290.409523303207,negative,significant_negative,28.672,long,10798.757494745398,10798.757494745398,6.72560254682457,1.0704128905985708,10798.757494745398
Fermi/GBM,glg_tte_n9_bn230222404_v00.fit,GRB230222404,2023-02-22T09:41:49.606,293.5546875,-26.61009781073392,35289.45558591989,2.8721930816860666,12286.588882528706,positive,significant_positive,27.904,long,35289.45558591989,35289.45558591989,12.158130032638473,1.9350264934484398,35289.45558591989
Fermi/GBM,glg_tte_n9_bn230225460_v00.fit,GRB230225460,2023-02-25T11:02:58.393,150.35714285714286,42.60980697763761,23720.60285042963,3.1132926192052226,7619.13695619307,positive,significant_positive,67.84,long,23720.60285042963,23720.602850429623,9.96798018013217,1.5864533183100762,23720.60285042963
Fermi/GBM,glg_tte_n9_bn230225618_v00.fit,GRB230225618,2023-02-25T14:49:19.501,46.40625,-31.738394244764443,16329.44460995715,3.3956734752252853,4808.897183164461,positive,significant_positive,51.2,long,16329.44460995715,16329.44460995715,8.270466590936115,1.3162856396238591,16329.44460995715
Fermi/GBM,glg_tte_n9_bn230227432_v00.fit,GRB230227432,2023-02-27T10:22:03.229,347.803738317757,-50.091456801832585,-33460.31533961136,2.8405755966271764,11779.413784777014,negative,significant_negative,15.36,long,33460.31533961136,33460.31533961136,11.838844586513833,1.8842106364404023,33460.31533961136
Fermi/GBM,glg_tte_n9_bn230228244_v00.fit,GRB230228244,2023-02-28T05:50:51.193,23.6667,51.9,-299.66369544382354,2.941115969038912,101.88775233563696,negative,significant_negative,2.304,long,299.66369544382354,299.6636954438236,1.1203697390616993,0.1783123820622464,299.66369544382354
Fermi/GBM,glg_tte_n9_bn230301278_v00.fit,GRB230301278,2023-03-01T06:40:10.892,320.25,67.93492864899142,-16269.406714299172,3.983992197319747,4083.6944222040665,negative,significant_negative,12.288,long,16269.406714299172,16269.40671429917,8.255248723239191,1.3138636407565751,16269.406714299172
Fermi/GBM,glg_tte_n9_bn230301687_v00.fit,GRB230301687,2023-03-01T16:28:43.235,67.1484375,-7.180755781458284,26339.353662895963,3.036852127920698,8673.242078773934,positive,significant_positive,0.768,short,26339.353662895963,26339.353662895963,10.503810100318034,1.6717332987641922,26339.353662895963
Fermi/GBM,glg_tte_n9_bn230304265_v00.fit,GRB230304265,2023-03-04T06:20:54.160,29.53125,32.44286613851178,20960.6466606878,3.377793282277268,6205.426119669581,positive,significant_positive,254.469,long,20960.6466606878,20960.6466606878,9.370152155556367,1.4913060330799741,20960.6466606878
Fermi/GBM,glg_tte_n9_bn230304624_v00.fit,GRB230304624,2023-03-04T14:59:09.807,211.32,-43.00863399423693,-38821.66341796923,3.2481402732918387,11951.966402801096,negative,significant_negative,28.416,long,38821.66341796923,38821.66341796923,12.752090160389537,2.0295581837795154,38821.66341796923
Fermi/GBM,glg_tte_n9_bn230304918_v00.fit,GRB230304918,2023-03-04T22:01:39.796,281.6015625,-10.19991809111631,40300.07193197922,2.955152614143453,13637.221894768416,positive,significant_positive,17.152,long,40300.07193197922,40300.07193197921,12.992634319523562,2.0678419757375788,40300.07193197922
Fermi/GBM,glg_tte_n9_bn230305052_v00.fit,GRB230305052,2023-03-05T01:15:15.528,29.4,-9.717,-14828.93593755862,3.525042041852509,4206.740164087688,negative,significant_negative,34.816,long,14828.93593755862,14828.935937558617,7.881326132235008,1.2543520120645304,14828.93593755862
Fermi/GBM,glg_tte_n9_bn230305570_v00.fit,GRB230305570,2023-03-05T13:40:29.283,40.4296875,-7.180755781458284,-37730.308034847534,3.2054940193548664,11770.512690721253,negative,significant_negative,11.008,long,37730.308034847534,37730.308034847534,12.5715689044742,2.0008273335674325,37730.308034847534
Fermi/GBM,glg_tte_n9_bn230306673_v00.fit,GRB230306673,2023-03-06T16:09:01.529,203.45,-47.617,-20059.19516667381,3.1713559879707107,6325.116209835938,negative,significant_negative,0.64,short,20059.19516667381,20059.195166673813,9.166447525080901,1.4588854342090958,20059.19516667381
Fermi/GBM,glg_tte_n9_bn230308564_v00.fit,GRB230308564,2023-03-08T13:32:27.402,95.33898305084745,68.30717609030755,25720.2509890878,2.6148142518492805,9836.358728310286,positive,significant_positive,0.576,short,25720.2509890878,25720.250989087795,10.37963079342124,1.651969548241842,25720.2509890878
Fermi/GBM,glg_tte_n9_bn230310031_v00.fit,GRB230310031,2023-03-10T00:45:01.131,258.04687499999994,-24.29647799480565,-397.1294670079291,3.126043790601895,127.03899676704944,negative,significant_negative,52.224,long,397.1294670079291,397.1294670079291,1.2897643278656972,0.20527236820342168,397.1294670079291
Fermi/GBM,glg_tte_n9_bn230312812_v00.fit,GRB230312812,2023-03-12T19:29:33.814,322.55,11.133,-107030.42049825308,3.0576488818064544,35004.15666923131,negative,significant_negative,11.264,long,107030.42049825308,107030.42049825306,21.173756799331834,3.36990805843929,107030.42049825308
Fermi/GBM,glg_tte_n9_bn230313485_v00.fit,GRB230313485,2023-03-13T11:38:43.007,201.90265486725664,47.74965082913658,-145660.15430127527,6.59118989286437,22099.21981749716,negative,significant_negative,6.461,long,145660.15430127527,145660.15430127527,24.701008634565028,3.9312876235466123,145660.15430127527
Fermi/GBM,glg_tte_n9_bn230314119_v00.fit,GRB230314119,2023-03-14T02:51:24.129,230.92105263157896,76.07742270175356,8490.493655024551,3.01796220253667,2813.320076668981,positive,significant_positive,46.849,long,8490.493655024551,8490.49365502455,5.963631163642487,0.9491413784705736,8490.493655024551
Fermi/GBM,glg_tte_n9_bn230316546_v00.fit,GRB230316546,2023-03-16T13:06:30.316,273.2608695652174,-64.57355318327413,15758.11717994966,3.393737292768828,4643.293166364442,positive,significant_positive,30.913,long,15758.11717994966,15758.117179949659,8.124496716058742,1.2930538124946196,15758.11717994966
Fermi/GBM,glg_tte_n9_bn230320150_v00.fit,GRB230320150,2023-03-20T03:35:24.055,271.4835164835165,-56.255467438581086,-7711.45249371709,3.1330574974401606,2461.31853629168,negative,significant_negative,16.128,long,7711.45249371709,7711.452493717089,5.683454642236334,0.9045499001504921,7711.45249371709
Fermi/GBM,glg_tte_n9_bn230320884_v00.fit,GRB230320884,2023-03-20T21:12:25.550,28.220338983050848,68.30717609030755,44310.864105222965,3.0430629851008155,14561.27077295936,positive,significant_positive,14.592,long,44310.864105222965,44310.864105222965,13.623836226613223,2.1683008793399297,44310.864105222965
Fermi/GBM,glg_tte_n9_bn230320949_v00.fit,GRB230320949,2023-03-20T22:46:06.192,253.125,-36.05358859962301,-58070.97371112822,3.121439142914207,18603.91026458154,negative,significant_negative,0.832,short,58070.97371112822,58070.97371112821,15.596381819626687,2.4822412609421565,58070.97371112822
Fermi/GBM,glg_tte_n9_bn230321100_v00.fit,GRB230321100,2023-03-21T02:24:09.679,94.30851063829786,55.1079364250982,-29110.154217267267,2.6815454930456344,10855.73759339979,negative,significant_negative,6.912,long,29110.154217267267,29110.154217267267,11.042478383275666,1.757465018683723,29110.154217267267
Fermi/GBM,glg_tte_n9_bn230321182_v00.fit,GRB230321182,2023-03-21T04:21:43.722,62.9296875,30.0,861.1970252970741,3.3576926172120256,256.4847719777718,positive,significant_positive,81.918,long,861.1970252970741,861.1970252970742,1.8993087331857246,0.30228437334411384,861.1970252970741
Fermi/GBM,glg_tte_n9_bn230322873_v00.fit,GRB230322873,2023-03-22T20:57:41.278,13.0078125,30.0,23309.812829432103,2.7244994734711616,8555.631247648627,positive,significant_positive,200.452,long,23309.812829432103,23309.812829432103,9.88129119373219,1.5726563376128933,23309.812829432103
Fermi/GBM,glg_tte_n9_bn230328582_v00.fit,GRB230328582,2023-03-28T13:58:24.246,195.1171875,-1.1937484371410847,-11649.253472337668,3.4804488889254035,3347.054889788772,negative,significant_negative,92.674,long,11649.253472337668,11649.25347233767,6.985433332156416,1.1117662444515832,11649.253472337668
Fermi/GBM,glg_tte_n9_bn230328621_v00.fit,GRB230328621,2023-03-28T14:54:47.430,297.2368421052632,76.07742270175356,9839.28403864842,3.903190922193696,2520.8308368165817,positive,significant_positive,18.88,long,9839.28403864842,9839.28403864842,6.419867335327233,1.0217536204115234,9839.28403864842
Fermi/GBM,glg_tte_n9_bn230330018_v00.fit,GRB230330018,2023-03-30T00:26:04.892,64.6875,-35.31877290301153,-102929.88557946969,3.351428791683905,30712.24005560721,negative,significant_negative,18.944,long,102929.88557946969,102929.88557946967,20.764192652137154,3.3047238999000403,102929.88557946969
Fermi/GBM,glg_tte_n9_bn230330191_v00.fit,GRB230330191,2023-03-30T04:34:29.478,282.3046875,-12.63562509302113,14169.762575913088,2.9292969811101908,4837.257084989317,positive,significant_positive,56.061,long,14169.762575913088,14169.762575913088,7.704165281335384,1.2261559869214889,14169.762575913088
Fermi/GBM,glg_tte_n9_bn230402314_v00.fit,GRB230402314,2023-04-02T07:32:35.956,93.515625,-14.78593022605343,-369.42643831860977,5.803063843623749,63.6605848692369,negative,significant_negative,62.465,long,369.42643831860977,369.4264383186097,1.243965371792204,0.19798323795587663,369.42643831860977
Fermi/GBM,glg_tte_n9_bn230404958_v00.fit,GRB230404958,2023-04-04T23:00:07.327,140.62499999999997,-2.686724185691605,-16160.351408710569,3.7553304083642542,4303.310135565325,negative,significant_negative,65.793,long,16160.351408710569,16160.35140871057,8.22753436253613,1.309452763256051,16160.351408710569
Fermi/GBM,glg_tte_n9_bn230405627_v01.fit,GRB230405627,2023-04-05T15:03:04.584,258.75,85.61313403601544,73589.02876839066,3.113748940684093,23633.57809837523,positive,significant_positive,40.704,long,73589.02876839066,73589.02876839066,17.55702146962231,2.7942867528609234,73589.02876839066
Fermi/GBM,glg_tte_n9_bn230408442_v00.fit,GRB230408442,2023-04-08T10:35:46.450,277.734375,8.687297481032452,20639.62229368566,3.097392894942133,6663.546729053647,positive,significant_positive,4.544,long,20639.62229368566,20639.62229368566,9.298120653889221,1.4798418635313157,20639.62229368566
Fermi/GBM,glg_tte_n9_bn230409033_v00.fit,GRB230409033,2023-04-09T00:48:13.828,328.00781249999994,25.94447977237,-5549.882688375667,3.749674646340964,1480.0971315715076,negative,significant_negative,7.104,long,5549.882688375667,5549.882688375667,4.821544798379619,0.7673726880011322,5549.882688375667
Fermi/GBM,glg_tte_n9_bn230409936_v00.fit,GRB230409936,2023-04-09T22:27:45.371,198.26732673267327,-52.41601188939429,15929.693949547487,2.658825813794333,5991.251426438758,positive,significant_positive,52.736,long,15929.693949547487,15929.693949547489,8.168607346488724,1.300074237370451,15929.693949547487
Fermi/GBM,glg_tte_n9_bn230410476_v00.fit,GRB230410476,2023-04-10T11:26:00.136,352.61718749999994,22.02431283704216,50991.94936762968,3.303533002270272,15435.58043239971,positive,significant_positive,22.272,long,50991.94936762968,50991.94936762967,14.614875231560848,2.3260296357742174,50991.94936762968
Fermi/GBM,glg_tte_n9_bn230414334_v00.fit,GRB230414334,2023-04-14T08:00:48.984,211.2890625,-16.334822780686,-7100.833028792162,3.1008931294658275,2289.93155594994,negative,significant_negative,0.8,short,7100.833028792162,7100.833028792163,5.453796827608111,0.8679987237327282,7100.833028792162
Fermi/GBM,glg_tte_n9_bn230415474_v00.fit,GRB230415474,2023-04-15T11:21:58.934,62.84482758620689,-68.67919198537577,7319.823391734031,3.4384716483930977,2128.8014386143936,positive,significant_positive,0.416,short,7319.823391734031,7319.823391734031,5.537256046460359,0.8812816709596518,7319.823391734031
Fermi/GBM,glg_tte_n9_bn230415867_v00.fit,GRB230415867,2023-04-15T20:48:48.632,150.1171875,-10.19991809111631,21250.70864984623,3.2256739987635203,6587.990186854638,positive,significant_positive,40.449,long,21250.70864984623,21250.708649846234,9.434763390633881,1.5015892305218328,21250.70864984623
Fermi/GBM,glg_tte_n9_bn230418883_v00.fit,GRB230418883,2023-04-18T21:11:33.494,305.8833,-45.517,-2090.3991149697727,3.564672953188244,586.4210104043682,negative,significant_negative,0.256,short,2090.3991149697727,2090.3991149697727,2.9590950199139474,0.47095459949791524,2090.3991149697727
Fermi/GBM,glg_tte_n9_bn230419568_v00.fit,GRB230419568,2023-04-19T13:37:43.399,320.9765625,-18.839404547275457,-3081.348831055176,3.1399515587491185,981.3364229996948,negative,significant_negative,0.256,short,3081.348831055176,3081.348831055176,3.5926485774500567,0.5717877798932426,3081.348831055176
Fermi/GBM,glg_tte_n9_bn230421405_v00.fit,GRB230421405,2023-04-21T09:42:46.373,46.05468749999999,6.579592944977629,29349.51502962728,2.908156695447705,10092.136739251244,positive,significant_positive,9.728,long,29349.51502962728,29349.515029627284,11.087784317497059,1.764675682066454,29349.51502962728
Fermi/GBM,glg_tte_n9_bn230425230_v00.fit,GRB230425230,2023-04-25T05:30:39.360,287.2,-51.683,-6220.854955803822,3.797493159822865,1638.147771171758,negative,significant_negative,0.528,short,6220.854955803822,6220.854955803821,5.104689638388207,0.8124365888994629,6220.854955803822
Fermi/GBM,glg_tte_n9_bn230426853_v00.fit,GRB230426853,2023-04-26T20:28:59.966,42.75,-82.68537621076392,-1549.494823928095,3.532681037054218,438.61724499763096,negative,significant_negative,25.856,long,1549.494823928095,1549.4948239280952,2.5476476877380865,0.4054707227601539,1549.494823928095
Fermi/GBM,glg_tte_n9_bn230428381_v00.fit,GRB230428381,2023-04-28T09:08:58.151,94.0909090909091,-85.97886316086333,-3493.1206530750924,3.88221440378793,899.7753059869148,negative,significant_negative,4.352,long,3493.1206530750924,3493.1206530750924,3.825173143236524,0.6087952139284554,3493.1206530750924
Fermi/GBM,glg_tte_n9_bn230430196_v00.fit,GRB230430196,2023-04-30T04:42:34.211,30.182926829268297,59.67778522657882,23521.401045479983,3.030642579782832,7761.192693057678,positive,significant_positive,12.032,long,23521.401045479983,23521.401045479986,9.926037190246616,1.579777884141737,23521.401045479983
Fermi/GBM,glg_tte_n9_bn230430325_v00.fit,GRB230430325,2023-04-30T07:47:18.805,184.921875,40.62018519067267,-23898.82183850946,3.323170380771762,7191.572835624298,negative,significant_negative,0.32,short,23898.82183850946,23898.82183850946,10.005356106760194,1.5924018817855663,23898.82183850946
Fermi/GBM,glg_tte_n9_bn230430368_v00.fit,GRB230430368,2023-04-30T08:50:32.330,116.0667,-35.617,4229.587552034889,3.4324967383094727,1232.2189573639591,positive,significant_positive,57.6,long,4229.587552034889,4229.58755203489,4.209139449846036,0.6699053496060976,4229.587552034889
Fermi/GBM,glg_tte_n9_bn230503847_v00.fit,GRB230503847,2023-05-03T20:19:07.437,66.89189189189189,-48.5322537274423,34090.493387814175,3.1036984993328045,10983.828936716158,positive,significant_positive,83.458,long,34090.493387814175,34090.493387814175,11.949808566634498,1.901871102381757,34090.493387814175
Fermi/GBM,glg_tte_n9_bn230506214_v00.fit,GRB230506214,2023-05-06T05:08:16.650,296.71874999999994,20.42361536381095,6000.1008869865655,3.193549223033714,1878.8189778665023,positive,significant_positive,26.369,long,6000.1008869865655,6000.1008869865655,5.013298696780341,0.7978912687887482,6000.1008869865655
Fermi/GBM,glg_tte_n9_bn230506531_v00.fit,GRB230506531,2023-05-06T12:45:18.768,330.1171875,37.921650784291785,7091.061571293456,3.6590592001545503,1937.946664266581,positive,significant_positive,38.4,long,7091.061571293456,7091.061571293457,5.450043050414485,0.8674012915370971,7091.061571293456
Fermi/GBM,glg_tte_n9_bn230506715_v00.fit,GRB230506715,2023-05-06T17:09:16.966,133.56,43.00863399423692,-34578.49024252647,3.355291043290446,10305.660461757216,negative,significant_negative,23.041,long,34578.49024252647,34578.49024252647,12.035033910388316,1.9154351371168832,34578.49024252647
Fermi/GBM,glg_tte_n9_bn230510503_v00.fit,GRB230510503,2023-05-10T12:04:06.934,321.328125,31.039240010397883,-9880.306717288322,3.0392486254090083,3250.904396134645,negative,significant_negative,177.412,long,9880.306717288322,9880.306717288322,6.433236510315978,1.023881390696043,9880.306717288322
Fermi/GBM,glg_tte_n9_bn230510890_v00.fit,GRB230510890,2023-05-10T21:21:34.013,5.625,30.34518296958825,-19.40171376407796,3.362661789364084,5.769748782183364,negative,significant_negative,466.186,long,19.40171376407796,19.40171376407796,0.285078425299143,0.04537164055521224,19.40171376407796
Fermi/GBM,glg_tte_n9_bn230511145_v00.fit,GRB230511145,2023-05-11T03:28:07.466,265.42968749999994,-15.094787099543192,21358.46180699583,3.051822498796068,6998.592419913563,positive,significant_positive,234.245,long,21358.46180699583,21358.461806995838,9.458652948832006,1.505391371797346,21358.46180699583
Fermi/GBM,glg_tte_n9_bn230511469_v00.fit,GRB230511469,2023-05-11T11:15:05.691,147.30468749999997,-4.181528273111476,-43168.4479172778,2.912685652968852,14820.839960287827,negative,significant_negative,13.824,long,43168.4479172778,43168.4479172778,13.447065545751041,2.1401669516869934,43168.4479172778
Fermi/GBM,glg_tte_n9_bn230511548_v00.fit,GRB230511548,2023-05-11T13:08:30.719,223.2421875,-7.180755781458284,121.45253260272844,10.761964643195464,11.285349527655251,positive,significant_positive,63.489,long,121.45253260272844,121.45253260272843,0.713259545265823,0.11351878233653322,121.45253260272844
Fermi/GBM,glg_tte_n9_bn230511945_v00.fit,GRB230511945,2023-05-11T22:40:18.198,236.953125,-17.896089316234637,23108.97018994762,3.318489819536967,6963.7007936254695,positive,significant_positive,0.192,short,23108.97018994762,23108.970189947617,9.838629374783526,1.5658664982459218,23108.97018994762
Fermi/GBM,glg_tte_n9_bn230512269_v00.fit,GRB230512269,2023-05-12T06:27:45.413,278.7244897959184,53.57223328098856,-400.702450645421,3.5548165610578533,112.72099242335553,negative,significant_negative,2.624,long,400.702450645421,400.70245064542104,1.295553356792935,0.20619372077289355,400.702450645421
Fermi/GBM,glg_tte_n9_bn230513929_v00.fit,GRB230513929,2023-05-13T22:17:19.429,159.25781249999997,23.31795706533424,31721.2725285515,3.184561597658946,9960.954296462858,positive,significant_positive,4.8,long,31721.2725285515,31721.272528551504,11.52708790852903,1.8345930200972127,31721.2725285515
Fermi/GBM,glg_tte_n9_bn230514996_v00.fit,GRB230514996,2023-05-14T23:54:17.432,29.53125,18.52439107386577,5938.520987526841,3.459298928119728,1716.6833832295242,positive,significant_positive,5.888,long,5938.520987526841,5938.520987526842,4.987506244955573,0.7937862725863768,5938.520987526841
Fermi/GBM,glg_tte_n9_bn230516743_v00.fit,GRB230516743,2023-05-16T17:49:54.762,148.35937499999997,28.291548862929403,-7639.038885790491,3.0191695705756607,2530.178814810314,negative,significant_negative,49.92,long,7639.038885790491,7639.038885790492,5.656706750290451,0.9002928409300169,7639.038885790491
Fermi/GBM,glg_tte_n9_bn230517462_v00.fit,GRB230517462,2023-05-17T11:05:46.299,121.25,-49.7023903266307,6831.213350769964,3.197211464938248,2136.616056111229,positive,significant_positive,23.296,long,6831.213350769964,6831.213350769964,5.349254113473321,0.8513602340139335,6831.213350769964
Fermi/GBM,glg_tte_n9_bn230518951_v00.fit,GRB230518951,2023-05-18T22:49:27.609,254.7391304347826,-46.9649773399548,-29881.85644950036,3.979743637015596,7508.487775837922,negative,significant_negative,0.896,short,29881.85644950036,29881.856449500367,11.187887539500036,1.780607604667653,29881.85644950036
Fermi/GBM,glg_tte_n9_bn230521211_v00.fit,GRB230521211,2023-05-21T05:03:23.733,19.6875,32.44286613851178,1360.612994673646,2.771906287768761,490.8582229772522,positive,significant_positive,0.512,short,1360.612994673646,1360.6129946736462,2.3873253621142734,0.3799546321491356,1360.612994673646
Fermi/GBM,glg_tte_n9_bn230523474_v00.fit,GRB230523474,2023-05-23T11:23:09.188,130.78124999999997,30.34518296958825,32260.20619818803,2.604107553763221,12388.200384261589,positive,significant_positive,18.368,long,32260.20619818803,32260.20619818804,11.62459615330181,1.8501119392450152,32260.20619818803
Fermi/GBM,glg_tte_n9_bn230524239_v00.fit,GRB230524239,2023-05-24T05:43:46.145,344.88281249999994,1.7907846593289465,-3949.7969518359896,4.30047236246539,918.4565366144188,negative,significant_negative,26.88,long,3949.7969518359896,3949.796951835989,4.067538663952162,0.6473688845853903,3949.7969518359896
Fermi/GBM,glg_tte_n9_bn230524255_v00.fit,GRB230524255,2023-05-24T06:06:35.807,177.5390625,15.71386104800821,23759.73034428619,2.8781245149098305,8255.282292757429,positive,significant_positive,35.329,long,23759.73034428619,23759.73034428619,9.97619795986988,1.5877612185765733,23759.73034428619
Fermi/GBM,glg_tte_n9_bn230524357_v01.fit,GRB230524357,2023-05-24T08:34:31.512,85.7667,-80.017,29349.719550515725,3.0017155565929974,9777.648480400389,positive,significant_positive,11.008,long,29349.719550515725,29349.719550515718,11.087822949814264,1.7646818305907004,29349.719550515725
Fermi/GBM,glg_tte_n9_bn230525449_v00.fit,GRB230525449,2023-05-25T10:46:08.332,50.833333333333336,70.16502666715499,25759.30913360448,2.803629831231614,9187.842434351827,positive,significant_positive,0.112,short,25759.30913360448,25759.309133604478,10.387508930485069,1.6532233926979059,25759.30913360448
Fermi/GBM,glg_tte_n9_bn230527290_v00.fit,GRB230527290,2023-05-27T06:57:14.916,350.5078125,29.31319896416834,-17799.78885254446,3.0327266386902867,5869.236160444542,negative,significant_negative,105.474,long,17799.78885254446,17799.788852544458,8.634789006849225,1.3742693529956118,17799.78885254446
Fermi/GBM,glg_tte_n9_bn230529330_v00.fit,GRB230529330,2023-05-29T07:54:45.316,346.3761467889908,-49.31283855921748,20828.29721584845,3.429622141552492,6073.058884096216,positive,significant_positive,36.608,long,20828.29721584845,20828.29721584845,9.340522863315824,1.4865903847595774,20828.29721584845
Fermi/GBM,glg_tte_n9_bn230603525_v00.fit,GRB230603525,2023-06-03T12:35:29.446,294.60937499999994,-11.110881800003284,-46380.59604423355,3.4988862806822945,13255.81694389598,negative,significant_negative,20.48,long,46380.59604423355,46380.59604423354,13.938385358506913,2.218362928526075,46380.59604423355
Fermi/GBM,glg_tte_n9_bn230606010_v00.fit,GRB230606010,2023-06-06T00:14:38.134,182.55,64.683,-32630.348807738435,3.1067800812525403,10502.94773184688,negative,significant_negative,15.616,long,32630.348807738435,32630.348807738435,11.691094280032903,1.8606954448206199,32630.348807738435
Fermi/GBM,glg_tte_n9_bn230608468_v00.fit,GRB230608468,2023-06-08T11:13:32.347,299.53125,10.503271450113209,-20851.070243279915,4.787694404966614,4355.138085181382,negative,significant_negative,15.872,long,20851.070243279915,20851.070243279915,9.345627790275188,1.4874028591192832,20851.070243279915
Fermi/GBM,glg_tte_n9_bn230613373_v00.fit,GRB230613373,2023-06-13T08:56:25.711,316.3235294117647,52.029727416464176,-88380.74448090298,3.3303217411178703,26538.200015244387,negative,significant_negative,17.408,long,88380.74448090298,88380.74448090298,19.240800315302252,3.0622684792244517,88380.74448090298
Fermi/GBM,glg_tte_n9_bn230614009_v00.fit,GRB230614009,2023-06-14T00:12:15.466,125.15625,20.42361536381095,-51721.03788049917,3.4077111142675194,15177.647443162594,negative,significant_negative,24.064,long,51721.03788049917,51721.03788049917,14.718986950711683,2.342599530510868,51721.03788049917
Fermi/GBM,glg_tte_n9_bn230614385_v00.fit,GRB230614385,2023-06-14T09:15:01.627,110.72368421052632,-61.943837023156725,-10499.015886991196,3.918356643126897,2679.443665600805,negative,significant_negative,14.909,long,10499.015886991196,10499.015886991196,6.631604248394608,1.0554525967612152,10499.015886991196
Fermi/GBM,glg_tte_n9_bn230617926_v00.fit,GRB230617926,2023-06-17T22:13:31.997,135.86538461538458,-70.90666664467562,-18409.40920211193,3.529309285452205,5216.150728981282,negative,significant_negative,2.56,long,18409.40920211193,18409.40920211193,8.781409507687869,1.3976047304626915,18409.40920211193
Fermi/GBM,glg_tte_n9_bn230618227_v00.fit,GRB230618227,2023-06-18T05:26:11.930,257.34375,-6.279288322550267,11010.247015388242,3.06832926070027,3588.352513665833,positive,significant_positive,48.641,long,11010.247015388242,11010.247015388242,6.791142381833623,1.0808438793096888,11010.247015388242
Fermi/GBM,glg_tte_n9_bn230621990_v00.fit,GRB230621990,2023-06-21T23:45:24.826,337.8515625,40.228184728061095,22779.555569076256,2.7368476578706225,8323.28226365353,positive,significant_positive,32.769,long,22779.555569076256,22779.555569076256,9.768253643161295,1.5546658526845352,22779.555569076256
Fermi/GBM,glg_tte_n9_bn230625767_v00.fit,GRB230625767,2023-06-25T18:24:10.711,320.625,-18.52439107386579,-35319.69075831286,3.0400226827997896,11618.232639561838,negative,significant_negative,63.233,long,35319.69075831286,35319.69075831287,12.163337316892324,1.9358552584775248,35319.69075831286
Fermi/GBM,glg_tte_n9_bn230626604_v00.fit,GRB230626604,2023-06-26T14:30:22.246,146.6015625,0.0,1070.9947457303315,3.2580339052277307,328.7242480846653,positive,significant_positive,15.36,long,1070.9947457303315,1070.9947457303315,2.1180586158774983,0.33709949847528187,1070.9947457303315
Fermi/GBM,glg_tte_n9_bn230628067_v00.fit,GRB230628067,2023-06-28T01:36:00.847,352.6923076923077,-46.1781796469964,23440.74059312194,2.880500428138995,8137.732028828858,positive,significant_positive,28.673,long,23440.74059312194,23440.740593121944,9.909003208668768,1.577066841773086,23440.74059312194
Fermi/GBM,glg_tte_n9_bn230628233_v00.fit,GRB230628233,2023-06-28T05:35:36.158,134.5,-16.033,-15969.720666996249,2.905033589400253,5497.2585257760165,negative,significant_negative,0.256,short,15969.720666996249,15969.72066699625,8.17886358261884,1.3017065680480768,15969.720666996249
Fermi/GBM,glg_tte_n9_bn230628734_v00.fit,GRB230628734,2023-06-28T17:36:34.863,300.234375,35.31877290301153,-22379.315405555742,3.070487383812041,7288.522181703805,negative,significant_negative,47.105,long,22379.315405555742,22379.31540555574,9.682058518756074,1.5409474725650234,22379.315405555742
Fermi/GBM,glg_tte_n9_bn230628849_v00.fit,GRB230628849,2023-06-28T20:22:31.563,175.078125,11.71976030578877,-111879.96494280726,2.77631484557128,40298.01055210862,negative,significant_negative,19.2,long,111879.96494280726,111879.96494280729,21.64813389796626,3.445407518576551,111879.96494280726
Fermi/GBM,glg_tte_n9_bn230701025_v00.fit,GRB230701025,2023-07-01T00:36:36.751,255.00000000000003,73.49627530761094,-17146.41973702161,3.9537166178092087,4336.785206048126,negative,significant_negative,24.832,long,17146.41973702161,17146.419737021606,8.474830679228473,1.3488111944660564,17146.41973702161
Fermi/GBM,glg_tte_n9_bn230701948_v00.fit,GRB230701948,2023-07-01T22:44:39.122,115.76612903225806,43.406858485936986,80770.12000364593,2.9865525144579665,27044.60062652038,positive,significant_positive,2.816,long,80770.12000364593,80770.12000364595,18.3937241338097,2.927452117764505,80770.12000364593
Fermi/GBM,glg_tte_n9_bn230702527_v00.fit,GRB230702527,2023-07-02T12:38:53.062,92.8125,-26.27681155719998,47970.51992558666,3.1930906959784484,15023.22498574918,positive,significant_positive,2.432,long,47970.51992558666,47970.51992558666,14.175275799179634,2.256065213130356,47970.51992558666
Fermi/GBM,glg_tte_n9_bn230703954_v00.fit,GRB230703954,2023-07-03T22:53:07.384,315.0,47.74965082913658,23829.23910871108,3.181725631739769,7489.40727981037,positive,significant_positive,17.92,long,23829.23910871108,23829.239108711085,9.990779917808307,1.590082009262432,23829.23910871108
Fermi/GBM,glg_tte_n9_bn230704821_v00.fit,GRB230704821,2023-07-04T19:42:15.436,211.73684210526315,-54.72462840974654,-193.87461568328163,4.6361203684979255,41.81828776505555,negative,significant_negative,21.76,long,193.87461568328163,193.87461568328163,0.9011659620352158,0.14342501740406788,193.87461568328163
Fermi/GBM,glg_tte_n9_bn230707141_v00.fit,GRB230707141,2023-07-07T03:22:51.960,173.671875,-17.270004694974464,-72711.20399380915,3.3309601822979915,21828.90218268731,negative,significant_negative,28.928,long,72711.20399380915,72711.20399380913,17.451990690677462,2.777570585215059,72711.20399380915
Fermi/GBM,glg_tte_n9_bn230707782_v00.fit,GRB230707782,2023-07-07T18:46:20.290,28.4765625,-41.014499665730526,-59519.74955137787,3.396153526912768,17525.63571691165,negative,significant_negative,99.586,long,59519.74955137787,59519.74955137787,15.789735397154406,2.513014438570195,59519.74955137787
Fermi/GBM,glg_tte_n9_bn230709706_v00.fit,GRB230709706,2023-07-09T16:56:14.471,89.29687499999999,-0.2984168674869415,-25850.06966563491,3.2856389592251096,7867.592875064834,negative,significant_negative,22.272,long,25850.06966563491,25850.069665634906,10.40579255071219,1.6561333212346672,25850.06966563491
Fermi/GBM,glg_tte_n9_bn230709735_v00.fit,GRB230709735,2023-07-09T17:38:26.825,269.1818181818182,-69.79389373110558,21.10180450241477,4.194416131868833,5.030927747508164,positive,significant_positive,0.192,short,21.10180450241477,21.101804502414765,0.2973062932449166,0.04731776618225705,21.10180450241477
Fermi/GBM,glg_tte_n9_bn230709902_v00.fit,GRB230709902,2023-07-09T21:39:25.455,220.4430379746836,-60.8122696032311,-36739.858032903976,3.0011530507261424,12241.91416163018,negative,significant_negative,3.84,long,36739.858032903976,36739.85803290397,12.405464822144745,1.9743910477969566,36739.858032903976
Fermi/GBM,glg_tte_n9_bn230710826_v00.fit,GRB230710826,2023-07-10T19:50:00.794,26.3671875,-17.582776008425416,14590.615497521325,3.325111896648136,4388.007366678195,positive,significant_positive,47.616,long,14590.615497521325,14590.615497521325,7.817737989842192,1.2442316448806825,14590.615497521325
Fermi/GBM,glg_tte_n9_bn230712027_v00.fit,GRB230712027,2023-07-12T00:39:13.211,154.6875,30.34518296958825,28289.77054478348,3.091858434681486,9149.762559454894,positive,significant_positive,0.832,short,28289.77054478348,28289.770544783478,10.88576656711155,1.7325235585002958,28289.77054478348
Fermi/GBM,glg_tte_n9_bn230712868_v00.fit,GRB230712868,2023-07-12T20:49:57.210,351.72,-43.00863399423693,-77868.43218278114,3.5888119102600053,21697.55176083877,negative,significant_negative,16.896,long,77868.43218278114,77868.43218278114,18.0603024888651,2.874386414837741,77868.43218278114
Fermi/GBM,glg_tte_n9_bn230713999_v00.fit,GRB230713999,2023-07-13T23:59:05.945,122.76,43.00863399423692,-28909.164495429068,3.076295976054092,9397.393722989658,negative,significant_negative,80.129,long,28909.164495429068,28909.164495429068,11.004291211477993,1.7513873415294239,28909.164495429068
Fermi/GBM,glg_tte_n9_bn230715072_v00.fit,GRB230715072,2023-07-15T01:43:15.940,118.125,44.99388015045712,26158.44816525782,3.1861629466125883,8210.01581010429,positive,significant_positive,18.688,long,26158.44816525782,26158.44816525782,10.467676506610458,1.6659824587139571,26158.44816525782
Fermi/GBM,glg_tte_n9_bn230715190_v00.fit,GRB230715190,2023-07-15T04:33:27.857,35.869565217391305,-64.57355318327413,53520.44721731957,3.030848429465399,17658.569361965703,positive,significant_positive,135.938,long,53520.44721731957,53520.44721731957,14.972839579040953,2.383001431126341,53520.44721731957
Fermi/GBM,glg_tte_n9_bn230717117_v00.fit,GRB230717117,2023-07-17T02:49:08.823,106.5234375,22.02431283704216,-105750.22547092104,3.483463336509427,30357.783405548085,negative,significant_negative,13.824,long,105750.22547092104,105750.22547092104,21.046745796121222,3.3496936294512607,105750.22547092104
Fermi/GBM,glg_tte_n9_bn230718188_v00.fit,GRB230718188,2023-07-18T04:30:02.353,147.30468749999997,23.96948231775968,49079.61391006071,3.1919160165596985,15376.22345181862,positive,significant_positive,24.832,long,49079.61391006071,49079.61391006072,14.338207907585948,2.2819966635716056,49079.61391006071
Fermi/GBM,glg_tte_n9_bn230723194_v00.fit,GRB230723194,2023-07-23T04:38:43.467,22.95918367346939,-72.0176251134728,34570.20682834249,2.774901517034473,12458.174322989144,positive,significant_positive,0.768,short,34570.20682834249,34570.20682834249,12.033592304046229,1.9152056983415473,34570.20682834249
Fermi/GBM,glg_tte_n9_bn230723488_v00.fit,GRB230723488,2023-07-23T11:42:33.035,249.96093749999991,-7.782714385390946,16688.518235068135,3.075805244750128,5425.739572930561,positive,significant_positive,6.144,long,16688.518235068135,16688.518235068135,8.360903163860497,1.330679067241065,16688.518235068135
Fermi/GBM,glg_tte_n9_bn230724049_v00.fit,GRB230724049,2023-07-24T01:10:29.451,268.2421875,-37.9216507842918,-24058.858948977,4.415946325627477,5448.1773950362485,negative,significant_negative,0.416,short,24058.858948977,24058.858948977,10.038800361786873,1.5977247002910882,24058.858948977
Fermi/GBM,glg_tte_n9_bn230725439_v00.fit,GRB230725439,2023-07-25T10:32:50.879,207.421875,4.480798785982211,42819.44479508313,3.511727038603955,12193.272519297368,positive,significant_positive,0.576,short,42819.44479508313,42819.44479508314,13.392597617043373,2.1314981115931912,42819.44479508313
Fermi/GBM,glg_tte_n9_bn230727460_v00.fit,GRB230727460,2023-07-27T11:03:06.846,323.80434782608694,73.12688191450309,-340.19961978707954,2.975051690407307,114.3508265365647,negative,significant_negative,14.592,long,340.19961978707954,340.1996197870795,1.1937440408379734,0.18999026488585685,340.19961978707954
Fermi/GBM,glg_tte_n9_bn230728118_v00.fit,GRB230728118,2023-07-28T02:50:05.237,350.6333,27.867,-57919.45962154669,3.4363261709012183,16855.052966743435,negative,significant_negative,18.944,long,57919.45962154669,57919.45962154668,15.576022121493525,2.4790009143444047,57919.45962154669
Fermi/GBM,glg_tte_n9_bn230728560_v00.fit,GRB230728560,2023-07-28T13:26:47.255,352.96874999999994,13.554784037178988,-30791.10522834142,2.8606181998525577,10763.794074276831,negative,significant_negative,131.587,long,30791.10522834142,30791.105228341425,11.356825259509085,1.8074948778817679,30791.10522834142
Fermi/GBM,glg_tte_n9_bn230729294_v00.fit,GRB230729294,2023-07-29T07:02:44.480,4.565217391304348,-64.57355318327413,-19819.86640625167,2.810105357294507,7053.068795019734,negative,significant_negative,0.832,short,19819.86640625167,19819.866406251673,9.11160042268546,1.4501562467485938,19819.86640625167
Fermi/GBM,glg_tte_n9_bn230731986_v00.fit,GRB230731986,2023-07-31T23:39:16.433,240.18072289156623,-59.298952349144834,-39730.11514920111,2.6520696692723886,14980.796171957769,negative,significant_negative,10.496,long,39730.11514920111,39730.11514920112,12.90043089094349,2.0531673443090397,39730.11514920111
Fermi/GBM,glg_tte_n9_bn230802285_v00.fit,GRB230802285,2023-08-02T06:50:22.229,68.5167,12.467,-13839.677484137534,3.809012009571854,3633.403478214069,negative,significant_negative,38.145,long,13839.677484137534,13839.677484137532,7.61390211934446,1.211790158511529,13839.677484137534
Fermi/GBM,glg_tte_n9_bn230802999_v00.fit,GRB230802999,2023-08-02T23:58:47.917,23.203125,8.084013907099306,1378.9992270359105,2.8494424083209307,483.9540616820197,positive,significant_positive,63.744,long,1378.9992270359105,1378.99922703591,2.40340143434592,0.3825132185103045,1378.9992270359105
Fermi/GBM,glg_tte_n9_bn230803061_v00.fit,GRB230803061,2023-08-03T01:27:08.154,158.125,-63.44828368030105,-4379.510402772751,2.7261817197032414,1606.463124273859,negative,significant_negative,87.554,long,4379.510402772751,4379.510402772751,4.283088871001231,0.6816747655217312,4379.510402772751
Fermi/GBM,glg_tte_n9_bn230803642_v00.fit,GRB230803642,2023-08-03T15:25:09.727,39.02343749999999,19.471220634490685,10020.039361064712,3.0035561213337383,3336.0586439168264,positive,significant_positive,55.552,long,10020.039361064712,10020.039361064712,6.478567953429365,1.0310961139450274,10020.039361064712
Fermi/GBM,glg_tte_n9_bn230803977_v00.fit,GRB230803977,2023-08-03T23:27:18.234,49.5703125,-34.228866327812575,-40287.78993318279,3.208420355083504,12556.892637010538,negative,significant_negative,27.905,long,40287.78993318279,40287.78993318279,12.990654327038643,2.067526850146319,40287.78993318279
Fermi/GBM,glg_tte_n9_bn230804277_v00.fit,GRB230804277,2023-08-04T06:38:55.839,198.52941176470588,-45.389203005400056,8390.8421379712,3.391212975855419,2474.289346529363,positive,significant_positive,39.936,long,8390.8421379712,8390.8421379712,5.928530792484986,0.9435549808964973,8390.8421379712
Fermi/GBM,glg_tte_n9_bn230805303_v00.fit,GRB230805303,2023-08-05T07:16:16.496,44.18918918918919,48.5322537274423,-890.0260665512492,3.075337974159808,289.4075623653713,negative,significant_negative,59.392,long,890.0260665512492,890.0260665512491,1.9308372457497376,0.3073022919670114,890.0260665512492
Fermi/GBM,glg_tte_n9_bn230805475_v00.fit,GRB230805475,2023-08-05T11:23:33.586,211.4667,43.5,-54599.70037673798,3.1696241794816986,17225.92247061486,negative,significant_negative,60.16,long,54599.70037673798,54599.70037673797,15.12305161408741,2.4069084190158776,54599.70037673798
Fermi/GBM,glg_tte_n9_bn230805684_v00.fit,GRB230805684,2023-08-05T16:25:10.824,76.93548387096774,55.49084192446861,13861.301364000868,2.8198986254916427,4915.531799156142,positive,significant_positive,0.384,short,13861.301364000868,13861.301364000865,7.619847989239619,1.2127364730963248,13861.301364000868
Fermi/GBM,glg_tte_n9_bn230806168_v00.fit,GRB230806168,2023-08-06T04:02:32.374,62.22656250000001,-5.379378991112076,-80869.83702376754,2.9239727632156893,27657.520631221458,negative,significant_negative,0.576,short,80869.83702376754,80869.83702376754,18.405074875909342,2.9292586444774242,80869.83702376754
Fermi/GBM,glg_tte_n9_bn230806217_v00.fit,GRB230806217,2023-08-06T05:13:08.265,60.8203125,20.105509787916,9740.271012798692,2.623320236478033,3712.955390408454,positive,significant_positive,48.897,long,9740.271012798692,9740.271012798692,6.387483996878268,1.016599652023553,9740.271012798692
Fermi/GBM,glg_tte_n9_bn230807934_v00.fit,GRB230807934,2023-08-07T22:25:01.819,71.91176470588235,-52.02972741646418,5660.029365114218,2.59343891775201,2182.441748047926,positive,significant_positive,52.48,long,5660.029365114218,5660.029365114219,4.869155528774345,0.7749501710876685,5660.029365114218
Fermi/GBM,glg_tte_n9_bn230808451_v00.fit,GRB230808451,2023-08-08T10:49:12.783,77.82352941176471,58.54024913501049,-24540.459189307447,3.326894492031877,7376.386371158869,negative,significant_negative,62.465,long,24540.459189307447,24540.459189307454,10.138778776220104,1.6136367591506269,24540.459189307447
Fermi/GBM,glg_tte_n9_bn230808699_v00.fit,GRB230808699,2023-08-08T16:46:11.382,204.9609375,-22.024312837042167,-4400.217744247359,3.452293346314988,1274.578172490526,negative,significant_negative,20.992,long,4400.217744247359,4400.217744247359,4.2932026490757,0.6832844232956173,4400.217744247359
Fermi/GBM,glg_tte_n9_bn230811385_v00.fit,GRB230811385,2023-08-11T09:14:24.364,138.8671875,6.579592944977629,-4979.259018119822,3.7199147309751615,1338.5411704892838,negative,significant_negative,9.728,long,4979.259018119822,4979.259018119821,4.5669542807208625,0.7268533486514167,4979.259018119822
Fermi/GBM,glg_tte_n9_bn230812395_v00.fit,GRB230812395,2023-08-12T09:28:32.442,294.2578125,-31.388166464348547,-28751.559911522552,3.078393524250621,9339.793527054537,negative,significant_negative,25.6,long,28751.559911522552,28751.55991152256,10.974254076232915,1.74660678297885,28751.559911522552
Fermi/GBM,glg_tte_n9_bn230812790_v04.fit,GRB230812790,2023-08-12T18:58:12.050,250.125,44.99388015045712,525.9978792267233,14.446133327299844,36.41098052395164,positive,significant_positive,3.264,long,525.9978792267233,525.9978792267232,1.4843499466915857,0.2362416312941572,525.9978792267233
Fermi/GBM,glg_tte_n9_bn230814788_v00.fit,GRB230814788,2023-08-14T18:54:56.037,292.5,-8.687297481032452,43169.64624985461,3.1831740012294527,13561.824214818602,positive,significant_positive,69.377,long,43169.64624985461,43169.6462498546,13.447252186059593,2.14019665641468,43169.64624985461
Fermi/GBM,glg_tte_n9_bn230815451_v00.fit,GRB230815451,2023-08-15T10:49:54.662,190.5167,-52.433,-18649.85179373805,3.2200683252045863,5791.75654372276,negative,significant_negative,5.181,long,18649.85179373805,18649.85179373805,8.83856982290279,1.406702077177837,18649.85179373805
Fermi/GBM,glg_tte_n9_bn230817502_v00.fit,GRB230817502,2023-08-17T12:02:56.556,325.8984375,13.861949672048636,-30471.67414045197,3.325574019573994,9162.83142732616,negative,significant_negative,45.313,long,30471.67414045197,30471.674140451974,11.297763060135754,1.7980948369016232,30471.67414045197
Fermi/GBM,glg_tte_n9_bn230818977_v00.fit,GRB230818977,2023-08-18T23:27:35.373,289.3359375,41.01449966573052,8341.1618434502,3.497706910959786,2384.751511715814,positive,significant_positive,9.981,long,8341.1618434502,8341.161843450202,5.910953986149968,0.94075754528451,8341.1618434502
Fermi/GBM,glg_tte_n9_bn230822992_v00.fit,GRB230822992,2023-08-22T23:48:54.404,143.43749999999997,37.54432510382694,-48030.04216590561,2.876512139089164,16697.319477022662,negative,significant_negative,0.896,short,48030.04216590561,48030.04216590561,14.184067475869632,2.257464451933635,48030.04216590561
Fermi/GBM,glg_tte_n9_bn230826814_v00.fit,GRB230826814,2023-08-26T19:32:44.528,83.25,67.93492864899142,-32410.405263246124,2.913948974956378,11122.502673105768,negative,significant_negative,37.377,long,32410.405263246124,32410.405263246128,11.65162598523668,1.854413870608393,32410.405263246124
Fermi/GBM,glg_tte_n9_bn230827256_v00.fit,GRB230827256,2023-08-27T06:08:30.734,284.45,58.967,59.75160088660105,2.912239751273604,20.517404468663685,positive,significant_positive,11.005,long,59.75160088660105,59.75160088660105,0.5002868382379255,0.07962312326938129,59.75160088660105
Fermi/GBM,glg_tte_n9_bn230827762_v00.fit,GRB230827762,2023-08-27T18:17:52.931,319.21875,-23.6433142557656,18049.355663072667,2.776102873437191,6501.688332869712,positive,significant_positive,83.201,long,18049.355663072667,18049.35566307266,8.695111511888996,1.3838699778523773,18049.355663072667
Fermi/GBM,glg_tte_n9_bn230830792_v00.fit,GRB230830792,2023-08-30T19:01:09.340,315.3515625,10.199918091116295,30650.934055342525,3.4845669062133444,8796.196164489977,positive,significant_positive,20.992,long,30650.934055342525,30650.934055342528,11.330945783056787,1.8033760312797544,30650.934055342525
Fermi/GBM,glg_tte_n9_bn230902615_v00.fit,GRB230902615,2023-09-02T14:45:45.812,306.219512195122,43.80448796297494,-16840.584365471856,4.527222619598366,3719.848962710359,negative,significant_negative,3.584,long,16840.584365471856,16840.584365471852,8.398909145416882,1.336727907072823,16840.584365471856
Fermi/GBM,glg_tte_n9_bn230903440_v00.fit,GRB230903440,2023-09-03T10:33:01.608,294.80769230769226,61.18977627871704,28649.766967380063,3.263921440002558,8777.71340212086,positive,significant_positive,122.114,long,28649.766967380063,28649.766967380063,10.954810050492629,1.7435121701686775,28649.766967380063
Fermi/GBM,glg_tte_n9_bn230903724_v00.fit,GRB230903724,2023-09-03T17:22:58.815,14.414062499999996,-13.248014905676952,21109.944705002614,3.3697282412861007,6264.58372706807,positive,significant_positive,2.816,long,21109.944705002614,21109.944705002617,9.403463702482043,1.496607730435233,21109.944705002614
Fermi/GBM,glg_tte_n9_bn230904347_v00.fit,GRB230904347,2023-09-04T08:19:31.334,279.84375,-20.42361536381095,-11168.719387037016,4.052090487220024,2756.2857794667425,negative,significant_negative,0.336,short,11168.719387037016,11168.719387037016,6.839840814553254,1.0885944755978463,11168.719387037016
Fermi/GBM,glg_tte_n9_bn230904853_v00.fit,GRB230904853,2023-09-04T20:28:02.189,127.42105263157896,54.724628409746536,-9628.452991811824,3.2354846483321054,2975.892034219757,negative,significant_negative,5.632,long,9628.452991811824,9628.452991811826,6.350714099953453,1.0107475411709892,9628.452991811824
Fermi/GBM,glg_tte_n9_bn230905656_v00.fit,GRB230905656,2023-09-05T15:44:59.770,154.3359375,-1.790784659328959,139719.10487436957,2.8763420653267007,48575.274324509104,positive,significant_positive,0.288,short,139719.10487436957,139719.10487436957,24.192023849179748,3.8502801789939776,139719.10487436957
Fermi/GBM,glg_tte_n9_bn230910125_v00.fit,GRB230910125,2023-09-10T03:00:01.741,56.82203389830508,45.78396716177502,6929.200870029766,2.860882508893013,2422.050136099767,positive,significant_positive,12.288,long,6929.200870029766,6929.200870029766,5.387482596851522,0.8574444861104805,6929.200870029766
Fermi/GBM,glg_tte_n9_bn230911132_v00.fit,GRB230911132,2023-09-11T03:09:32.876,58.00781249999999,-34.228866327812575,18501.03363686554,3.1498773809294183,5873.572650439661,positive,significant_positive,35.84,long,18501.03363686554,18501.033636865537,8.803235114236465,1.4010783836308793,18501.03363686554
Fermi/GBM,glg_tte_n9_bn230911185_v00.fit,GRB230911185,2023-09-11T04:25:49.521,351.8617021276596,-55.1079364250982,-49340.33641370656,2.7882159340297323,17696.024117614277,negative,significant_negative,85.505,long,49340.33641370656,49340.33641370656,14.376241437545465,2.288049887867896,49340.33641370656
Fermi/GBM,glg_tte_n9_bn230911329_v00.fit,GRB230911329,2023-09-11T07:53:09.730,13.55,-60.1,-30229.49018469509,3.1539162605072777,9584.747243680134,negative,significant_negative,45.569,long,30229.49018469509,30229.490184695096,11.252777096403232,1.7909350984038397,30229.49018469509
Fermi/GBM,glg_tte_n9_bn230911686_v00.fit,GRB230911686,2023-09-11T16:28:28.330,45.3515625,-18.20995686428302,-28041.11973553169,3.698869544660479,7580.997220085956,negative,significant_negative,16.384,long,28041.11973553169,28041.119735531694,10.837821168456209,1.7248928113057866,28041.11973553169
Fermi/GBM,glg_tte_n9_bn230913331_v00.fit,GRB230913331,2023-09-13T07:56:12.164,287.06896551724134,79.38582555083228,18039.200026184684,2.509952714771285,7187.067676622935,positive,significant_positive,12.032,long,18039.200026184684,18039.200026184684,8.692664975245785,1.3834805994521548,18039.200026184684
Fermi/GBM,glg_tte_n9_bn230915236_v00.fit,GRB230915236,2023-09-15T05:39:29.465,22.11206896551724,-46.5718474134496,1491.2846997143536,3.15143442911872,473.2082273186888,positive,significant_positive,34.817,long,1491.2846997143536,1491.2846997143538,2.499335660272805,0.39778162477826295,1491.2846997143536
Fermi/GBM,glg_tte_n9_bn230915288_v00.fit,GRB230915288,2023-09-15T06:54:25.503,165.58252427184465,-51.64299443168208,-10019.229878540957,3.176005938147648,3154.6634589683745,negative,significant_negative,28.928,long,10019.229878540957,10019.229878540955,6.4783062581770166,1.0310544638520325,10019.229878540957
Fermi/GBM,glg_tte_n9_bn230916144_v00.fit,GRB230916144,2023-09-16T03:27:45.985,141.54545454545453,69.79389373110558,101408.09911116833,3.0522362925486024,33224.19675001409,positive,significant_positive,8.704,long,101408.09911116833,101408.09911116834,20.61012499338297,3.2802032704387165,101408.09911116833
Fermi/GBM,glg_tte_n9_bn230918412_v00.fit,GRB230918412,2023-09-18T09:52:36.505,221.1328125,-13.861949672048636,-19219.94649711249,2.985241451089652,6438.322263714035,negative,significant_negative,0.64,short,19219.94649711249,19219.94649711249,8.972643067882691,1.428040496852759,19219.94649711249
Fermi/GBM,glg_tte_n9_bn230918997_v00.fit,GRB230918997,2023-09-18T23:55:14.924,308.04545454545456,-48.9227951602473,-66681.30114301191,3.0579892811253515,21805.603294486675,negative,significant_negative,14.08,long,66681.30114301191,66681.30114301192,16.712689223169917,2.659907102226141,66681.30114301191
Fermi/GBM,glg_tte_n9_bn230919707_v00.fit,GRB230919707,2023-09-19T16:58:23.857,58.00781249999999,39.45089470914606,23459.57111239522,3.236058075206845,7249.428337560262,positive,significant_positive,2.944,long,23459.57111239522,23459.57111239522,9.912982481780691,1.5777001627587615,23459.57111239522
Fermi/GBM,glg_tte_n9_bn230921112_v00.fit,GRB230921112,2023-09-21T02:41:32.615,239.4140625,-32.089951256280315,-120640.31502280924,3.06567181238701,39351.999302520126,negative,significant_negative,108.546,long,120640.31502280924,120640.31502280924,22.479701285156967,3.5777555787619635,120640.31502280924
Fermi/GBM,glg_tte_n9_bn230930917_v00.fit,GRB230930917,2023-09-30T22:00:25.136,105.46875,-8.084013907099306,-22850.169928697345,3.9559405069762974,5776.166221003853,negative,significant_negative,12.8,long,22850.169928697345,22850.169928697345,9.783382235966863,1.557073643011566,22850.169928697345
Fermi/GBM,glg_tte_n9_bn231001015_v00.fit,GRB231001015,2023-10-01T00:20:56.585,265.78124999999994,-33.15288792861988,-27960.927718188304,2.976796025641881,9392.960578197206,negative,significant_negative,39.937,long,27960.927718188304,27960.927718188308,10.822313068040836,1.7224246204667146,27960.927718188304
Fermi/GBM,glg_tte_n9_bn231004350_v00.fit,GRB231004350,2023-10-04T08:23:35.108,67.85156249999999,-9.59406822686046,999.3157310176044,3.040740068181285,328.642274120889,positive,significant_positive,6.08,long,999.3157310176044,999.3157310176042,2.04595306534033,0.32562354368292906,999.3157310176044
Fermi/GBM,glg_tte_n9_bn231012231_v00.fit,GRB231012231,2023-10-12T05:32:20.556,30.234375,19.78804941066957,-5499.33683361573,3.173332177628003,1732.9849274482085,negative,significant_negative,0.832,short,5499.33683361573,5499.33683361573,4.799538338368658,0.7638702511104336,5499.33683361573
Fermi/GBM,glg_tte_n9_bn231014102_v00.fit,GRB231014102,2023-10-14T02:26:59.271,109.6875,-36.79533013738013,32999.31646369098,2.866926796170936,11510.34498256629,positive,significant_positive,8.448,long,32999.31646369098,32999.316463690986,11.757006998711665,1.8711857798109703,32999.31646369098
Fermi/GBM,glg_tte_n9_bn231017337_v00.fit,GRB231017337,2023-10-17T08:05:03.295,89.51086956521738,55.87335043525199,23639.57950223409,3.6646811117979374,6450.651170201331,positive,significant_positive,4.8,long,23639.57950223409,23639.579502234097,9.95094161696406,1.5837415467586882,23639.57950223409
Fermi/GBM,glg_tte_n9_bn231018521_v00.fit,GRB231018521,2023-10-18T12:30:10.664,2.142857142857143,50.86815892553735,-3510.39003372397,3.5076583853185137,1000.7787669451762,negative,significant_negative,39.425,long,3510.39003372397,3510.3900337239697,3.834616980643925,0.6102982473335995,3510.39003372397
Fermi/GBM,glg_tte_n9_bn231019715_v00.fit,GRB231019715,2023-10-19T17:09:58.333,343.4016393442623,44.20152985105137,38280.47842863675,4.055396563310858,9439.392136137794,positive,significant_positive,9.472,long,38280.47842863675,38280.47842863675,12.662894340410897,2.01536222812678,38280.47842863675
Fermi/GBM,glg_tte_n9_bn231020790_v00.fit,GRB231020790,2023-10-20T18:56:58.300,316.7578125,-28.63098983692436,627.9660991927666,4.2601770074669005,147.40375765892296,positive,significant_positive,9.344,long,627.9660991927666,627.9660991927666,1.6218564194270033,0.25812646613712986,627.9660991927666
Fermi/GBM,glg_tte_n9_bn231020900_v00.fit,GRB231020900,2023-10-20T21:35:52.907,222.1875,17.270004694974464,-871.2718484220543,3.0820778726214137,282.689758153647,negative,significant_negative,22.528,long,871.2718484220543,871.2718484220543,1.9103860825436396,0.3040473882507818,871.2718484220543
Fermi/GBM,glg_tte_n9_bn231024556_v00.fit,GRB231024556,2023-10-24T13:20:34.421,14.414062499999996,-17.582776008425416,-8340.540617402223,2.720914815810461,3065.344261767298,negative,significant_negative,0.048,short,8340.540617402223,8340.540617402223,5.910733866517547,0.9407225121569387,8340.540617402223
Fermi/GBM,glg_tte_n9_bn231025283_v00.fit,GRB231025283,2023-10-25T06:46:59.585,191.02941176470588,-52.02972741646418,-33290.42282980935,3.249432775520504,10244.995089789722,negative,significant_negative,5.888,long,33290.42282980935,33290.42282980935,11.808750868008973,1.8794210723843379,33290.42282980935
Fermi/GBM,glg_tte_n9_bn231028173_v00.fit,GRB231028173,2023-10-28T04:09:06.657,214.8046875,22.02431283704216,26819.83419743125,3.5031445720824,7655.931305595115,positive,significant_positive,34.817,long,26819.83419743125,26819.83419743125,10.599181986370226,1.6869122058613957,26819.83419743125
Fermi/GBM,glg_tte_n9_bn231028935_v00.fit,GRB231028935,2023-10-28T22:25:54.098,323.3823529411764,52.029727416464176,-3240.7029625915948,3.0778714441668025,1052.9039374706151,negative,significant_negative,44.801,long,3240.7029625915948,3240.7029625915948,3.6843757715963106,0.5863866162575688,3240.7029625915948
Fermi/GBM,glg_tte_n9_bn231030005_v00.fit,GRB231030005,2023-10-30T00:07:34.119,44.99999999999999,49.31283855921746,19060.266619287344,3.088573065430494,6171.220889226614,positive,significant_positive,6.4,long,19060.266619287344,19060.266619287348,8.935292838821113,1.4220960232719941,19060.266619287344
Fermi/GBM,glg_tte_n9_bn231030050_v00.fit,GRB231030050,2023-10-30T01:12:23.740,117.421875,-31.738394244764443,-14960.698334878649,3.4322585508497654,4358.849461144076,negative,significant_negative,34.049,long,14960.698334878649,14960.698334878647,7.916263426762891,1.2599124551869003,14960.698334878649
Fermi/GBM,glg_tte_n9_bn231030832_v00.fit,GRB231030832,2023-10-30T19:58:19.937,243.2022471910112,57.01854862136609,34310.86523681006,3.342493732181796,10265.049985423257,positive,significant_positive,10.752,long,34310.86523681006,34310.86523681006,11.988370040238825,1.9080083515187933,34310.86523681006
Fermi/GBM,glg_tte_n9_bn231031144_v00.fit,GRB231031144,2023-10-31T03:27:20.529,143.70967741935485,-78.65148926014304,32459.03069221152,3.077617690359177,10546.804040635518,positive,significant_positive,11.52,long,32459.03069221152,32459.030692211512,11.660363194188953,1.8558044406019738,32459.03069221152
Fermi/GBM,glg_tte_n9_bn231101099_v00.fit,GRB231101099,2023-11-01T02:23:16.800,137.4609375,13.861949672048636,-14759.569656660837,3.3035107495960894,4467.84368976715,negative,significant_negative,9.216,long,14759.569656660837,14759.569656660837,7.862871028109475,1.251414791017676,14759.569656660837
Fermi/GBM,glg_tte_n9_bn231103612_v00.fit,GRB231103612,2023-11-03T14:41:30.250,13.206521739130434,-55.87335043525199,40679.567014825,2.871967394271407,14164.355450541269,positive,significant_positive,43.52,long,40679.567014825,40679.56701482501,13.053665073329043,2.077555321886346,40679.567014825
Fermi/GBM,glg_tte_n9_bn231104966_v00.fit,GRB231104966,2023-11-04T23:10:39.522,10.195312499999998,-41.014499665730526,-74989.5607443095,2.4928217491675166,30082.19932666764,negative,significant_negative,13.568,long,74989.5607443095,74989.5607443095,17.723304926198097,2.8207515869293665,74989.5607443095
Fermi/GBM,glg_tte_n9_bn231106759_v01.fit,GRB231106759,2023-11-06T18:13:23.394,113.203125,25.61308321640181,-4872.013098610625,3.54656220697586,1373.728364055673,negative,significant_negative,23.552,long,4872.013098610625,4872.013098610626,4.5175038179343225,0.718983063060757,4872.013098610625
Fermi/GBM,glg_tte_n9_bn231106981_v00.fit,GRB231106981,2023-11-06T23:33:07.404,124.43877551020408,53.57223328098856,72990.05095577789,3.5538765462436217,20538.150384803583,positive,significant_positive,3.84,long,72990.05095577789,72990.05095577787,17.485422799875955,2.782891470651987,72990.05095577789
Fermi/GBM,glg_tte_n9_bn231108877_v00.fit,GRB231108877,2023-11-08T21:03:09.442,105.0,48.5322537274423,-64910.86884690439,3.18545880232488,20377.24324029234,negative,significant_negative,4.736,long,64910.86884690439,64910.8688469044,16.489330235339676,2.624358415228955,64910.86884690439
Fermi/GBM,glg_tte_n9_bn231109274_v00.fit,GRB231109274,2023-11-09T06:34:01.337,173.50961538461536,51.25580694880489,27859.40344840245,3.3334989540414908,8357.40578668131,positive,significant_positive,7.936,long,27859.40344840245,27859.40344840245,10.802647651194608,1.7192947721676748,27859.40344840245
Fermi/GBM,glg_tte_n9_bn231114388_v00.fit,GRB231114388,2023-11-14T09:18:40.392,151.17187499999997,-34.590574976176626,8418.543882296406,2.717141847977861,3098.308573239051,positive,significant_positive,0.384,short,8418.543882296406,8418.543882296406,5.938309031427009,0.9451112359588537,8418.543882296406
Fermi/GBM,glg_tte_n9_bn231115650_v00.fit,GRB231115650,2023-11-15T15:36:21.201,133.0,73.49627530761094,-7069.662332120178,2.8504717840479312,2480.172710947031,negative,significant_negative,0.032,short,7069.662332120178,7069.662332120178,5.441813330860616,0.8660914909898387,7069.662332120178
Fermi/GBM,glg_tte_n9_bn231116403_v00.fit,GRB231116403,2023-11-16T09:40:34.761,23.5546875,-36.42357364233117,-34489.03278545363,3.0510015435910307,11304.167596342812,negative,significant_negative,6.912,long,34489.03278545363,34489.03278545363,12.019456007002349,1.9129558367899984,34489.03278545363
Fermi/GBM,glg_tte_n9_bn231118720_v00.fit,GRB231118720,2023-11-18T17:16:29.832,2.8125,-48.1412077943603,-24339.58153112612,2.534701401210492,9602.543920756236,negative,significant_negative,5.76,long,24339.58153112612,24339.58153112612,10.097197665995296,1.6070189199190998,24339.58153112612
Fermi/GBM,glg_tte_n9_bn231118940_v00.fit,GRB231118940,2023-11-18T22:34:14.862,348.74999999999994,33.15288792861988,610.6586390058843,3.578257804538033,170.65808903747302,positive,significant_positive,6.272,long,610.6586390058843,610.6586390058844,1.5993501572626418,0.2545444832631496,610.6586390058843
Fermi/GBM,glg_tte_n9_bn231120016_v00.fit,GRB231120016,2023-11-20T00:23:08.748,48.51562499999999,-0.2984168674869415,-57549.283302360935,3.141236355308388,18320.583615145093,negative,significant_negative,92.416,long,57549.283302360935,57549.283302360935,15.526167401822205,2.4710662892722537,57549.283302360935
Fermi/GBM,glg_tte_n9_bn231122531_v00.fit,GRB231122531,2023-11-22T12:44:22.684,108.28125,-6.279288322550267,-80369.22758949199,3.594766318414593,22357.288477359885,negative,significant_negative,58.113,long,80369.22758949199,80369.22758949199,18.348019873902256,2.9201780588798782,80369.22758949199
Fermi/GBM,glg_tte_n9_bn231123114_v00.fit,GRB231123114,2023-11-23T02:44:04.777,83.32031249999999,-20.10550978791601,-8568.440378225727,3.304157711030928,2593.229841789935,negative,significant_negative,3.52,long,8568.440378225727,8568.440378225727,5.99094309158484,0.9534882068079688,8568.440378225727
Fermi/GBM,glg_tte_n9_bn231123809_v00.fit,GRB231123809,2023-11-23T19:25:21.506,162.45762711864407,-68.30717609030755,-94199.6613592584,3.235019397510947,29118.73153890096,negative,significant_negative,52.481,long,94199.6613592584,94199.66135925839,19.864103775299217,3.1614703059292504,94199.6613592584
Fermi/GBM,glg_tte_n9_bn231123832_v00.fit,GRB231123832,2023-11-23T19:58:25.384,185.7558139534884,58.160368554338,-14681.324274000372,3.048050337348612,4816.6278929537375,negative,significant_negative,0.448,short,14681.324274000372,14681.324274000373,7.842001486369754,1.248093300289737,14681.324274000372
Fermi/GBM,glg_tte_n9_bn231124360_v00.fit,GRB231124360,2023-11-24T08:38:11.887,238.0078125,10.806922874860335,-169.29729335430068,3.2348081826391257,52.3361150942122,negative,significant_negative,22.017,long,169.29729335430068,169.29729335430068,0.8421109452437623,0.13402611956733318,169.29729335430068
Fermi/GBM,glg_tte_n9_bn231126050_v00.fit,GRB231126050,2023-11-26T01:12:22.932,275.9765625,26.61009781073391,-49540.366836031775,2.882519585279264,17186.480566872615,negative,significant_negative,14.848,long,49540.366836031775,49540.36683603178,14.405353287729339,2.2926831827272105,49540.366836031775
Fermi/GBM,glg_tte_n9_bn231128489_v00.fit,GRB231128489,2023-11-28T11:44:10.022,194.50413223140487,-44.59799149300628,15299.501150557604,3.6157266671130217,4231.376583223172,positive,significant_positive,78.85,long,15299.501150557604,15299.501150557604,8.005398213554015,1.2740986971061499,15299.501150557604
Fermi/GBM,glg_tte_n9_bn231129799_v00.fit,GRB231129799,2023-11-29T19:10:18.115,5.869565217391305,-81.58633629694107,-11068.597593434932,3.1830485220415032,3477.357481919847,negative,significant_negative,5.824,long,11068.597593434932,11068.59759343493,6.809113979079984,1.083704147846704,11068.597593434932
Fermi/GBM,glg_tte_n9_bn231203293_v00.fit,GRB231203293,2023-12-03T07:01:30.772,230.625,-51.2558069488049,9170.142411682402,2.811882705422845,3261.2108584747725,positive,significant_positive,36.608,long,9170.142411682402,9170.142411682402,6.197725607878385,0.9863986664210669,9170.142411682402
Fermi/GBM,glg_tte_n9_bn231203831_v00.fit,GRB231203831,2023-12-03T19:56:04.252,200.52,43.00863399423692,20580.2513300952,3.212723538680845,6405.858170586792,positive,significant_positive,1.152,short,20580.2513300952,20580.2513300952,9.284737755238156,1.4777119090581008,20580.2513300952
Fermi/GBM,glg_tte_n9_bn231204833_v00.fit,GRB231204833,2023-12-04T20:00:04.000,325.0531914893617,55.1079364250982,3009.661105319936,3.74860450518649,802.8750702176854,positive,significant_positive,44.801,long,3009.661105319936,3009.6611053199363,3.5506110682093484,0.5650973025023126,3009.661105319936
Fermi/GBM,glg_tte_n9_bn231205101_v00.fit,GRB231205101,2023-12-05T02:25:11.407,206.71875,22.9933943142978,62071.77359541399,3.007646275452508,20637.98994649899,positive,significant_positive,0.32,short,62071.77359541399,62071.77359541399,16.12469029873717,2.5663241668699515,62071.77359541399
Fermi/GBM,glg_tte_n9_bn231206789_v00.fit,GRB231206789,2023-12-06T18:56:37.599,45.703125,5.079715792733466,2140.391408309553,3.044622144343193,703.0072392682058,positive,significant_positive,2.816,long,2140.391408309553,2140.391408309553,2.9942696213828177,0.4765528111929734,2140.391408309553
Fermi/GBM,glg_tte_n9_bn231210553_v00.fit,GRB231210553,2023-12-10T13:15:50.511,136.75781249999997,12.635625093021115,-116298.78620688476,3.367381651445884,34536.85927074779,negative,significant_negative,79.616,long,116298.78620688476,116298.78620688473,22.07150236146025,3.5127887022908397,116298.78620688476
Fermi/GBM,glg_tte_n9_bn231214329_v00.fit,GRB231214329,2023-12-14T07:53:55.520,137.4609375,-13.861949672048636,-37151.28491931773,2.862349270699037,12979.298263710749,negative,significant_negative,39.424,long,37151.28491931773,37151.28491931773,12.474731995729066,1.9854152608669053,37151.28491931773
Fermi/GBM,glg_tte_n9_bn231214850_v00.fit,GRB231214850,2023-12-14T20:24:24.685,303.51063829787233,-72.75731182299072,66311.40169851085,3.0758946034079124,21558.411534986168,positive,significant_positive,20.992,long,66311.40169851085,66311.40169851083,16.666269825620184,2.6525192256507526,66311.40169851085
Fermi/GBM,glg_tte_n9_bn231215408_v00.fit,GRB231215408,2023-12-15T09:47:17.811,11.103896103896105,61.56696379051533,61.077029784833805,3.762409825602832,16.233486678992428,positive,significant_positive,16.128,long,61.077029784833805,61.07702978483382,0.505805164169128,0.08050139211892435,61.077029784833805
Fermi/GBM,glg_tte_n9_bn231219717_v00.fit,GRB231219717,2023-12-19T17:12:22.778,233.4705882352941,58.54024913501049,22328.913610979274,3.100787663511765,7201.045680661311,positive,significant_positive,7.936,long,22328.913610979274,22328.913610979274,9.671149601634312,1.5392112644813152,22328.913610979274
Fermi/GBM,glg_tte_n9_bn231220674_v00.fit,GRB231220674,2023-12-20T16:10:17.404,62.50000000000001,83.41768908593822,15560.223003683765,3.272083197525169,4755.448460311979,positive,significant_positive,5.12,long,15560.223003683765,15560.223003683766,8.073320859604332,1.284908921972939,15560.223003683765
Fermi/GBM,glg_tte_n9_bn231222299_v00.fit,GRB231222299,2023-12-22T07:09:54.613,164.1796875,-37.9216507842918,-150839.80395724144,4.0529918901776405,37216.90248697493,negative,significant_negative,14.592,long,150839.80395724144,150839.80395724144,25.136354017796464,4.000574993240131,150839.80395724144
Fermi/GBM,glg_tte_n9_bn231222310_v00.fit,GRB231222310,2023-12-22T07:26:02.193,253.4765625,19.471220634490685,-1130.7997034156651,3.2233764706763903,350.81217279543495,negative,significant_negative,120.834,long,1130.7997034156651,1130.799703415665,2.1763921340702583,0.3463835662436006,1130.7997034156651
Fermi/GBM,glg_tte_n9_bn231224868_v00.fit,GRB231224868,2023-12-24T20:49:15.994,101.0377358490566,-70.5359495596485,13699.77726338255,3.086206522641868,4439.034511421876,positive,significant_positive,0.832,short,13699.77726338255,13699.777263382552,7.575321300685017,1.2056498305133465,13699.77726338255
Fermi/GBM,glg_tte_n9_bn231230062_v00.fit,GRB231230062,2023-12-30T01:29:10.052,241.07142857142856,53.57223328098856,87640.42413923034,3.561415681935096,24608.31084216793,positive,significant_positive,17.152,long,87640.42413923034,87640.42413923031,19.160045672642138,3.049415978667475,87640.42413923034
Fermi/GBM,glg_tte_n9_bn240101540_v00.fit,GRB240101540,2024-01-01T12:57:23.760,352.2667,7.9,-6649.82777155314,2.967838100685235,2240.630231823556,negative,significant_negative,0.352,short,6649.82777155314,6649.827771553139,5.277758371979368,0.8399813333451505,6649.82777155314
Fermi/GBM,glg_tte_n9_bn240102125_v00.fit,GRB240102125,2024-01-02T03:00:02.459,181.0546875,-16.957763300004153,-56420.01137602931,2.937226208092344,19208.602735664925,negative,significant_negative,26.621,long,56420.01137602931,56420.0113760293,15.373080075438633,2.446701684553586,56420.01137602931
Fermi/GBM,glg_tte_n9_bn240106265_v00.fit,GRB240106265,2024-01-06T06:21:20.929,240.1171875,-22.024312837042167,-9369.467156649582,2.7808265270568007,3369.310190868372,negative,significant_negative,33.024,long,9369.467156649582,9369.467156649582,6.264721242788187,0.9970613528825417,9369.467156649582
Fermi/GBM,glg_tte_n9_bn240107803_v00.fit,GRB240107803,2024-01-07T19:16:29.705,293.25000000000006,-67.93492864899142,-81089.16484063091,3.12522440481854,25946.669530548228,negative,significant_negative,60.161,long,81089.16484063091,81089.16484063093,18.43001626148886,2.933228189279965,81089.16484063091
Fermi/GBM,glg_tte_n9_bn240109168_v00.fit,GRB240109168,2024-01-09T04:01:35.209,306.9667,3.05,-39421.36521101546,3.6243357615094345,10876.852423462436,negative,significant_negative,0.256,short,39421.36521101546,39421.36521101545,12.850207331214875,2.0451740165185597,39421.36521101546
Fermi/GBM,glg_tte_n9_bn240109896_v00.fit,GRB240109896,2024-01-09T21:30:52.302,242.85123966942152,-44.59799149300628,-44940.95655269781,3.287672611538564,13669.535219221953,negative,significant_negative,11.264,long,44940.95655269781,44940.95655269782,13.720358544938662,2.1836628834201126,44940.95655269781
Fermi/GBM,glg_tte_n9_bn240112541_v00.fit,GRB240112541,2024-01-12T12:59:25.416,8.863636363636365,-65.69633519657744,-24969.63914949036,2.974934325787684,8393.34130271231,negative,significant_negative,15.616,long,24969.63914949036,24969.63914949036,10.22705137791123,1.6276857800493518,24969.63914949036
Fermi/GBM,glg_tte_n9_bn240112734_v00.fit,GRB240112734,2024-01-12T17:37:25.116,262.96875,28.971532223711293,-125129.7009594733,2.982337085027029,41956.92753434652,negative,significant_negative,5.312,long,125129.7009594733,125129.7009594733,22.894149158832963,3.643717006511424,125129.7009594733
Fermi/GBM,glg_tte_n9_bn240112742_v00.fit,GRB240112742,2024-01-12T17:48:07.463,216.9140625,-31.388166464348547,-124390.12269057002,3.0213462937257822,41170.42887433402,negative,significant_negative,1.28,short,124390.12269057002,124390.12269056999,22.826391030963194,3.6329329655262974,124390.12269057002
Fermi/GBM,glg_tte_n9_bn240112914_v00.fit,GRB240112914,2024-01-12T21:56:04.453,144.3103448275862,-79.38582555083228,53299.40078810076,3.2225798747061942,16539.35755214139,positive,significant_positive,3.264,long,53299.40078810076,53299.40078810076,14.941887696746369,2.3780752860611596,53299.40078810076
Fermi/GBM,glg_tte_n9_bn240115461_v00.fit,GRB240115461,2024-01-15T11:03:14.105,16.171875,22.9933943142978,21448.941612184724,3.790872651176058,5658.048577688445,positive,significant_positive,1.792,short,21448.941612184724,21448.941612184724,9.478666389748854,1.50857660984754,21448.941612184724
Fermi/GBM,glg_tte_n9_bn240115698_v00.fit,GRB240115698,2024-01-15T16:45:37.623,189.140625,-34.590574976176626,-13088.97133705768,3.4157852120837333,3831.907021189136,negative,significant_negative,163.076,long,13088.97133705768,13088.97133705768,7.404522599560153,1.178466372955649,13088.97133705768
Fermi/GBM,glg_tte_n9_bn240118508_v00.fit,GRB240118508,2024-01-18T12:11:05.288,49.21875000000001,-54.34091230386124,-16140.725189079,3.087569029441084,5227.648365160865,negative,significant_negative,26.624,long,16140.725189079,16140.725189079001,8.222536808683989,1.308657377857115,16140.725189079
Fermi/GBM,glg_tte_n9_bn240118725_v00.fit,GRB240118725,2024-01-18T17:23:23.929,305.15625,-12.32998415024295,440.6425821057976,2.9690845348247787,148.4102513543967,positive,significant_positive,30.721,long,440.6425821057976,440.64258210579754,1.3585872558420926,0.21622587738892252,440.6425821057976
Fermi/GBM,glg_tte_n9_bn240123742_v00.fit,GRB240123742,2024-01-23T17:48:03.218,312.18749999999994,18.52439107386577,-11521.366628923455,3.0714757527931216,3751.08500154892,negative,significant_negative,11.52,long,11521.366628923455,11521.366628923457,6.9469840708747395,1.1056468544603726,11521.366628923455
Fermi/GBM,glg_tte_n9_bn240125867_v00.fit,GRB240125867,2024-01-25T20:48:42.607,80.859375,22.9933943142978,-3410.230012549721,2.7674275728803326,1232.2743496410135,negative,significant_negative,0.256,short,3410.230012549721,3410.2300125497204,3.779515587034513,0.6015285881694094,3410.230012549721
Fermi/GBM,glg_tte_n9_bn240127202_v00.fit,GRB240127202,2024-01-27T04:50:40.525,301.38157894736844,-61.943837023156725,28169.97671830677,2.9849494878701,9437.33782858998,positive,significant_positive,0.096,short,28169.97671830677,28169.976718306767,10.86269407406395,1.7288514571823168,28169.97671830677
Fermi/GBM,glg_tte_n9_bn240129632_v00.fit,GRB240129632,2024-01-29T15:09:22.526,107.9296875,33.51005606625301,-12361.375592196187,4.259764020271331,2901.8921079597303,negative,significant_negative,28.416,long,12361.375592196187,12361.375592196187,7.195777164301084,1.145243505086299,12361.375592196187
Fermi/GBM,glg_tte_n9_bn240204630_v00.fit,GRB240204630,2024-02-04T15:07:38.677,101.6015625,-2.3880154632687858,6428.928251864532,3.896213725860418,1650.0450704728228,positive,significant_positive,15.872,long,6428.928251864532,6428.928251864534,5.189357541033828,0.8259119041267368,6428.928251864532
Fermi/GBM,glg_tte_n9_bn240205662_v00.fit,GRB240205662,2024-02-05T15:53:58.333,209.1796875,37.16889965599944,-69000.46847648383,3.130367149818962,22042.29254082044,negative,significant_negative,0.192,short,69000.46847648383,69000.46847648385,17.000837817000892,2.7057673752793194,69000.46847648383
Fermi/GBM,glg_tte_n9_bn240205852_v00.fit,GRB240205852,2024-02-05T20:26:30.713,301.2890625,20.105509787916,20539.03492047706,2.9700856248033545,6915.30060579884,positive,significant_positive,1.792,short,20539.03492047706,20539.034920477065,9.275435746673034,1.4762314484142787,20539.03492047706
Fermi/GBM,glg_tte_n9_bn240205926_v00.fit,GRB240205926,2024-02-05T22:13:08.169,352.1938775510204,-53.57223328098857,-16221.435161330814,3.6037782423428415,4501.230117529413,negative,significant_negative,47.105,long,16221.435161330814,16221.435161330812,8.243069131783383,1.3119251985715434,16221.435161330814
Fermi/GBM,glg_tte_n9_bn240207639_v00.fit,GRB240207639,2024-02-07T15:20:18.223,162.2596153846154,51.25580694880489,-13090.071775669689,2.974230538364752,4401.162454228139,negative,significant_negative,22.784,long,13090.071775669689,13090.07177566969,7.404833855926546,1.1785159109449292,13090.071775669689
Fermi/GBM,glg_tte_n9_bn240209263_v00.fit,GRB240209263,2024-02-09T06:19:19.824,256.5,71.6475002354226,34930.1721883994,3.07834885609899,11347.047986193596,positive,significant_positive,5.376,long,34930.1721883994,34930.1721883994,12.09608048560646,1.925151001321682,34930.1721883994
Fermi/GBM,glg_tte_n9_bn240213841_v00.fit,GRB240213841,2024-02-13T20:11:09.783,166.64062499999997,-20.42361536381095,40668.86649986531,3.3643928130779885,12088.025613946817,positive,significant_positive,43.009,long,40668.86649986531,40668.86649986532,13.051948116446113,2.0772820597113517,40668.86649986531
Fermi/GBM,glg_tte_n9_bn240215648_v01.fit,GRB240215648,2024-02-15T15:33:00.409,137.4609375,-9.59406822686046,17009.693489935366,3.1459657562195646,5406.827285486898,positive,significant_positive,56.576,long,17009.693489935366,17009.693489935362,8.440973728016223,1.3434226933226057,17009.693489935366
Fermi/GBM,glg_tte_n9_bn240215670_v01.fit,GRB240215670,2024-02-15T16:05:31.581,103.359375,-17.896089316234637,40590.49895147592,2.500132334754995,16235.34018068434,positive,significant_positive,28.672,long,40590.49895147592,40590.49895147593,13.0393667183393,2.0752796680116457,40590.49895147592
Fermi/GBM,glg_tte_n9_bn240215828_v00.fit,GRB240215828,2024-02-15T19:51:43.846,309.3243243243244,-48.5322537274423,-77920.27307001805,2.814452806474008,27685.76289173519,negative,significant_negative,21.76,long,77920.27307001805,77920.27307001807,18.06631330930504,2.8753430666227953,77920.27307001805
Fermi/GBM,glg_tte_n9_bn240216456_v00.fit,GRB240216456,2024-02-16T10:57:02.852,46.25,-76.81353334098657,6720.465454924525,3.2695933900476173,2055.4437978071182,positive,significant_positive,2.432,long,6720.465454924525,6720.465454924527,5.305715773502494,0.8444308919935609,6720.465454924525
Fermi/GBM,glg_tte_n9_bn240218084_v00.fit,GRB240218084,2024-02-18T02:00:21.717,162.421875,7.48163126424695,32360.23327735154,3.1300953720995426,10338.417661582494,positive,significant_positive,37.633,long,32360.23327735154,32360.233277351545,11.64260401185116,1.852977978947644,32360.23327735154
Fermi/GBM,glg_tte_n9_bn240220469_v00.fit,GRB240220469,2024-02-20T11:15:23.966,55.8984375,26.61009781073391,10460.18462451417,2.9133395031888667,3590.4447844354286,positive,significant_positive,20.736,long,10460.18462451417,10460.18462451417,6.6193291877215295,1.0534989601783418,10460.18462451417
Fermi/GBM,glg_tte_n9_bn240222369_v00.fit,GRB240222369,2024-02-22T08:51:31.467,141.03658536585365,-59.67778522657882,44448.74430025592,3.11095932286794,14287.793470497516,positive,significant_positive,3.776,long,44448.74430025592,44448.74430025592,13.645016113583997,2.171671763045456,44448.74430025592
Fermi/GBM,glg_tte_n9_bn240226236_v00.fit,GRB240226236,2024-02-26T05:40:04.580,342.421875,-24.29647799480565,16300.63145215468,2.8975668230655818,5625.627447966449,positive,significant_positive,20.224,long,16300.63145215468,16300.63145215468,8.263166787534818,1.3151238398289435,16300.63145215468
Fermi/GBM,glg_tte_n9_bn240226815_v00.fit,GRB240226815,2024-02-26T19:33:07.323,289.8,-43.00863399423693,-1220.8806852045332,3.057662447470346,399.2856327926543,negative,significant_negative,158.723,long,1220.8806852045332,1220.880685204533,2.26141837248167,0.3599159123792868,1220.8806852045332
Fermi/GBM,glg_tte_n9_bn240227195_v00.fit,GRB240227195,2024-02-27T04:40:15.164,68.37662337662337,-61.56696379051533,15580.97441405472,2.890650284223807,5390.127785118253,positive,significant_positive,1.6,short,15580.97441405472,15580.97441405472,8.078702433350283,1.2857654260362208,15580.97441405472
Fermi/GBM,glg_tte_n9_bn240229588_v00.fit,GRB240229588,2024-02-29T14:07:07.026,198.984375,16.64603991239297,1532.761889442815,4.634434663535878,330.7333042156607,positive,significant_positive,28.673,long,1532.761889442815,1532.7618894428153,2.533854374025458,0.4032754487011719,1532.761889442815
Fermi/GBM,glg_tte_n9_bn240303513_v00.fit,GRB240303513,2024-03-03T12:18:51.244,304.1015625,1.1937484371410718,26561.34442739382,2.90194335586936,9152.95068515788,positive,significant_positive,5.888,long,26561.34442739382,26561.344427393826,10.547980819257534,1.6787632870233364,26561.34442739382
Fermi/GBM,glg_tte_n9_bn240303837_v00.fit,GRB240303837,2024-03-03T20:05:08.646,328.7109375,-39.45089470914608,22399.72229899657,3.00064143970435,7464.9779885742,positive,significant_positive,3.968,long,22399.72229899657,22399.722298996567,9.686471873493058,1.5416498797870326,22399.72229899657
Fermi/GBM,glg_tte_n9_bn240305409_v00.fit,GRB240305409,2024-03-05T09:49:21.264,20.68548387096774,-43.40685848593699,28969.47823673561,3.1326530380677173,9247.585955003991,positive,significant_positive,13.056,long,28969.47823673561,28969.478236735606,11.01576446170717,1.7532133660167277,28969.47823673561
Fermi/GBM,glg_tte_n9_bn240305928_v00.fit,GRB240305928,2024-03-05T22:16:36.550,259.453125,-5.079715792733479,11669.967490720152,3.313038920857397,3522.435977812185,positive,significant_positive,0.32,short,11669.967490720152,11669.967490720152,6.991641117456201,1.1127542441676972,11669.967490720152
Fermi/GBM,glg_tte_n9_bn240306282_v00.fit,GRB240306282,2024-03-06T06:45:50.209,20.390625,-41.41118863809925,48871.6302175872,2.66559406627774,18334.23582227281,positive,significant_positive,8.96,long,48871.6302175872,48871.6302175872,14.30779528604501,2.277156344520982,48871.6302175872
Fermi/GBM,glg_tte_n9_bn240308268_v00.fit,GRB240308268,2024-03-08T06:25:22.054,77.68867924528301,50.48004426244293,-6340.632608682235,3.609355190175405,1756.721706398227,negative,significant_negative,77.825,long,6340.632608682235,6340.632608682234,5.153598719671267,0.8202207109477452,6340.632608682235
Fermi/GBM,glg_tte_n9_bn240310236_v00.fit,GRB240310236,2024-03-10T05:40:08.594,312.53906249999994,-3.5833216984719782,-38599.81973982279,3.010809829890393,12820.411092263506,negative,significant_negative,5.888,long,38599.81973982279,38599.81973982279,12.715602495858782,2.023750991607567,38599.81973982279
Fermi/GBM,glg_tte_n9_bn240314480_v00.fit,GRB240314480,2024-03-14T11:31:07.456,143.0859375,22.66960987175037,43679.23101390524,2.788492189231536,15664.103769981348,positive,significant_positive,18.176,long,43679.23101390524,43679.231013905235,13.526386621106473,2.1527912929211754,43679.23101390524
Fermi/GBM,glg_tte_n9_bn240315464_v00.fit,GRB240315464,2024-03-15T11:07:29.442,199.6875,24.95302078772749,-41669.079023835984,3.191253719226435,13057.275506736154,negative,significant_negative,28.16,long,41669.079023835984,41669.079023835984,13.211473424925558,2.102671301104115,41669.079023835984
Fermi/GBM,glg_tte_n9_bn240317405_v00.fit,GRB240317405,2024-03-17T09:43:55.302,223.59375,18.52439107386577,2780.845620191988,2.8785222450461867,966.0670939672966,positive,significant_positive,14.141,long,2780.845620191988,2780.8456201919885,3.4129721497374303,0.5431913882656845,2780.845620191988
Fermi/GBM,glg_tte_n9_bn240317454_v00.fit,GRB240317454,2024-03-17T10:54:24.017,279.0,46.96497733995481,35119.05623970193,2.8419269583454234,12357.48024296456,positive,significant_positive,35.072,long,35119.05623970193,35119.05623970193,12.12874102197775,1.9303490871292053,35119.05623970193
Fermi/GBM,glg_tte_n9_bn240318119_v00.fit,GRB240318119,2024-03-18T02:51:01.819,275.27343749999994,-4.78019184719916,-6420.36179008428,2.696014499876465,2381.427025106308,negative,significant_negative,8.384,long,6420.36179008428,6420.361790084279,5.185899013429576,0.8253614623627004,6420.36179008428
Fermi/GBM,glg_tte_n9_bn240318180_v00.fit,GRB240318180,2024-03-18T04:19:48.914,268.09322033898303,-45.78396716177504,6590.240964315703,3.2733726617423624,2013.287714331868,positive,significant_positive,1.216,short,6590.240964315703,6590.240964315703,5.254059078322934,0.8362094736119426,6590.240964315703
Fermi/GBM,glg_tte_n9_bn240320729_v00.fit,GRB240320729,2024-03-20T17:29:47.559,148.56164383561645,63.07261938698223,9099.027034149543,3.283867118077572,2770.826804793569,positive,significant_positive,4.864,long,9099.027034149543,9099.027034149543,6.173646840703813,0.9825664116016748,9099.027034149543
Fermi/GBM,glg_tte_n9_bn240320831_v00.fit,GRB240320831,2024-03-20T19:56:15.019,274.921875,-34.590574976176626,-17090.67841154305,2.848620822604066,5999.632620785103,negative,significant_negative,9.728,long,17090.67841154305,17090.67841154305,8.461044044526997,1.3466169834047141,17090.67841154305
Fermi/GBM,glg_tte_n9_bn240328515_v00.fit,GRB240328515,2024-03-28T12:21:22.517,230.9765625,-3.5833216984719782,31850.37013141831,2.9596629670571595,10761.485508969166,positive,significant_positive,0.448,short,31850.37013141831,31850.370131418313,11.550520266434152,1.8383223956861112,31850.37013141831
Fermi/GBM,glg_tte_n9_bn240328798_v00.fit,GRB240328798,2024-03-28T19:09:10.666,223.59375,-20.42361536381095,-52821.03557403474,3.20775071685519,16466.689664033293,negative,significant_negative,78.593,long,52821.03557403474,52821.03557403474,14.874684414104058,2.367379551436634,52821.03557403474
Fermi/GBM,glg_tte_n9_bn240329905_v00.fit,GRB240329905,2024-03-29T21:43:07.528,259.1015625,-4.78019184719916,-21950.06941329469,3.0826867695681983,7120.434560521148,negative,significant_negative,6.397,long,21950.06941329469,21950.06941329469,9.588755693664854,1.5260978667473173,21950.06941329469
Fermi/GBM,glg_tte_n9_bn240331997_v00.fit,GRB240331997,2024-03-31T23:55:19.677,31.2890625,1.1937484371410718,14420.610644368877,3.350467697534848,4304.058998980661,positive,significant_positive,26.817,long,14420.610644368877,14420.610644368877,7.772059740774688,1.2369617257498065,14420.610644368877
Fermi/GBM,glg_tte_n9_bn240402989_v00.fit,GRB240402989,2024-04-02T23:44:04.223,220.4296875,29.31319896416834,62019.812151073886,2.8450707657331926,21799.040255187112,positive,significant_positive,10.944,long,62019.812151073886,62019.81215107389,16.117939745547826,2.565249782961262,62019.812151073886
Fermi/GBM,glg_tte_n9_bn240403149_v00.fit,GRB240403149,2024-04-03T03:33:56.407,226.0546875,39.45089470914606,-30649.075746470862,2.95740604797859,10363.499380620982,negative,significant_negative,14.592,long,30649.075746470862,30649.07574647086,11.330602290812845,1.8033213627912172,30649.075746470862
Fermi/GBM,glg_tte_n9_bn240403498_v00.fit,GRB240403498,2024-04-03T11:57:30.576,5.273437499999999,-16.957763300004153,-2640.5509731697334,3.581729231497077,737.2279707659662,negative,significant_negative,35.585,long,2640.5509731697334,2640.5509731697334,3.3257651828793553,0.5293119684181707,2640.5509731697334
Fermi/GBM,glg_tte_n9_bn240404110_v00.fit,GRB240404110,2024-04-04T02:38:04.631,257.34375,-27.615881983844705,-29410.37680138851,2.940848825710225,10000.642176595326,negative,significant_negative,0.704,short,29410.37680138851,29410.37680138851,11.099274672911427,1.7665044289285334,29410.37680138851
Fermi/GBM,glg_tte_n9_bn240405630_v00.fit,GRB240405630,2024-04-05T15:06:46.498,289.3359375,37.921650784291785,59299.03300505565,3.278532772725056,18087.06428021074,positive,significant_positive,65.536,long,59299.03300505565,59299.033005055644,15.760431739165078,2.508350616550519,59299.03300505565
Fermi/GBM,glg_tte_n9_bn240405932_v00.fit,GRB240405932,2024-04-05T22:22:27.444,262.1900826446281,44.59799149300626,9058.485412033642,3.4272280238925314,2643.093879042608,positive,significant_positive,19.968,long,9058.485412033642,9058.485412033644,6.159877836785965,0.9803750065666976,9058.485412033642
Fermi/GBM,glg_tte_n9_bn240407042_v00.fit,GRB240407042,2024-04-07T00:59:51.811,352.1900826446281,44.59799149300626,-33490.58351958329,2.8207589282743823,11872.89817073144,negative,significant_negative,13.824,long,33490.58351958329,33490.58351958329,11.844198081736518,1.8850626716679115,33490.58351958329
Fermi/GBM,glg_tte_n9_bn240408043_v00.fit,GRB240408043,2024-04-08T01:02:12.765,353.16964285714283,48.14120779436029,3078.714768908362,3.2125407057459303,958.3426486711256,positive,significant_positive,219.136,long,3078.714768908362,3078.7147689083617,3.5911126781729563,0.5715433339312007,3078.714768908362
Fermi/GBM,glg_tte_n9_bn240411073_v00.fit,GRB240411073,2024-04-11T01:44:58.481,242.578125,40.62018519067267,-3201.013609977264,2.928035705326837,1093.2290218161654,negative,significant_negative,3.52,long,3201.013609977264,3201.013609977263,3.6617447282491833,0.5827847738415466,3201.013609977264
Fermi/GBM,glg_tte_n9_bn240414098_v00.fit,GRB240414098,2024-04-14T02:20:39.262,187.8488372093023,58.160368554338,-64499.34453731787,2.891458764397268,22306.85262798929,negative,significant_negative,82.176,long,64499.34453731787,64499.34453731787,16.43697729550843,2.61602618606942,64499.34453731787
Fermi/GBM,glg_tte_n9_bn240415269_v00.fit,GRB240415269,2024-04-15T06:26:57.604,203.10810810810813,76.44554826498828,-3151.036330604773,3.034955643717244,1038.247902280823,negative,significant_negative,9.984,long,3151.036330604773,3151.0363306047725,3.63304694665006,0.5782173800442744,3151.036330604773
Fermi/GBM,glg_tte_n9_bn240417782_v00.fit,GRB240417782,2024-04-17T18:46:10.647,27.07627118644068,-45.78396716177504,-23180.26278659034,3.381440628866448,6855.14410299169,negative,significant_negative,1.024,short,23180.26278659034,23180.262786590338,9.853794076640941,1.5682800355070443,23180.26278659034
Fermi/GBM,glg_tte_n9_bn240420190_v00.fit,GRB240420190,2024-04-20T04:33:45.572,255.5859375,-26.61009781073392,-38419.84740369647,2.7402275371813767,14020.677802258522,negative,significant_negative,18.688,long,38419.84740369647,38419.84740369647,12.685924502139827,2.019027592206145,38419.84740369647
Fermi/GBM,glg_tte_n9_bn240421224_v00.fit,GRB240421224,2024-04-21T05:21:59.901,304.5,-79.0187139489105,-26241.43099173509,3.735614694764709,7024.662106750797,negative,significant_negative,4.096,long,26241.43099173509,26241.43099173509,10.484266741062914,1.6686228765341191,26241.43099173509
Fermi/GBM,glg_tte_n9_bn240421405_v00.fit,GRB240421405,2024-04-21T09:42:41.913,297.421875,-19.15501007356374,29.94559703319712,3.8946942657718138,7.688818425716089,positive,significant_positive,12.288,long,29.94559703319712,29.945597033197124,0.35416920183598194,0.0563677791631077,29.94559703319712
Fermi/GBM,glg_tte_n9_bn240422112_v00.fit,GRB240422112,2024-04-22T02:40:59.467,256.8103448275862,-68.67919198537577,38799.64947039752,2.488666177028284,15590.539956117447,positive,significant_positive,28.16,long,38799.64947039752,38799.64947039752,12.748474091072492,2.0289826684731445,38799.64947039752
Fermi/GBM,glg_tte_n9_bn240422389_v00.fit,GRB240422389,2024-04-22T09:19:29.448,285.00000000000006,50.86815892553735,-42649.73460616921,2.8174743051770106,15137.57712991448,negative,significant_negative,42.753,long,42649.73460616921,42649.73460616921,13.366031219290965,2.12726993807075,42649.73460616921
Fermi/GBM,glg_tte_n9_bn240425015_v00.fit,GRB240425015,2024-04-25T00:21:20.341,226.53846153846152,46.1781796469964,24181.01319941596,3.017250115031079,8014.255456964951,positive,significant_positive,37.377,long,24181.01319941596,24181.013199415956,10.064253138287212,1.6017756354865302,24181.01319941596
Fermi/GBM,glg_tte_n9_bn240428627_v00.fit,GRB240428627,2024-04-28T15:02:54.327,178.59374999999997,21.06181760164929,11000.827242463312,3.1179424924251764,3528.2328872931603,positive,significant_positive,10.24,long,11000.827242463312,11000.827242463312,6.788236692822195,1.0803814245404322,11000.827242463312
Fermi/GBM,glg_tte_n9_bn240429628_v00.fit,GRB240429628,2024-04-29T15:04:28.926,13.359375,17.896089316234637,-818.6822782024351,3.241623081757821,252.553198676785,negative,significant_negative,2.048,long,818.6822782024351,818.6822782024351,1.8518337689346112,0.2947284981104381,818.6822782024351
Fermi/GBM,glg_tte_n9_bn240430806_v00.fit,GRB240430806,2024-04-30T19:21:19.719,200.7421875,1.7907846593289465,-170.0116343938076,3.3054660976394428,51.433483016273954,negative,significant_negative,14.592,long,170.0116343938076,170.0116343938076,0.8438856965540454,0.13430858001112356,170.0116343938076
Fermi/GBM,glg_tte_n9_bn240501455_v00.fit,GRB240501455,2024-05-01T10:54:33.963,257.34375,26.944358180475724,-15850.140768567771,3.036500825106072,5219.870397372308,negative,significant_negative,91.906,long,15850.140768567771,15850.140768567773,8.148184730101676,1.2968238770215827,15850.140768567771
Fermi/GBM,glg_tte_n9_bn240502228_v00.fit,GRB240502228,2024-05-02T05:28:41.884,122.6953125,18.209956864283004,-21440.65104506164,3.1431480186312104,6821.394003072974,negative,significant_negative,22.784,long,21440.65104506164,21440.65104506164,9.47683433862792,1.5082850298556463,21440.65104506164
Fermi/GBM,glg_tte_n9_bn240502600_v00.fit,GRB240502600,2024-05-02T14:23:42.230,310.07812499999994,26.944358180475724,481.03436634488895,3.3285522142231545,144.517596656406,positive,significant_positive,7.168,long,481.03436634488895,481.03436634488895,1.4194900640409918,0.2259188603619549,481.03436634488895
Fermi/GBM,glg_tte_n9_bn240502906_v00.fit,GRB240502906,2024-05-02T21:45:04.749,192.5,70.16502666715499,-84620.0798240831,2.883207709208387,29349.283283969984,negative,significant_negative,0.768,short,84620.0798240831,84620.0798240831,18.82699555147772,2.996409405586803,84620.0798240831
Fermi/GBM,glg_tte_n9_bn240504217_v00.fit,GRB240504217,2024-05-04T05:12:52.638,64.6875,-6.279288322550267,-3059.4332466535857,3.4931667775698334,875.8337180745798,negative,significant_negative,18.944,long,3059.4332466535857,3059.4332466535857,3.57984971972014,0.5697507784195964,3059.4332466535857
Fermi/GBM,glg_tte_n9_bn240507006_v00.fit,GRB240507006,2024-05-07T00:08:35.944,184.5703125,-22.669609871750392,-42809.89421417323,2.60104524511769,16458.727234572267,negative,significant_negative,58.625,long,42809.89421417323,42809.894214173226,13.391103970631788,2.131260390383556,42809.89421417323
Fermi/GBM,glg_tte_n9_bn240509721_v00.fit,GRB240509721,2024-05-09T17:17:54.174,241.5234375,18.839404547275457,125769.21211829054,3.00864596967542,41802.59604683858,positive,significant_positive,38.656,long,125769.21211829054,125769.21211829054,22.952578151153244,3.653016269459075,125769.21211829054
Fermi/GBM,glg_tte_n9_bn240511754_v00.fit,GRB240511754,2024-05-11T18:06:20.264,337.14843749999994,3.583321698471966,17111.316071727866,3.540908411951747,4832.465029022345,positive,significant_positive,94.978,long,17111.316071727866,17111.31607172787,8.466151023473278,1.3474297843482812,17111.316071727866
Fermi/GBM,glg_tte_n9_bn240513307_v00.fit,GRB240513307,2024-05-13T07:22:02.551,146.25,-27.615881983844705,-25489.578354651952,3.4249205336480912,7442.385335434762,negative,significant_negative,6.941,long,25489.578354651952,25489.578354651952,10.332980989825797,1.644545001405361,25489.578354651952
Fermi/GBM,glg_tte_n9_bn240513682_v00.fit,GRB240513682,2024-05-13T16:21:42.258,8.4375,39.83843997699909,35539.69487653901,3.512175154655265,10118.99843019856,positive,significant_positive,0.576,short,35539.69487653901,35539.69487653901,12.201160837393452,1.941875058730417,35539.69487653901
Fermi/GBM,glg_tte_n9_bn240514169_v00.fit,GRB240514169,2024-05-14T04:03:45.040,5.578512396694214,44.59799149300626,-63229.01557892406,3.0647715786262144,20630.906400948323,negative,significant_negative,1.408,short,63229.01557892406,63229.015578924074,16.27430739279811,2.590136466960795,63229.01557892406
Fermi/GBM,glg_tte_n9_bn240514431_v00.fit,GRB240514431,2024-05-14T10:20:01.804,164.88281249999997,23.96948231775968,-10199.801999346224,3.399048697507188,3000.781367688732,negative,significant_negative,22.016,long,10199.801999346224,10199.801999346224,6.536423387879805,1.0403040923225442,10199.801999346224
Fermi/GBM,glg_tte_n9_bn240516150_v00.fit,GRB240516150,2024-05-16T03:36:24.838,210.5357142857143,-58.91977535280316,-15249.328045316048,3.28535915529281,4641.601518892975,negative,significant_negative,46.337,long,15249.328045316048,15249.328045316046,7.992261003357827,1.2720078451649892,15249.328045316048
Fermi/GBM,glg_tte_n9_bn240517612_v00.fit,GRB240517612,2024-05-17T14:41:50.126,254.27710843373487,-59.298952349144834,16649.85439334275,3.690398503924969,4511.668421617501,positive,significant_positive,24.32,long,16649.85439334275,16649.85439334275,8.35121230684227,1.3291367194438173,16649.85439334275
Fermi/GBM,glg_tte_n9_bn240519213_v00.fit,GRB240519213,2024-05-19T05:06:59.402,298.7068965517241,-68.67919198537577,3118.1194035112344,3.7565663904512734,830.0450676013894,positive,significant_positive,11.325,long,3118.1194035112344,3118.1194035112344,3.614021031314323,0.5751893115717439,3118.1194035112344
Fermi/GBM,glg_tte_n9_bn240521631_v00.fit,GRB240521631,2024-05-21T15:08:57.058,8.414634146341463,-43.80448796297495,-70099.07137772236,2.987580242724543,23463.49409306411,negative,significant_negative,33.792,long,70099.07137772236,70099.07137772237,17.135644240927316,2.727222484007751,70099.07137772236
Fermi/GBM,glg_tte_n9_bn240523401_v00.fit,GRB240523401,2024-05-23T09:38:08.794,316.05468749999994,-19.4712206344907,42191.02329499851,3.3326366932401235,12659.95281771284,positive,significant_positive,8.704,long,42191.02329499851,42191.023294998515,13.293958970449856,2.1157992834079384,42191.02329499851
Fermi/GBM,glg_tte_n9_bn240525491_v00.fit,GRB240525491,2024-05-25T11:47:38.050,278.483606557377,44.20152985105137,-1220.3811376193923,3.312142352538415,368.45672912702446,negative,significant_negative,0.64,short,1220.3811376193923,1220.3811376193921,2.260955673021075,0.3598422714729671,1220.3811376193923
Fermi/GBM,glg_tte_n9_bn240525697_v00.fit,GRB240525697,2024-05-25T16:43:39.111,205.3125,-12.941631985423353,22930.27998412301,2.700536331847447,8491.009624164666,positive,significant_positive,21.76,long,22930.27998412301,22930.279984123015,9.80051693486134,1.5598007150390132,22930.27998412301
Fermi/GBM,glg_tte_n9_bn240527297_v00.fit,GRB240527297,2024-05-27T07:07:25.988,306.9140625,-12.024699180565822,-9748.49391705834,3.437946955626649,2835.556814250335,negative,significant_negative,9.728,long,9748.49391705834,9748.493917058344,6.3901796399783395,1.0170286769477408,9748.49391705834
Fermi/GBM,glg_tte_n9_bn240527586_v00.fit,GRB240527586,2024-05-27T14:03:51.504,127.96874999999996,-12.941631985423353,7150.645851189053,3.2479698149510687,2201.573985778183,positive,significant_positive,24.832,long,7150.645851189053,7150.645851189053,5.472892772506799,0.8710379377563648,7150.645851189053
Fermi/GBM,glg_tte_n9_bn240528121_v00.fit,GRB240528121,2024-05-28T02:54:03.434,85.78124999999999,39.065494664452594,-30069.95099849584,3.25222283864543,9245.968831280994,negative,significant_negative,65.024,long,30069.95099849584,30069.950998495842,11.223043981064412,1.7862029261241452,30069.95099849584
Fermi/GBM,glg_tte_n9_bn240602419_v00.fit,GRB240602419,2024-06-02T10:03:07.154,197.578125,-26.94435818047575,4598.602004809386,3.120328885578107,1473.7555473923696,positive,significant_positive,25.374,long,4598.602004809386,4598.602004809386,4.388915473491899,0.6985175924187421,4598.602004809386
Fermi/GBM,glg_tte_n9_bn240603102_v00.fit,GRB240603102,2024-06-03T02:27:33.484,325.1953125,-20.10550978791601,1152.4856240575668,4.324704837457495,266.48885123339795,positive,significant_positive,2.496,long,1152.4856240575668,1152.4856240575668,2.19716191784071,0.34968917999761784,1152.4856240575668
Fermi/GBM,glg_tte_n9_bn240603423_v00.fit,GRB240603423,2024-06-03T10:09:11.346,272.4609375,-34.95386525718846,-18100.346253734457,2.57872487702323,7019.1071622300105,negative,significant_negative,36.865,long,18100.346253734457,18100.346253734453,8.707384974312605,1.3858233600659473,18100.346253734457
Fermi/GBM,glg_tte_n9_bn240604587_v00.fit,GRB240604587,2024-06-04T14:05:43.467,165.9375,25.61308321640181,3440.9551291844223,3.0603576969046955,1124.3637084203165,positive,significant_positive,26.368,long,3440.9551291844223,3440.9551291844223,3.796503541449316,0.604232305087545,3440.9551291844223
Fermi/GBM,glg_tte_n9_bn240604594_v00.fit,GRB240604594,2024-06-04T14:15:58.991,172.96875,-12.32998415024295,86970.1544364663,3.481257081246494,24982.3992904672,positive,significant_positive,0.384,short,86970.1544364663,86970.1544364663,19.086637498842737,3.0377327049439513,86970.1544364663
Fermi/GBM,glg_tte_n9_bn240604936_v00.fit,GRB240604936,2024-06-04T22:28:29.273,128.72093023255815,74.2345483270482,9209.924400477918,2.743614313654151,3356.858270728093,positive,significant_positive,40.192,long,9209.924400477918,9209.92440047792,6.21115457186062,0.9885359524194425,9209.924400477918
Fermi/GBM,glg_tte_n9_bn240605171_v00.fit,GRB240605171,2024-06-05T04:06:18.722,90.3515625,-40.22818472806109,36218.625574179394,3.840583578181666,9430.500557242707,positive,significant_positive,0.928,short,36218.625574179394,36218.62557417939,12.317151620238686,1.9603355651733345,36218.625574179394
Fermi/GBM,glg_tte_n9_bn240605338_v00.fit,GRB240605338,2024-06-05T08:07:04.478,67.85156249999999,34.95386525718846,6239.746897421729,3.090773548231309,2018.8301731106817,positive,significant_positive,17.152,long,6239.746897421729,6239.746897421728,5.112434907582336,0.8136692867772859,6239.746897421729
Fermi/GBM,glg_tte_n9_bn240606565_v00.fit,GRB240606565,2024-06-06T13:33:06.087,39.7167,-50.333,-5761.110463774488,3.45983149662357,1665.141920754442,negative,significant_negative,11.008,long,5761.110463774488,5761.110463774488,4.912441661674055,0.78183937310599,5761.110463774488
Fermi/GBM,glg_tte_n9_bn240607459_v00.fit,GRB240607459,2024-06-07T11:01:14.310,17.929687499999996,-32.089951256280315,-7029.912650481322,2.7670780391005003,2540.554531221877,negative,significant_negative,20.224,long,7029.912650481322,7029.912650481322,5.426493273822432,0.863653228183762,7029.912650481322
Fermi/GBM,glg_tte_n9_bn240608104_v00.fit,GRB240608104,2024-06-08T02:29:24.293,331.52343749999994,19.471220634490685,43400.770102531016,3.1736898415404746,13675.176929534096,positive,significant_positive,71.425,long,43400.770102531016,43400.77010253103,13.483201425687744,2.145918155601895,43400.770102531016
Fermi/GBM,glg_tte_n9_bn240608126_v00.fit,GRB240608126,2024-06-08T03:01:06.435,144.84375,38.3009224658677,10271.007646925667,3.292059062599096,3119.934196689855,positive,significant_positive,16.637,long,10271.007646925667,10271.007646925667,6.559199358513839,1.0439290006326665,10271.007646925667
Fermi/GBM,glg_tte_n9_bn240610002_v00.fit,GRB240610002,2024-06-10T00:03:18.747,294.2578125,8.38553864708132,22210.429165644888,2.89238053795554,7678.944341585213,positive,significant_positive,47.361,long,22210.429165644888,22210.429165644888,9.645456346547595,1.5351220559301433,22210.429165644888
Fermi/GBM,glg_tte_n9_bn240611444_v00.fit,GRB240611444,2024-06-11T10:38:58.973,273.46153846153845,75.7091526867135,52388.62756892194,3.8242866999851257,13698.927846891213,positive,significant_positive,58.88,long,52388.62756892194,52388.627568921926,14.813675101165897,2.3576696177078853,52388.62756892194
Fermi/GBM,glg_tte_n9_bn240612503_v00.fit,GRB240612503,2024-06-12T12:04:28.980,316.05468749999994,5.379378991112076,10759.936340468908,2.7516854473629744,3910.3075356162126,positive,significant_positive,123.394,long,10759.936340468908,10759.936340468908,6.713502509650331,1.068487109870695,10759.936340468908
Fermi/GBM,glg_tte_n9_bn240612511_v00.fit,GRB240612511,2024-06-12T12:16:17.859,329.0625,11.110881800003272,-6446.028986913659,7.972374383334067,808.5456950427249,negative,significant_negative,79.362,long,6446.028986913659,6446.028986913657,5.196254716635153,0.8270096237170604,6446.028986913659
Fermi/GBM,glg_tte_n9_bn240613991_v00.fit,GRB240613991,2024-06-13T23:46:33.967,262.01612903225805,-67.18972162985978,66800.59507269246,3.1900759425901324,20940.12690445694,positive,significant_positive,3.072,long,66800.59507269246,66800.59507269246,16.727632178954565,2.662285347503671,66800.59507269246
Fermi/GBM,glg_tte_n9_bn240615744_v00.fit,GRB240615744,2024-06-15T17:51:45.053,333.508064516129,43.406858485936986,36300.82659289081,3.1009518563107084,11706.349622621665,positive,significant_positive,0.096,short,36300.82659289081,36300.826592890815,12.331121070606288,1.9625588722516154,36300.82659289081
Fermi/GBM,glg_tte_n9_bn240616234_v00.fit,GRB240616234,2024-06-16T05:36:43.101,150.8203125,20.105509787916,41719.77972663538,2.8742138621805697,14515.196755395224,positive,significant_positive,0.016,short,41719.77972663538,41719.77972663539,13.219508488017857,2.1039501211133094,41719.77972663538
Fermi/GBM,glg_tte_n9_bn240616382_v00.fit,GRB240616382,2024-06-16T09:09:34.754,242.9296875,2.3880154632687733,-12389.950054684505,3.2579555264993734,3802.9831757701513,negative,significant_negative,9.472,long,12389.950054684505,12389.950054684505,7.204089215636842,1.1465664091436185,12389.950054684505
Fermi/GBM,glg_tte_n9_bn240617599_v00.fit,GRB240617599,2024-06-17T14:22:40.634,331.171875,6.880079227870636,33729.94389338265,3.6464631980673134,9250.043689254862,positive,significant_positive,0.128,short,33729.94389338265,33729.94389338265,11.886448527150396,1.8917870389033644,33729.94389338265
Fermi/GBM,glg_tte_n9_bn240619466_v00.fit,GRB240619466,2024-06-19T11:10:47.364,116.71875,17.896089316234637,67230.01517690594,3.262208534015873,20608.74235226889,positive,significant_positive,20.992,long,67230.01517690594,67230.01517690597,16.781311898676577,2.670828740241217,67230.01517690594
Fermi/GBM,glg_tte_n9_bn240624251_v00.fit,GRB240624251,2024-06-24T06:01:11.371,117.0703125,-7.782714385390946,-172370.08718383076,4.471885198543582,38545.28448985426,negative,significant_negative,2.048,long,172370.08718383076,172370.08718383074,26.870469530579594,4.276568048991903,172370.08718383076
Fermi/GBM,glg_tte_n9_bn240624805_v00.fit,GRB240624805,2024-06-24T19:19:45.263,239.0625,-6.279288322550267,1329.5287450535411,3.455209664431017,384.7896001044788,positive,significant_positive,92.162,long,1329.5287450535411,1329.528745053541,2.359897663938463,0.3755893784068228,1329.5287450535411
Fermi/GBM,glg_tte_n9_bn240625314_v00.fit,GRB240625314,2024-06-25T07:32:40.631,117.7734375,-4.181528273111476,6339.711279031496,2.814032821816789,2252.891732420685,positive,significant_positive,0.152,short,6339.711279031496,6339.711279031496,5.153224282600257,0.820161117437017,6339.711279031496
Fermi/GBM,glg_tte_n9_bn240625957_v00.fit,GRB240625957,2024-06-25T22:58:35.439,89.29687499999999,-11.719760305788782,-1040.3283303000308,3.2308293745237733,322.0003936151459,negative,significant_negative,26.625,long,1040.3283303000308,1040.3283303000308,2.0875145795233503,0.33223826410754065,1040.3283303000308
Fermi/GBM,glg_tte_n9_bn240627839_v00.fit,GRB240627839,2024-06-27T20:08:11.987,215.27027027027023,48.5322537274423,5159.3595918800265,3.4462431436220293,1497.0968027686804,positive,significant_positive,23.808,long,5159.3595918800265,5159.359591880027,4.648814356525518,0.7398817843576049,5159.3595918800265
Fermi/GBM,glg_tte_n9_bn240628817_v00.fit,GRB240628817,2024-06-28T19:36:35.603,195.8203125,-30.69158768492234,-20758.36486445576,3.234020513013236,6418.748669319527,negative,significant_negative,0.225,short,20758.36486445576,20758.364864455758,9.32482897492572,1.4840926248459598,20758.36486445576
Fermi/GBM,glg_tte_n9_bn240629704_v00.fit,GRB240629704,2024-06-29T16:53:52.729,314.6484375,-38.68218745348945,-19320.116198681008,2.855063480257966,6766.965544645388,negative,significant_negative,7.165,long,19320.116198681008,19320.116198681004,8.995994302375356,1.4317569612495646,19320.116198681008
Fermi/GBM,glg_tte_n9_bn240702885_v00.fit,GRB240702885,2024-07-02T21:14:50.827,339.9609375,13.861949672048636,3222.0563443121705,2.815841834976524,1144.2604141645738,positive,significant_positive,21.248,long,3222.0563443121705,3222.0563443121705,3.6737607508280483,0.5846971832312767,3222.0563443121705
Fermi/GBM,glg_tte_n9_bn240704855_v00.fit,GRB240704855,2024-07-04T20:31:37.557,137.38938053097348,47.74965082913658,-6529.741317372678,3.190738151217677,2046.4673087889528,negative,significant_negative,55.04,long,6529.741317372678,6529.741317372678,5.229886850592435,0.8323623440830907,6529.741317372678
Fermi/GBM,glg_tte_n9_bn240710643_v00.fit,GRB240710643,2024-07-10T15:25:37.713,240.1171875,-13.248014905676952,-11400.086241271329,3.3428849363382374,3410.2538550904683,negative,significant_negative,8.448,long,11400.086241271329,11400.086241271327,6.910323406408519,1.0998121284935403,11400.086241271329
Fermi/GBM,glg_tte_n9_bn240710717_v00.fit,GRB240710717,2024-07-10T17:11:47.208,285.11718749999994,7.180755781458272,19630.351231677905,2.8336612238622,6927.557559235077,positive,significant_positive,20.224,long,19630.351231677905,19630.35123167791,9.067933775440185,1.4432064839912584,19630.351231677905
Fermi/GBM,glg_tte_n9_bn240715239_v00.fit,GRB240715239,2024-07-15T05:44:03.256,8.4375,-29.656013541178424,28.79611986749917,3.687405985203705,7.809316354924876,positive,significant_positive,0.16,short,28.79611986749917,28.796119867499165,0.34730520416031097,0.05527534000365338,28.79611986749917
Fermi/GBM,glg_tte_n9_bn240720017_v00.fit,GRB240720017,2024-07-20T00:24:51.216,99.84375,41.41118863809925,40689.62463304378,3.147394297464087,12928.035316651669,positive,significant_positive,1.792,short,40689.62463304378,40689.624633043786,13.055278668007391,2.0778121334555517,40689.62463304378
Fermi/GBM,glg_tte_n9_bn240726339_v00.fit,GRB240726339,2024-07-26T08:07:48.991,113.9516129032258,67.18972162985978,-26161.571187954345,2.815863963748088,9290.779499564918,negative,significant_negative,0.448,short,26161.571187954345,26161.571187954345,10.468301349021484,1.6660819054723255,26161.571187954345
Fermi/GBM,glg_tte_n9_bn240727250_v01.fit,GRB240727250,2024-07-27T06:00:08.961,145.7667,-67.167,64800.97760924648,4.040795177290161,16036.68950444138,positive,significant_positive,18.688,long,64800.97760924648,64800.97760924648,16.47536646846418,2.6221360127065374,64800.97760924648
Fermi/GBM,glg_tte_n9_bn240727994_v00.fit,GRB240727994,2024-07-27T23:51:46.069,114.9609375,-34.228866327812575,10510.171139562906,2.959079489832625,3551.8380549342373,positive,significant_positive,11.773,long,10510.171139562906,10510.171139562906,6.635126368052814,1.0560131595149798,10510.171139562906
Fermi/GBM,glg_tte_n9_bn240731597_v00.fit,GRB240731597,2024-07-31T14:20:12.452,8.008474576271187,-45.78396716177504,38380.96649170419,2.697059821345428,14230.6693340446,positive,significant_positive,11.264,long,38380.96649170419,38380.96649170419,12.679503795128783,2.0180057049471922,38380.96649170419
Fermi/GBM,glg_tte_n9_bn240801138_v00.fit,GRB240801138,2024-08-01T03:18:09.740,24.9609375,24.624318352164074,54749.653796230086,2.9314183075661884,18676.847877669843,positive,significant_positive,29.697,long,54749.653796230086,54749.65379623009,15.14380446047474,2.4102113371016483,54749.653796230086
Fermi/GBM,glg_tte_n9_bn240804796_v00.fit,GRB240804796,2024-08-04T19:06:02.353,266.1585365853658,59.67778522657882,-12880.522935575707,2.816962255977725,4572.486872425301,negative,significant_negative,52.736,long,12880.522935575707,12880.522935575707,7.345325609192963,1.1690448793225474,12880.522935575707
Fermi/GBM,glg_tte_n9_bn240805085_v00.fit,GRB240805085,2024-08-05T02:02:20.309,191.3636363636364,-53.18725897079299,28210.779547030907,3.2065375630509645,8797.894611341724,positive,significant_positive,10.752,long,28210.779547030907,28210.779547030907,10.870558266988468,1.7301030823596821,28210.779547030907
Fermi/GBM,glg_tte_n9_bn240807238_v00.fit,GRB240807238,2024-08-07T05:42:45.201,333.94736842105266,-83.05156816397722,62306.400590599726,4.184722434355559,14889.016313024553,positive,significant_positive,7.68,long,62306.400590599726,62306.40059059974,16.155136659570577,2.5711698556957474,62306.400590599726
Fermi/GBM,glg_tte_n9_bn240807920_v00.fit,GRB240807920,2024-08-07T22:04:13.587,298.44,-43.00863399423693,-21929.979275442925,3.112768680001027,7045.168314735064,negative,significant_negative,0.832,short,21929.979275442925,21929.97927544293,9.584366561236266,1.5253993146254226,21929.979275442925
Fermi/GBM,glg_tte_n9_bn240810880_v00.fit,GRB240810880,2024-08-10T21:07:19.883,140.2734375,-41.014499665730526,37000.74706218157,2.935417797944066,12604.933814905831,positive,significant_positive,1.536,short,37000.74706218157,37000.747062181574,12.449432391231538,1.981388703752854,37000.74706218157
Fermi/GBM,glg_tte_n9_bn240814164_v00.fit,GRB240814164,2024-08-14T03:56:12.406,48.1640625,-4.181528273111476,4949.558151809708,3.20440716873934,1544.6096239252067,positive,significant_positive,14.589,long,4949.558151809708,4949.558151809709,4.553313156847565,0.7246822963576526,4949.558151809708
Fermi/GBM,glg_tte_n9_bn240814483_v00.fit,GRB240814483,2024-08-14T11:34:55.448,39.43298969072165,53.95678248481785,-44690.97329551834,3.829411438130285,11670.45485123917,negative,significant_negative,12.032,long,44690.97329551834,44690.97329551834,13.68214570828119,2.177581121576513,44690.97329551834
Fermi/GBM,glg_tte_n9_bn240814785_v00.fit,GRB240814785,2024-08-14T18:50:17.943,136.1842105263158,47.35757623319898,7527.967608924274,3.406916811561843,2209.6129800930494,positive,significant_positive,65.025,long,7527.967608924274,7527.967608924272,5.615432038784836,0.8937237665692064,7527.967608924274
Fermi/GBM,glg_tte_n9_bn240817057_v00.fit,GRB240817057,2024-08-17T01:22:07.877,226.93965517241372,-46.5718474134496,39598.61850620525,2.713426556298189,14593.584047554965,positive,significant_positive,1.728,short,39598.61850620525,39598.61850620524,12.87906461362259,2.0497667956579466,39598.61850620525
Fermi/GBM,glg_tte_n9_bn240821721_v00.fit,GRB240821721,2024-08-21T17:17:36.468,227.72727272727275,77.9166850933892,-3269.63840147068,2.663601975122698,1227.5251452762814,negative,significant_negative,67.329,long,3269.63840147068,3269.63840147068,3.7007876606573658,0.5889986495271116,3269.63840147068
Fermi/GBM,glg_tte_n9_bn240821775_v00.fit,GRB240821775,2024-08-21T18:36:02.602,348.3984375,-13.861949672048636,54951.71674072769,3.0503144256957064,18015.099124803983,positive,significant_positive,1.728,short,54951.71674072769,54951.7167407277,15.171724121528063,2.4146548891677346,54951.71674072769
Fermi/GBM,glg_tte_n9_bn240824549_v00.fit,GRB240824549,2024-08-24T13:11:16.699,15.468749999999998,-19.78804941066958,50290.239973743046,2.795141635431156,17992.018485312172,positive,significant_positive,1.472,short,50290.239973743046,50290.23997374305,14.513967913646905,2.309969737334068,50290.239973743046
Fermi/GBM,glg_tte_n9_bn240824640_v00.fit,GRB240824640,2024-08-24T15:22:15.946,150.8203125,-27.953186883381143,76118.80025901458,3.032653159424261,25099.73816902473,positive,significant_positive,13.056,long,76118.80025901458,76118.80025901458,17.856250584180657,2.8419105455598954,76118.80025901458
Fermi/GBM,glg_tte_n9_bn240828622_v00.fit,GRB240828622,2024-08-28T14:55:06.830,219.0234375,35.68533471265204,-20707.85936203879,3.1041008202408604,6671.129760673167,negative,significant_negative,41.473,long,20707.85936203879,20707.85936203879,9.313478322184588,1.4822861123548892,20707.85936203879
Fermi/GBM,glg_tte_n9_bn240829058_v00.fit,GRB240829058,2024-08-29T01:23:40.698,203.5,56.63719837020753,3162.505312804658,3.709271389200658,852.5947500126629,positive,significant_positive,11.52,long,3162.505312804658,3162.505312804659,3.639652631345617,0.5792687074160788,3162.505312804658
Fermi/GBM,glg_tte_n9_bn240830177_v00.fit,GRB240830177,2024-08-30T04:15:07.392,151.875,81.21982231598935,-17260.29002212904,3.170899477024851,5443.341912031785,negative,significant_negative,0.704,short,17260.29002212904,17260.29002212904,8.502925012986202,1.3532825465564724,17260.29002212904
Fermi/GBM,glg_tte_n9_bn240831710_v00.fit,GRB240831710,2024-08-31T17:02:38.471,289.61538461538464,46.1781796469964,7051.317453890584,2.717948053645987,2594.353282223921,positive,significant_positive,0.32,short,7051.317453890584,7051.317453890583,5.434748336555814,0.8649670622233135,7051.317453890584
Fermi/GBM,glg_tte_n9_bn240905053_v00.fit,GRB240905053,2024-09-05T01:16:17.094,270.0,-19.78804941066958,-23709.8821781108,2.947048584757014,8045.297353000949,negative,significant_negative,6.208,long,23709.8821781108,23709.8821781108,9.965727380593448,1.5860947741276934,23709.8821781108
Fermi/GBM,glg_tte_n9_bn240905186_v00.fit,GRB240905186,2024-09-05T04:27:16.140,266.1328125,16.95776330000414,-91.0547771946882,3.309895959118717,27.50986082926068,negative,significant_negative,1.28,short,91.0547771946882,91.05477719468819,0.6175834832734091,0.09829146413487391,91.0547771946882
Fermi/GBM,glg_tte_n9_bn240905357_v00.fit,GRB240905357,2024-09-05T08:34:13.795,173.671875,0.2984168674869415,-34049.84136791627,2.8513100312592514,11941.82358095886,negative,significant_negative,5.952,long,34049.84136791627,34049.84136791626,11.942681524534517,1.900736798401921,34049.84136791627
Fermi/GBM,glg_tte_n9_bn240905443_v00.fit,GRB240905443,2024-09-05T10:37:30.094,217.3943661971832,-63.82365762183778,17829.77413902259,2.9359033065524183,6073.011362203135,positive,significant_positive,16.896,long,17829.77413902259,17829.774139022593,8.642058971512029,1.3754264038078006,17829.77413902259
Fermi/GBM,glg_tte_n9_bn240908574_v00.fit,GRB240908574,2024-09-08T13:46:04.747,42.5390625,39.45089470914606,-26649.5955842578,3.352489833534281,7949.195048315212,negative,significant_negative,1.28,short,26649.5955842578,26649.5955842578,10.565489337690789,1.6815498542782044,26649.5955842578
Fermi/GBM,glg_tte_n9_bn240910167_v00.fit,GRB240910167,2024-09-10T04:00:44.214,15.8203125,3.583321698471966,31230.780907751887,3.129344318506865,9979.9759083888,positive,significant_positive,272.388,long,31230.780907751887,31230.780907751894,11.437621656368117,1.8203540238258975,31230.780907751887
Fermi/GBM,glg_tte_n9_bn240910488_v00.fit,GRB240910488,2024-09-10T11:42:30.553,171.2109375,30.0,-11358.203746009904,3.1813434061923527,3570.253913457326,negative,significant_negative,1.408,short,11358.203746009904,11358.203746009905,6.897617892813024,1.097789983200296,11358.203746009904
Fermi/GBM,glg_tte_n9_bn240912074_v00.fit,GRB240912074,2024-09-12T01:46:40.595,153.28124999999997,24.29647799480565,10559.57060978993,3.322570878201664,3178.132535581989,positive,significant_positive,88.577,long,10559.57060978993,10559.570609789927,6.650701161309107,1.0584919648493532,10559.57060978993
Fermi/GBM,glg_tte_n9_bn240913140_v00.fit,GRB240913140,2024-09-13T03:21:41.707,68.5546875,13.861949672048636,-12109.503091641409,3.1399793678579715,3856.554987462309,negative,significant_negative,31.744,long,12109.503091641409,12109.503091641405,7.122090138091348,1.1335158506232776,12109.503091641409
Fermi/GBM,glg_tte_n9_bn240913488_v00.fit,GRB240913488,2024-09-13T11:42:36.118,16.171875,12.32998415024295,4961.368899683344,3.159329365403896,1570.3867263769985,positive,significant_positive,6.272,long,4961.368899683344,4961.368899683344,4.558742529396174,0.725546407836651,4961.368899683344
Fermi/GBM,glg_tte_n9_bn240913836_v00.fit,GRB240913836,2024-09-13T20:03:39.964,90.0,-14.169522214770062,8749.756306725214,3.1035387035736752,2819.2837732779067,positive,significant_positive,0.744,short,8749.756306725214,8749.756306725216,6.053998142705243,0.9635237298806931,8749.756306725214
Fermi/GBM,glg_tte_n9_bn240914298_v00.fit,GRB240914298,2024-09-14T07:09:47.313,293.203125,28.971532223711293,-1438.2393923439956,4.2848568385782615,335.6563466473272,negative,significant_negative,12.288,long,1438.2393923439956,1438.2393923439959,2.454482242508277,0.3906429816264725,1438.2393923439956
Fermi/GBM,glg_tte_n9_bn240916058_v00.fit,GRB240916058,2024-09-16T01:22:55.772,232.734375,-6.880079227870648,-21619.348159028963,3.0484386764786726,7091.941302884272,negative,significant_negative,32.001,long,21619.348159028963,21619.348159028963,9.516244732162326,1.514557388795844,21619.348159028963
Fermi/GBM,glg_tte_n9_bn240916609_v00.fit,GRB240916609,2024-09-16T14:36:45.125,56.953125,16.64603991239297,26661.52659720133,2.9772789515192444,8954.997845800273,positive,significant_positive,0.192,short,26661.52659720133,26661.52659720133,10.567854155646206,1.6819262267453217,26661.52659720133
Fermi/GBM,glg_tte_n9_bn240918872_v00.fit,GRB240918872,2024-09-18T20:55:11.161,220.4296875,18.839404547275457,36040.720659241895,2.852999088480804,12632.573492490406,positive,significant_positive,11.264,long,36040.720659241895,36040.7206592419,12.286863622213563,1.9555150805712787,36040.720659241895
Fermi/GBM,glg_tte_n9_bn240929826_v00.fit,GRB240929826,2024-09-29T19:50:04.094,356.7073170731707,74.97216337375242,5540.674686743649,3.4245077640483217,1617.9477660735906,positive,significant_positive,13.312,long,5540.674686743649,5540.674686743648,4.817543342383097,0.766735836499721,5540.674686743649
Fermi/GBM,glg_tte_n9_bn240930721_v00.fit,GRB240930721,2024-09-30T17:18:02.117,314.29687499999994,40.62018519067267,-102379.16919212638,3.8576154211015306,26539.49603998947,negative,significant_negative,64.513,long,102379.16919212638,102379.16919212638,20.708569749892135,3.295871240058628,102379.16919212638
Fermi/GBM,glg_tte_n9_bn241002260_v00.fit,GRB241002260,2024-10-02T06:14:18.763,331.9565217391304,-64.57355318327413,-10129.978662241643,2.692464736603644,3762.344042811832,negative,significant_negative,64.256,long,10129.978662241643,10129.978662241643,6.514012234797609,1.0367372465291234,10129.978662241643
Fermi/GBM,glg_tte_n9_bn241008917_v00.fit,GRB241008917,2024-10-08T22:00:04.348,112.8515625,-14.477512185929934,-69.58566284188763,3.01505446118058,23.07940494535563,negative,significant_negative,52.737,long,69.58566284188763,69.58566284188763,0.5398886393559946,0.08592594567266414,69.58566284188763
Fermi/GBM,glg_tte_n9_bn241010743_v00.fit,GRB241010743,2024-10-10T17:49:55.960,312.890625,12.94163198542334,37409.84470072096,2.593382719088748,14425.11528489936,positive,significant_positive,6.656,long,37409.84470072096,37409.84470072096,12.518066585737593,1.9923121750736232,37409.84470072096
Fermi/GBM,glg_tte_n9_bn241013041_v00.fit,GRB241013041,2024-10-13T00:58:34.358,254.1796875,-32.089951256280315,-22289.522822822164,2.734494300376315,8151.241280610725,negative,significant_negative,12.544,long,22289.522822822164,22289.522822822157,9.662615322447653,1.5378529917630321,22289.522822822164
Fermi/GBM,glg_tte_n9_bn241013936_v00.fit,GRB241013936,2024-10-13T22:27:42.035,149.765625,-32.44286613851178,-23740.80178403749,3.059230118544173,7760.384431405658,negative,significant_negative,29.121,long,23740.80178403749,23740.80178403749,9.97222332114316,1.587128635176211,23740.80178403749
Fermi/GBM,glg_tte_n9_bn241016073_v00.fit,GRB241016073,2024-10-16T01:45:33.514,69.25781249999999,13.861949672048636,26691.05251878857,3.50335010575158,7618.72256928272,positive,significant_positive,1.472,short,26691.05251878857,26691.05251878857,10.573704145007117,1.6828572814691456,26691.05251878857
Fermi/GBM,glg_tte_n9_bn241016467_v00.fit,GRB241016467,2024-10-16T11:12:40.131,9.4921875,1.7907846593289465,37021.0707478956,3.051772200883025,12131.007267575087,positive,significant_positive,0.832,short,37021.0707478956,37021.07074789561,12.452851019725928,1.981932795376331,37021.0707478956
Fermi/GBM,glg_tte_n9_bn241016680_v00.fit,GRB241016680,2024-10-16T16:19:50.852,122.34375,-39.065494664452615,-29128.944831788685,3.536398556906202,8236.895350752538,negative,significant_negative,0.064,short,29128.944831788685,29128.944831788678,11.04604177011655,1.7580321493135984,29128.944831788685
Fermi/GBM,glg_tte_n9_bn241024337_v00.fit,GRB241024337,2024-10-24T08:05:48.050,116.36718749999996,-27.279612735978088,-6548.916653402161,3.241580850711156,2020.2848409489527,negative,significant_negative,31.233,long,6548.916653402161,6548.91665340216,5.2375603032073474,0.8335836119973355,6548.916653402161
Fermi/GBM,glg_tte_n9_bn241024647_v00.fit,GRB241024647,2024-10-24T15:31:12.355,163.4765625,-2.3880154632687858,-1540.6563501539772,2.82243003706765,545.8616617312629,negative,significant_negative,3.52,long,1540.6563501539772,1540.6563501539774,2.540371277681066,0.40431264613161555,1540.6563501539772
Fermi/GBM,glg_tte_n9_bn241025067_v00.fit,GRB241025067,2024-10-25T01:36:26.890,320.1923076923077,80.48652047286616,71279.63046109819,3.2017259957058943,22262.87650995036,positive,significant_positive,123.906,long,71279.63046109819,71279.63046109819,17.279334995197058,2.7500915778263835,71279.63046109819
Fermi/GBM,glg_tte_n9_bn241025546_v00.fit,GRB241025546,2024-10-25T13:06:36.092,255.5859375,7.782714385390946,-25079.474086197453,3.4773268047450743,7212.285613182696,negative,significant_negative,37.889,long,25079.474086197453,25079.474086197457,10.249519764040558,1.6312617347651317,25079.474086197453
Fermi/GBM,glg_tte_n9_bn241025650_v00.fit,GRB241025650,2024-10-25T15:36:10.655,153.31858407079648,47.74965082913658,-55929.85035319596,2.9399736372087864,19023.92920988768,negative,significant_negative,4.992,long,55929.85035319596,55929.85035319594,15.306155928731284,2.436050375792904,55929.85035319596
Fermi/GBM,glg_tte_n9_bn241026946_v00.fit,GRB241026946,2024-10-26T22:42:31.284,300.15,52.80185378173063,-619.6049471441961,2.8958899161346805,213.96011764536283,negative,significant_negative,16.384,long,619.6049471441961,619.6049471441961,1.611023008350532,0.25640227521376296,619.6049471441961
Fermi/GBM,glg_tte_n9_bn241029097_v00.fit,GRB241029097,2024-10-29T02:19:59.866,323.78906249999994,7.180755781458272,-7789.418462757661,2.770635191181746,2811.419737809393,negative,significant_negative,13.312,long,7789.418462757661,7789.4184627576615,5.712113423049437,0.9091110867798846,7789.418462757661
Fermi/GBM,glg_tte_n9_bn241030242_v00.fit,GRB241030242,2024-10-30T05:48:03.327,323.2894736842106,76.07742270175356,894.4613839521713,6.093349569884596,146.79305260490935,positive,significant_positive,165.635,long,894.4613839521713,894.4613839521713,1.9356422922788534,0.30806703887390674,894.4613839521713
Fermi/GBM,glg_tte_n9_bn241030774_v00.fit,GRB241030774,2024-10-30T18:34:20.392,52.734375,36.05358859962301,-78880.84239815442,2.7652891582116816,28525.35047335405,negative,significant_negative,6.848,long,78880.84239815442,78880.84239815443,18.17732928630299,2.8930118081241947,78880.84239815442
Fermi/GBM,glg_tte_n9_bn241104771_v00.fit,GRB241104771,2024-11-04T18:30:15.425,32.34375,31.738394244764443,13371.446926823715,3.656831339064696,3656.566488035984,positive,significant_positive,10.496,long,13371.446926823715,13371.446926823719,7.483995317402348,1.191114848841182,13371.446926823715
Fermi/GBM,glg_tte_n9_bn241105671_v00.fit,GRB241105671,2024-11-05T16:06:04.658,60.65217391304347,-46.9649773399548,-36069.14192219412,3.1621992466108533,11406.34701018663,negative,significant_negative,91.842,long,36069.14192219412,36069.14192219412,12.291707301214787,1.9562859760270739,36069.14192219412
Fermi/GBM,glg_tte_n9_bn241112076_v00.fit,GRB241112076,2024-11-12T01:49:39.627,154.3359375,-1.1937484371410847,-97980.0550774474,3.291581149077822,29766.86602573896,negative,significant_negative,0.64,short,97980.0550774474,97980.05507744738,20.258773284008157,3.224283909127928,97980.0550774474
Fermi/GBM,glg_tte_n9_bn241114960_v00.fit,GRB241114960,2024-11-14T23:01:54.986,4.5703125,-0.596841830507027,-30440.59517179517,2.9453584502066965,10335.107147878363,negative,significant_negative,4.352,long,30440.59517179517,30440.595171795165,11.292000127678156,1.7971776377142918,30440.59517179517
Fermi/GBM,glg_tte_n9_bn241115191_v00.fit,GRB241115191,2024-11-15T04:35:33.957,256.9921875,15.71386104800821,-4781.636054708295,3.00820774143246,1589.5298681836905,negative,significant_negative,5.12,long,4781.636054708295,4781.636054708295,4.475407274071886,0.7122831900179655,4781.636054708295
Fermi/GBM,glg_tte_n9_bn241115554_v00.fit,GRB241115554,2024-11-15T13:18:24.733,85.42968749999999,2.3880154632687733,-66288.4409070177,3.423876856883099,19360.638153138163,negative,significant_negative,3.072,long,66288.4409070177,66288.4409070177,16.663384168945914,2.652059959126977,66288.4409070177
Fermi/GBM,glg_tte_n9_bn241115755_v00.fit,GRB241115755,2024-11-15T18:07:25.968,29.11764705882353,45.38920300540005,43171.40889723978,3.4757856478602065,12420.61889628244,positive,significant_positive,70.654,long,43171.40889723978,43171.40889723977,13.447526713696687,2.1402403488451385,43171.40889723978
Fermi/GBM,glg_tte_n9_bn241117125_v00.fit,GRB241117125,2024-11-17T03:00:43.231,2.4609375,16.95776330000414,28.720836524987742,4.553327003203279,6.307659543182941,positive,significant_positive,8.896,long,28.720836524987742,28.720836524987742,0.3468509171231062,0.05520303797609967,28.720836524987742
Fermi/GBM,glg_tte_n9_bn241117845_v00.fit,GRB241117845,2024-11-17T20:16:55.986,323.4375,22.9933943142978,95150.51587332306,2.9597674626594936,32147.97009351057,positive,significant_positive,64.257,long,95150.51587332306,95150.51587332305,19.96410651320383,3.1773862359894927,95150.51587332306
Fermi/GBM,glg_tte_n9_bn241118615_v00.fit,GRB241118615,2024-11-18T14:46:15.751,321.328125,25.61308321640181,24728.968238192003,2.942113440151788,8405.17156840703,positive,significant_positive,0.768,short,24728.968238192003,24728.968238192003,10.177645107322835,1.619822527865473,24728.968238192003
Fermi/GBM,glg_tte_n9_bn241119350_v00.fit,GRB241119350,2024-11-19T08:23:20.183,247.8515625,-15.094787099543192,-28760.22315563456,3.636919449601141,7907.85266327212,negative,significant_negative,20.992,long,28760.22315563456,28760.22315563456,10.975907299252887,1.746869901594512,28760.22315563456
Fermi/GBM,glg_tte_n9_bn241120246_v00.fit,GRB241120246,2024-11-20T05:53:58.544,192.91666666666663,49.702390326630685,-12129.651535196184,3.74989689389018,3234.662679648443,negative,significant_negative,3.2,long,12129.651535196184,12129.651535196184,7.128012734142805,1.1344584610608035,12129.651535196184
Fermi/GBM,glg_tte_n9_bn241129064_v00.fit,GRB241129064,2024-11-29T01:31:33.425,245.7421875,0.5968418305070143,-9950.51399798968,3.211476433865865,3098.423483061837,negative,significant_negative,51.968,long,9950.51399798968,9950.513997989678,6.45605263046771,1.0275126890003696,9950.51399798968
Fermi/GBM,glg_tte_n9_bn241130968_v00.fit,GRB241130968,2024-11-30T23:13:45.376,99.4921875,-26.61009781073392,22541.610787474187,3.0361966890132264,7424.291999607009,positive,significant_positive,4.608,long,22541.610787474187,22541.610787474183,9.717102369877509,1.5465248746959763,22541.610787474187
Fermi/GBM,glg_tte_n9_bn241201564_v00.fit,GRB241201564,2024-12-01T13:32:00.626,318.13043478260863,46.96497733995481,16210.36895560611,3.854859303670208,4205.177849207683,positive,significant_positive,91.65,long,16210.36895560611,16210.368955606107,8.240256955776092,1.3114776268591386,16210.36895560611
Fermi/GBM,glg_tte_n9_bn241201622_v00.fit,GRB241201622,2024-12-01T14:55:59.156,180.3515625,2.3880154632687733,-2419.398681579112,2.829151380752125,855.167630137882,negative,significant_negative,7.68,long,2419.398681579112,2419.398681579112,3.1834499366052063,0.5066617934962995,2419.398681579112
Fermi/GBM,glg_tte_n9_bn241204152_v00.fit,GRB241204152,2024-12-04T03:39:22.515,313.2421875,4.181528273111476,14011.242763044003,3.118715509380238,4492.632534420674,positive,significant_positive,0.768,short,14011.242763044003,14011.242763044003,7.660950100524277,1.2192780772787912,14011.242763044003
Fermi/GBM,glg_tte_n9_bn241206505_v00.fit,GRB241206505,2024-12-06T12:06:49.876,217.0879120879121,56.25546743858108,-6490.103158800475,3.148363309895705,2061.421290993088,negative,significant_negative,30.782,long,6490.103158800475,6490.103158800476,5.21398892783986,0.8298321110921253,6490.103158800475
Fermi/GBM,glg_tte_n9_bn241207371_v00.fit,GRB241207371,2024-12-07T08:54:10.175,288.7795275590552,42.2103698396502,-7109.545550705173,2.789388080600385,2548.7832260238674,negative,significant_negative,67.841,long,7109.545550705173,7109.545550705173,5.457141629395053,0.8685310654707827,7109.545550705173
Fermi/GBM,glg_tte_n9_bn241207869_v00.fit,GRB241207869,2024-12-07T20:51:01.746,235.546875,-14.78593022605343,-56640.00349176893,3.007621709508974,18832.156754519507,negative,significant_negative,0.256,short,56640.00349176893,56640.00349176893,15.403022165321605,2.4514671161649626,56640.00349176893
Fermi/GBM,glg_tte_n9_bn241209233_v00.fit,GRB241209233,2024-12-09T05:35:44.162,156.4453125,12.024699180565822,-33420.20724360466,3.099179038003125,10783.567788048184,negative,significant_negative,0.128,short,33420.20724360466,33420.20724360466,11.83174698613617,1.8830810182562066,33420.20724360466
Fermi/GBM,glg_tte_n9_bn241209308_v00.fit,GRB241209308,2024-12-09T07:22:54.596,116.36718749999996,-1.1937484371410847,-65030.96393748881,3.147344531071763,20662.16878879284,negative,significant_negative,10.752,long,65030.96393748881,65030.96393748881,16.50457708483226,2.626785026692278,65030.96393748881
Fermi/GBM,glg_tte_n9_bn241209458_v00.fit,GRB241209458,2024-12-09T10:59:44.093,191.6015625,-1.790784659328959,-29739.7638670351,2.9468824670050995,10091.940957950545,negative,significant_negative,44.545,long,29739.7638670351,29739.763867035108,11.161255824453487,1.7763690355749802,29739.7638670351
Fermi/GBM,glg_tte_n9_bn241209769_v00.fit,GRB241209769,2024-12-09T18:26:43.700,52.734375,7.48163126424695,-23711.988153328835,3.094269338428679,7663.194622020258,negative,significant_negative,15.872,long,23711.988153328835,23711.98815332883,9.966169962060388,1.5861652131558777,23711.988153328835
Fermi/GBM,glg_tte_n9_bn241211100_v00.fit,GRB241211100,2024-12-11T02:23:21.875,268.59375,-31.039240010397894,-7500.366883866062,3.5295777711145297,2125.004000548678,negative,significant_negative,0.576,short,7500.366883866062,7500.366883866062,5.605128306777855,0.8920838766880013,7500.366883866062
Fermi/GBM,glg_tte_n9_bn241212390_v01.fit,GRB241212390,2024-12-12T09:21:48.661,44.296875,6.279288322550267,59340.91435472124,2.8119485173090406,21103.129729952845,positive,significant_positive,39.421,long,59340.91435472124,59340.91435472124,15.765996346318378,2.5092362512853312,59340.91435472124
Fermi/GBM,glg_tte_n9_bn241221016_v00.fit,GRB241221016,2024-12-21T00:22:34.309,81.2109375,27.279612735978088,8329.513324782996,3.086072147129131,2699.0662977635384,positive,significant_positive,29.953,long,8329.513324782996,8329.513324782998,5.9068251900228725,0.9401004269718641,8329.513324782996
Fermi/GBM,glg_tte_n9_bn241223506_v00.fit,GRB241223506,2024-12-23T12:08:46.632,160.3125,-34.590574976176626,-899.1882638456285,6.059016362869809,148.404990182224,negative,significant_negative,30.465,long,899.1882638456285,899.1882638456283,1.9407501106158538,0.3088799734106558,899.1882638456285
Fermi/GBM,glg_tte_n9_bn241226940_v00.fit,GRB241226940,2024-12-26T22:33:39.664,78.3984375,7.782714385390946,82908.48202712927,4.043079816679947,20506.268930206566,positive,significant_positive,87.041,long,82908.48202712927,82908.48202712927,18.635617441044115,2.9659506333117083,82908.48202712927
Fermi/GBM,glg_tte_n9_bn241228165_v00.fit,GRB241228165,2024-12-28T03:57:10.174,351.6333,33.483,-28620.17979361243,3.2726125285999244,8745.361555483807,negative,significant_negative,8.32,long,28620.17979361243,28620.17979361243,10.949151966189397,1.7426116580833875,28620.17979361243
Fermi/GBM,glg_tte_n9_bn241228176_v00.fit,GRB241228176,2024-12-28T04:13:05.391,122.34375,14.169522214770062,50.08954701916499,3.501435324967809,14.305432592739804,positive,significant_positive,19.456,long,50.08954701916499,50.089547019164996,0.4580552411184329,0.07290175583314859,50.08954701916499
Fermi/GBM,glg_tte_n9_bn241229067_v00.fit,GRB241229067,2024-12-29T01:36:16.064,275.1923076923077,61.18977627871704,35441.50872308622,3.5932476134177245,9863.363880279869,positive,significant_positive,5.888,long,35441.50872308622,35441.50872308621,12.184294997336323,1.9391907769159276,35441.50872308622
Fermi/GBM,glg_tte_n9_bn250101968_v00.fit,GRB250101968,2025-01-01T23:14:12.652,71.71874999999999,-3.8823720030295705,1750.1128610272094,3.368304195209264,519.5827810078416,positive,significant_positive,4.544,long,1750.1128610272094,1750.1128610272094,2.7075552828227645,0.4309208069558177,1750.1128610272094
Fermi/GBM,glg_tte_n9_bn250102943_v00.fit,GRB250102943,2025-01-02T22:38:05.224,340.3571428571429,42.60980697763761,77200.70510372061,3.2973727694311825,23412.79269951581,positive,significant_positive,57.601,long,77200.70510372061,77200.70510372061,17.982701614080895,2.8620358520275793,77200.70510372061
Fermi/GBM,glg_tte_n9_bn250103415_v00.fit,GRB250103415,2025-01-03T09:57:46.559,29.0667,-21.483,2958.8915987588407,3.101084545649615,954.147349162005,positive,significant_positive,117.955,long,2958.8915987588407,2958.8915987588402,3.5205363435002024,0.5603107614027241,2958.8915987588407
Fermi/GBM,glg_tte_n9_bn250107210_v00.fit,GRB250107210,2025-01-07T05:02:30.286,309.27966101694915,45.78396716177502,-5790.592966013731,3.1923270955105822,1813.909663003246,negative,significant_negative,53.246,long,5790.592966013731,5790.592966013729,4.924995339687468,0.7838373530158088,5790.592966013731
Fermi/GBM,glg_tte_n9_bn250107482_v00.fit,GRB250107482,2025-01-07T11:34:04.293,107.2222222222222,60.05627904951215,-8740.919939241869,3.514106289948306,2487.3806362215787,negative,significant_negative,1.088,short,8740.919939241869,8740.919939241869,6.050940408095125,0.9630370763028295,8740.919939241869
Fermi/GBM,glg_tte_n9_bn250109262_v00.fit,GRB250109262,2025-01-09T06:17:08.596,86.484375,1.4922462896203397,19570.44207114284,3.075231111533052,6363.893106357999,positive,significant_positive,15.104,long,19570.44207114284,19570.442071142836,9.054086152171438,1.4410025662979629,19570.44207114284
Fermi/GBM,glg_tte_n9_bn250113273_v00.fit,GRB250113273,2025-01-13T06:33:41.591,107.2265625,-27.953186883381143,4639.272457371306,3.519198895083903,1318.275151726171,positive,significant_positive,39.169,long,4639.272457371306,4639.272457371306,4.408280733661618,0.7015996692990135,4639.272457371306
Fermi/GBM,glg_tte_n9_bn250116524_v00.fit,GRB250116524,2025-01-16T12:33:59.533,270.0,-19.15501007356374,559.4436023870062,3.9587823194635536,141.31709127740453,positive,significant_positive,15.872,long,559.4436023870062,559.4436023870063,1.5308141238599493,0.24363663476719985,559.4436023870062
Fermi/GBM,glg_tte_n9_bn250117849_v00.fit,GRB250117849,2025-01-17T20:21:57.894,253.4765625,-25.282603043312,16209.17093125384,2.6161785446070014,6195.74339246359,positive,significant_positive,0.832,short,16209.17093125384,16209.17093125384,8.239952452808474,1.3114291637066562,16209.17093125384
Fermi/GBM,glg_tte_n9_bn250118772_v00.fit,GRB250118772,2025-01-18T18:31:11.967,264.375,38.3009224658677,-80329.71276419511,2.4576012026509084,32686.227805205708,negative,significant_negative,0.272,short,80329.71276419511,80329.71276419512,18.343508769588354,2.9194600943295175,80329.71276419511
Fermi/GBM,glg_tte_n9_bn250119083_v00.fit,GRB250119083,2025-01-19T01:59:27.334,230.2734375,41.81031489577859,64450.37171891363,2.900368473486349,22221.442657402047,positive,significant_positive,81.408,long,64450.37171891363,64450.37171891364,16.430736007587342,2.615032854245519,64450.37171891363
Fermi/GBM,glg_tte_n9_bn250119352_v00.fit,GRB250119352,2025-01-19T08:27:01.674,306.56249999999994,21.06181760164929,-8750.669330951832,2.931442595540484,2985.1068358848183,negative,significant_negative,255.493,long,8750.669330951832,8750.669330951832,6.054313997375401,0.9635739997127474,8750.669330951832
Fermi/GBM,glg_tte_n9_bn250119945_v00.fit,GRB250119945,2025-01-19T22:41:06.302,164.1796875,15.094787099543192,22258.26731603012,3.173397194296156,7014.018716609753,positive,significant_positive,1.024,short,22258.26731603012,22258.26731603012,9.655838239578376,1.5367743855246434,22258.26731603012
Fermi/GBM,glg_tte_n9_bn250121983_v00.fit,GRB250121983,2025-01-21T23:36:05.779,224.6484375,-36.42357364233117,-45289.22184559856,3.0338568630812754,14927.936250625047,negative,significant_negative,5.184,long,45289.22184559856,45289.22184559855,13.773418197718424,2.1921075894387516,45289.22184559856
Fermi/GBM,glg_tte_n9_bn250122636_v00.fit,GRB250122636,2025-01-22T15:15:21.758,265.78124999999994,25.61308321640181,-2569.9561011274754,2.605443234023593,986.3796177046949,negative,significant_negative,14.016,long,2569.9561011274754,2569.9561011274745,3.2810070013844514,0.5221884825894526,2569.9561011274754
Fermi/GBM,glg_tte_n9_bn250126208_v00.fit,GRB250126208,2025-01-26T04:58:50.992,337.14843749999994,-12.024699180565822,13468.449509449709,3.255298536074549,4137.393040974619,positive,significant_positive,100.61,long,13468.449509449709,13468.449509449709,7.511092422467121,1.195427487055721,13468.449509449709
Fermi/GBM,glg_tte_n9_bn250127635_v00.fit,GRB250127635,2025-01-27T15:14:38.583,127.96874999999996,-19.15501007356374,-61289.55082380093,3.3805937934891594,18129.81818219074,negative,significant_negative,52.481,long,61289.55082380093,61289.55082380095,16.022767243722136,2.550102608849281,61289.55082380093
Fermi/GBM,glg_tte_n9_bn250128440_v00.fit,GRB250128440,2025-01-28T10:33:42.595,286.4189189189189,62.69666002027376,10500.443381955622,2.8989937565214583,3622.099343378802,positive,significant_positive,23.296,long,10500.443381955622,10500.443381955622,6.632055064928954,1.055524346441084,10500.443381955622
Fermi/GBM,glg_tte_n9_bn250128683_v00.fit,GRB250128683,2025-01-28T16:22:53.773,265.69565217391306,-46.9649773399548,-2581.785922682478,3.48613522899012,740.5868542369717,negative,significant_negative,1.12,short,2581.785922682478,2581.785922682478,3.288549769090892,0.5233889513545265,2581.785922682478
Fermi/GBM,glg_tte_n9_bn250201417_v00.fit,GRB250201417,2025-02-01T09:59:46.667,115.3960396039604,-52.41601188939429,-11730.24012973887,4.606123630331731,2546.662024547974,negative,significant_negative,16.384,long,11730.24012973887,11730.24012973887,7.0096729563683935,1.1156241004636094,11730.24012973887
Fermi/GBM,glg_tte_n9_bn250202047_v00.fit,GRB250202047,2025-02-02T01:08:03.464,294.60937499999994,-28.971532223711293,-112630.87015365469,3.0353786085887142,37106.03673458116,negative,significant_negative,111.874,long,112630.87015365469,112630.87015365466,21.720660341163583,3.456950460516278,112630.87015365469
Fermi/GBM,glg_tte_n9_bn250202165_v00.fit,GRB250202165,2025-02-02T03:57:17.323,347.34375,16.64603991239297,8120.096593384753,2.868628272407732,2830.654871350513,positive,significant_positive,89.088,long,8120.096593384753,8120.096593384754,5.8320991994554925,0.9282074161956273,8120.096593384753
Fermi/GBM,glg_tte_n9_bn250202841_v00.fit,GRB250202841,2025-02-02T20:10:35.824,300.1546391752577,-53.95678248481785,18199.245608652604,2.9750482830280154,6117.2942007278425,positive,significant_positive,7.104,long,18199.245608652604,18199.2456086526,8.731140918575633,1.3896042360232237,18199.245608652604
Fermi/GBM,glg_tte_n9_bn250204279_v00.fit,GRB250204279,2025-02-04T06:41:13.999,2.4609375,30.0,-12799.820508298822,4.064291073044971,3149.336570205141,negative,significant_negative,2.752,long,12799.820508298822,12799.820508298824,7.3222785229862755,1.1653768216288882,12799.820508298822
Fermi/GBM,glg_tte_n9_bn250204311_v00.fit,GRB250204311,2025-02-04T07:28:17.410,108.984375,-24.29647799480565,-5999.6186506381655,2.576785214508676,2328.334785863064,negative,significant_negative,39.425,long,5999.6186506381655,5999.6186506381655,5.013097229881632,0.7978592043359494,5999.6186506381655
Fermi/GBM,glg_tte_n9_bn250205893_v00.fit,GRB250205893,2025-02-05T21:25:33.715,125.4833,45.583,71210.65064830545,3.1031316478902213,22947.995357116302,positive,significant_positive,105.472,long,71210.65064830545,71210.65064830545,17.270972060428086,2.7487605754191464,71210.65064830545
Fermi/GBM,glg_tte_n9_bn250206827_v00.fit,GRB250206827,2025-02-06T19:51:31.929,223.69565217391303,-64.57355318327413,8742.906937801867,3.754204834083258,2328.830557786228,positive,significant_positive,64.257,long,8742.906937801867,8742.906937801867,6.051628123275871,0.9631465295732847,8742.906937801867
Fermi/GBM,glg_tte_n9_bn250207053_v00.fit,GRB250207053,2025-02-07T01:16:03.152,12.656249999999998,-12.32998415024295,-2120.9833992816884,3.0986612681109875,684.4837869531596,negative,significant_negative,19.712,long,2120.9833992816884,2120.983399281688,2.9806634307525695,0.4743873186975187,2120.9833992816884
Fermi/GBM,glg_tte_n9_bn250208211_v00.fit,GRB250208211,2025-02-08T05:03:59.558,191.25,-11.719760305788782,-5170.072924183927,3.545197265962213,1458.3315218654557,negative,significant_negative,52.225,long,5170.072924183927,5170.072924183926,4.653638449949992,0.740649562672047,5170.072924183927
Fermi/GBM,glg_tte_n9_bn250210230_v00.fit,GRB250210230,2025-02-10T05:31:40.126,150.1171875,-25.282603043312,-2238.692666749721,4.72634947951789,473.6621099331144,negative,significant_negative,24.576,long,2238.692666749721,2238.692666749721,3.062256343614681,0.48737323410079003,2238.692666749721
Fermi/GBM,glg_tte_n9_bn250212035_v00.fit,GRB250212035,2025-02-12T00:49:53.925,281.79611650485435,51.64299443168207,-14709.888428243656,2.9872539332376813,4924.217611557585,negative,significant_negative,24.576,long,14709.888428243656,14709.888428243654,7.849626523709755,1.2493068626736583,14709.888428243656
Fermi/GBM,glg_tte_n9_bn250214231_v00.fit,GRB250214231,2025-02-14T05:32:07.175,122.95275590551182,-42.210369839650205,64689.498623172825,3.3245689165569265,19458.01102242398,positive,significant_positive,6.912,long,64689.498623172825,64689.49862317282,16.46118884483405,2.6198795738245058,64689.498623172825
Fermi/GBM,glg_tte_n9_bn250215105_v00.fit,GRB250215105,2025-02-15T02:31:54.941,157.5,-35.31877290301153,-59180.61859061709,2.7642063683397087,21409.623850249394,negative,significant_negative,13.374,long,59180.61859061709,59180.618590617094,15.744687849099336,2.505844898623061,59180.61859061709
Fermi/GBM,glg_tte_n9_bn250216848_v00.fit,GRB250216848,2025-02-16T20:20:43.868,213.0722891566265,59.298952349144834,-38820.99168616271,3.190040947267309,12169.433661789832,negative,significant_negative,4.608,long,38820.99168616271,38820.99168616271,12.751979835111577,2.02954062496618,38820.99168616271
Fermi/GBM,glg_tte_n9_bn250217325_v00.fit,GRB250217325,2025-02-17T07:47:25.624,154.3359375,2.3880154632687733,-15040.184268273988,3.3236081241855704,4525.258004645025,negative,significant_negative,0.896,short,15040.184268273988,15040.184268273984,7.9372650542317436,1.2632549680115428,15040.184268273988
Fermi/GBM,glg_tte_n9_bn250217477_v00.fit,GRB250217477,2025-02-17T11:27:19.590,232.03125,34.59057497617661,-14750.541323321857,3.5458179962539647,4159.98264403455,negative,significant_negative,27.392,long,14750.541323321857,14750.541323321859,7.860465826554269,1.2510319913010328,14750.541323321857
Fermi/GBM,glg_tte_n9_bn250217996_v00.fit,GRB250217996,2025-02-17T23:54:41.802,131.484375,33.8687046016565,-41088.36274614499,3.112060132823208,13202.946277541983,negative,significant_negative,0.352,short,41088.36274614499,41088.362746144994,13.119090342007794,2.0879680767996844,41088.36274614499
Fermi/GBM,glg_tte_n9_bn250223430_v00.fit,GRB250223430,2025-02-23T10:19:23.759,3.928571428571429,42.60980697763761,-53269.92109646944,2.8984732247002847,18378.614176081544,negative,significant_negative,2.432,long,53269.92109646944,53269.92109646944,14.937754975184026,2.37741754299609,53269.92109646944
Fermi/GBM,glg_tte_n9_bn250223679_v00.fit,GRB250223679,2025-02-23T16:18:20.175,260.859375,39.065494664452594,-44128.69324242144,3.7423337430030106,11791.757836918809,negative,significant_negative,33.281,long,44128.69324242144,44128.69324242145,13.595802219945623,2.16383912860411,44128.69324242144
Fermi/GBM,glg_tte_n9_bn250223692_v00.fit,GRB250223692,2025-02-23T16:36:11.807,343.12499999999994,-39.8384399769991,15331.231934712196,3.328460246290496,4606.103363198811,positive,significant_positive,1.216,short,15331.231934712196,15331.231934712196,8.01369541194515,1.2754192372439133,15331.231934712196
Fermi/GBM,glg_tte_n9_bn250225268_v00.fit,GRB250225268,2025-02-25T06:25:23.046,58.35937500000001,-38.30092246586769,-39789.5251109247,3.209435259441464,12397.671831476431,negative,significant_negative,52.48,long,39789.5251109247,39789.5251109247,12.910072541924135,2.0547018607221763,39789.5251109247
Fermi/GBM,glg_tte_n9_bn250225819_v00.fit,GRB250225819,2025-02-25T19:39:13.834,303.45,-40.833,14670.4012118729,3.2463492595619363,4519.045869344486,positive,significant_positive,335.111,long,14670.4012118729,14670.4012118729,7.839083677100252,1.2476289165214962,14670.4012118729
Fermi/GBM,glg_tte_n9_bn250226274_v00.fit,GRB250226274,2025-02-26T06:34:57.334,220.4296875,23.31795706533424,9281.019549130137,3.273863866286584,2834.8825510748047,positive,significant_positive,61.441,long,9281.019549130137,9281.019549130137,6.235081697766864,0.9923440727814035,9281.019549130137
Fermi/GBM,glg_tte_n9_bn250226938_v00.fit,GRB250226938,2025-02-26T22:30:23.123,284.4140625,-11.415157742730496,-45659.37986551084,3.1111288619141955,14676.14550604562,negative,significant_negative,25.857,long,45659.37986551084,45659.37986551084,13.829590129041163,2.201047629971784,45659.37986551084
Fermi/GBM,glg_tte_n9_bn250228308_v01.fit,GRB250228308,2025-02-28T07:23:46.157,95.08695652173913,-46.9649773399548,-60889.71445306279,3.699713813543712,16457.95256653664,negative,significant_negative,0.64,short,60889.71445306279,60889.71445306279,15.970417636155597,2.5417709100361456,60889.71445306279
Fermi/GBM,glg_tte_n9_bn250302574_v00.fit,GRB250302574,2025-03-02T13:46:32.991,235.546875,11.71976030578877,23741.83467830234,3.516186741118059,6752.154088025778,positive,significant_positive,56.321,long,23741.83467830234,23741.83467830234,9.972440250216128,1.5871631605104743,23741.83467830234
Fermi/GBM,glg_tte_n9_bn250305645_v00.fit,GRB250305645,2025-03-05T15:28:57.919,223.59375,-3.8823720030295705,-31580.15049500335,3.478769074952281,9077.966894205689,negative,significant_negative,1.856,short,31580.15049500335,31580.15049500335,11.501418393361321,1.8305075898714995,31580.15049500335
Fermi/GBM,glg_tte_n9_bn250307832_v00.fit,GRB250307832,2025-03-07T19:57:53.734,265.42968749999994,1.7907846593289465,-34730.85740378782,2.7942390031948583,12429.451225925011,negative,significant_negative,11.837,long,34730.85740378782,34730.85740378781,12.061520438850954,1.919650599047056,34730.85740378782
Fermi/GBM,glg_tte_n9_bn250309029_v00.fit,GRB250309029,2025-03-09T00:42:03.785,48.33333333333333,60.05627904951215,-47150.83295508012,2.9266032174459715,16111.112252595813,negative,significant_negative,2.24,long,47150.83295508012,47150.83295508013,14.053645335988772,2.2367071236829736,47150.83295508012
Fermi/GBM,glg_tte_n9_bn250309318_v00.fit,GRB250309318,2025-03-09T07:38:30.663,210.234375,-11.719760305788782,-19229.523931515498,3.371191272716432,5704.073835009894,negative,significant_negative,6.4,long,19229.523931515498,19229.523931515498,8.974878354999449,1.4283962538466206,19229.523931515498
Fermi/GBM,glg_tte_n9_bn250309333_v00.fit,GRB250309333,2025-03-09T07:59:21.629,353.671875,22.34658789836113,-12370.260953994291,2.8154022027740218,4393.781088118013,negative,significant_negative,47.873,long,12370.260953994291,12370.26095399429,7.198362863508816,1.1456550318965584,12370.260953994291
Fermi/GBM,glg_tte_n9_bn250312859_v00.fit,GRB250312859,2025-03-12T20:36:56.636,179.57943925233644,-50.091456801832585,-4639.343036313105,4.568304395859602,1015.5503299031228,negative,significant_negative,5.376,long,4639.343036313105,4639.343036313104,4.408314265924366,0.7016050061243828,4639.343036313105
Fermi/GBM,glg_tte_n9_bn250313607_v00.fit,GRB250313607,2025-03-13T14:34:33.689,275.7352941176471,52.029727416464176,-19.72022862903304,5.934837559136472,3.322791640467808,negative,significant_negative,298.245,long,19.72022862903304,19.720228629033045,0.28740894300185194,0.045742553967561536,19.72022862903304
Fermi/GBM,glg_tte_n9_bn250316375_v00.fit,GRB250316375,2025-03-16T08:59:57.692,208.828125,23.64331425576558,-4570.366868656764,2.913003338456165,1568.9535292736634,negative,significant_negative,36.865,long,4570.366868656764,4570.366868656764,4.37542089080693,0.6963698628794669,4570.366868656764
Fermi/GBM,glg_tte_n9_bn250317004_v00.fit,GRB250317004,2025-03-17T00:05:29.522,146.25,-24.29647799480565,-26571.0744262094,2.774297557959264,9577.586351535674,negative,significant_negative,17.664,long,26571.0744262094,26571.074426209405,10.549912619882504,1.6790707426418683,26571.0744262094
Fermi/GBM,glg_tte_n9_bn250317824_v00.fit,GRB250317824,2025-03-17T19:47:02.947,66.35,-19.05,61420.52474837709,3.148921888012797,19505.255110388905,positive,significant_positive,55.297,long,61420.52474837709,61420.5247483771,16.03987819276824,2.552825900970962,61420.52474837709
Fermi/GBM,glg_tte_n9_bn250319214_v00.fit,GRB250319214,2025-03-19T05:07:28.911,250.7142857142857,-72.0176251134728,-16921.17888943933,3.1188960785676594,5425.374383493506,negative,significant_negative,1.056,short,16921.17888943933,16921.178889439325,8.418982621761474,1.3399227000581033,16921.17888943933
Fermi/GBM,glg_tte_n9_bn250320254_v00.fit,GRB250320254,2025-03-20T06:05:44.579,262.5652173913043,46.96497733995481,4974.45350665659,7.637622607137877,651.3091524066174,positive,significant_positive,81.409,long,4974.45350665659,4974.45350665659,4.564749951842756,0.7265025188142658,4974.45350665659
Fermi/GBM,glg_tte_n9_bn250320969_v00.fit,GRB250320969,2025-03-20T23:15:22.023,249.609375,-21.70276940395484,529.4871370145953,6.584234296103962,80.41742034117841,positive,significant_positive,86.018,long,529.4871370145953,529.4871370145952,1.4892650983243803,0.23702390197256265,529.4871370145953
Fermi/GBM,glg_tte_n9_bn250321030_v00.fit,GRB250321030,2025-03-21T00:42:39.017,298.828125,16.02410030815585,30709.256758735704,3.108882791747591,9877.907536511906,positive,significant_positive,6.4,long,30709.256758735704,30709.25675873571,11.341720941165075,1.8050909509552853,30709.256758735704
Fermi/GBM,glg_tte_n9_bn250321908_v00.fit,GRB250321908,2025-03-21T21:47:36.176,90.0,-28.971532223711293,-25941.392931318176,3.5697393432407103,7267.027207585371,negative,significant_negative,8.96,long,25941.392931318176,25941.392931318172,10.424157165412486,1.6590561404421973,25941.392931318176
Fermi/GBM,glg_tte_n9_bn250326552_v00.fit,GRB250326552,2025-03-26T13:15:15.894,163.9,82.217,-14731.34037170126,3.469800245732524,4245.587448389631,negative,significant_negative,5.12,long,14731.34037170126,14731.340371701262,7.855348130564078,1.2502174846869523,14731.34037170126
Fermi/GBM,glg_tte_n9_bn250327313_v00.fit,GRB250327313,2025-03-27T07:30:06.326,245.95890410958904,63.07261938698223,47709.32353041888,3.586703317909551,13301.720075979254,positive,significant_positive,161.283,long,47709.32353041888,47709.32353041888,14.136631390865487,2.249914764524298,47709.32353041888
Fermi/GBM,glg_tte_n9_bn250330255_v00.fit,GRB250330255,2025-03-30T06:07:38.421,271.25,-81.533,1651.6047434250736,2.9556390952160574,558.797840405593,positive,significant_positive,4.8,long,1651.6047434250736,1651.604743425074,2.630252035725415,0.4186176130632203,1651.6047434250736
Fermi/GBM,glg_tte_n9_bn250330911_v00.fit,GRB250330911,2025-03-30T21:52:22.103,113.5546875,13.861949672048636,21461.30919069733,3.895186844903704,5509.699545934849,positive,significant_positive,0.448,short,21461.30919069733,21461.30919069733,9.48139872170162,1.5090114739839906,21461.30919069733
Fermi/GBM,glg_tte_n9_bn250331070_v00.fit,GRB250331070,2025-03-31T01:40:52.270,110.0390625,-32.089951256280315,-21339.957356336978,2.5955625300677907,8221.708053313447,negative,significant_negative,20.992,long,21339.957356336978,21339.957356336978,9.45455468780966,1.5047391132975587,21339.957356336978
Fermi/GBM,glg_tte_n9_bn250331243_v00.fit,GRB250331243,2025-03-31T05:49:17.015,18.920454545454547,57.39952353962295,-30122.30358773849,3.368452002080932,8942.47671308061,negative,significant_negative,8.96,long,30122.30358773849,30122.303587738494,11.232809542314913,1.7877571634692289,30122.30358773849
Fermi/GBM,glg_tte_n9_bn250331949_v00.fit,GRB250331949,2025-03-31T22:46:32.788,196.5234375,-27.953186883381143,-11220.383702641697,3.383095717102079,3316.6024969145565,negative,significant_negative,69.888,long,11220.383702641697,11220.383702641695,6.855642446012656,1.0911093833535264,11220.383702641697
Fermi/GBM,glg_tte_n9_bn250402964_v00.fit,GRB250402964,2025-04-02T23:08:09.091,201.75,0.583,15591.2965170847,3.340111090471827,4667.897592257106,positive,significant_positive,44.288,long,15591.2965170847,15591.2965170847,8.081377984643742,1.2861912532500708,15591.2965170847
Fermi/GBM,glg_tte_n9_bn250403636_v00.fit,GRB250403636,2025-04-03T15:15:22.830,203.5546875,-25.282603043312,-27520.449170075684,3.2767226039614434,8398.772949777445,negative,significant_negative,16.384,long,27520.449170075684,27520.44917007568,10.736730783387221,1.7088037768229942,27520.449170075684
Fermi/GBM,glg_tte_n9_bn250404597_v00.fit,GRB250404597,2025-04-04T14:19:46.348,123.04687499999996,34.59057497617661,-26129.07296418256,3.832061220268915,6818.542675147803,negative,significant_negative,91.394,long,26129.07296418256,26129.072964182564,10.461797402574609,1.6650467702457004,26129.07296418256
Fermi/GBM,glg_tte_n9_bn250406610_v00.fit,GRB250406610,2025-04-06T14:38:11.566,5.5479452054794525,-63.07261938698223,-5560.325469591505,2.843076735588888,1955.7423125407804,negative,significant_negative,20.992,long,5560.325469591505,5560.325469591506,4.82607882886813,0.7680943013655083,5560.325469591505
Fermi/GBM,glg_tte_n9_bn250406849_v00.fit,GRB250406849,2025-04-06T20:21:54.860,296.3671875,34.228866327812575,-488.1035026253171,3.373496813153726,144.68770230407057,negative,significant_negative,60.672,long,488.1035026253171,488.1035026253173,1.4298822226739016,0.22757282377777763,488.1035026253171
Fermi/GBM,glg_tte_n9_bn250407659_v00.fit,GRB250407659,2025-04-07T15:48:21.066,110.7421875,41.81031489577859,-13301.542781620094,2.89595301690282,4593.1486816198085,negative,significant_negative,6.272,long,13301.542781620094,13301.542781620092,7.4644070167828716,1.1879972739708222,13301.542781620094
Fermi/GBM,glg_tte_n9_bn250411762_v00.fit,GRB250411762,2025-04-11T18:17:09.189,245.7421875,-13.861949672048636,-1430.1840578120884,2.8295810119742533,505.4402230435599,negative,significant_negative,268.805,long,1430.1840578120884,1430.184057812089,2.4475990219815276,0.3895474830552487,1430.1840578120884
Fermi/GBM,glg_tte_n9_bn250412754_v00.fit,GRB250412754,2025-04-12T18:06:07.017,354.1304347826087,-81.58633629694107,53750.74702452641,3.6577729240274577,14694.938188055472,positive,significant_positive,11.008,long,53750.74702452641,53750.74702452642,15.005019248114529,2.388122984526462,53750.74702452641
Fermi/GBM,glg_tte_n9_bn250421443_v00.fit,GRB250421443,2025-04-21T10:38:31.344,248.92405063291136,-60.8122696032311,78819.51405149841,3.543121919435874,22245.780936617568,positive,significant_positive,10.24,long,78819.51405149841,78819.51405149841,18.170261649325248,2.8918869587632083,78819.51405149841
Fermi/GBM,glg_tte_n9_bn250502308_v00.fit,GRB250502308,2025-05-02T07:23:59.295,240.3846153846154,-46.1781796469964,1338.873297355673,2.9567208424017046,452.8237086691364,positive,significant_positive,5.632,long,1338.873297355673,1338.8732973556728,2.3681763771758004,0.3769069765409854,1338.873297355673
Fermi/GBM,glg_tte_n9_bn250502426_v00.fit,GRB250502426,2025-05-02T10:13:53.168,311.484375,15.40409369872547,5541.062734263353,4.347274276174862,1274.6061974122547,positive,significant_positive,18.173,long,5541.062734263353,5541.0627342633525,4.817712040521852,0.7667626856423944,5541.062734263353
Fermi/GBM,glg_tte_n9_bn250504836_v00.fit,GRB250504836,2025-05-04T20:03:35.584,87.00000000000001,84.51566339961471,-9820.874973327278,3.362130412688072,2921.02737486478,negative,significant_negative,230.917,long,9820.874973327278,9820.874973327278,6.413858814372602,1.0207973346009227,9820.874973327278
Fermi/GBM,glg_tte_n9_bn250504976_v00.fit,GRB250504976,2025-05-04T23:25:54.783,264.375,-40.620185190672686,219.2715276576444,3.075390661544267,71.29875576442704,positive,significant_positive,48.897,long,219.2715276576444,219.2715276576444,0.9583748886739933,0.15253010086761096,219.2715276576444
Fermi/GBM,glg_tte_n9_bn250505339_v00.fit,GRB250505339,2025-05-05T08:08:39.540,103.359375,-9.896853442815877,-5319.7755019769065,2.976522970538788,1787.244901057814,negative,significant_negative,13.568,long,5319.7755019769065,5319.7755019769065,4.720532121948062,0.7512960212321077,5319.7755019769065
Fermi/GBM,glg_tte_n9_bn250506100_v00.fit,GRB250506100,2025-05-06T02:23:22.604,219.7265625,27.279612735978088,398.7132171561699,3.837566567373209,103.897407421153,positive,significant_positive,48.129,long,398.7132171561699,398.71321715616995,1.2923335554502304,0.2056812734734282,398.7132171561699
Fermi/GBM,glg_tte_n9_bn250509940_v00.fit,GRB250509940,2025-05-09T22:33:29.286,46.75781249999999,-34.95386525718846,37379.23615230955,3.435560018563294,10880.099881922906,positive,significant_positive,69.12,long,37379.23615230955,37379.236152309546,12.512944427959056,1.9914969583438724,37379.23615230955
Fermi/GBM,glg_tte_n9_bn250510279_v00.fit,GRB250510279,2025-05-10T06:41:54.056,129.02343749999997,-25.944479772370013,-8800.56412478017,3.1647631182107583,2780.797107416902,negative,significant_negative,35.584,long,8800.56412478017,8800.56412478017,6.071549785884465,0.9663171606520514,8800.56412478017
Fermi/GBM,glg_tte_n9_bn250510925_v00.fit,GRB250510925,2025-05-10T22:12:40.139,125.859375,13.554784037178988,69300.08093373432,3.150228951710618,21998.4267797753,positive,significant_positive,1.088,short,69300.08093373432,69300.08093373432,17.03770818526161,2.7116354766416313,69300.08093373432
Fermi/GBM,glg_tte_n9_bn250512501_v00.fit,GRB250512501,2025-05-12T12:01:36.291,316.40625,78.28414760510762,46119.88188386136,3.1487997649969546,14646.81317514833,positive,significant_positive,19.456,long,46119.88188386136,46119.88188386136,13.89915499161815,2.21211922171642,46119.88188386136
Fermi/GBM,glg_tte_n9_bn250514561_v00.fit,GRB250514561,2025-05-14T13:28:04.687,254.1796875,32.79716829582364,-3120.660327681925,2.7289104482198527,1143.555417774014,negative,significant_negative,19.456,long,3120.660327681925,3120.660327681925,3.6154932461642817,0.5754236218424083,3120.660327681925
Fermi/GBM,glg_tte_n9_bn250515866_v00.fit,GRB250515866,2025-05-15T20:46:21.911,152.578125,23.64331425576558,19420.950497991453,3.0391746392116903,6390.2055010004015,positive,significant_positive,0.288,short,19420.950497991453,19420.950497991453,9.01943940683832,1.435488365516151,19420.950497991453
Fermi/GBM,glg_tte_n9_bn250516608_v00.fit,GRB250516608,2025-05-16T14:35:29.275,332.9296875,0.5968418305070143,13800.073558998152,2.674969146933726,5158.965506131895,positive,significant_positive,21.821,long,13800.073558998152,13800.073558998152,7.603000259717418,1.2100550736629911,13800.073558998152
Fermi/GBM,glg_tte_n9_bn250520442_v00.fit,GRB250520442,2025-05-20T10:36:02.409,103.42105263157896,69.0509806793522,12429.863358681769,3.050094447279098,4075.238840479217,positive,significant_positive,11.52,long,12429.863358681769,12429.86335868177,7.215683604737632,1.14841171348114,12429.863358681769
Fermi/GBM,glg_tte_n9_bn250521185_v00.fit,GRB250521185,2025-05-21T04:27:02.114,213.3984375,31.388166464348547,-26781.24067130533,3.119703928915497,8584.54561122898,negative,significant_negative,27.904,long,26781.24067130533,26781.240671305335,10.591553172032452,1.6856980423496084,26781.24067130533
Fermi/GBM,glg_tte_n9_bn250521242_v00.fit,GRB250521242,2025-05-21T05:48:18.816,198.28125,-33.15288792861988,7449.678547771775,3.0327669913081245,2456.3966071651625,positive,significant_positive,3.584,long,7449.678547771775,7449.678547771773,5.586156149778997,0.8890643641205175,7449.678547771775
Fermi/GBM,glg_tte_n9_bn250521563_v00.fit,GRB250521563,2025-05-21T13:31:01.202,105.92307692307692,66.07006450641592,27320.28800096496,3.45910925331622,7898.07028349082,positive,significant_positive,5.952,long,27320.28800096496,27320.28800096496,10.697614442967422,1.702578217889518,27320.28800096496
Fermi/GBM,glg_tte_n9_bn250521932_v00.fit,GRB250521932,2025-05-21T22:21:56.009,281.953125,21.70276940395484,-24450.02667161734,3.9059800416544426,6259.639427461367,negative,significant_negative,11.565,long,24450.02667161734,24450.026671617343,10.120080643395918,1.6106608588850688,24450.02667161734
Fermi/GBM,glg_tte_n9_bn250522714_v00.fit,GRB250522714,2025-05-22T17:08:52.839,285.0,-55.49084192446863,18829.69581145792,3.147823731810332,5981.813918350776,positive,significant_positive,8.704,long,18829.69581145792,18829.69581145792,8.881083569820873,1.4134683501492078,18829.69581145792
Fermi/GBM,glg_tte_n9_bn250522918_v00.fit,GRB250522918,2025-05-22T22:01:59.780,35.15624999999999,-6.880079227870648,-50909.75070535653,2.6623534519232392,19122.08563764521,negative,significant_negative,0.256,short,50909.75070535653,50909.75070535652,14.603090942766688,2.3241541079618044,50909.75070535653
Fermi/GBM,glg_tte_n9_bn250523602_v00.fit,GRB250523602,2025-05-23T14:26:23.305,54.09574468085106,55.1079364250982,-29590.423990128507,2.7242013567438046,10862.054641033392,negative,significant_negative,10.237,long,29590.423990128507,29590.42399012851,11.13319712236007,1.77190335444007,29590.423990128507
Fermi/GBM,glg_tte_n9_bn250527582_v01.fit,GRB250527582,2025-05-27T13:58:32.415,318.02884615384613,51.25580694880489,67130.17413137785,2.8241734347517413,23769.84830511265,positive,significant_positive,27.136,long,67130.17413137785,67130.17413137786,16.768846586665415,2.6688448242174574,67130.17413137785
Fermi/GBM,glg_tte_n9_bn250527713_v00.fit,GRB250527713,2025-05-27T17:06:07.257,30.9375,15.40409369872547,8919.528485157362,3.079646345137344,2896.283366835608,positive,significant_positive,17.152,long,8919.528485157362,8919.528485157362,6.11244906317757,0.9728264828021351,8919.528485157362
Fermi/GBM,glg_tte_n9_bn250529157_v00.fit,GRB250529157,2025-05-29T03:46:16.316,6.09375,54.34091230386124,76879.85062662371,2.805494952625165,27403.31097537192,positive,significant_positive,102.658,long,76879.85062662371,76879.85062662372,17.945293679687783,2.8560821943580583,76879.85062662371
Fermi/GBM,glg_tte_n9_bn250529457_v00.fit,GRB250529457,2025-05-29T10:58:24.317,149.6938775510204,72.0176251134728,-2610.536651564036,2.9654423992478525,880.3194599990093,negative,significant_negative,49.665,long,2610.536651564036,2610.5366515640367,3.306809694449818,0.5262951087358886,2610.536651564036
Fermi/GBM,glg_tte_n9_bn250531752_v00.fit,GRB250531752,2025-05-31T18:02:24.523,169.8046875,5.379378991112076,11910.78502622747,2.9741096624064007,4004.823755083146,positive,significant_positive,12.544,long,11910.78502622747,11910.78502622747,7.063411332293911,1.124176828625886,11910.78502622747
Fermi/GBM,glg_tte_n9_bn250601729_v00.fit,GRB250601729,2025-06-01T17:29:35.538,87.55434782608695,-55.87335043525199,-2681.7447022951446,3.5963950067792854,745.675794021512,negative,significant_negative,3.072,long,2681.7447022951446,2681.7447022951446,3.3516064716359075,0.533424737259641,2681.7447022951446
Fermi/GBM,glg_tte_n9_bn250602128_v00.fit,GRB250602128,2025-06-02T03:04:31.307,109.28571428571428,66.81675324303835,-6160.335101445253,2.6762118747614494,2301.8861696047024,negative,significant_negative,14.592,long,6160.335101445253,6160.335101445253,5.079798355361722,0.8084750181658984,6160.335101445253
Fermi/GBM,glg_tte_n9_bn250603426_v00.fit,GRB250603426,2025-06-03T10:13:29.569,290.0390625,27.279612735978088,27028.952130988328,2.9113599276132867,9283.961036431,positive,significant_positive,32.768,long,27028.952130988328,27028.95213098833,10.640423390632732,1.6934759792098244,27028.952130988328
Fermi/GBM,glg_tte_n9_bn250606187_v00.fit,GRB250606187,2025-06-06T04:28:41.823,30.441176470588232,-77.54909782319496,-4538.474852555537,2.893363676432723,1568.5808491765886,negative,significant_negative,6.336,long,4538.474852555537,4538.474852555538,4.360128324608577,0.693935975376439,4538.474852555537
Fermi/GBM,glg_tte_n9_bn250607584_v00.fit,GRB250607584,2025-06-07T14:00:55.637,245.390625,-26.27681155719998,63429.33726563464,2.955699126568853,21460.0115064036,positive,significant_positive,5.888,long,63429.33726563464,63429.33726563464,16.30006707453631,2.594236247641904,63429.33726563464
Fermi/GBM,glg_tte_n9_bn250609366_v00.fit,GRB250609366,2025-06-09T08:47:18.610,125.15625,19.78804941066957,-13089.276297142927,3.292386001854492,3975.620200599253,negative,significant_negative,0.768,short,13089.276297142927,13089.276297142927,7.404608858083928,1.1784801014260917,13089.276297142927
Fermi/GBM,glg_tte_n9_bn250610966_v00.fit,GRB250610966,2025-06-10T23:11:04.772,26.89024390243902,59.67778522657882,-35359.179776250414,4.149119546403518,8522.092309174357,negative,significant_negative,42.753,long,35359.179776250414,35359.179776250414,12.170134999088496,1.9369371432006135,35359.179776250414
Fermi/GBM,glg_tte_n9_bn250612519_v00.fit,GRB250612519,2025-06-12T12:27:56.190,231.328125,-30.34518296958825,-27529.594714883384,3.277759101008317,8398.90726149296,negative,significant_negative,10.752,long,27529.594714883384,27529.594714883384,10.73851464046321,1.7090876864944071,27529.594714883384
Fermi/GBM,glg_tte_n9_bn250612620_v00.fit,GRB250612620,2025-06-12T14:53:16.582,112.5,16.02410030815585,189.7587061366117,3.256026302276592,58.27923011676339,positive,significant_positive,1.616,short,189.7587061366117,189.7587061366117,0.8915488823042617,0.14189441162677766,189.7587061366117
Fermi/GBM,glg_tte_n9_bn250617673_v00.fit,GRB250617673,2025-06-17T16:09:13.346,355.78125,35.31877290301153,-47949.39306764628,2.964330940473228,16175.452076883024,negative,significant_negative,49.409,long,47949.39306764628,47949.39306764628,14.172153964983911,2.2555683577865935,47949.39306764628
Fermi/GBM,glg_tte_n9_bn250617876_v00.fit,GRB250617876,2025-06-17T21:01:28.188,328.359375,33.8687046016565,32188.169170160498,3.60569923021148,8927.02555456147,positive,significant_positive,31.745,long,32188.169170160498,32188.169170160494,11.611610040385251,1.8480451351827953,32188.169170160498
Fermi/GBM,glg_tte_n9_bn250619635_v00.fit,GRB250619635,2025-06-19T15:14:36.893,35.15624999999999,26.944358180475724,48381.064447074175,3.3194318738287696,14575.103899110742,positive,significant_positive,20.928,long,48381.064447074175,48381.06444707419,14.235804468067249,2.2656986499825926,48381.064447074175
Fermi/GBM,glg_tte_n9_bn250620337_v00.fit,GRB250620337,2025-06-20T08:05:18.944,45.703125,66.44353569089876,-34308.26125343237,3.4044562834063834,10077.456838160568,negative,significant_negative,12.416,long,34308.26125343237,34308.26125343236,11.987915109877529,1.9079359471030304,34308.26125343237
Fermi/GBM,glg_tte_n9_bn250620558_v00.fit,GRB250620558,2025-06-20T13:22:56.937,67.85156249999999,-31.388166464348547,-10299.348866117682,3.166935022009611,3252.150358166213,negative,significant_negative,23.296,long,10299.348866117682,10299.348866117683,6.568242660413177,1.0453682868318184,10299.348866117682
Fermi/GBM,glg_tte_n9_bn250620672_v00.fit,GRB250620672,2025-06-20T16:07:09.917,143.13829787234042,55.1079364250982,-32841.40295984297,3.1309603165819646,10489.242800654712,negative,significant_negative,31.806,long,32841.40295984297,32841.40295984297,11.728842527275784,1.8667032649623794,32841.40295984297
Fermi/GBM,glg_tte_n9_bn250621052_v00.fit,GRB250621052,2025-06-21T01:14:55.204,130.078125,-25.613083216401822,-31819.050738061007,3.2504073595006813,9789.250152002169,negative,significant_negative,13.373,long,31819.050738061007,31819.050738060996,11.544839888763772,1.8374183355012415,31819.050738061007
Fermi/GBM,glg_tte_n9_bn250623674_v00.fit,GRB250623674,2025-06-23T16:11:12.080,234.140625,-3.8823720030295705,39400.17302227686,3.3959245223753203,11602.19338288412,positive,significant_positive,13.568,long,39400.17302227686,39400.17302227686,12.846752851308471,2.044624218965644,39400.17302227686
Fermi/GBM,glg_tte_n9_bn250624817_v00.fit,GRB250624817,2025-06-24T19:36:21.850,11.953125,16.02410030815585,-72729.28722783491,2.76895007696433,26266.01607334498,negative,significant_negative,99.586,long,72729.28722783491,72729.28722783491,17.45416070571859,2.777915953835438,72729.28722783491
Fermi/GBM,glg_tte_n9_bn250625670_v00.fit,GRB250625670,2025-06-25T16:04:57.510,258.04687499999994,26.944358180475724,-99200.4619944981,2.947151880685164,33659.772556898446,negative,significant_negative,5.376,long,99200.4619944981,99200.46199449811,20.384551099125,3.244302070135072,99200.4619944981
Fermi/GBM,glg_tte_n9_bn250626926_v00.fit,GRB250626926,2025-06-26T22:13:53.961,36.5625,-9.896853442815877,-19260.140234683746,2.81224431043687,6848.672486670179,negative,significant_negative,2.112,long,19260.140234683746,19260.14023468375,8.9820201935787,1.4295329127592729,19260.140234683746
Fermi/GBM,glg_tte_n9_bn250628802_v00.fit,GRB250628802,2025-06-28T19:15:16.340,169.8046875,-6.579592944977629,130.26722694070423,2.780204535322135,46.85526740413382,positive,significant_positive,15.36,long,130.26722694070423,130.26722694070423,0.7386894369177806,0.11756607529523358,130.26722694070423
Fermi/GBM,glg_tte_n9_bn250702413_v00.fit,GRB250702413,2025-07-02T09:54:07.561,317.43243243243245,48.5322537274423,-608.8911003077975,4.367082672108625,139.42742696322654,negative,significant_negative,52.737,long,608.8911003077975,608.8911003077975,1.5970338370713721,0.2541758294549255,608.8911003077975
Fermi/GBM,glg_tte_n9_bn250702548_v00.fit,GRB250702548,2025-07-02T13:09:02.034,292.1484375,2.985506005746533,-35059.164643899974,3.242469049535527,10812.49014510164,negative,significant_negative,63.745,long,35059.164643899974,35059.164643899974,12.118394507869496,1.9287023882651066,35059.164643899974
Fermi/GBM,glg_tte_n9_bn250702581_v00.fit,GRB250702581,2025-07-02T13:56:05.766,285.46875,-8.084013907099306,-102350.46437825644,2.838282004424551,36060.71004174497,negative,significant_negative,230.404,long,102350.46437825644,102350.46437825641,20.70566643803041,3.2954091636244973,102350.46437825644
Fermi/GBM,glg_tte_n9_bn250702618_v00.fit,GRB250702618,2025-07-02T14:49:31.915,105.1171875,-13.861949672048636,-34970.783023824326,3.1139495304084592,11230.362818127363,negative,significant_negative,0.512,short,34970.783023824326,34970.783023824326,12.10311007071759,1.9262697945400034,34970.783023824326
Fermi/GBM,glg_tte_n9_bn250702682_v00.fit,GRB250702682,2025-07-02T16:21:33.072,286.87499999999994,-18.52439107386579,87958.97586684987,2.714336569959352,32405.33132122488,positive,significant_positive,422.919,long,87958.97586684987,87958.97586684987,19.19483515256391,3.0549528963646213,87958.97586684987
Fermi/GBM,glg_tte_n9_bn250702880_v00.fit,GRB250702880,2025-07-02T21:06:43.102,215.15625,16.64603991239297,8589.622068919587,3.22004517319103,2667.547070591984,positive,significant_positive,53.505,long,8589.622068919587,8589.622068919587,5.998343503427207,0.9546660189335973,8589.622068919587
Fermi/GBM,glg_tte_n9_bn250703380_v00.fit,GRB250703380,2025-07-03T09:07:31.427,337.49999999999994,26.944358180475724,-5158.962628127631,6.634339368676865,777.6151235924068,negative,significant_negative,3.84,long,5158.962628127631,5158.9626281276305,4.648635512014259,0.7398533203695932,5158.962628127631
Fermi/GBM,glg_tte_n9_bn250709653_v00.fit,GRB250709653,2025-07-09T15:39:54.989,304.45312499999994,33.15288792861988,-10239.926127731738,2.7946922171576527,3664.0622050847073,negative,significant_negative,43.777,long,10239.926127731738,10239.926127731738,6.54926730723208,1.0423482655761325,10239.926127731738
Fermi/GBM,glg_tte_n9_bn250711611_v00.fit,GRB250711611,2025-07-11T14:40:12.940,260.8536585365853,43.80448796297494,8.592454650084553,4.167046870472178,2.062000960673361,positive,significant_positive,30.209,long,8.592454650084553,8.592454650084553,0.1897155498986455,0.030194167547766555,8.592454650084553
Fermi/GBM,glg_tte_n9_bn250714302_v00.fit,GRB250714302,2025-07-14T07:15:13.011,93.8671875,-21.381942579838896,76180.55062929943,3.3753248286897257,22569.84275462226,positive,significant_positive,17.92,long,76180.55062929943,76180.55062929943,17.86349193946254,2.843063043047692,76180.55062929943
Fermi/GBM,glg_tte_n9_bn250715621_v00.fit,GRB250715621,2025-07-15T14:54:18.633,206.3671875,41.81031489577859,-13809.616617806105,3.173316464449437,4351.793075955329,negative,significant_negative,39.105,long,13809.616617806105,13809.616617806105,7.605628627570608,1.2104733913990902,13809.616617806105
Fermi/GBM,glg_tte_n9_bn250716062_v00.fit,GRB250716062,2025-07-16T01:29:06.245,66.68181818181817,-48.9227951602473,-69519.6053995998,2.8726604126929454,24200.42588132768,negative,significant_negative,66.049,long,69519.6053995998,69519.60539959978,17.06467234196012,2.7159269554665033,69519.6053995998
Fermi/GBM,glg_tte_n9_bn250717158_v00.fit,GRB250717158,2025-07-17T03:48:11.059,22.8515625,3.583321698471966,-42480.71032795883,2.93037961606944,14496.65773506124,negative,significant_negative,15.616,long,42480.71032795883,42480.710327958834,13.339519605822469,2.1230504837378974,42480.71032795883
Fermi/GBM,glg_tte_n9_bn250717572_v00.fit,GRB250717572,2025-07-17T13:44:22.946,44.296875,21.06181760164929,-57459.852897266486,3.084498517618475,18628.58826777162,negative,significant_negative,6.656,long,57459.852897266486,57459.85289726649,15.51409903876267,2.469145549636301,57459.852897266486
Fermi/GBM,glg_tte_n9_bn250718296_v00.fit,GRB250718296,2025-07-18T07:05:40.095,213.3984375,0.5968418305070143,-10482.314381979164,3.788503850687831,2766.8744166845768,negative,significant_negative,1.344,short,10482.314381979164,10482.314381979164,6.6263274750593055,1.0546127722013263,10482.314381979164
Fermi/GBM,glg_tte_n9_bn250720343_v00.fit,GRB250720343,2025-07-20T08:13:44.043,69.609375,21.06181760164929,6009.074005215587,3.239704783896678,1854.821474809796,positive,significant_positive,48.641,long,6009.074005215587,6009.074005215586,5.017045976756001,0.7984876669200238,6009.074005215587
Fermi/GBM,glg_tte_n9_bn250720790_v00.fit,GRB250720790,2025-07-20T18:57:10.301,106.3667,-79.367,24910.14747895027,3.299492928678282,7549.689609102703,positive,significant_positive,1.024,short,24910.14747895027,24910.14747895027,10.21486082918467,1.625745593960517,24910.14747895027
Fermi/GBM,glg_tte_n9_bn250721401_v00.fit,GRB250721401,2025-07-21T09:37:46.529,75.234375,-13.554784037179,-31949.80942064385,3.671544366826364,8702.008263694457,negative,significant_negative,53.952,long,31949.80942064385,31949.80942064385,11.568537018395407,1.8411898508192057,31949.80942064385
Fermi/GBM,glg_tte_n9_bn250722465_v00.fit,GRB250722465,2025-07-22T11:09:07.003,313.125,-63.44828368030105,-34392.682341242486,3.6987335865657167,9298.502186305388,negative,significant_negative,58.624,long,34392.682341242486,34392.682341242486,12.002655160726997,1.910281899057149,34392.682341242486
Fermi/GBM,glg_tte_n9_bn250723551_v00.fit,GRB250723551,2025-07-23T13:13:04.600,65.39062499999999,37.54432510382694,70320.176012944,2.8014605112599664,25101.255480955275,positive,significant_positive,6.4,long,70320.176012944,70320.17601294401,17.16264736227703,2.7315201642494684,70320.176012944
Fermi/GBM,glg_tte_n9_bn250723615_v00.fit,GRB250723615,2025-07-23T14:45:37.499,357.05607476635515,50.091456801832585,-10029.291844320462,2.8736308976704605,3490.111361361967,negative,significant_negative,6.4,long,10029.291844320462,10029.291844320463,6.481558411249072,1.0315720600891416,10029.291844320462
Fermi/GBM,glg_tte_n9_bn250725077_v00.fit,GRB250725077,2025-07-25T01:51:34.809,31.15384615384616,-85.2473601980063,-1260.4936729112735,3.480407889194099,362.16837596099856,negative,significant_negative,9.472,long,1260.4936729112735,1260.4936729112737,2.297812775290007,0.3657082614871111,1260.4936729112735
Fermi/GBM,glg_tte_n9_bn250728393_v00.fit,GRB250728393,2025-07-28T09:25:45.574,251.36718750000003,16.95776330000414,-11218.473835993143,2.729436722119144,4110.179124168551,negative,significant_negative,0.576,short,11218.473835993143,11218.473835993142,6.8550589579419725,1.091016518342842,11218.473835993143
Fermi/GBM,glg_tte_n9_bn250804485_v00.fit,GRB250804485,2025-08-04T11:38:03.482,123.04687499999996,36.79533013738011,-4712.707259851102,3.5750901605688203,1318.2065481395523,negative,significant_negative,0.16,short,4712.707259851102,4712.707259851102,4.443032974004358,0.707130660133078,4712.707259851102
Fermi/GBM,glg_tte_n9_bn250804960_v00.fit,GRB250804960,2025-08-04T23:02:30.289,0.75,-67.93492864899142,38439.783855326445,3.3939042193889075,11326.125126255847,positive,significant_positive,15.872,long,38439.783855326445,38439.783855326445,12.689215503225464,2.019551371296645,38439.783855326445
Fermi/GBM,glg_tte_n9_bn250808768_v00.fit,GRB250808768,2025-08-08T18:25:12.485,63.28125,-17.270004694974464,-11719.732789826685,3.0602041881041395,3829.722485638223,negative,significant_negative,48.641,long,11719.732789826685,11719.732789826687,7.006532802516513,1.1151243294560136,11719.732789826685
Fermi/GBM,glg_tte_n9_bn250813074_v00.fit,GRB250813074,2025-08-13T01:46:03.861,357.4719101123595,57.01854862136609,-2900.8083206153124,2.8638112385302024,1012.9188270467498,negative,significant_negative,18.944,long,2900.8083206153124,2900.808320615313,3.485810878311714,0.5547840319668106,2900.8083206153124
Fermi/GBM,glg_tte_n9_bn250813952_v00.fit,GRB250813952,2025-08-13T22:51:11.236,332.75,19.233,-7179.516909686257,3.1960045866175686,2246.403819239998,negative,significant_negative,24.064,long,7179.516909686257,7179.516909686257,5.483930169722446,0.8727945940821038,7179.516909686257
Fermi/GBM,glg_tte_n9_bn250814316_v00.fit,GRB250814316,2025-08-14T07:35:09.277,297.5431034482759,46.57184741344958,42850.355396733175,3.1124706872262013,13767.312114004497,positive,significant_positive,21.504,long,42850.355396733175,42850.35539673318,13.397430684928047,2.1322673182373357,42850.355396733175
Fermi/GBM,glg_tte_n9_bn250814432_v00.fit,GRB250814432,2025-08-14T10:22:10.511,80.50781249999999,24.624318352164074,-5858.9471288291,3.726213782128041,1572.3593629893817,negative,significant_negative,15.104,long,5858.9471288291,5858.947128829101,4.953978234066101,0.7884501239212784,5858.9471288291
Fermi/GBM,glg_tte_n9_bn250815492_v00.fit,GRB250815492,2025-08-15T11:49:10.835,221.484375,-0.895282986570128,43830.28317426959,2.7417480070984643,15986.255141169691,positive,significant_positive,0.64,short,43830.28317426959,43830.2831742696,13.549755010087608,2.156510487539617,43830.28317426959
Fermi/GBM,glg_tte_n9_bn250816063_v00.fit,GRB250816063,2025-08-16T01:30:10.454,157.23529411764707,58.54024913501049,2410.348862285133,2.619833468353199,920.0389610261196,positive,significant_positive,0.704,short,2410.348862285133,2410.3488622851332,3.1774904727564466,0.5057133153665919,2410.348862285133
Fermi/GBM,glg_tte_n9_bn250818063_v00.fit,GRB250818063,2025-08-18T01:31:22.998,233.63013698630127,-63.07261938698223,29069.32880020287,3.175900245488566,9153.0988233955,positive,significant_positive,100.098,long,29069.32880020287,29069.32880020287,11.034732427114157,1.756232211471646,29069.32880020287
Fermi/GBM,glg_tte_n9_bn250821672_v00.fit,GRB250821672,2025-08-21T16:07:47.457,38.38235294117647,-77.54909782319496,102.56112540718163,4.376674113919311,23.43357598433075,positive,significant_positive,2.304,long,102.56112540718163,102.56112540718163,0.6554441528440628,0.10431717684581236,102.56112540718163
Fermi/GBM,glg_tte_n9_bn250821988_v00.fit,GRB250821988,2025-08-21T23:42:00.658,106.171875,0.2984168674869415,6922.0043247879,3.218631326543844,2150.604907030693,positive,significant_positive,78.337,long,6922.0043247879,6922.0043247879,5.384684198090041,0.8569991071148486,6922.0043247879
Fermi/GBM,glg_tte_n9_bn250823840_v00.fit,GRB250823840,2025-08-23T20:10:10.668,315.703125,-22.9933943142978,-8739.396788116917,2.944447897904591,2968.093541181791,negative,significant_negative,13.056,long,8739.396788116917,8739.396788116916,6.050413181081585,0.9629531655174931,8739.396788116917
Fermi/GBM,glg_tte_n9_bn250824475_v00.fit,GRB250824475,2025-08-24T11:24:18.377,311.6355140186916,50.091456801832585,849.3025830693116,3.3229298568457684,255.5884775357542,positive,significant_positive,58.881,long,849.3025830693116,849.3025830693117,1.8861469563267101,0.30018961149712914,849.3025830693116
Fermi/GBM,glg_tte_n9_bn250824568_v00.fit,GRB250824568,2025-08-24T13:38:13.862,247.1484375,-34.95386525718846,22549.14458550383,3.351535113223678,6728.004876492226,positive,significant_positive,0.576,short,22549.14458550383,22549.14458550383,9.718726046456425,1.5467832908494932,22549.14458550383
Fermi/GBM,glg_tte_n9_bn250826308_v00.fit,GRB250826308,2025-08-26T07:24:01.970,141.328125,33.15288792861988,48351.22586657552,3.0764471661684363,15716.579305600297,positive,significant_positive,13.117,long,48351.22586657552,48351.22586657553,14.231413889678212,2.2649998677289447,48351.22586657552
Fermi/GBM,glg_tte_n9_bn250827649_v00.fit,GRB250827649,2025-08-27T15:34:53.209,345.4724409448819,-42.210369839650205,1259.1321299601,3.155077813288778,399.0811651797616,positive,significant_positive,2.304,long,1259.1321299601,1259.1321299601,2.296571429872951,0.36551069522790225,1259.1321299601
Fermi/GBM,glg_tte_n9_bn250828500_v00.fit,GRB250828500,2025-08-28T12:00:02.517,217.3728813559322,-68.30717609030755,-96550.31890385204,3.12838997015916,30862.622570976968,negative,significant_negative,54.784,long,96550.31890385204,96550.31890385205,20.110420932776563,3.2006728991101148,96550.31890385204
Fermi/GBM,glg_tte_n9_bn250902062_v00.fit,GRB250902062,2025-09-02T01:30:00.492,158.90624999999997,16.02410030815585,-63959.86639934779,3.2834134582152803,19479.686982252173,negative,significant_negative,8.448,long,63959.86639934779,63959.86639934779,16.368092798888764,2.605062877930003,63959.86639934779
Fermi/GBM,glg_tte_n9_bn250902782_v00.fit,GRB250902782,2025-09-02T18:45:34.099,82.6171875,-4.78019184719916,-2900.060278691833,3.174668659972354,913.500144206258,negative,significant_negative,17.664,long,2900.060278691833,2900.0602786918334,3.4853614000092503,0.5547124952731609,2900.060278691833
Fermi/GBM,glg_tte_n9_bn250905344_v00.fit,GRB250905344,2025-09-05T08:14:40.871,128.671875,-16.64603991239297,21489.361993254577,2.918791928822671,7362.416546739789,positive,significant_positive,14.592,long,21489.361993254577,21489.361993254577,9.487593426388681,1.5099973918559308,21489.361993254577
Fermi/GBM,glg_tte_n9_bn250909107_v00.fit,GRB250909107,2025-09-09T02:33:28.883,78.04687499999999,39.83843997699909,-9198.298929012148,3.710274307406562,2479.1425557539574,negative,significant_negative,33.277,long,9198.298929012148,9198.298929012148,6.207233236679868,0.9879118525419057,9198.298929012148
Fermi/GBM,glg_tte_n9_bn250910786_v00.fit,GRB250910786,2025-09-10T18:52:05.046,78.94067796610169,-45.78396716177504,27561.76447055725,3.4055314872722446,8093.234366960327,positive,significant_positive,8.384,long,27561.76447055725,27561.76447055725,10.744787063543873,1.7100859736328584,27561.76447055725
Fermi/GBM,glg_tte_n9_bn250910993_v00.fit,GRB250910993,2025-09-10T23:50:11.341,47.109375,-36.05358859962301,-3220.792928906824,2.738425190334776,1176.147860556701,negative,significant_negative,12.8,long,3220.792928906824,3220.792928906824,3.6730404125533624,0.5845825378341621,3220.792928906824
Fermi/GBM,glg_tte_n9_bn250912879_v00.fit,GRB250912879,2025-09-12T21:06:23.637,13.7109375,25.94447977237,18850.600463680687,2.7901780721572105,6756.056415104163,positive,significant_positive,14.592,long,18850.600463680687,18850.600463680687,8.88601207384997,1.414252745927487,18850.600463680687
Fermi/GBM,glg_tte_n9_bn250916562_v00.fit,GRB250916562,2025-09-16T13:29:21.008,29.642857142857142,42.60980697763761,5518.741952166979,4.384486164909158,1258.697540509019,positive,significant_positive,81.409,long,5518.741952166979,5518.741952166979,4.807998776204167,0.7652167716126766,5518.741952166979
Fermi/GBM,glg_tte_n9_bn250917093_v00.fit,GRB250917093,2025-09-17T02:13:13.991,316.05468749999994,-41.81031489577861,10389.134086599695,2.9402519490406944,3533.4162740677107,positive,significant_positive,0.48,short,10389.134086599695,10389.134086599695,6.5968100698869,1.0499149312608917,10389.134086599695
Fermi/GBM,glg_tte_n9_bn250917269_v00.fit,GRB250917269,2025-09-17T06:27:44.330,275.625,28.291548862929403,-71801.1657935279,3.140890926376767,22860.12710296676,negative,significant_negative,0.192,short,71801.1657935279,71801.16579352792,17.342434084296627,2.760134109761176,71801.1657935279
Fermi/GBM,glg_tte_n9_bn250918522_v00.fit,GRB250918522,2025-09-18T12:32:18.093,221.8359375,-15.71386104800821,-56159.82052646908,2.8700891823096115,19567.273683557203,negative,significant_negative,103.17,long,56159.82052646908,56159.82052646908,15.337591275159062,2.441053466564691,56159.82052646908
Fermi/GBM,glg_tte_n9_bn250919020_v00.fit,GRB250919020,2025-09-19T00:28:52.284,303.75,-49.7023903266307,40.847239673223406,15.296556782861831,2.6703551820883247,positive,significant_positive,129.283,long,40.847239673223406,40.847239673223406,0.4136429830611904,0.06583332542946559,40.847239673223406
Fermi/GBM,glg_tte_n9_bn250920121_v00.fit,GRB250920121,2025-09-20T02:54:06.824,175.5,48.9227951602473,341.5870240856208,4.014915285320243,85.07950973076998,positive,significant_positive,9.408,long,341.5870240856208,341.5870240856207,1.196175731475932,0.19037728047095825,341.5870240856208
Fermi/GBM,glg_tte_n9_bn250920366_v00.fit,GRB250920366,2025-09-20T08:46:26.161,189.24107142857144,48.14120779436029,-12239.063357307554,2.899704958664041,4220.796091939769,negative,significant_negative,127.747,long,12239.063357307554,12239.063357307554,7.160088596298926,1.1395634930768843,12239.063357307554
Fermi/GBM,glg_tte_n9_bn250920643_v00.fit,GRB250920643,2025-09-20T15:25:17.063,47.8125,-26.94435818047575,-22850.51455902598,3.4443274668777537,6634.245662982716,negative,significant_negative,36.609,long,22850.51455902598,22850.514559025974,9.783456013044512,1.5570853849981607,22850.51455902598
Fermi/GBM,glg_tte_n9_bn250922130_v00.fit,GRB250922130,2025-09-22T03:07:21.460,352.96874999999994,0.895282986570128,-46790.8736936619,3.289037872896148,14226.31039893147,negative,significant_negative,14.08,long,46790.8736936619,46790.8736936619,13.999898335395446,2.2281530228621826,46790.8736936619
Fermi/GBM,glg_tte_n9_bn250922884_v00.fit,GRB250922884,2025-09-22T21:13:25.863,46.05468749999999,32.0899512562803,-53150.73436746206,3.2020777135410503,16598.8271123766,negative,significant_negative,0.128,short,53150.73436746206,53150.734367462064,14.921034665720352,2.3747564230949205,53150.73436746206
Fermi/GBM,glg_tte_n9_bn250924435_v00.fit,GRB250924435,2025-09-24T10:26:58.904,301.9879518072289,-59.298952349144834,-58607.64384720541,3.013061917619705,19451.191329484853,negative,significant_negative,0.512,short,58607.64384720541,58607.643847205414,15.668284030894494,2.4936848532846656,58607.64384720541
Fermi/GBM,glg_tte_n9_bn250926015_v00.fit,GRB250926015,2025-09-26T00:21:23.966,83.32031249999999,-7.180755781458284,13930.632427940567,3.194053476613776,4361.42742441161,positive,significant_positive,2.432,long,13930.632427940567,13930.632427940565,7.638880589499819,1.2157656055076276,13930.632427940567
Fermi/GBM,glg_tte_n9_bn250926827_v00.fit,GRB250926827,2025-09-26T19:50:31.069,9.642857142857142,-84.88153790222778,33408.81567185239,3.310919417421112,10090.494953173657,positive,significant_positive,24.256,long,33408.81567185239,33408.81567185238,11.829730336730814,1.8827600585348605,33408.81567185239
Fermi/GBM,glg_tte_n9_bn250929838_v00.fit,GRB250929838,2025-09-29T20:06:07.178,56.11111111111112,-60.05627904951215,-8259.332296383678,3.005530070132391,2748.045138014494,negative,significant_negative,9.728,long,8259.332296383678,8259.332296383678,5.881888321038392,0.9361316010077492,8259.332296383678
Fermi/GBM,glg_tte_n9_bn250930875_v00.fit,GRB250930875,2025-09-30T20:59:58.565,336.5702479338843,-44.59799149300628,3589.72254896678,3.1236602935731854,1149.2038863356877,positive,significant_positive,45.569,long,3589.72254896678,3589.72254896678,3.87770481741621,0.6171558895430453,3589.72254896678
Fermi/GBM,glg_tte_n9_bn251001112_v01.fit,GRB251001112,2025-10-01T02:40:56.952,222.97752808988764,-57.01854862136609,-16709.191137889724,2.8068698662034315,5952.962529214279,negative,significant_negative,7.04,long,16709.191137889724,16709.19113788972,8.366080095737551,1.3315030015393483,16709.191137889724
Fermi/GBM,glg_tte_n9_bn251001595_v00.fit,GRB251001595,2025-10-01T14:17:19.051,51.32812499999999,-11.719760305788782,-2010.287230052186,3.051950387596092,658.6893542642463,negative,significant_negative,19.2,long,2010.287230052186,2010.2872300521854,2.901839323265463,0.4618420723561389,2010.287230052186
Fermi/GBM,glg_tte_n9_bn251002844_v00.fit,GRB251002844,2025-10-02T20:14:51.010,15.468749999999998,-5.679189845582385,66059.76275877775,3.052948110666969,21638.023433141763,positive,significant_positive,25.601,long,66059.76275877775,66059.76275877775,16.634617133390268,2.6474815432201955,66059.76275877775
Fermi/GBM,glg_tte_n9_bn251003082_v00.fit,GRB251003082,2025-10-03T01:58:31.956,30.681818181818183,48.9227951602473,-10487.50744023319,3.601665359647097,2911.8494898873087,negative,significant_negative,9.728,long,10487.50744023319,10487.507440233187,6.627968650972421,1.054873973460382,10487.50744023319
Fermi/GBM,glg_tte_n9_bn251005227_v00.fit,GRB251005227,2025-10-05T05:27:08.252,228.8671875,5.979156796301309,-2039.6533833422905,2.755112018870341,740.3159542596728,negative,significant_negative,16.128,long,2039.6533833422905,2039.6533833422905,2.9229574258452016,0.46520312277042597,2039.6533833422905
Fermi/GBM,glg_tte_n9_bn251005602_v00.fit,GRB251005602,2025-10-05T14:27:19.128,297.421875,-9.29155323877026,7819.470269089032,3.256460037623551,2401.2179417977454,positive,significant_positive,57.601,long,7819.470269089032,7819.470269089033,5.723121566922945,0.9108630872916202,7819.470269089032
Fermi/GBM,glg_tte_n9_bn251005671_v00.fit,GRB251005671,2025-10-05T16:06:54.005,73.125,16.02410030815585,47988.51347948705,2.5089361872487648,19127.036280707493,positive,significant_positive,5.568,long,47988.51347948705,47988.51347948705,14.177934095104796,2.2564882940670463,47988.51347948705
Fermi/GBM,glg_tte_n9_bn251006561_v00.fit,GRB251006561,2025-10-06T13:27:35.028,274.5703125,-15.094787099543192,-14071.918206290153,3.771218082342034,3731.398688444741,negative,significant_negative,1.408,short,14071.918206290153,14071.918206290153,7.677519986627418,1.2219152565585758,14071.918206290153
Fermi/GBM,glg_tte_n9_bn251006837_v00.fit,GRB251006837,2025-10-06T20:05:04.040,41.484375,-4.480798785982211,696.4584054322959,5.542530716870847,125.65711242922912,positive,significant_positive,5.949,long,696.4584054322959,696.4584054322958,1.7080158508386125,0.2718391655402746,696.4584054322959
Fermi/GBM,glg_tte_n9_bn251009666_v00.fit,GRB251009666,2025-10-09T15:58:56.607,71.3671875,-24.62431835216409,11350.400504457826,3.435212344989672,3304.13359191976,positive,significant_positive,0.32,short,11350.400504457826,11350.400504457824,6.895248106738107,1.0974128200324025,11350.400504457826
Fermi/GBM,glg_tte_n9_bn251010739_v00.fit,GRB251010739,2025-10-10T17:44:25.726,213.75,55.87335043525199,-32730.03511644906,3.437105087215178,9522.5587481143,negative,significant_negative,17.664,long,32730.03511644906,32730.035116449064,11.708938914269577,1.8635355065670534,32730.03511644906
Fermi/GBM,glg_tte_n9_bn251011154_v00.fit,GRB251011154,2025-10-11T03:41:40.088,2.560975609756097,43.80448796297494,-7889.779540806844,3.0700216424688023,2569.9426452453813,negative,significant_negative,4.864,long,7889.779540806844,7889.779540806845,5.748793895979902,0.9149489653617165,7889.779540806844
Fermi/GBM,glg_tte_n9_bn251011297_v00.fit,GRB251011297,2025-10-11T07:08:21.915,5.43956043956044,-56.255467438581086,72259.0888330578,3.22913784439956,22377.207884878622,positive,significant_positive,35.073,long,72259.0888330578,72259.08883305779,17.397648217810996,2.7689217120385234,72259.0888330578
Fermi/GBM,glg_tte_n9_bn251011925_v00.fit,GRB251011925,2025-10-11T22:11:20.841,164.53125,-2.686724185691605,22450.365995223805,3.224675317884764,6962.054713139367,positive,significant_positive,8.96,long,22450.365995223805,22450.365995223812,9.697415798792118,1.5433916595952064,22450.365995223805
Fermi/GBM,glg_tte_n9_bn251012616_v00.fit,GRB251012616,2025-10-12T14:46:27.205,292.5,9.29155323877026,42129.19094744186,4.038554875170653,10431.7490413354,positive,significant_positive,0.576,short,42129.19094744186,42129.19094744185,13.284214029298832,2.1142483278536135,42129.19094744186
Fermi/GBM,glg_tte_n9_bn251013336_v00.fit,GRB251013336,2025-10-13T08:04:05.151,20.390625,-1.492246289620352,-39152.06837808649,3.5226191706394405,11114.476610021811,negative,significant_negative,2.496,long,39152.06837808649,39152.06837808649,12.806240686448763,2.0381765076728677,39152.06837808649
Fermi/GBM,glg_tte_n9_bn251013350_v00.fit,GRB251013350,2025-10-13T08:24:27.403,356.83593749999994,7.782714385390946,68899.51594098943,3.186985442162677,21619.024370012325,positive,significant_positive,54.785,long,68899.51594098943,68899.51594098943,16.988396554358516,2.7037872868314805,68899.51594098943
Fermi/GBM,glg_tte_n9_bn251013736_v00.fit,GRB251013736,2025-10-13T17:39:41.942,348.74999999999994,-5.679189845582385,10888.472468556916,3.266210600375236,3333.67127866954,positive,significant_positive,12.285,long,10888.472468556916,10888.472468556916,6.753482569858125,1.074850134077877,10888.472468556916
Fermi/GBM,glg_tte_n9_bn251013762_v00.fit,GRB251013762,2025-10-13T18:17:00.388,44.296875,9.896853442815877,8670.522092897094,2.8213900894868083,3073.138353042916,positive,significant_positive,41.985,long,8670.522092897094,8670.522092897096,6.026524538497404,0.9591511699664652,8670.522092897094
Fermi/GBM,glg_tte_n9_bn251014020_v00.fit,GRB251014020,2025-10-14T00:28:30.337,114.9609375,6.579592944977629,-591.4955349500962,2.897178440592365,204.16261789838435,negative,significant_negative,1.728,short,591.4955349500962,591.4955349500962,1.5740554955190904,0.25051871281282595,591.4955349500962
Fermi/GBM,glg_tte_n9_bn251014865_v00.fit,GRB251014865,2025-10-14T20:45:58.960,132.5390625,13.861949672048636,-10159.265181121064,2.791117792971784,3639.8554037034014,negative,significant_negative,25.601,long,10159.265181121064,10159.265181121062,6.523421684860434,1.0382348070183984,10159.265181121064
Fermi/GBM,glg_tte_n9_bn251016625_v01.fit,GRB251016625,2025-10-16T14:59:19.764,263.8,-32.067,-5060.163280443576,4.418716766808799,1145.1657907682618,negative,significant_negative,0.32,short,5060.163280443576,5060.163280443576,4.603907295302744,0.73273460358427,5060.163280443576
Fermi/GBM,glg_tte_n9_bn251016999_v00.fit,GRB251016999,2025-10-16T23:59:00.722,184.9390243902439,59.67778522657882,-55867.47593228236,2.937030609613599,19021.75474420145,negative,significant_negative,7.104,long,55867.47593228236,55867.475932282345,15.297618636614123,2.4346916235518385,55867.47593228236
Fermi/GBM,glg_tte_n9_bn251018133_v00.fit,GRB251018133,2025-10-18T03:12:00.634,294.2578125,-38.68218745348945,4029.2279853232553,3.492510703445576,1153.6766319279066,positive,significant_positive,27.137,long,4029.2279853232553,4029.2279853232562,4.108234501312365,0.6538458282645305,4029.2279853232553
Fermi/GBM,glg_tte_n9_bn251018723_v00.fit,GRB251018723,2025-10-18T17:21:44.685,238.50000000000003,-86.34455131304831,-17460.34539075141,2.9816805192822136,5855.8739871147145,negative,significant_negative,0.32,short,17460.34539075141,17460.345390751412,8.5520596200545,1.36110256214827,17460.34539075141
Fermi/GBM,glg_tte_n9_bn251022940_v00.fit,GRB251022940,2025-10-22T22:34:15.264,74.17968749999999,-23.31795706533424,1019.7062560542604,6.567976809738193,155.25424123641312,positive,significant_positive,99.586,long,1019.7062560542604,1019.7062560542606,2.0667209722455255,0.32892885872456323,1019.7062560542604
Fermi/GBM,glg_tte_n9_bn251023248_v00.fit,GRB251023248,2025-10-23T05:57:43.662,39.72656249999999,-5.979156796301309,-389.9211090273,2.903492300210932,134.29383263698446,negative,significant_negative,33.537,long,389.9211090273,389.9211090273001,1.2780053685853596,0.20340087170833965,389.9211090273
Fermi/GBM,glg_tte_n9_bn251025964_v00.fit,GRB251025964,2025-10-25T23:08:40.294,170.90425531914892,55.1079364250982,-869.5842497017944,2.7018444097878698,321.84838125821915,negative,significant_negative,44.032,long,869.5842497017944,869.5842497017943,1.908535036981873,0.30375278519973836,869.5842497017944
Fermi/GBM,glg_tte_n9_bn251026305_v00.fit,GRB251026305,2025-10-26T07:18:53.329,130.4296875,-12.63562509302113,-127569.19833361244,2.9850127854177937,42736.56681030175,negative,significant_negative,6.016,long,127569.19833361244,127569.19833361244,23.116241225863,3.6790640568007507,127569.19833361244
Fermi/GBM,glg_tte_n9_bn251028143_v00.fit,GRB251028143,2025-10-28T03:26:31.860,150.46875,20.42361536381095,300.0506738607593,3.564756513892113,84.17143574643603,positive,significant_positive,29.953,long,300.0506738607593,300.0506738607593,1.121092914796764,0.17842747905520606,300.0506738607593
Fermi/GBM,glg_tte_n9_bn251028325_v00.fit,GRB251028325,2025-10-28T07:48:06.706,338.2627118644068,45.78396716177502,17021.00588834685,3.1797860672093843,5352.877686920829,positive,significant_positive,13.952,long,17021.00588834685,17021.00588834685,8.443780121528436,1.3438693447223353,17021.00588834685
Fermi/GBM,glg_tte_n9_bn251031306_v01.fit,GRB251031306,2025-10-31T07:21:00.486,190.1953125,-17.582776008425416,16920.886135851044,2.7790676173164663,6088.69177216719,positive,significant_positive,44.801,long,16920.886135851044,16920.886135851044,8.418909792969556,1.3399111089958702,16920.886135851044
Fermi/GBM,glg_tte_n9_bn251102086_v00.fit,GRB251102086,2025-11-02T02:03:46.071,193.125,63.44828368030105,-15430.879087266385,3.2692920367483644,4719.94514831227,negative,significant_negative,62.206,long,15430.879087266385,15430.879087266387,8.03969621142395,1.2795573930053052,15430.879087266385
Fermi/GBM,glg_tte_n9_bn251102886_v00.fit,GRB251102886,2025-11-02T21:15:53.851,110.45454545454544,-69.79389373110558,-1620.6204720782296,3.455816678133429,468.9544102071891,negative,significant_negative,8.256,long,1620.6204720782296,1620.6204720782293,2.6054633290679,0.4146723678658218,1620.6204720782296
Fermi/GBM,glg_tte_n9_bn251103199_v00.fit,GRB251103199,2025-11-03T04:46:28.113,148.7109375,15.71386104800821,-7009.451239434725,2.685469385022221,2610.1400665853143,negative,significant_negative,4.544,long,7009.451239434725,7009.451239434726,5.418590286474149,0.8623954286820901,7009.451239434725
Fermi/GBM,glg_tte_n9_bn251103699_v00.fit,GRB251103699,2025-11-03T16:46:36.441,106.875,-22.346587898361143,-1689.5232927183538,3.040530359739741,555.6672990638946,negative,significant_negative,47.553,long,1689.5232927183538,1689.5232927183533,2.6602741624308366,0.4233957829305193,1689.5232927183538
Fermi/GBM,glg_tte_n9_bn251105195_v00.fit,GRB251105195,2025-11-05T04:41:06.401,69.609375,7.48163126424695,-20470.548568711954,3.900980051882033,5247.539924957041,negative,significant_negative,65.281,long,20470.548568711954,20470.548568711958,9.259958603105346,1.4737681845105381,20470.548568711954
Fermi/GBM,glg_tte_n9_bn251105782_v00.fit,GRB251105782,2025-11-05T18:45:56.054,210.9375,39.065494664452594,-24380.296565919736,3.693240210706768,6601.329774121064,negative,significant_negative,29.696,long,24380.296565919736,24380.296565919733,10.105639388238226,1.608362461742271,24380.296565919736
Fermi/GBM,glg_tte_n9_bn251105958_v00.fit,GRB251105958,2025-11-05T22:59:13.534,239.765625,-0.895282986570128,39111.866541200434,3.4436246960002728,11357.761078502072,positive,significant_positive,13.824,long,39111.866541200434,39111.86654120044,12.799664193200265,2.0371298262641586,39111.866541200434
Fermi/GBM,glg_tte_n9_bn251108889_v00.fit,GRB251108889,2025-11-08T21:19:46.260,214.8046875,-18.20995686428302,-21030.39866458204,3.018817959691144,6966.434858077251,negative,significant_negative,1.536,short,21030.39866458204,21030.39866458204,9.385730015771498,1.4937853265360068,21030.39866458204
Fermi/GBM,glg_tte_n9_bn251113734_v00.fit,GRB251113734,2025-11-13T17:37:30.384,55.546875,8.084013907099306,2520.0006829263325,3.552652197391396,709.3294088221448,positive,significant_positive,25.088,long,2520.0006829263325,2520.0006829263325,3.2489620152745458,0.51708836464875,2520.0006829263325
Fermi/GBM,glg_tte_n9_bn251114051_v00.fit,GRB251114051,2025-11-14T01:13:11.257,313.59375,9.896853442815877,15379.155661730636,2.942661560492557,5226.27401948201,positive,significant_positive,45.825,long,15379.155661730636,15379.155661730634,8.02621059988725,1.2774110912686225,15379.155661730636
Fermi/GBM,glg_tte_n9_bn251114860_v00.fit,GRB251114860,2025-11-14T20:38:30.202,165.00000000000003,-84.51566339961472,71710.49995488432,3.146210863888788,22792.65537410564,positive,significant_positive,7.936,long,71710.49995488432,71710.49995488432,17.331481177076423,2.7583909004358533,71710.49995488432
Fermi/GBM,glg_tte_n9_bn251115139_v00.fit,GRB251115139,2025-11-15T03:20:02.667,335.0390625,-4.181528273111476,-18380.56237790773,2.967166705073577,6194.651061053862,negative,significant_negative,12.8,long,18380.56237790773,18380.562377907732,8.774526747753702,1.396509305197054,18380.56237790773
Fermi/GBM,glg_tte_n9_bn251116083_v00.fit,GRB251116083,2025-11-16T02:00:04.245,27.7734375,-24.62431835216409,-18131.25073544008,2.823308315877233,6421.987507873894,negative,significant_negative,10.752,long,18131.25073544008,18131.25073544008,8.714815286690675,1.3870059310096339,18131.25073544008
Fermi/GBM,glg_tte_n9_bn251117514_v00.fit,GRB251117514,2025-11-17T12:19:52.143,335.39062499999994,5.079715792733466,673.0541355079336,3.8571810074983466,174.493790724241,positive,significant_positive,1.344,short,673.0541355079336,673.0541355079336,1.6790719371446252,0.2672325986034513,673.0541355079336
Fermi/GBM,glg_tte_n9_bn251118855_v00.fit,GRB251118855,2025-11-18T20:31:30.090,159.96093749999997,-36.42357364233117,-119.31907812503982,5.773477671661239,20.66676012461436,negative,significant_negative,46.593,long,119.31907812503982,119.31907812503982,0.7069671744107423,0.11251732041117975,119.31907812503982
Fermi/GBM,glg_tte_n9_bn251118945_v00.fit,GRB251118945,2025-11-18T22:40:05.035,242.578125,27.615881983844705,-25019.50248141916,2.9344587365198014,8526.104719090954,negative,significant_negative,24.32,long,25019.50248141916,25019.502481419164,10.237257783351819,1.6293101799264214,25019.50248141916
Fermi/GBM,glg_tte_n9_bn251121688_v00.fit,GRB251121688,2025-11-21T16:30:58.991,222.5390625,-39.45089470914608,11069.552767027886,2.8496796858250963,3884.490183963538,positive,significant_positive,0.32,short,11069.552767027886,11069.55276702789,6.809407771744361,1.0837509064014836,11069.552767027886
Fermi/GBM,glg_tte_n9_bn251122989_v00.fit,GRB251122989,2025-11-22T23:44:26.895,337.5,-58.160368554338014,-5079.671321803758,2.8631549686896283,1774.151723309813,negative,significant_negative,1.536,short,5079.671321803758,5079.671321803757,4.61277329556807,0.7341456713519507,5079.671321803758
Fermi/GBM,glg_tte_n9_bn251124540_v00.fit,GRB251124540,2025-11-24T12:58:03.470,258.3984375,16.95776330000414,39840.83349301112,3.2064817531237644,12425.09284645018,positive,significant_positive,77.314,long,39840.83349301112,39840.833493011116,12.918393595414662,2.0560261975169256,39840.83349301112
Fermi/GBM,glg_tte_n9_bn251125041_v00.fit,GRB251125041,2025-11-25T00:59:38.783,161.71875,-9.896853442815877,-4452.548566800968,3.263577487454302,1364.3152595326003,negative,significant_negative,1.856,short,4452.548566800968,4452.548566800968,4.318656252001492,0.6873354900207556,4452.548566800968
Fermi/GBM,glg_tte_n9_bn251125850_v00.fit,GRB251125850,2025-11-25T20:23:45.880,236.76136363636363,57.39952353962295,59302.07406814922,3.2840296464347936,18057.71581036995,positive,significant_positive,15.04,long,59302.07406814922,59302.07406814922,15.760835859185276,2.508414934249336,59302.07406814922
Fermi/GBM,glg_tte_n9_bn251126665_v00.fit,GRB251126665,2025-11-26T15:57:02.799,322.03124999999994,-28.971532223711293,14689.795131088878,3.035222389334551,4839.775557371762,positive,significant_positive,15.104,long,14689.795131088878,14689.79513108888,7.8442635062460715,1.248453311934425,14689.795131088878
Fermi/GBM,glg_tte_n9_bn251127137_v00.fit,GRB251127137,2025-11-27T03:17:42.771,155.39062499999997,31.738394244764443,15609.872771313534,3.0300486064571204,5151.69054979793,positive,significant_positive,18.688,long,15609.872771313534,15609.872771313532,8.086190831438492,1.286957241607799,15609.872771313534
Fermi/GBM,glg_tte_n9_bn251128182_v00.fit,GRB251128182,2025-11-28T04:22:21.612,118.125,51.25580694880489,-1438.965381866117,3.797997193936348,378.8747880497336,negative,significant_negative,46.849,long,1438.965381866117,1438.965381866117,2.455101646895195,0.3907415628964233,1438.965381866117
Fermi/GBM,glg_tte_n9_bn251130030_v00.fit,GRB251130030,2025-11-30T00:43:07.430,177.1875,-60.43443884495229,79639.9771951508,3.1834346646147704,25016.997546826704,positive,significant_positive,19.456,long,79639.9771951508,79639.9771951508,18.264587495600857,2.9068993834592978,79639.9771951508
Fermi/GBM,glg_tte_n9_bn251130648_v00.fit,GRB251130648,2025-11-30T15:33:18.109,79.39024390243902,-43.80448796297495,-44599.61321061876,3.4743635591277675,12836.772102748915,negative,significant_negative,93.442,long,44599.61321061876,44599.61321061877,13.66815360441569,2.1753542090820632,44599.61321061876
Fermi/GBM,glg_tte_n9_bn251201685_v00.fit,GRB251201685,2025-12-01T16:26:24.217,14.062499999999998,-40.620185190672686,779.6878019692479,3.0697564536937394,253.9901173694332,positive,significant_positive,91.394,long,779.6878019692479,779.687801969248,1.807193577810694,0.28762379103249974,779.6878019692479
Fermi/GBM,glg_tte_n9_bn251202077_v00.fit,GRB251202077,2025-12-02T01:50:52.306,121.09756097560977,43.80448796297494,-4199.867604505234,3.2129986671909343,1307.1488785201088,negative,significant_negative,43.008,long,4199.867604505234,4199.867604505234,4.194325247659176,0.667547596100096,4199.867604505234
Fermi/GBM,glg_tte_n9_bn251202769_v00.fit,GRB251202769,2025-12-02T18:27:03.111,348.046875,-22.9933943142978,10579.423346142434,3.2904674290578755,3215.173398379916,positive,significant_positive,0.512,short,10579.423346142434,10579.423346142434,6.656950118831437,1.0594865173282033,10579.423346142434
Fermi/GBM,glg_tte_n9_bn251203346_v00.fit,GRB251203346,2025-12-03T08:18:45.150,166.30434782608694,-46.9649773399548,7657.760987296559,3.128209953710589,2447.9689984405145,positive,significant_positive,35.073,long,7657.760987296559,7657.760987296559,5.663634364450373,0.901395404967402,7657.760987296559
Fermi/GBM,glg_tte_n9_bn251208393_v00.fit,GRB251208393,2025-12-08T09:25:57.388,33.92307692307693,-66.07006450641592,40199.83710324275,2.800389572935029,14355.087410609858,positive,significant_positive,2.176,long,40199.83710324275,40199.83710324276,12.976466541091677,2.0652687938813297,40199.83710324275
Fermi/GBM,glg_tte_n9_bn251208429_v00.fit,GRB251208429,2025-12-08T10:17:17.294,213.3984375,30.0,10110.590630307644,2.8724390343213964,3519.862566098373,positive,significant_positive,62.465,long,10110.590630307644,10110.590630307643,6.507775579784364,1.0357446520554068,10110.590630307644
Fermi/GBM,glg_tte_n9_bn251208536_v00.fit,GRB251208536,2025-12-08T12:52:32.548,312.53906249999994,-31.388166464348547,-8636.363023115468,3.6476047893501984,2367.6805799605254,negative,significant_negative,0.096,short,8636.363023115468,8636.36302311547,6.014641538463074,0.9572599317722404,8636.363023115468
Fermi/GBM,glg_tte_n9_bn251209558_v00.fit,GRB251209558,2025-12-09T13:24:03.988,214.2,43.00863399423692,-14809.976565361389,3.1212886940004614,4744.827543132477,negative,significant_negative,57.089,long,14809.976565361389,14809.976565361387,7.8762862295692235,1.2535498866425687,14809.976565361389
Fermi/GBM,glg_tte_n9_bn251211112_v00.fit,GRB251211112,2025-12-11T02:40:59.185,185.2734375,-32.79716829582364,-10008.890373807775,3.5177882762847164,2845.222505653064,negative,significant_negative,182.531,long,10008.890373807775,10008.890373807775,6.4749626993973335,1.0305223199447278,10008.890373807775
Fermi/GBM,glg_tte_n9_bn251211548_v00.fit,GRB251211548,2025-12-11T13:09:39.094,278.4375,-17.896089316234637,27949.67992093431,2.588462329735954,10797.792805346882,positive,significant_positive,34.56,long,27949.67992093431,27949.679920934308,10.820136111885308,1.722078147133668,27949.67992093431
Fermi/GBM,glg_tte_n9_bn251211856_v00.fit,GRB251211856,2025-12-11T20:32:04.268,176.48437499999997,-11.719760305788782,-11102.120132796315,3.166376347940826,3506.254125482053,negative,significant_negative,4.096,long,11102.120132796315,11102.120132796319,6.8194172818957925,1.0853439694200124,11102.120132796315
Fermi/GBM,glg_tte_n9_bn251214008_v00.fit,GRB251214008,2025-12-14T00:11:15.166,153.6328125,18.209956864283004,-36709.57462393304,3.2196041753337195,11401.890612881942,negative,significant_negative,5.888,long,36709.57462393304,36709.57462393303,12.400351067877303,1.9735771685275356,36709.57462393304
Fermi/GBM,glg_tte_n9_bn251214377_v00.fit,GRB251214377,2025-12-14T09:02:18.028,329.0625,-17.270004694974464,-249.766849814924,3.118983829891937,80.07955906061163,negative,significant_negative,15.36,long,249.766849814924,249.76684981492397,1.0228494190178274,0.16279154107536054,249.766849814924
Fermi/GBM,glg_tte_n9_bn251214387_v00.fit,GRB251214387,2025-12-14T09:17:32.510,348.6585365853659,43.80448796297494,-28592.214217111938,3.075753602010706,9296.002839245772,negative,significant_negative,4.608,long,28592.214217111938,28592.214217111934,10.94380129780291,1.7417600727608324,28592.214217111938
Fermi/GBM,glg_tte_n9_bn251215181_v00.fit,GRB251215181,2025-12-15T04:21:21.568,113.58870967741936,-43.40685848593699,12128.780335157471,2.76775310694079,4382.175673379867,positive,significant_positive,142.85,long,12128.780335157471,12128.780335157471,7.127756748368551,1.1344177196594698,12128.780335157471
Fermi/GBM,glg_tte_n9_bn251216401_v00.fit,GRB251216401,2025-12-16T09:38:09.654,288.9705882352941,52.029727416464176,2830.1227053112884,3.139948491008586,901.327748979163,positive,significant_positive,25.088,long,2830.1227053112884,2830.1227053112875,3.443078602987664,0.5479829791194242,2830.1227053112884
Fermi/GBM,glg_tte_n9_bn251217191_v00.fit,GRB251217191,2025-12-17T04:35:34.892,324.84375,19.78804941066957,22060.67265064167,2.6737159413646694,8250.941062715086,positive,significant_positive,48.637,long,22060.67265064167,22060.67265064167,9.612883516927003,1.529937929085536,22060.67265064167
Fermi/GBM,glg_tte_n9_bn251218326_v00.fit,GRB251218326,2025-12-18T07:49:23.096,16.875,12.94163198542334,27058.337895757497,2.766334610232805,9781.29608604375,positive,significant_positive,23.296,long,27058.337895757497,27058.337895757497,10.646205931483262,1.6943962991698172,27058.337895757497
Fermi/GBM,glg_tte_n9_bn251220985_v00.fit,GRB251220985,2025-12-20T23:38:04.629,249.69026548672568,47.74965082913658,-1159.0766432868172,3.3006791415931964,351.1630769197837,negative,significant_negative,0.384,short,1159.0766432868172,1159.0766432868172,2.2034357013528916,0.35068768365547,1159.0766432868172
Fermi/GBM,glg_tte_n9_bn251221225_v00.fit,GRB251221225,2025-12-21T05:24:28.613,97.3828125,1.1937484371410718,-84050.48699726726,3.067118118665176,27403.733324051576,negative,significant_negative,27.648,long,84050.48699726726,84050.48699726725,18.763524632693052,2.9863076951196392,84050.48699726726
Fermi/GBM,glg_tte_n9_bn251221782_v00.fit,GRB251221782,2025-12-21T18:46:21.998,275.27343749999994,-20.742379954487145,-49549.7112775542,2.621259920382011,18903.01335333928,negative,significant_negative,10.752,long,49549.7112775542,49549.7112775542,14.406711812534212,2.292899398665219,49549.7112775542
Fermi/GBM,glg_tte_n9_bn251222712_v00.fit,GRB251222712,2025-12-22T17:05:51.266,75.58593749999999,-4.78019184719916,35089.654593367064,3.037667068256022,11551.514305191007,positive,significant_positive,86.978,long,35089.654593367064,35089.654593367064,12.123662872664916,1.929540874564309,35089.654593367064
Fermi/GBM,glg_tte_n9_bn251228029_v00.fit,GRB251228029,2025-12-28T00:42:10.257,152.3394495412844,49.31283855921746,12630.359264348152,2.7194965544412355,4644.374063913188,positive,significant_positive,0.704,short,12630.359264348152,12630.359264348152,7.2736459337415225,1.157636704655228,12630.359264348152
Fermi/GBM,glg_tte_n9_bn260101039_v00.fit,GRB260101039,2026-01-01T00:56:30.650,81.52173913043478,64.57355318327413,60810.1496362424,4.3008659340141495,14139.047942721189,positive,significant_positive,27.392,long,60810.1496362424,60810.14963624241,15.959979923166786,2.540109696419402,60810.1496362424
Fermi/GBM,glg_tte_n9_bn260102883_v00.fit,GRB260102883,2026-01-02T21:12:03.373,57.08955223880597,-65.32234324182822,18440.451863115777,3.419800625942006,5392.259339105838,positive,significant_positive,1.6,short,18440.451863115777,18440.451863115777,8.788810166117727,1.398782581833938,18440.451863115777
Fermi/GBM,glg_tte_n9_bn260104243_v00.fit,GRB260104243,2026-01-04T05:49:57.623,74.53125,-26.27681155719998,-41688.69505487211,2.90994620777584,14326.276871879378,negative,significant_negative,31.488,long,41688.69505487211,41688.6950548721,13.214582759064893,2.1031661670021142,41688.69505487211
Fermi/GBM,glg_tte_n9_bn260104999_v00.fit,GRB260104999,2026-01-04T23:57:57.418,312.890625,-26.27681155719998,-8420.001104308387,2.6621215283460686,3162.8913310879507,negative,significant_negative,35.0,long,8420.001104308387,8420.001104308389,5.938822959982691,0.9451930302288866,8420.001104308387
Fermi/GBM,glg_tte_n9_bn260105949_v00.fit,GRB260105949,2026-01-05T22:47:11.668,63.79120879120878,56.25546743858108,-4810.9522336938135,3.663296813207928,1313.2848576036868,negative,significant_negative,46.093,long,4810.9522336938135,4810.9522336938135,4.48910565616269,0.7144633552400784,4810.9522336938135
Fermi/GBM,glg_tte_n9_bn260105973_v00.fit,GRB260105973,2026-01-05T23:21:36.547,259.80468749999994,1.7907846593289465,49681.0293554115,3.501604809446938,14188.074342763535,positive,significant_positive,11.325,long,49681.0293554115,49681.029355411505,14.425789722841964,2.2959357423945614,49681.0293554115
Fermi/GBM,glg_tte_n9_bn260107831_v00.fit,GRB260107831,2026-01-07T19:57:01.671,338.90625,2.686724185691592,-10159.32248411467,2.9570278902006826,3435.653250948943,negative,significant_negative,21.248,long,10159.32248411467,10159.322484114671,6.52344008240481,1.0382377350785266,10159.32248411467
Fermi/GBM,glg_tte_n9_bn260109156_v00.fit,GRB260109156,2026-01-09T03:44:24.789,307.10526315789474,-69.0509806793522,73089.74178675812,2.8877483814342635,25310.287508656314,positive,significant_positive,6.4,long,73089.74178675812,73089.74178675812,17.4973596427215,2.784791278195766,73089.74178675812
Fermi/GBM,glg_tte_n9_bn260109362_v00.fit,GRB260109362,2026-01-09T08:41:22.356,201.5625,-72.38756092964962,-28000.888868012727,3.094952926921544,9047.27455608327,negative,significant_negative,24.896,long,28000.888868012727,28000.88886801272,10.830043814114696,1.7236550069181575,28000.888868012727
Fermi/GBM,glg_tte_n9_bn260111690_v00.fit,GRB260111690,2026-01-11T16:33:14.013,224.5754716981132,50.48004426244293,29360.10572131691,3.767237390710608,7793.537458965059,positive,significant_positive,31.233,long,29360.10572131691,29360.105721316908,11.08978463528238,1.7649940425297423,29360.10572131691
Fermi/GBM,glg_tte_n9_bn260112226_v00.fit,GRB260112226,2026-01-12T05:25:50.725,311.1057692307693,-51.2558069488049,-53499.64440631978,3.3416243965542103,16010.071168227978,negative,significant_negative,43.584,long,53499.64440631978,53499.64440631978,14.969929406939343,2.3825382628511216,53499.64440631978
Fermi/GBM,glg_tte_n9_bn260112865_v00.fit,GRB260112865,2026-01-12T20:45:51.636,239.4140625,-3.5833216984719782,29440.2195318578,2.7339284696726325,10768.467375221066,positive,significant_positive,17.92,long,29440.2195318578,29440.2195318578,11.10490446612698,1.767400438347374,29440.2195318578
Fermi/GBM,glg_tte_n9_bn260114486_v00.fit,GRB260114486,2026-01-14T11:40:26.310,73.828125,-15.404093698725482,-27629.572886871145,2.756130902496176,10024.768004251018,negative,significant_negative,0.32,short,27629.572886871145,27629.57288687115,10.757996294429438,1.7121882880227381,27629.572886871145
Fermi/GBM,glg_tte_n9_bn260115741_v00.fit,GRB260115741,2026-01-15T17:46:45.881,110.390625,3.8823720030295576,-97890.59685850302,3.090501568540318,31674.66337987913,negative,significant_negative,3.392,long,97890.59685850302,97890.59685850302,20.249522790959567,3.2228116474332076,97890.59685850302
Fermi/GBM,glg_tte_n9_bn260120168_v00.fit,GRB260120168,2026-01-20T04:01:54.956,345.5859375,-23.969482317759688,21859.75661925671,2.842561191425904,7690.162197806999,positive,significant_positive,3.84,long,21859.75661925671,21859.756619256706,9.569009060804413,1.5229550925181574,21859.75661925671
Fermi/GBM,glg_tte_n9_bn260120750_v00.fit,GRB260120750,2026-01-20T18:00:26.046,282.39130434782606,64.57355318327413,53849.95909232172,3.20261740434287,16814.3590986857,positive,significant_positive,6.656,long,53849.95909232172,53849.959092321726,15.01886084808249,2.3903259435816637,53849.95909232172
Fermi/GBM,glg_tte_n9_bn260120963_v00.fit,GRB260120963,2026-01-20T23:07:06.347,262.265625,3.284369108365784,17681.786457149632,3.025355107537376,5844.532568456903,positive,significant_positive,8.128,long,17681.786457149632,17681.786457149636,8.60611956196479,1.3697064691265535,17681.786457149632
Fermi/GBM,glg_tte_n9_bn260122398_v00.fit,GRB260122398,2026-01-22T09:33:43.420,307.96875,-12.32998415024295,1649.9781096855827,3.821094459346548,431.8077260952477,positive,significant_positive,66.561,long,1649.9781096855827,1649.9781096855825,2.6289564743378566,0.41841141806431137,1649.9781096855827
Fermi/GBM,glg_tte_n9_bn260125317_v00.fit,GRB260125317,2026-01-25T07:36:58.079,149.4140625,-2.3880154632687858,-49796.71279411011,3.802729622104502,13094.991688247264,negative,significant_negative,11.776,long,49796.71279411011,49796.71279411011,14.442575351457565,2.2986072581616392,49796.71279411011
Fermi/GBM,glg_tte_n9_bn260125435_v00.fit,GRB260125435,2026-01-25T10:25:45.226,78.3984375,17.5827760084254,-4760.027805811181,2.934073608820895,1622.3273306780038,negative,significant_negative,8.96,long,4760.027805811181,4760.027805811181,4.465283624529659,0.7106719611511901,4760.027805811181
Fermi/GBM,glg_tte_n9_bn260127744_v00.fit,GRB260127744,2026-01-27T17:51:07.735,226.7578125,-1.790784659328959,2419.0385470397177,3.0534364123612194,792.2347874174585,positive,significant_positive,36.352,long,2419.0385470397177,2419.038547039718,3.1832129948906456,0.5066240830512024,2419.0385470397177
Fermi/GBM,glg_tte_n9_bn260127835_v00.fit,GRB260127835,2026-01-27T20:02:32.568,185.43956043956044,56.25546743858108,-4788.35004487878,3.1779221234932136,1506.7549986452666,negative,significant_negative,1.024,short,4788.35004487878,4788.350044878781,4.478548176036148,0.7127830800913448,4788.35004487878
Fermi/GBM,glg_tte_n9_bn260129190_v00.fit,GRB260129190,2026-01-29T04:33:12.942,161.44736842105266,-47.357576233199,32808.763739408045,3.2751611042503312,10017.450346741894,positive,significant_positive,22.016,long,32808.763739408045,32808.76373940804,11.723012760497333,1.865775428762516,32808.763739408045
Fermi/GBM,glg_tte_n9_bn260129421_v00.fit,GRB260129421,2026-01-29T10:06:57.668,2.109375,-66.44353569089876,-32850.76457352776,2.824233657636652,11631.744591917944,negative,significant_negative,24.832,long,32850.76457352776,32850.764573527755,11.730514092116204,1.8669693027694307,32850.76457352776
Fermi/GBM,glg_tte_n9_bn260130562_v00.fit,GRB260130562,2026-01-30T13:29:20.821,48.30882352941176,64.94808409550687,-28640.740405529108,3.124484993375628,9166.547596244414,negative,significant_negative,0.496,short,28640.740405529108,28640.74040552911,10.953084171524939,1.7432374879997912,28640.740405529108
Fermi/GBM,glg_tte_n9_bn260131277_v00.fit,GRB260131277,2026-01-31T06:39:30.437,21.796875,26.944358180475724,26028.490132829986,3.1643747650694785,8225.476457513872,positive,significant_positive,256.642,long,26028.490132829986,26028.490132829986,10.441641849526226,1.6618389143472994,26028.490132829986
Fermi/GBM,glg_tte_n9_bn260204701_v00.fit,GRB260204701,2026-02-04T16:50:06.959,339.95454545454544,-48.9227951602473,160.78514458784994,3.943054204621145,40.77680301716736,positive,significant_positive,33.025,long,160.78514458784994,160.78514458784994,0.8206675567638515,0.13061329829411558,160.78514458784994
Fermi/GBM,glg_tte_n9_bn260207238_v00.fit,GRB260207238,2026-02-07T05:42:33.653,162.0703125,-34.95386525718846,-440.29400553762224,3.1669383384551058,139.02828488678634,negative,significant_negative,15.488,long,440.29400553762224,440.2940055376221,1.3580497846626083,0.21614033619393813,440.29400553762224
Fermi/GBM,glg_tte_n9_bn260207550_v00.fit,GRB260207550,2026-02-07T13:12:10.829,293.13084112149534,50.091456801832585,-5939.035209326182,2.846195807640518,2086.657282462099,negative,significant_negative,55.663,long,5939.035209326182,5939.035209326182,4.987722176575897,0.7938206391711212,5939.035209326182
Fermi/GBM,glg_tte_n9_bn260208214_v01.fit,GRB260208214,2026-02-08T05:07:28.243,204.2578125,32.79716829582364,-272.1679973808602,3.541566160063556,76.8496154187265,negative,significant_negative,35.329,long,272.1679973808602,272.1679973808602,1.0677334131164367,0.16993505060186165,272.1679973808602
Fermi/GBM,glg_tte_n9_bn260208412_v00.fit,GRB260208412,2026-02-08T09:52:44.910,99.84375,-12.941631985423353,68.42844480111299,7.654409842144886,8.939741431710203,positive,significant_positive,145.411,long,68.42844480111299,68.42844480111299,0.5353806116321997,0.08520847077682688,68.42844480111299
Fermi/GBM,glg_tte_n9_bn260208634_v00.fit,GRB260208634,2026-02-08T15:12:18.591,282.5675675675676,-48.5322537274423,25670.22857623858,3.222467519448376,7966.016234861175,positive,significant_positive,19.456,long,25670.22857623858,25670.228576238587,10.369532391326809,1.6503623376311836,25670.22857623858
Fermi/GBM,glg_tte_n9_bn260208905_v00.fit,GRB260208905,2026-02-08T21:42:45.482,328.359375,-39.065494664452615,18828.73276564236,3.17626277829582,5927.951835189359,positive,significant_positive,23.808,long,18828.73276564236,18828.732765642355,8.880856455165981,1.413432203729233,18828.73276564236
Fermi/GBM,glg_tte_n9_bn260209115_v00.fit,GRB260209115,2026-02-09T02:45:57.236,75.58593749999999,34.228866327812575,28729.72320956545,2.97796245627546,9647.443052555383,positive,significant_positive,24.064,long,28729.72320956545,28729.723209565447,10.970085832228113,1.7459433863414726,28729.72320956545
Fermi/GBM,glg_tte_n9_bn260210760_v00.fit,GRB260210760,2026-02-10T18:14:06.126,2.8125,-48.1412077943603,-61490.25858427331,2.8906588001564177,21272.056937659327,negative,significant_negative,37.889,long,61490.25858427331,61490.258584273324,16.048981053250277,2.5542746662129545,61490.25858427331
Fermi/GBM,glg_tte_n9_bn260210826_v00.fit,GRB260210826,2026-02-10T19:49:42.669,339.25781249999994,20.74237995448713,-4879.358563731996,3.1143483699234604,1566.7349904891705,negative,significant_negative,33.793,long,4879.358563731996,4879.358563731995,4.520908023550266,0.7195248592118356,4879.358563731996
Fermi/GBM,glg_tte_n9_bn260211892_v00.fit,GRB260211892,2026-02-11T21:24:26.334,153.984375,-19.15501007356374,-8639.056334517623,3.123163072899948,2766.1240008502045,negative,significant_negative,0.192,short,8639.056334517623,8639.056334517623,6.015579319785023,0.9574091843051679,8639.056334517623
Fermi/GBM,glg_tte_n9_bn260212742_v00.fit,GRB260212742,2026-02-12T17:49:08.212,229.18604651162792,74.2345483270482,-68510.25328440139,2.840072165958756,24122.71564982349,negative,significant_negative,9.664,long,68510.25328440139,68510.25328440139,16.940338777165444,2.696138654037194,68510.25328440139
Fermi/GBM,glg_tte_n9_bn260213350_v00.fit,GRB260213350,2026-02-13T08:23:49.887,240.2,-12.867,2270.439245601184,6.715463618829222,338.0912137227859,positive,significant_positive,0.64,short,2270.439245601184,2270.439245601184,3.0838926168945706,0.4908167539433716,2270.439245601184
Fermi/GBM,glg_tte_n9_bn260213736_v00.fit,GRB260213736,2026-02-13T17:40:09.972,145.546875,-40.620185190672686,-29720.300639396664,3.4286345425732283,8668.261452295597,negative,significant_negative,22.528,long,29720.300639396664,29720.300639396664,11.157602977414614,1.7757876669123849,29720.300639396664
Fermi/GBM,glg_tte_n9_bn260217388_v00.fit,GRB260217388,2026-02-17T09:18:12.011,276.6796875,-7.180755781458284,70340.44823131539,3.187521710002037,22067.441301057184,positive,significant_positive,11.52,long,70340.44823131539,70340.44823131537,17.16512104680937,2.7319138633704405,70340.44823131539
Fermi/GBM,glg_tte_n9_bn260219587_v00.fit,GRB260219587,2026-02-19T14:04:53.807,166.99218749999997,8.38553864708132,-45170.074655664976,3.131096491030989,14426.279990110312,negative,significant_negative,22.013,long,45170.074655664976,45170.07465566497,13.755288665350482,2.1892221847464493,45170.074655664976
Fermi/GBM,glg_tte_n9_bn260221683_v00.fit,GRB260221683,2026-02-21T16:22:52.240,209.55882352941177,52.029727416464176,-49349.81289408608,3.144651440079998,15693.253714895234,negative,significant_negative,2.304,long,49349.81289408608,49349.81289408607,14.377621947275873,2.288269602815477,49349.81289408608
Fermi/GBM,glg_tte_n9_bn260221971_v00.fit,GRB260221971,2026-02-21T23:18:22.777,325.125,75.34073424154306,7500.036048071029,3.777997394659336,1985.1882530870064,positive,significant_positive,2.624,long,7500.036048071029,7500.036048071029,5.605004686323175,0.8920642018815717,7500.036048071029
Fermi/GBM,glg_tte_n9_bn260222423_v00.fit,GRB260222423,2026-02-22T10:09:38.751,338.6538461538462,61.18977627871704,-10631.507486994631,3.2044996864182016,3317.680925997498,negative,significant_negative,61.185,long,10631.507486994631,10631.507486994631,6.673316598486564,1.0620913234663296,10631.507486994631
Fermi/GBM,glg_tte_n9_bn260223174_v00.fit,GRB260223174,2026-02-23T04:11:09.811,110.7421875,-28.63098983692436,-31350.396464693466,3.4020513555853245,9215.14497810972,negative,significant_negative,38.913,long,31350.396464693466,31350.396464693476,11.459504074238026,1.823836718796696,31350.396464693466
Fermi/GBM,glg_tte_n9_bn260225635_v00.fit,GRB260225635,2026-02-25T15:14:07.480,326.24999999999994,0.895282986570128,-22279.966777106256,3.0432846184207065,7321.026315530194,negative,significant_negative,118.784,long,22279.966777106256,22279.966777106256,9.66054380451271,1.5375232994439825,22279.966777106256
Fermi/GBM,glg_tte_n9_bn260225789_v00.fit,GRB260225789,2026-02-25T18:55:39.904,120.2727272727273,69.79389373110558,-8921.430265411407,2.5203145011671446,3539.80832998419,negative,significant_negative,3.904,long,8921.430265411407,8921.430265411409,6.113100662384038,0.9729301880367592,8921.430265411407
Fermi/GBM,glg_tte_n9_bn260226443_v00.fit,GRB260226443,2026-02-26T10:37:55.958,45.703125,16.02410030815585,47.73976565486765,14.21755495333131,3.357804194291633,positive,significant_positive,173.06,long,47.73976565486765,47.73976565486765,0.44718213599595785,0.07117124740614887,47.73976565486765
Fermi/GBM,glg_tte_n9_bn260302597_v00.fit,GRB260302597,2026-03-02T14:19:40.447,241.3636363636364,-61.56696379051533,44829.703730249945,3.844074810189309,11662.026870918837,positive,significant_positive,11.328,long,44829.703730249945,44829.703730249945,13.703365421265934,2.180958343789026,44829.703730249945
Fermi/GBM,glg_tte_n9_bn260303559_v00.fit,GRB260303559,2026-03-03T13:24:20.457,8.789062499999998,-27.279612735978088,6419.025322997059,3.631748519291393,1767.4751676499632,positive,significant_positive,20.992,long,6419.025322997059,6419.025322997059,5.185359235120155,0.8252755539765823,6419.025322997059
Fermi/GBM,glg_tte_n9_bn260305112_v00.fit,GRB260305112,2026-03-05T02:41:38.186,215.5078125,34.228866327812575,-5130.68303426487,3.0867179905508992,1662.180688346322,negative,significant_negative,41.473,long,5130.68303426487,5130.68303426487,4.635876922200632,0.7378227277338725,5130.68303426487
Fermi/GBM,glg_tte_n9_bn260307478_v00.fit,GRB260307478,2026-03-07T11:27:59.324,209.1796875,30.0,-56029.83339978369,3.334937294229486,16800.86564048245,negative,significant_negative,4.864,long,56029.83339978369,56029.833399783674,15.31983085157363,2.438226807359664,56029.83339978369
Fermi/GBM,glg_tte_n9_bn260308837_v00.fit,GRB260308837,2026-03-08T20:05:52.451,249.96093749999991,-32.79716829582364,61899.201139720506,3.0424006620294715,20345.51264475136,positive,significant_positive,1.024,short,61899.201139720506,61899.201139720506,16.102259699128066,2.562754226065647,61899.201139720506
Fermi/GBM,glg_tte_n9_bn260310206_v00.fit,GRB260310206,2026-03-10T04:57:10.810,216.2903225806452,78.65148926014304,53131.27427401826,3.316131013989162,16022.067297667963,positive,significant_positive,57.344,long,53131.27427401826,53131.27427401826,14.91830289432504,2.374321648173959,53131.27427401826
Fermi/GBM,glg_tte_n9_bn260310904_v00.fit,GRB260310904,2026-03-10T21:41:23.894,119.53125,13.554784037178988,11448.928945243446,3.373443869133052,3393.84006059829,positive,significant_positive,47.678,long,11448.928945243446,11448.928945243446,6.925110932045142,1.1021656362947068,11448.928945243446
Fermi/GBM,glg_tte_n9_bn260311150_v00.fit,GRB260311150,2026-03-11T03:35:40.616,294.9609375,-41.81031489577861,38589.51539930007,2.9487442531309784,13086.7623932885,positive,significant_positive,2.176,long,38589.51539930007,38589.515399300064,12.713905147988234,2.0234808503038226,38589.51539930007
Fermi/GBM,glg_tte_n9_bn260311790_v00.fit,GRB260311790,2026-03-11T18:57:55.422,279.14062499999994,-0.895282986570128,3760.624682652486,2.7075296927588006,1388.9504860131926,positive,significant_positive,9.088,long,3760.624682652486,3760.624682652487,3.9689378723498137,0.6316760812091028,3760.624682652486
Fermi/GBM,glg_tte_n9_bn260312407_v00.fit,GRB260312407,2026-03-12T09:46:46.055,26.3671875,-3.5833216984719782,14237.66149971263,2.8816795397110915,4940.751149983893,positive,significant_positive,15.36,long,14237.66149971263,14237.66149971263,7.722601700791035,1.2290902342107715,14237.66149971263
Fermi/GBM,glg_tte_n9_bn260314041_v00.fit,GRB260314041,2026-03-14T00:58:50.354,257.0454545454545,65.69633519657744,-3179.873211957972,3.049197829521975,1042.8556590099906,negative,significant_negative,115.458,long,3179.873211957972,3179.873211957972,3.6496330997392317,0.580857148295295,3179.873211957972
Fermi/GBM,glg_tte_n9_bn260316717_v00.fit,GRB260316717,2026-03-16T17:12:52.681,305.0,-80.11972495915612,44458.77934001906,2.619007196144698,16975.432295667026,positive,significant_positive,6.336,long,44458.77934001906,44458.77934001904,13.646556320780395,2.1719168946341485,44458.77934001906
Fermi/GBM,glg_tte_n9_bn260317835_v00.fit,GRB260317835,2026-03-17T20:01:51.979,255.23437500000003,-18.52439107386579,-26137.46629654605,3.1234436694641543,8368.156772627211,negative,significant_negative,0.032,short,26137.46629654605,26137.46629654605,10.46347756727688,1.6653141767632755,26137.46629654605
Fermi/GBM,glg_tte_n9_bn260318942_v00.fit,GRB260318942,2026-03-18T22:35:47.457,303.87640449438203,57.01854862136609,12019.968981248452,3.19325511817371,3764.174341360776,positive,significant_positive,24.576,long,12019.968981248452,12019.968981248452,7.095711967835911,1.129317634437405,12019.968981248452
Fermi/GBM,glg_tte_n9_bn260322448_v00.fit,GRB260322448,2026-03-22T10:45:39.788,300.1973684210526,-61.943837023156725,-10309.48490419277,2.704474981078944,3812.009715867227,negative,significant_negative,4.864,long,10309.48490419277,10309.48490419277,6.571473912531027,1.0458825565787504,10309.48490419277
Fermi/GBM,glg_tte_n9_bn260323994_v00.fit,GRB260323994,2026-03-23T23:51:27.989,101.57142857142856,-77.18138188096611,11129.312066062555,3.421997332912964,3252.285429629125,positive,significant_positive,5.952,long,11129.312066062555,11129.312066062555,6.8277634235768465,1.0866722991242974,11129.312066062555
Fermi/GBM,glg_tte_n9_bn260325986_v00.fit,GRB260325986,2026-03-25T23:39:37.550,133.85,-54.783,57130.40910617613,3.843584995638535,14863.833939149055,positive,significant_positive,18.432,long,57130.40910617613,57130.409106176136,15.469560370591978,2.4620570004382056,57130.40910617613
Fermi/GBM,glg_tte_n9_bn260326054_v00.fit,GRB260326054,2026-03-26T01:18:28.506,98.0859375,25.282603043312,7361.116571110658,2.946716337306487,2498.074374488063,positive,significant_positive,49.856,long,7361.116571110658,7361.116571110658,5.552852689326371,0.8837639537674166,7361.116571110658
Fermi/GBM,glg_tte_n9_bn260330153_v00.fit,GRB260330153,2026-03-30T03:40:19.636,92.58196721311477,-44.20152985105138,-58.199758100461416,22.01674636166793,2.6434313746644054,negative,significant_negative,28.16,long,58.199758100461416,58.19975810046142,0.49374748267930463,0.07858235250759131,58.199758100461416
Fermi/GBM,glg_tte_n9_bn260401454_v00.fit,GRB260401454,2026-04-01T10:53:26.003,218.671875,-17.896089316234637,-3091.7961158801336,3.3600376148707447,920.1671142598416,negative,significant_negative,27.136,long,3091.7961158801336,3091.7961158801336,3.5987338447564183,0.5727562802650855,3091.7961158801336
Fermi/GBM,glg_tte_n9_bn260402956_v00.fit,GRB260402956,2026-04-02T22:57:17.543,237.65625,0.2984168674869415,-31751.721987230525,3.286223422390593,9662.0703786879,negative,significant_negative,7.168,long,31751.721987230525,31751.721987230525,11.532619045351836,1.8354733278634798,31751.721987230525
Fermi/GBM,glg_tte_n9_bn260403105_v00.fit,GRB260403105,2026-04-03T02:31:27.704,235.546875,-33.15288792861988,-8249.98296162081,3.193013272208145,2583.760936237979,negative,significant_negative,24.061,long,8249.98296162081,8249.982961620808,5.878558311294689,0.9356016134964945,8249.98296162081
Fermi/GBM,glg_tte_n9_bn260404998_v00.fit,GRB260404998,2026-04-04T23:57:08.962,167.803738317757,-50.091456801832585,69930.57360232937,3.1581903723634754,22142.60869587664,positive,significant_positive,0.064,short,69930.57360232937,69930.57360232939,17.115037298251238,2.723942787218842,69930.57360232937
Fermi/GBM,glg_tte_n9_bn260407383_v00.fit,GRB260407383,2026-04-07T09:11:07.224,72.0703125,29.31319896416834,-29529.827160532903,2.746782556540188,10750.697061993978,negative,significant_negative,34.561,long,29529.827160532903,29529.827160532903,11.121791706333802,1.7700881261014698,29529.827160532903
Fermi/GBM,glg_tte_n9_bn260409731_v00.fit,GRB260409731,2026-04-09T17:32:45.671,299.4230769230769,61.18977627871704,15669.77472129676,3.5661200580436057,4394.068193512613,positive,significant_positive,115.712,long,15669.77472129676,15669.774721296755,8.101691111353064,1.2894241877755113,15669.77472129676
Fermi/GBM,glg_tte_n9_bn260410294_v00.fit,GRB260410294,2026-04-10T07:03:56.997,108.28125,-28.971532223711293,37489.67202949911,3.2263486213181327,11619.845351424736,positive,significant_positive,0.96,short,37489.67202949911,37489.67202949911,12.531415362113739,1.9944366988181153,37489.67202949911
Fermi/GBM,glg_tte_n9_bn260410516_v00.fit,GRB260410516,2026-04-10T12:22:26.925,6.6796875,37.16889965599944,30899.965672272152,2.7661345956862124,11170.810603526184,positive,significant_positive,0.176,short,30899.965672272152,30899.965672272145,11.376883296239322,1.810687213576104,30899.965672272152
Fermi/GBM,glg_tte_n9_bn260410961_v00.fit,GRB260410961,2026-04-10T23:03:56.634,135.3515625,-34.228866327812575,-4750.316412620279,2.93101240650406,1620.7083948464688,negative,significant_negative,23.808,long,4750.316412620279,4750.31641262028,4.460726270330859,0.7099466357030304,4750.316412620279
Fermi/GBM,glg_tte_n9_bn260411275_v00.fit,GRB260411275,2026-04-11T06:36:28.128,153.984375,11.71976030578877,35472.97645588708,3.3370812504922536,10629.94089540207,positive,significant_positive,2.816,long,35472.97645588708,35472.97645588708,12.189702880424857,1.940051468241131,35472.97645588708
Fermi/GBM,glg_tte_n9_bn260411337_v00.fit,GRB260411337,2026-04-11T08:04:35.306,82.96875,2.686724185691592,-42589.07534797871,2.883387192182908,14770.50167367084,negative,significant_negative,32.769,long,42589.07534797871,42589.07534797871,13.356522812787869,2.1257566281748552,42589.07534797871
Fermi/GBM,glg_tte_n9_bn260412260_v00.fit,GRB260412260,2026-04-12T06:13:46.170,69.69026548672566,-47.74965082913658,7100.5955029460665,2.938801797450752,2416.153246233019,positive,significant_positive,80.0,long,7100.5955029460665,7100.595502946068,5.453705610948466,0.8679842061504535,7100.5955029460665
Fermi/GBM,glg_tte_n9_bn260413572_v00.fit,GRB260413572,2026-04-13T13:43:37.311,83.3108108108108,-62.69666002027376,-1670.959838901716,2.8694245585768634,582.3327307585515,negative,significant_negative,1.984,short,1670.959838901716,1670.9598389017162,2.64561905908295,0.4210633507911806,1670.959838901716
Fermi/GBM,glg_tte_n9_bn260414272_v00.fit,GRB260414272,2026-04-14T06:31:55.538,16.5234375,39.45089470914606,6630.3027258670745,3.072870745560351,2157.690080341473,positive,significant_positive,48.129,long,6630.3027258670745,6630.3027258670745,5.270004469910866,0.838747261502698,6630.3027258670745
Fermi/GBM,glg_tte_n9_bn260415101_v00.fit,GRB260415101,2026-04-15T02:25:33.797,195.8203125,16.95776330000414,-45408.79945430271,3.770734377914545,12042.428583743587,negative,significant_negative,294.661,long,45408.79945430271,45408.7994543027,13.791589261767216,2.1949996041033564,45408.79945430271
Fermi/GBM,glg_tte_n9_bn260415197_v00.fit,GRB260415197,2026-04-15T04:43:59.314,55.546875,-21.70276940395484,50370.4997667159,3.2702200220122406,15402.786181867294,positive,significant_positive,52.993,long,50370.4997667159,50370.4997667159,14.525544947884562,2.3118122795593354,50370.4997667159
Fermi/GBM,glg_tte_n9_bn260417007_v00.fit,GRB260417007,2026-04-17T00:10:05.198,252.0703125,-18.839404547275457,-2590.427818140244,3.552632733393516,729.1572229775174,negative,significant_negative,29.184,long,2590.427818140244,2590.427818140244,3.294048978207828,0.5242641776685829,2590.427818140244
Fermi/GBM,glg_tte_n9_bn260417655_v00.fit,GRB260417655,2026-04-17T15:43:55.231,260.15625,-26.27681155719998,-48897.392975153285,3.7147570705440383,13163.012290327804,negative,significant_negative,7.168,long,48897.392975153285,48897.392975153285,14.311565977694858,2.2777564687359306,48897.392975153285
Fermi/GBM,glg_tte_n9_bn260418201_v00.fit,GRB260418201,2026-04-18T04:49:35.203,142.38281249999997,29.31319896416834,58169.89309751354,2.7401160457308333,21228.98889196449,positive,significant_positive,1.472,short,58169.89309751354,58169.893097513544,15.60965977913472,2.484354513832034,58169.89309751354
Fermi/GBM,glg_tte_n9_bn260418681_v00.fit,GRB260418681,2026-04-18T16:20:21.726,36.5625,-39.065494664452615,-380.1631250381639,3.0775694042816464,123.52706798724496,negative,significant_negative,11.776,long,380.1631250381639,380.16312503816386,1.2619126651162689,0.20083963840352176,380.1631250381639
Fermi/GBM,glg_tte_n9_bn260419298_v00.fit,GRB260419298,2026-04-19T07:09:40.309,311.8359375,-36.42357364233117,-7859.857544611861,3.2420937751659364,2424.3153004448736,negative,significant_negative,35.84,long,7859.857544611861,7859.857544611863,5.737882387596192,0.9132123448658606,7859.857544611861
Fermi/GBM,glg_tte_n9_bn260419326_v00.fit,GRB260419326,2026-04-19T07:49:50.436,134.64843749999997,-35.68533471265204,-1371.2913200374862,2.9707106418883304,461.60379967731416,negative,significant_negative,12.032,long,1371.2913200374862,1371.2913200374862,2.3966751238500437,0.38144269294611494,1371.2913200374862
Fermi/GBM,glg_tte_n9_bn260421092_v00.fit,GRB260421092,2026-04-21T02:12:44.325,197.4,62.320400827275,64841.378316601935,3.712812747133442,17464.21991431271,positive,significant_positive,1.344,short,64841.378316601935,64841.37831660196,16.480501520203532,2.6229532815738876,64841.378316601935
Fermi/GBM,glg_tte_n9_bn260421176_v00.fit,GRB260421176,2026-04-21T04:13:21.167,189.140625,-17.896089316234637,209680.58518197827,5.359285455649705,39124.727898368445,positive,significant_positive,17.981,long,209680.58518197827,209680.58518197827,29.63626125786026,4.716757473951292,209680.58518197827
Fermi/GBM,glg_tte_n9_bn260421351_v00.fit,GRB260421351,2026-04-21T08:25:19.591,293.78571428571433,64.19874590253252,27339.006321062803,3.3383962586278395,8189.263407663831,positive,significant_positive,19.2,long,27339.006321062803,27339.0063210628,10.701278516432561,1.7031613732933464,27339.006321062803
Fermi/GBM,glg_tte_n9_bn260424646_v00.fit,GRB260424646,2026-04-24T15:30:22.501,165.9375,20.42361536381095,-18730.125971990343,2.876290830559677,6511.902681393934,negative,significant_negative,0.576,short,18730.125971990343,18730.12597199034,8.857571236286407,1.4097262460435722,18730.125971990343
Fermi/GBM,glg_tte_n9_bn260428598_v00.fit,GRB260428598,2026-04-28T14:20:35.683,277.38281249999994,1.1937484371410718,-14258.254037186762,2.8140133988637173,5066.874963333211,negative,significant_negative,3.901,long,14258.254037186762,14258.25403718676,7.7281844470951855,1.2299787558811048,14258.254037186762
Fermi/GBM,glg_tte_n9_bn260429975_v00.fit,GRB260429975,2026-04-29T23:24:02.017,283.359375,17.896089316234637,50490.38799114077,3.507290999071241,14395.836560043355,positive,significant_positive,0.16,short,50490.38799114077,50490.38799114076,14.542821000519632,2.3145618487333226,50490.38799114077
Fermi/GBM,glg_tte_n9_bn260502209_v00.fit,GRB260502209,2026-05-02T05:01:00.257,21.0667,-81.233,39590.33871932121,3.030635633336554,13063.377954061256,positive,significant_positive,0.072,short,39590.33871932121,39590.338719321204,12.877718083250155,2.0495524886931498,39590.33871932121
Fermi/GBM,glg_tte_n9_bn260503861_v00.fit,GRB260503861,2026-05-03T20:40:17.581,287.2265625,-1.790784659328959,11677.812988703825,3.6047934825463392,3239.523441563398,positive,significant_positive,19.773,long,11677.812988703825,11677.812988703823,6.993990896506076,1.1131282231186586,11677.812988703825
Fermi/GBM,glg_tte_n9_bn260504384_v00.fit,GRB260504384,2026-05-04T09:12:58.058,308.8636363636363,48.9227951602473,-20690.12188450924,3.1285220423439912,6613.385363590893,negative,significant_negative,13.312,long,20690.12188450924,20690.121884509237,9.309488701624211,1.481651144521644,20690.12188450924
Fermi/GBM,glg_tte_n9_bn260506270_v00.fit,GRB260506270,2026-05-06T06:28:48.381,139.6153846153846,75.7091526867135,-8699.721631310407,2.8292663765746817,3074.90369353024,negative,significant_negative,0.44,short,8699.721631310407,8699.721631310407,6.036663710494508,0.9607648693086631,8699.721631310407
Fermi/GBM,glg_tte_n9_bn260506547_v00.fit,GRB260506547,2026-05-06T13:07:23.964,279.84375,-0.895282986570128,1031.8322967681145,3.609676537983448,285.8517337801546,positive,significant_positive,27.905,long,1031.8322967681145,1031.832296768114,2.0789730680517535,0.3308788403353599,1031.8322967681145
Fermi/GBM,glg_tte_n9_bn260507853_v00.fit,GRB260507853,2026-05-07T20:28:00.454,287.2265625,-21.381942579838896,22049.745037619577,2.66274202595178,8280.841637198422,positive,significant_positive,18.688,long,22049.745037619577,22049.745037619577,9.610502381853834,1.5295589596684716,22049.745037619577
Fermi/GBM,glg_tte_n9_bn260510115_v00.fit,GRB260510115,2026-05-10T02:46:19.349,358.94531249999994,-41.014499665730526,19670.033411636294,2.9818396736236688,6596.610000742382,positive,significant_positive,42.496,long,19670.033411636294,19670.033411636294,9.077094429523312,1.444664447370543,19670.033411636294
Fermi/GBM,glg_tte_n9_bn260510718_v00.fit,GRB260510718,2026-05-10T17:13:43.991,174.37499999999997,8.084013907099306,-22360.61535400909,2.6746646565744823,8360.156589741218,negative,significant_negative,161.796,long,22360.61535400909,22360.615354009085,9.678012531913225,1.5403035337592994,22360.61535400909
Fermi/GBM,glg_tte_n9_bn260510860_v00.fit,GRB260510860,2026-05-10T20:38:08.771,2.8125,36.05358859962301,22581.37769487673,2.9042614185983826,7775.2565765153,positive,significant_positive,0.128,short,22581.37769487673,22581.377694876734,9.725669832915445,1.5478884287882209,22581.37769487673
Fermi/GBM,glg_tte_n9_bn260511259_v00.fit,GRB260511259,2026-05-11T06:13:30.286,198.984375,-33.15288792861988,-690.7172077511756,3.1135312081275446,221.8436757428772,negative,significant_negative,14.336,long,690.7172077511756,690.7172077511754,1.7009613382159896,0.27071640498528,690.7172077511756
Fermi/GBM,glg_tte_n9_bn260511459_v00.fit,GRB260511459,2026-05-11T11:00:31.704,191.6015625,4.78019184719916,1689.2248276448222,2.7888230316231697,605.7124487607405,positive,significant_positive,40.705,long,1689.2248276448222,1689.2248276448222,2.6600391748469816,0.4233583834949836,1689.2248276448222
Fermi/GBM,glg_tte_n9_bn260511636_v00.fit,GRB260511636,2026-05-11T15:15:49.689,218.671875,39.83843997699909,369.0762684713512,3.102557289234813,118.95872793452166,positive,significant_positive,10.752,long,369.0762684713512,369.07626847135117,1.243375670580661,0.1978893840931123,369.0762684713512
Fermi/GBM,glg_tte_n9_bn260512706_v00.fit,GRB260512706,2026-05-12T16:56:43.530,153.94736842105263,-83.05156816397722,27320.40195286737,3.0250631720835286,9031.349230981612,positive,significant_positive,26.881,long,27320.40195286737,27320.40195286737,10.69763675261961,1.7025817685809421,27320.40195286737
Fermi/GBM,glg_tte_n9_bn260513892_v00.fit,GRB260513892,2026-05-13T21:24:18.713,320.625,-37.54432510382695,-8511.307800443283,2.944645556159025,2890.435415101494,negative,significant_negative,20.48,long,8511.307800443283,8511.307800443281,5.970936504805492,0.9503040596276385,8511.307800443283
Fermi/GBM,glg_tte_n9_bn260514206_v00.fit,GRB260514206,2026-05-14T04:56:40.554,230.625,-36.79533013738013,-16380.372155878247,2.5242940081996443,6489.090455656122,negative,significant_negative,22.528,long,16380.372155878247,16380.372155878244,8.283353332877846,1.3183366283042353,16380.372155878247
Fermi/GBM,glg_tte_n9_bn260516217_v00.fit,GRB260516217,2026-05-16T05:12:36.995,161.3671875,35.68533471265204,23698.397564283263,3.895905642966078,6082.898236272712,positive,significant_positive,101.378,long,23698.397564283263,23698.397564283263,9.963313484298453,1.5857105906002338,23698.397564283263
Fermi/GBM,glg_tte_n9_bn260516816_v00.fit,GRB260516816,2026-05-16T19:34:38.931,171.34615384615387,-61.18977627871704,-2669.6698892440018,3.145206158123809,848.8060098535873,negative,significant_negative,33.281,long,2669.6698892440018,2669.6698892440018,3.3440524939178875,0.5322224843658121,2669.6698892440018
