instrument,filename,grb_name,grb_time_utc,ra,dec,lag_ms,lag_error,lag_significance,is_significant,lag_type,lag_class,t90_s,t90_error_s,t50_s,t50_error_s,duration_class
Swift/BAT,sw00060054000bevshsp_uf.evt.gz,,2004-11-27T11:08:17,7.33736862776623,-59.9701887811539,-101311.99997087863,9.595609539729937,10558.161996004896,True,negative,significant_negative,,,,,unknown
Swift/BAT,sw00060062000bevshsp_uf.evt.gz,,2004-11-28T09:37:37.000499,87.6167881174172,-32.2893261556581,9919.99998689543,7.73426532276837,1282.6040448460728,True,positive,significant_positive,,,,,unknown
Swift/BAT,sw00060070000bevshsp_uf.evt.gz,,2004-11-29T08:03:22,323.828026427095,27.4983040441912,-45884.307864226685,19.41664284490177,2363.143218461916,True,negative,significant_negative,,,,,unknown
Swift/BAT,sw00060078000bevshsp_uf.evt.gz,,2004-11-30T09:48:02,7.0883661469159,-59.9145742329356,-9742.170255277584,29.921710818015505,325.58867755021345,True,negative,significant_negative,,,,,unknown
Swift/BAT,sw00100005000bevshsp_uf.evt.gz,,2004-12-08T12:17:41.055999,61.6161615100655,-23.9632683148378,18.20126645175594,866.5751885497575,0.021003678263875,False,positive,consistent_with_zero,,,,,unknown
Swift/BAT,sw00100006000bevshsp_uf.evt.gz,,2004-12-08T12:24:13.695999,79.0594704601816,-20.2988985504984,-3.9790171952076943,25.14650104665296,0.1582334332647566,False,negative,consistent_with_zero,,,,,unknown
Swift/BAT,sw00100319000bevshsp_uf.evt.gz,,2004-12-19T03:21:44,53.9656396312115,53.2448864599815,5.684806176018251,437.0487582233681,0.0130072585016082,False,positive,consistent_with_zero,,,,,unknown
Swift/BAT,sw00100433000bevshsp_uf.evt.gz,GRB041220,2004-12-20T22:58:26.599560,291.241207804425,60.6860958775226,8.387826856962882,57.68958631281957,0.1453958572606191,False,positive,consistent_with_zero,5.584,1.113352,2.2,0.3261656,long
Swift/BAT,sw00100543000bevshsp_uf.evt.gz,,2004-12-22T23:36:56,186.450677759215,-62.8223187645366,1.5159890311419366,484.35842762421055,0.0031298908921186,False,positive,consistent_with_zero,,,,,unknown
Swift/BAT,sw00100585000bevshsp_uf.evt.gz,GRB041223,2004-12-23T14:06:17.956380,100.120286808231,-37.0297252139607,20.106591889713844,229.5719978009246,0.0875829460139535,False,positive,consistent_with_zero,109.06,1.803933,29.196,0.6114769,long
Swift/BAT,sw00100703000bevshsp_uf.evt.gz,GRB041224,2004-12-24T20:20:57.698840,56.1991351820266,-6.61701115766916,-3.090673864715202,72.22297163992397,0.0427935017701032,False,negative,consistent_with_zero,177.564,19.26028,38.192,4.086762,long
Swift/BAT,sw00100737000bevshsp_uf.evt.gz,,2004-12-25T13:06:29.503999,171.752595666277,17.1448304307369,-3.445776688883148,746.0081825898791,0.0046189529408653,False,negative,consistent_with_zero,,,,,unknown
Swift/BAT,sw00100815000bevshsp_uf.evt.gz,GRB041226,2004-12-26T20:34:18.976400,79.7656401246817,73.3212972392719,-2.563700164303308,18.62772729002767,0.1376281778440991,False,negative,consistent_with_zero,8.296,1.876372,3.976,1.647122,long
Swift/BAT,sw00100970000bevshsp_uf.evt.gz,GRB041228,2004-12-28T10:49:14.142460,336.648289388184,5.03633072641599,3.803422703338357,73.18200803148476,0.0519721008707772,False,positive,consistent_with_zero,56.3,7.782773,20.084,2.05039,long
Swift/BAT,sw00101065000bevshsp_uf.evt.gz,,2004-12-30T17:55:46.431999,53.2647526071069,52.8681003980239,9.019622673814348,28.21361956897028,0.3196903769034389,False,positive,consistent_with_zero,,,,,unknown
Swift/BAT,sw00101458000bevshsp_uf.evt.gz,,2005-01-03T22:10:56,135.538256593984,-40.5296863250114,-2.6945489288450517,480.3635996956916,0.0056093944889913,False,negative,consistent_with_zero,,,,,unknown
Swift/BAT,sw00101459000bevshsp_uf.evt.gz,,2005-01-03T22:19:04,244.941064346191,-15.654136680579,-2.842328880831406,483.4532045614944,0.0058792223404734,False,negative,consistent_with_zero,,,,,unknown
Swift/BAT,sw00101468000bevshsp_uf.evt.gz,,2005-01-03T23:32:16,135.5364,-40.55293,3.694942837317257,488.1742394974163,0.0075689017124731,False,positive,consistent_with_zero,,,,,unknown
Swift/BAT,sw00101469000bevshsp_uf.evt.gz,,2005-01-03T23:54:16,299.5854,35.20126,6.0959949857323945,515.6088552811901,0.0118229059165555,False,positive,consistent_with_zero,,,,,unknown
Swift/BAT,sw00101478000bevshsp_uf.evt.gz,,2005-01-04T01:30:08,308.101,40.95842,-7.85686011648828,592.012555054692,0.0132714417108306,False,negative,consistent_with_zero,,,,,unknown
Swift/BAT,sw00101490000bevshsp_uf.evt.gz,,2005-01-04T03:30:56,53.75349,53.17571,2.1755653311741354,590.5943455837343,0.0036836880465285,False,positive,consistent_with_zero,,,,,unknown
Swift/BAT,sw00101560000bevshsp_uf.evt.gz,,2005-01-04T20:02:00,135.526440077955,-40.5495915360008,-0.4444898621375071,574.045066427466,0.0007743117886262,False,negative,consistent_with_zero,,,,,unknown
Swift/BAT,sw00101581000bevshsp_uf.evt.gz,,2005-01-05T00:45:53.024,340.381177420352,48.9741889901804,3.637493237349658,464.06920999662833,0.0078382559303516,False,positive,consistent_with_zero,,,,,unknown
Swift/BAT,sw00101731000bevshsp_uf.evt.gz,,2005-01-06T17:14:56,129.289162586313,-42.7073694144604,-1.5637989887092008,474.6985548326539,0.0032942990299612,False,negative,consistent_with_zero,,,,,unknown
Swift/BAT,sw00101770000bevshsp_uf.evt.gz,,2005-01-06T23:51:52,83.5228814482401,21.9889908463631,-1.1894741554753956,492.5479465554962,0.0024149408474721,False,negative,consistent_with_zero,,,,,unknown
Swift/BAT,sw00101779000bevshsp_uf.evt.gz,,2005-01-07T02:08:20.672,272.153839883653,-20.3738773991046,-0.4527601162499645,26.7401242693853,0.0169318628323776,False,negative,consistent_with_zero,,,,,unknown
Swift/BAT,sw00101789000bevshsp_uf.evt.gz,,2005-01-07T03:20:32,255.99070440417,-37.8491344484992,-3.751819153475867,506.1965848943052,0.0074117828239778,False,negative,consistent_with_zero,,,,,unknown
Swift/BAT,sw00101804000bevshsp_uf.evt.gz,,2005-01-07T06:31:20,244.975189306813,-15.6372313459183,4.032680542332649,568.8394559496654,0.0070893122833755,False,positive,consistent_with_zero,,,,,unknown
Swift/BAT,sw00101828000bevshsp_uf.evt.gz,,2005-01-07T13:12:26.496,272.155675634907,-20.4088629140631,5.898024944963204,280.57811892716694,0.021020972581594,False,positive,consistent_with_zero,,,,,unknown
Swift/BAT,sw00101993000bevshsp_uf.evt.gz,,2005-01-08T22:36:56,255.985083758682,-37.8484585726092,-1.63420340573217,505.10006689892697,0.0032354052450743,False,negative,consistent_with_zero,,,,,unknown
Swift/BAT,sw00102510000bevshsp_uf.evt.gz,,2005-01-14T18:59:12,299.596426248102,35.2038166628562,-2.4553991993161963,419.09065361162016,0.0058588736784181,False,negative,consistent_with_zero,,,,,unknown
Swift/BAT,sw00102587000bevshsp_uf.evt.gz,,2005-01-15T10:48:56,254.532476179357,35.3545676279829,-0.0600783043912653,574.1928705076306,0.0001046308783634,False,negative,consistent_with_zero,,,,,unknown
Swift/BAT,sw00102611000bevshsp_uf.evt.gz,,2005-01-15T15:44:00.319999,271.790262238252,46.2901261285193,-0.7623325967369902,31.359014711428397,0.0243098389331463,False,negative,consistent_with_zero,,,,,unknown
Swift/BAT,sw00102861000bevshsp_uf.evt.gz,GRB050117,2005-01-17T12:52:36.037100,358.4644,65.94186,2.7073486713502173,157.3309533367673,0.0172079849128933,False,positive,consistent_with_zero,166.648,2.42293,83.516,2.017543,long
Swift/BAT,sw00102899000bevshsp_uf.evt.gz,,2005-01-17T20:03:35.552,243.379839761988,-70.358242227393,6.316647603258137,57.03883189355628,0.1107429341303136,False,positive,consistent_with_zero,,,,,unknown
Swift/BAT,sw00103135000bevshsp_uf.evt.gz,,2005-01-19T07:34:54.783999,177.434345477063,64.2304255402795,1.8232906261876995,150.13498972232068,0.0121443417657664,False,positive,consistent_with_zero,,,,,unknown
Swift/BAT,sw00103367000bevshsp_uf.evt.gz,,2005-01-21T14:55:23.648,238.9714,-18.36778,-8.493657938422121,800.2139994745413,0.010614233122639,False,negative,consistent_with_zero,,,,,unknown
Swift/BAT,sw00103372000bevshsp_uf.evt.gz,,2005-01-21T16:20:40,255.987805609378,-37.8398574109743,4.275695413127793,497.50822732589234,0.0085942205139192,False,positive,consistent_with_zero,,,,,unknown
Swift/BAT,sw00103425000bevshsp_uf.evt.gz,,2005-01-21T21:15:10.719999,272.137965243859,-20.3875048232261,-3.7007640246443945,95.72302080650104,0.0386611704631145,False,negative,consistent_with_zero,,,,,unknown
Swift/BAT,sw00103647000bevshsp_uf.evt.gz,GRB050124,2005-01-24T11:30:02.876080,192.87863931207,13.0264315169755,1.4229686951355984,74.77864326876593,0.0190290787975549,False,positive,consistent_with_zero,3.936,2.011714,1.884,0.3841874,long
Swift/BAT,sw00103780000bevshsp_uf.evt.gz,GRB050126,2005-01-26T12:00:54.073440,278.10963730402,42.3890098675932,0.9700130044661608,33.19896729945629,0.029218168014583,False,positive,consistent_with_zero,48.0,22.62742,16.0,16.0,long
Swift/BAT,sw00103906000bevshsp_uf.evt.gz,GRB050128,2005-01-28T04:19:55.191240,219.591125684255,-34.7619892410826,4.304814745713832,63.66509044443976,0.0676165653054498,False,positive,consistent_with_zero,28.0,9.055385,8.0,1.0,long
Swift/BAT,sw00104039000bevshsp_uf.evt.gz,,2005-01-29T17:04:13.695999,256.588498803374,-43.0129976612919,-16505.032617282683,24.885129263757737,663.2488199014631,True,negative,significant_negative,,,,,unknown
Swift/BAT,sw00104090000bevshsp_uf.evt.gz,,2005-01-30T17:26:08.384,273.758205629518,-12.126908433845,-2.479964483568957,15.79587874232389,0.1570007293689888,False,negative,consistent_with_zero,,,,,unknown
Swift/BAT,sw00104103000bevshsp_uf.evt.gz,,2005-01-30T20:45:25.439999,272.16426764586,-20.4139093628787,3.8941121560973406,365.7692857340177,0.0106463618132471,False,positive,consistent_with_zero,,,,,unknown
Swift/BAT,sw00104110000bevshsp_uf.evt.gz,,2005-01-30T22:38:26.239999,272.14999708325,-20.4051037630986,0.8912642487301414,54.39166738697859,0.0163860438840584,False,positive,consistent_with_zero,,,,,unknown
Swift/BAT,sw00104265000bevshsp_uf.evt.gz,,2005-02-01T16:38:32,308.10656421686,37.6567064805479,-2.150999432195239,451.421494441144,0.0047649468593828,False,negative,consistent_with_zero,,,,,unknown
Swift/BAT,sw00104296000bevshsp_uf.evt.gz,,2005-02-02T00:41:04,53.7235381943085,53.1709700530188,-1.5466505252560443,517.5318467108941,0.0029885127554672,False,negative,consistent_with_zero,,,,,unknown
Swift/BAT,sw00104298000bevshsp_uf.evt.gz,GRB050202,2005-02-02T03:35:14.800740,290.560534826378,-38.7202927722526,7.248012142099101,436.2894011369791,0.0166128540441519,False,positive,consistent_with_zero,0.112,0.03124101,0.052,0.02000001,short
Swift/BAT,sw00104366000bevshsp_uf.evt.gz,,2005-02-03T03:36:16,235.595664756716,-52.3840089274928,-7.24697425633067,544.2029737058054,0.0133166752231831,False,negative,consistent_with_zero,,,,,unknown
Swift/BAT,sw00104695000bevshsp_uf.evt.gz,,2005-02-05T07:24:16,326.193550258063,38.3271802180885,-42.3232568875215,521.1565557179177,0.0812102551971532,False,negative,consistent_with_zero,,,,,unknown
Swift/BAT,sw00105189000bevshsp_uf.evt.gz,,2005-02-06T21:43:10.719999,280.69540121741,28.7923057885538,-1.86869734636208,17.68070783423277,0.1056913198205771,False,negative,consistent_with_zero,,,,,unknown
Swift/BAT,sw00105294000bevshsp_uf.evt.gz,,2005-02-08T01:53:22.687999,100.46723468448,8.20810823560427,2.830417211484628,1032.7148352634754,0.0027407538991753,False,positive,consistent_with_zero,,,,,unknown
Swift/BAT,sw00105362000bevshsp_uf.evt.gz,,2005-02-08T18:13:36.64,135.537122147072,-40.5633487853873,19268.22310717133,19.412969436063488,992.5438336793924,True,positive,significant_positive,,,,,unknown
Swift/BAT,sw00105363000bevshsp_uf.evt.gz,,2005-02-08T19:50:45.247999,135.558533789938,-40.5359117304603,-128122.05363950985,55.33408983050933,2315.427145037592,True,negative,significant_negative,,,,,unknown
Swift/BAT,sw00105438000bevshsp_uf.evt.gz,,2005-02-09T22:19:44,0.471405479042438,28.9714768181302,7.089052090309728,482.8025024464765,0.0146831303781314,False,positive,consistent_with_zero,,,,,unknown
Swift/BAT,sw00105518000bevshsp_uf.evt.gz,,2005-02-11T02:50:42.239999,272.162631888961,-20.4103440067397,-3.076551577481687,22.87061385196888,0.1345198514300845,False,negative,consistent_with_zero,,,,,unknown
Swift/BAT,sw00106034000bevshsp_uf.evt.gz,,2005-02-13T22:11:39.903999,250.2321,-53.75113,-2.6817384495223573,18.590519423353864,0.1442530135093208,False,negative,consistent_with_zero,,,,,unknown
Swift/BAT,sw00106070000bevshsp_uf.evt.gz,,2005-02-14T09:08:31.488,262.984168994966,-33.8161314719683,-11.125961811240929,493.2210522154852,0.0225577593682681,False,negative,consistent_with_zero,,,,,unknown
Swift/BAT,sw00106106000bevshsp_uf.evt.gz,GRB050215A,2005-02-15T02:15:28.543100,348.395966865516,49.325242203474,2.315652685681139,18.675496788075925,0.123994167970924,False,positive,consistent_with_zero,66.412,5.307209,49.256,7.401605,long
Swift/BAT,sw00106107000bevshsp_uf.evt.gz,GRB050215B,2005-02-15T02:33:43.199080,174.7682,40.26461,-7.053031655385921,562.5393094374156,0.012537846754993,False,negative,consistent_with_zero,11.044,3.931132,4.94,1.658303,long
Swift/BAT,sw00106162000bevshsp_uf.evt.gz,,2005-02-16T01:25:39.008,159.313196323941,59.8880924406348,2.417173409150296,506.17452275861217,0.0047753754890247,False,positive,consistent_with_zero,,,,,unknown
Swift/BAT,sw00106230000bevshsp_uf.evt.gz,,2005-02-16T23:09:16.48,272.1324,-20.57171,3.2935617570757265,299.1384750273913,0.0110101576093618,False,positive,consistent_with_zero,,,,,unknown
Swift/BAT,sw00106235000bevshsp_uf.evt.gz,,2005-02-17T00:19:56.159999,272.157606235236,-20.4030524199911,-0.1782901848491729,127.57815475687072,0.0013974977549169,False,negative,consistent_with_zero,,,,,unknown
Swift/BAT,sw00106276000bevshsp_uf.evt.gz,,2005-02-17T14:57:13.983999,256.576671503789,-43.0358919108633,-121212.51493386348,35.532791720502914,3411.285999909829,True,negative,significant_negative,,,,,unknown
Swift/BAT,sw00106415000bevshsp_uf.evt.gz,GRB050219A,2005-02-19T12:40:01.049120,166.414,-40.68277,-2.223441747215658,47.64425595380767,0.0466675720441797,False,negative,consistent_with_zero,23.812,2.258173,10.032,0.8513989,long
Swift/BAT,sw00106416000bevshsp_uf.evt.gz,,2005-02-19T14:14:46.143999,135.5295,-40.5541,1.7415517152920876,27.33041644055864,0.0637221067992072,False,positive,consistent_with_zero,,,,,unknown
Swift/BAT,sw00106442000bevshsp_uf.evt.gz,GRB050219B,2005-02-19T21:05:51.256640,81.2744828107666,-57.7615005591533,16.640993801768104,119.8311230989546,0.1388703816789419,False,positive,consistent_with_zero,28.72,7.120288,6.912,0.3018874,long
Swift/BAT,sw00106658000bevshsp_uf.evt.gz,,2005-02-22T07:24:58.623999,272.127465922705,-20.4002805539525,-5.930635232516115,368.81047318181055,0.0160804414835381,False,negative,consistent_with_zero,,,,,unknown
Swift/BAT,sw00106666000bevshsp_uf.evt.gz,,2005-02-22T13:48:56.959999,250.206088283308,-53.777095386499,-1.8932153990130325,31.09900945485595,0.0608770321691842,False,negative,consistent_with_zero,,,,,unknown
Swift/BAT,sw00106709000bevshsp_uf.evt.gz,GRB050223,2005-02-23T03:09:06.068200,271.381776797387,-62.4986306585262,-4.039602341068856,20.57242020570187,0.1963600928173359,False,negative,consistent_with_zero,22.68,4.481386,10.6,2.152243,long
Swift/BAT,sw00106724000bevshsp_uf.evt.gz,,2005-02-23T08:30:39.359999,256.615513099162,-43.0495282730422,13.612699212120164,48.16093044900669,0.2826502537473489,False,positive,consistent_with_zero,,,,,unknown
Swift/BAT,sw00106734000bevshsp_uf.evt.gz,,2005-02-23T16:42:35.519999,272.16470844753,-20.416179954267,-0.6221399983703273,79.04620066216415,0.0078705869878464,False,negative,consistent_with_zero,,,,,unknown
Swift/BAT,sw00106799000bevshsp_uf.evt.gz,,2005-02-24T12:40:45.312,273.74500416434,-12.0774136461099,0.51020033761581,1091.8807057375193,0.0004672674724764,False,positive,consistent_with_zero,,,,,unknown
Swift/BAT,sw00106912000bevshsp_uf.evt.gz,,2005-02-26T01:45:28,289.720671923563,-5.35369506637966,5.2367268398893145,489.114886723911,0.0107065374251127,False,positive,consistent_with_zero,,,,,unknown
Swift/BAT,sw00107518000bevshsp_uf.evt.gz,,2005-03-05T20:42:14.464,110.331235705003,23.7549905741762,-0.343748457178134,81.77812891908658,0.0042034277590069,False,negative,consistent_with_zero,,,,,unknown
Swift/BAT,sw00107523000bevshsp_uf.evt.gz,,2005-03-05T22:23:20.895999,84.8613357940223,3.63847157427012,101430.40120413722,37.20444446923764,2726.297963889894,True,positive,significant_positive,,,,,unknown
Swift/BAT,sw00107547000bevshsp_uf.evt.gz,GRB050306,2005-03-06T03:33:11.876760,282.322462112659,-9.16491762927298,0.5543707922569792,47.70425371275469,0.0116209928698403,False,positive,consistent_with_zero,158.524,19.84216,75.076,5.576357,long
Swift/BAT,sw00107873000bevshsp_uf.evt.gz,,2005-03-09T10:43:20.959999,182.621936600974,77.5908875907898,177149.8584559407,79.39915141584498,2231.130374783684,True,positive,significant_positive,,,,,unknown
Swift/BAT,sw00110772000bevshsp_uf.evt.gz,,2005-03-14T03:18:37.312,273.765888695685,-12.1094843433413,-0.5211269167040503,422.55813072864703,0.0012332668071146,False,negative,consistent_with_zero,,,,,unknown
Swift/BAT,sw00111063000bevshsp_uf.evt.gz,GRB050315,2005-03-15T20:59:42.518900,306.472217474461,-42.5872492239099,3.431994506121313,107.329940011877,0.0319761150126566,False,positive,consistent_with_zero,95.4,13.96338,24.316,1.490648,long
Swift/BAT,sw00111378000bevshsp_uf.evt.gz,,2005-03-17T18:13:52,264.708512199578,-44.4877177526073,-4.535341839727717,471.4123761351133,0.009620752592265,False,negative,consistent_with_zero,,,,,unknown
Swift/BAT,sw00111529000bevshsp_uf.evt.gz,GRB050318,2005-03-18T15:44:37.170860,49.6782870708762,-46.4033764015338,1.5401742819795994,449.6286653262095,0.0034254361448734,False,positive,consistent_with_zero,16.124,10.91679,8.648,1.644506,long
Swift/BAT,sw00111622000bevshsp_uf.evt.gz,GRB050319,2005-03-19T09:31:18.449780,154.2017,43.54632,2.571915456130735,18.508512120020672,0.1389585202447846,False,positive,consistent_with_zero,151.584,10.64419,124.548,3.724833,long
Swift/BAT,sw00111765000bevshsp_uf.evt.gz,,2005-03-20T19:44:56,250.187346154396,-53.753091980128,0.3144580801100129,469.8996364491496,0.0006692026460932,False,positive,consistent_with_zero,,,,,unknown
Swift/BAT,sw00112060000bevshsp_uf.evt.gz,,2005-03-22T22:46:39.04,126.247995259755,-42.0935157893842,-0.301040307221449,19.29991532666917,0.0155980118112468,False,negative,consistent_with_zero,,,,,unknown
Swift/BAT,sw00112095000bevshsp_uf.evt.gz,,2005-03-23T02:38:20.544,272.150109451647,-20.4172616736733,-1.406697376884099,49.76747231331159,0.0282653972865694,False,negative,consistent_with_zero,,,,,unknown
Swift/BAT,sw00112189000bevshsp_uf.evt.gz,,2005-03-23T15:18:25.088,135.646788584126,-40.581787758314,29622.8116896018,22.062253020580123,1342.692047905036,True,positive,significant_positive,,,,,unknown
Swift/BAT,sw00112438000bevshsp_uf.evt.gz,,2005-03-26T05:45:35.231999,127.939017399432,0.3046729206738,-4.000677825568332,775.7294041353415,0.0051573110471784,False,negative,consistent_with_zero,,,,,unknown
Swift/BAT,sw00112453000bevshsp_uf.evt.gz,GRB050326,2005-03-26T09:53:56.135600,6.85721390690823,-71.375078177145,9.045638225550864,92.3353235034528,0.0979650894406907,False,positive,consistent_with_zero,29.44,1.134711,19.388,0.1386795,long
Swift/BAT,sw00112467000bevshsp_uf.evt.gz,,2005-03-26T12:56:04.159999,32.8509689315717,-80.9566427446957,-0.2839898528140935,38.254931104617405,0.0074236142796193,False,negative,consistent_with_zero,,,,,unknown
Swift/BAT,sw00112599000bevshsp_uf.evt.gz,,2005-03-28T00:02:48,308.477133799358,-38.9334750695506,2.2282502318936084,543.1606732704975,0.0041023776969654,False,positive,consistent_with_zero,,,,,unknown
Swift/BAT,sw00112977000bevshsp_uf.evt.gz,,2005-03-31T17:11:52.768,140.7394,-41.43862,-0.5859028357378421,15.418545575238856,0.0379998770233401,False,negative,consistent_with_zero,,,,,unknown
Swift/BAT,sw00112981000bevshsp_uf.evt.gz,,2005-03-31T18:44:03.775999,143.8106,-42.6841,-2.046460239458088,22.05910287675165,0.0927716893516498,False,negative,consistent_with_zero,,,,,unknown
Swift/BAT,sw00112982000bevshsp_uf.evt.gz,,2005-03-31T20:20:44.799999,146.9541,-43.92668,1.8049042824716577,15.666121534682205,0.1152106651589481,False,positive,consistent_with_zero,,,,,unknown
Swift/BAT,sw00113120000bevshsp_uf.evt.gz,GRB050401,2005-04-01T14:20:15.326620,247.8689,2.187158,-27905.84235195139,113.3218438388938,246.2529853610948,True,negative,significant_negative,32.092,0.5774426,25.396,0.4192374,long
Swift/BAT,sw00113225000bevshsp_uf.evt.gz,,2005-04-02T06:09:54.047999,136.450075815848,16.5917585763815,10492.888615933942,19.58001278641578,535.897945031665,True,positive,significant_positive,,,,,unknown
Swift/BAT,sw00113241000bevshsp_uf.evt.gz,,2005-04-02T08:55:44,272.224240286537,-20.421936974381,5.993961330701383,508.9125577258607,0.0117779788289881,False,positive,consistent_with_zero,,,,,unknown
Swift/BAT,sw00113872000bevshsp_uf.evt.gz,GRB050406,2005-04-06T15:58:48.407200,34.4284384928714,-50.1778978956069,0.8759546613060715,17.26928192281758,0.0507232822546425,False,positive,consistent_with_zero,5.776,1.393007,2.232,1.385388,long
Swift/BAT,sw00114292000bevshsp_uf.evt.gz,,2005-04-10T08:38:16,83.9320025398558,22.3654496652449,2.296612310850578,491.4803534728513,0.0046728466247378,False,positive,consistent_with_zero,,,,,unknown
Swift/BAT,sw00114299000bevshsp_uf.evt.gz,GRB050410,2005-04-10T12:14:33.553380,89.7495264610994,79.5985922952754,4.120745489258434,538.9554767024969,0.0076457994535475,False,positive,consistent_with_zero,64.0,16.0,32.0,16.0,long
Swift/BAT,sw00114485000bevshsp_uf.evt.gz,GRB050412,2005-04-12T05:44:02.894760,181.120322462344,-1.25227292288913,-0.3894265518623586,22.590385737484556,0.0172385968255591,False,negative,consistent_with_zero,27.572,3.504715,10.376,3.332173,long
Swift/BAT,sw00114503000bevshsp_uf.evt.gz,,2005-04-12T14:31:20,254.391909539901,35.282792077433,6.577763708965537,479.465066859318,0.0137189634107286,False,positive,consistent_with_zero,,,,,unknown
Swift/BAT,sw00114753000bevshsp_uf.evt.gz,GRB050416A,2005-04-16T11:04:44.488360,188.478556551299,21.0434055593792,2.989343358758718,19.89280503275177,0.1502725912126029,False,positive,consistent_with_zero,6.668,3.422086,1.684,0.4445042,long
Swift/BAT,sw00114797000bevshsp_uf.evt.gz,GRB050416B,2005-04-16T22:35:54.119620,133.852677933438,11.1731175564645,3.381271737789988,33.019068804090544,0.1024036067719481,False,positive,consistent_with_zero,3.392,0.6315061,1.56,0.3172381,long
Swift/BAT,sw00114893000bevshsp_uf.evt.gz,GRB050418,2005-04-18T11:00:34.629320,44.3414527693041,-18.5378750599418,2.7613041719135007,49.62971468119125,0.0556381230408319,False,positive,consistent_with_zero,81.76,1.371417,61.444,2.006558,long
Swift/BAT,sw00114959000bevshsp_uf.evt.gz,,2005-04-19T05:47:20,291.26175965784,60.0393067478208,1.27097088519133,466.0446416560094,0.0027271440793207,False,positive,consistent_with_zero,,,,,unknown
Swift/BAT,sw00115135000bevshsp_uf.evt.gz,GRB050421,2005-04-21T04:11:51.617220,307.2531,73.65281,-1469.3290233012822,30.2385297779386,48.59128516139941,True,negative,significant_negative,8.408,3.387106,4.024,3.044899,long
Swift/BAT,sw00115214000bevshsp_uf.evt.gz,GRB050422,2005-04-22T07:52:39.807480,324.4306,55.78441,-0.7352695795343764,25.5409165333765,0.0287879089449878,False,negative,consistent_with_zero,80.0,22.62742,48.0,16.0,long
Swift/BAT,sw00115487000bevshsp_uf.evt.gz,,2005-04-25T05:59:12,321.867653936655,47.3236112413441,2.4707194547010025,527.3914259094931,0.0046847926100433,False,positive,consistent_with_zero,,,,,unknown
Swift/BAT,sw00115881000bevshsp_uf.evt.gz,,2005-04-30T13:29:34.719999,328.9448,47.73099,3.798205395030247,478.6741530710271,0.0079348453862865,False,positive,consistent_with_zero,,,,,unknown
Swift/BAT,sw00116116000bevshsp_uf.evt.gz,GRB050502B,2005-05-02T09:25:40.464300,142.543472204572,17.0020387304849,1.1655120797133949,25.23304579732048,0.0461899086251871,False,positive,consistent_with_zero,17.724,1.900999,9.5,5.390258,long
Swift/BAT,sw00117504000bevshsp_uf.evt.gz,GRB050505,2005-05-05T23:22:21.098760,141.781927347682,30.2552283992829,-2.564551016498517,30.196028976246502,0.084930075359111,False,negative,consistent_with_zero,58.852,6.839795,26.912,5.938842,long
Swift/BAT,sw00117883000bevshsp_uf.evt.gz,,2005-05-07T00:21:28,153.630533784635,8.4378576524238,-4.737970694846494,577.2293807879149,0.0082081246252212,False,negative,consistent_with_zero,,,,,unknown
Swift/BAT,sw00118087000bevshsp_uf.evt.gz,,2005-05-07T13:33:52,128.463418117485,51.099224908698,8.697716555573512,553.4888354144259,0.0157143486897275,False,positive,consistent_with_zero,,,,,unknown
Swift/BAT,sw00118248000bevshsp_uf.evt.gz,GRB050507,2005-05-07T22:43:18.311680,48.0554888617114,-11.0734801541787,0.4209991167125096,484.8710706523421,0.0008682702313959,False,positive,consistent_with_zero,15.0,5.830952,6.0,5.0,long
Swift/BAT,sw00118707000bevshsp_uf.evt.gz,GRB050509A,2005-05-09T01:46:28.517900,310.588276969851,54.0700958528791,-7.854531853635539,1330.5550708320277,0.0059031993683086,False,negative,consistent_with_zero,10.508,2.006151,4.036,0.8535104,long
Swift/BAT,sw00118749000bevshsp_uf.evt.gz,GRB050509B,2005-05-09T04:00:19.237760,189.055782430247,29.000309642558,-2.540590224659315,47.02862337984585,0.0540222111997453,False,negative,consistent_with_zero,0.02400002,0.008944263,0.01200002,0.005656845,short
Swift/BAT,sw00123171000bevshsp_uf.evt.gz,,2005-05-20T11:15:04,78.9365341252199,-62.8557274781785,-0.0817697816988741,497.398668236776,0.0001643948545112,False,negative,consistent_with_zero,,,,,unknown
Swift/BAT,sw00130088000bevshsp_uf.evt.gz,GRB050525A,2005-05-25T00:02:53.517080,278.1349,26.33823,82.56957229392849,186.40536260865784,0.4429570648526688,False,positive,consistent_with_zero,8.836,0.0708802,5.224,0.02561251,long
Swift/BAT,sw00130679000bevshsp_uf.evt.gz,GRB050528,2005-05-28T04:06:45.128040,353.529041992498,45.9437076292292,3.659124577247561,23.552516898083656,0.1553602357268783,False,positive,consistent_with_zero,11.248,1.728231,6.66,2.509018,long
Swift/BAT,sw00131005000bevshsp_uf.evt.gz,,2005-05-29T15:55:11.615999,84.7349801976583,26.3158421681598,-1.117376235608149,480.8490028091431,0.0023237569987259,False,negative,consistent_with_zero,,,,,unknown
Swift/BAT,sw00131113000bevshsp_uf.evt.gz,,2005-05-31T23:31:56.992,297.212223333458,34.2112205834325,-0.5304665195142972,498.0455411217865,0.0010650964133108,False,negative,consistent_with_zero,,,,,unknown
Swift/BAT,sw00131156000bevshsp_uf.evt.gz,,2005-06-01T04:24:44.224,298.980125258475,34.7626416482042,-0.87534916949735,540.528369479515,0.0016194324274602,False,negative,consistent_with_zero,,,,,unknown
Swift/BAT,sw00131160000bevshsp_uf.evt.gz,,2005-06-01T05:17:26.08,134.754295979796,-40.9863232010111,7.7069686563578355,36.011630434806,0.214013321899163,False,positive,consistent_with_zero,,,,,unknown
Swift/BAT,sw00131177000bevshsp_uf.evt.gz,,2005-06-01T10:07:46.879999,134.906947573277,-40.9701915043352,-50752.98189857391,21.950417124735495,2312.164803528101,True,negative,significant_negative,,,,,unknown
Swift/BAT,sw00131185000bevshsp_uf.evt.gz,,2005-06-01T12:24:30.08,291.812860688764,32.2341754971176,3.088874859229136,439.4210765246267,0.0070294189884085,False,positive,consistent_with_zero,,,,,unknown
Swift/BAT,sw00131213000bevshsp_uf.evt.gz,,2005-06-01T14:55:46.944,135.236604355148,-39.9146500434185,13.475675106356626,34.04700714709844,0.3957961722783922,False,positive,consistent_with_zero,,,,,unknown
Swift/BAT,sw00131266000bevshsp_uf.evt.gz,,2005-06-01T22:13:55.52,299.727311779666,35.383187831971,1.0865315321974487,543.9374190118377,0.0019975304037205,False,positive,consistent_with_zero,,,,,unknown
Swift/BAT,sw00131395000bevshsp_uf.evt.gz,,2005-06-02T10:41:44.639999,272.786554060136,-20.1982057396888,-2.639229800981508,334.1606234981768,0.0078980873729304,False,negative,consistent_with_zero,,,,,unknown
Swift/BAT,sw00131560000bevshsp_uf.evt.gz,GRB050603,2005-06-03T06:29:05.214200,39.9781544550354,-25.1827240278029,1.7870799525593897,23.57019444776,0.0758194828014762,False,positive,consistent_with_zero,21.0,8.485281,3.0,1.0,long
Swift/BAT,sw00132129000bevshsp_uf.evt.gz,,2005-06-06T19:43:24.992,84.746292158118,26.3167746099471,-2.728205363249828,25.36343514806569,0.1075645056485138,False,negative,consistent_with_zero,,,,,unknown
Swift/BAT,sw00132133000bevshsp_uf.evt.gz,,2005-06-06T21:20:02.432,84.7267782848896,26.2786007788772,7.69926096578671,465.37452060663367,0.0165442254031235,False,positive,consistent_with_zero,,,,,unknown
Swift/BAT,sw00132247000bevshsp_uf.evt.gz,GRB050607,2005-06-07T09:11:22.807560,300.166992902482,9.13699352299647,-10.953030084334724,31.16771071189734,0.351422348133953,False,negative,consistent_with_zero,48.0,22.62742,16.0,16.0,long
Swift/BAT,sw00141076000bevshsp_uf.evt.gz,,2005-06-14T16:16:17.791999,135.239366844296,-40.4611923748861,-3.87945819420411,484.6449408217931,0.0080047429931402,False,negative,consistent_with_zero,,,,,unknown
Swift/BAT,sw00141086000bevshsp_uf.evt.gz,,2005-06-14T17:08:22.976,133.55608223552,-40.9632754538101,-8.990200107330056,573.0389212794959,0.0156886378455001,False,negative,consistent_with_zero,,,,,unknown
Swift/BAT,sw00141088000bevshsp_uf.evt.gz,,2005-06-14T17:15:26.335999,132.809353623585,-42.4920216396168,0.9014764150322974,470.599339116071,0.0019155921823552,False,positive,consistent_with_zero,,,,,unknown
Swift/BAT,sw00141092000bevshsp_uf.evt.gz,,2005-06-14T17:43:42.272,139.849920858842,-39.1212453785021,-7.775906714099261,539.935689557146,0.0144015423771616,False,negative,consistent_with_zero,,,,,unknown
Swift/BAT,sw00141093000bevshsp_uf.evt.gz,,2005-06-14T17:46:14.272,138.334784548376,-39.7293903258188,-1.5112648610689028,512.6449370331334,0.0029479757857653,False,negative,consistent_with_zero,,,,,unknown
Swift/BAT,sw00141097000bevshsp_uf.evt.gz,,2005-06-14T17:53:29.856,135.47400047696,-40.4958346995975,-10.954556631690576,537.4759392167238,0.0203814828393153,False,negative,consistent_with_zero,,,,,unknown
Swift/BAT,sw00141098000bevshsp_uf.evt.gz,,2005-06-14T17:55:51.168,135.5670337552,-40.4338194119298,-4.745440076714954,490.4836698360082,0.0096750215523007,False,negative,consistent_with_zero,,,,,unknown
Swift/BAT,sw00142554000bevshsp_uf.evt.gz,,2005-06-23T20:56:56,266.7744715299,-27.3313056448819,-3.233882221638327,531.2024025905722,0.0060878531532751,False,negative,consistent_with_zero,,,,,unknown
Swift/BAT,sw00142615000bevshsp_uf.evt.gz,,2005-06-24T14:58:01.536,133.772013572539,-40.4551145647605,-4.369931179696344,434.9222736860909,0.0100476141234614,False,negative,consistent_with_zero,,,,,unknown
Swift/BAT,sw00142616000bevshsp_uf.evt.gz,,2005-06-24T15:02:32.384,130.23404631751,-42.5823506561924,-2.2862924056148963,386.0890286484964,0.00592167152125,False,negative,consistent_with_zero,,,,,unknown
Swift/BAT,sw00142667000bevshsp_uf.evt.gz,,2005-06-24T21:03:28,277.391204238094,-23.7964406142712,3.3319929495845817,498.9923797567436,0.0066774425517458,False,positive,consistent_with_zero,,,,,unknown
Swift/BAT,sw00142851000bevshsp_uf.evt.gz,,2005-06-26T03:30:19.136,337.088944061947,54.1256712624889,0.2168002800487628,496.7203152227058,0.0004364634853953,False,positive,consistent_with_zero,,,,,unknown
Swift/BAT,sw00143708000bevshsp_uf.evt.gz,GRB050701,2005-07-01T11:42:59.472220,227.286665301381,-59.4186472467233,-2.3444310104801627,492.4602918168383,0.0047606498421036,False,negative,consistent_with_zero,21.696,9.943782,7.744,0.6417601,long
Swift/BAT,sw00143778000bevshsp_uf.evt.gz,,2005-07-01T21:29:12,268.3676,-1.452014,1.705475446115374,49.078168964025885,0.0347501849012639,False,positive,consistent_with_zero,,,,,unknown
Swift/BAT,sw00143840000bevshsp_uf.evt.gz,,2005-07-02T09:01:16.416,250.21560444593,-53.75562495367,-4.739106940599105,520.9432165660306,0.0090971660440047,False,negative,consistent_with_zero,,,,,unknown
Swift/BAT,sw00144067000bevshsp_uf.evt.gz,,2005-07-03T20:29:22.24,256.570253153522,-43.058653121366,7.998837064556709,588.7934090129783,0.0135851334986333,False,positive,consistent_with_zero,,,,,unknown
Swift/BAT,sw00145011000bevshsp_uf.evt.gz,,2005-07-09T09:35:20,273.581178445992,-17.1302817148166,-1.259914741964886,408.8420228996739,0.0030816664417934,False,negative,consistent_with_zero,,,,,unknown
Swift/BAT,sw00145563000bevshsp_uf.evt.gz,,2005-07-12T12:05:37.599999,34.7893411424008,36.0151252154581,-11.294743411997816,1258.559782859563,0.0089743400081759,False,negative,consistent_with_zero,,,,,unknown
Swift/BAT,sw00145581000bevshsp_uf.evt.gz,GRB050712,2005-07-12T14:00:27.517820,77.6928992397336,64.898850024641,-1.812355630278245,29.49013638172038,0.0614563326130171,False,negative,consistent_with_zero,51.356,7.868384,26.928,6.962209,long
Swift/BAT,sw00145675000bevshsp_uf.evt.gz,GRB050713A,2005-07-13T04:29:02.396820,320.5402,77.0751,-0.3210152238719287,111.0952198213518,0.0028895502829747,False,negative,consistent_with_zero,124.672,62.40765,10.56,1.397781,long
Swift/BAT,sw00145729000bevshsp_uf.evt.gz,,2005-07-13T08:50:21.439999,47.028342861242,58.2724416660759,4.380391830604536,170.16417584718738,0.0257421505366573,False,positive,consistent_with_zero,,,,,unknown
Swift/BAT,sw00145754000bevshsp_uf.evt.gz,GRB050713B,2005-07-13T12:07:17.628280,307.8147,60.9441,6.1126718070089145,34.85533714916977,0.1753726202919404,False,positive,consistent_with_zero,121.696,54.02341,35.824,14.17555,long
Swift/BAT,sw00145767000bevshsp_uf.evt.gz,,2005-07-13T14:17:23.967999,57.4904149263481,-12.2645563356051,-0.5337010014668786,595.4235337968122,0.0008963384400741,False,negative,consistent_with_zero,,,,,unknown
Swift/BAT,sw00145994000bevshsp_uf.evt.gz,GRB050714B,2005-07-14T22:40:32.377900,169.699,-15.54791,-3.2418223002545288,50.10675221850914,0.0646983122377869,False,negative,consistent_with_zero,49.364,11.29125,24.56,8.269107,long
Swift/BAT,sw00146129000bevshsp_uf.evt.gz,GRB050715,2005-07-15T22:30:26.424240,155.669314942153,-0.0590341924076137,-5.767024728821727,53.8106660042538,0.1071725209341552,False,negative,consistent_with_zero,187.0,21.58703,44.0,69.11584,long
Swift/BAT,sw00146227000bevshsp_uf.evt.gz,GRB050716,2005-07-16T12:36:03.639280,338.5851,38.68251,-3.116405170003461,124.97452948739856,0.0249363224873568,False,negative,consistent_with_zero,69.02,5.288014,35.424,2.016194,long
Swift/BAT,sw00146372000bevshsp_uf.evt.gz,GRB050717,2005-07-17T10:30:52.293760,214.331859623212,-50.5394150035486,6.03244172741026,84.32112814470074,0.0715412834261204,False,positive,consistent_with_zero,85.016,18.89675,27.384,2.151517,long
Swift/BAT,sw00146426000bevshsp_uf.evt.gz,,2005-07-17T19:42:01.599999,198.544093216425,-26.465485961692,-1.7081290758447765,642.9136034173465,0.0026568563283859,False,negative,consistent_with_zero,,,,,unknown
Swift/BAT,sw00146731000bevshsp_uf.evt.gz,,2005-07-19T13:58:52.479999,213.419620393693,9.44402520171992,1.1908352023383633,21.57467154998352,0.0551959829181859,False,positive,consistent_with_zero,,,,,unknown
Swift/BAT,sw00146970000bevshsp_uf.evt.gz,GRB050721,2005-07-21T04:29:14.287540,253.4364,-28.38153,1.6227948388831546,128.16734886486407,0.0126615308286838,False,positive,consistent_with_zero,104.7,46.10946,29.82,10.92142,long
Swift/BAT,sw00146986000bevshsp_uf.evt.gz,,2005-07-21T05:47:04,268.3681,-1.452419,1.6552903296010235,31.81545553841096,0.0520278682668108,False,positive,consistent_with_zero,,,,,unknown
Swift/BAT,sw00147029000bevshsp_uf.evt.gz,,2005-07-21T11:14:30.4,262.943847888148,-33.7749882945236,7237.229902303451,30.175505689473678,239.83789954605675,True,positive,significant_positive,,,,,unknown
Swift/BAT,sw00147072000bevshsp_uf.evt.gz,,2005-07-21T17:43:39.84,272.156537811539,-20.3971971414983,-5.567816321484953,174.29645256766833,0.0319445188898685,False,negative,consistent_with_zero,,,,,unknown
Swift/BAT,sw00147230000bevshsp_uf.evt.gz,,2005-07-22T21:19:28,298.921730545529,32.0869226461493,-4.493776712011607,24.710488701942385,0.1818570553668722,False,negative,consistent_with_zero,,,,,unknown
Swift/BAT,sw00147325000bevshsp_uf.evt.gz,,2005-07-23T11:17:49.439999,228.4728,-26.19459,1.766048502761423,19.83079123842499,0.0890558768698775,False,positive,consistent_with_zero,,,,,unknown
Swift/BAT,sw00147478000bevshsp_uf.evt.gz,GRB050724,2005-07-24T12:34:09.361840,246.1871,-27.54282,-3.402451594097954,32.87035555107047,0.1035112500931602,False,negative,consistent_with_zero,98.684,8.556632,73.868,10.91616,long
Swift/BAT,sw00147788000bevshsp_uf.evt.gz,GRB050726,2005-07-26T05:00:17.830940,200.0645009276,-32.0902643464852,8.198997159530368,116.55458910859782,0.0703446961825852,False,positive,consistent_with_zero,46.496,14.44798,18.16,7.763183,long
Swift/BAT,sw00147827000bevshsp_uf.evt.gz,,2005-07-26T13:19:12,257.078961032826,-22.655317727832,-8.041791989369786,518.819820749654,0.0155001633857203,False,negative,consistent_with_zero,,,,,unknown
Swift/BAT,sw00147857000bevshsp_uf.evt.gz,,2005-07-26T19:33:36,267.672799369352,-37.1001520453208,5.268791082989543,491.8308424830178,0.010712608132483,False,positive,consistent_with_zero,,,,,unknown
Swift/BAT,sw00147918000bevshsp_uf.evt.gz,,2005-07-27T06:31:44,238.256113857521,-21.7678288860753,-222784.07714390635,52.262044899170746,4262.827403208658,True,negative,significant_negative,,,,,unknown
Swift/BAT,sw00147919000bevshsp_uf.evt.gz,,2005-07-28T21:36:40,264.579349701185,-26.984079061687,-8.245536241931314,480.0360305632543,0.0171769111419747,False,negative,consistent_with_zero,,,,,unknown
Swift/BAT,sw00148201000bevshsp_uf.evt.gz,,2005-07-30T12:32:48,332.004917669326,54.5554568536428,3.831103423799851,36.92099780409055,0.1037648940076965,False,positive,consistent_with_zero,,,,,unknown
Swift/BAT,sw00148225000bevshsp_uf.evt.gz,GRB050730,2005-07-30T19:58:23.199020,212.065218990972,-3.76180048165143,4678.674468601373,57.66979421517043,81.12868326085713,True,positive,significant_positive,154.6,18.61522,59.72,12.56035,long
Swift/BAT,sw00148522000bevshsp_uf.evt.gz,GRB050801,2005-08-01T18:28:02.075720,204.0676,-22.09689,-6.214890850334765,26.70500211554953,0.2327238478935007,False,negative,consistent_with_zero,19.568,5.937695,6.98,4.264024,long
Swift/BAT,sw00148646000bevshsp_uf.evt.gz,GRB050802,2005-08-02T10:08:02.266620,219.286638875251,27.8064461097575,-1.2400813321681148,122.55491686254132,0.0101185767484057,False,negative,consistent_with_zero,27.456,8.164955,9.088,1.679924,long
Swift/BAT,sw00148833000bevshsp_uf.evt.gz,GRB050803,2005-08-03T19:14:00.344280,350.6572,5.785437,5.453818270463851,93.22331759306076,0.0585027266919517,False,positive,consistent_with_zero,88.124,10.19719,38.076,7.45742,long
Swift/BAT,sw00149118000bevshsp_uf.evt.gz,,2005-08-05T18:04:00,331.153840191259,29.9017848080853,-10.75003879873691,27.608775908798552,0.3893703521752666,False,negative,consistent_with_zero,,,,,unknown
Swift/BAT,sw00149131000bevshsp_uf.evt.gz,,2005-08-05T20:41:26.4,306.004513209698,37.2127175321715,-1.6391476647893384,17.12274780528258,0.0957292417916498,False,negative,consistent_with_zero,,,,,unknown
Swift/BAT,sw00150139000bevshsp_uf.evt.gz,GRB050813,2005-08-13T06:45:09.768120,242.009891218405,11.2520458868854,-0.2679939979166473,24.163311584990996,0.0110909465771699,False,negative,consistent_with_zero,0.384,0.1119464,0.188,0.1329662,short
Swift/BAT,sw00150314000bevshsp_uf.evt.gz,GRB050814,2005-08-14T11:38:56.966000,264.203808814218,46.3327854969257,-4.42064258507705,18.317832217125456,0.24133000743091,False,negative,consistent_with_zero,142.852,41.66076,53.928,19.67108,long
Swift/BAT,sw00150532000bevshsp_uf.evt.gz,GRB050815,2005-08-15T17:25:18.723840,293.574656755954,9.16636481502104,9.40803686570098,1092.0714805429088,0.0086148544608306,False,positive,consistent_with_zero,2.992,0.614752,1.576,0.4553856,long
Swift/BAT,sw00150823000bevshsp_uf.evt.gz,,2005-08-17T12:19:57.696,285.027947181705,-24.929880497601,2.537872614475128,20.86476050810335,0.121634399469358,False,positive,consistent_with_zero,,,,,unknown
Swift/BAT,sw00151131000bevshsp_uf.evt.gz,GRB050819,2005-08-19T16:23:55.132880,358.735497383504,24.8535340564834,-1.6908523983482002,22.159647923565128,0.0763032158353971,False,negative,consistent_with_zero,37.716,7.331198,18.252,5.406357,long
Swift/BAT,sw00151207000bevshsp_uf.evt.gz,GRB050820A,2005-08-20T06:34:53.115840,337.4075,19.55917,-3.234871939643362,457.5579038876734,0.007069863534556,False,negative,consistent_with_zero,240.768,11.51344,220.144,2.995378,long
Swift/BAT,sw00151334000bevshsp_uf.evt.gz,GRB050820B,2005-08-20T23:50:27.194600,135.55688251993,-72.6677827863734,2.647751350252873,90.8049779327931,0.0291586585948243,False,positive,consistent_with_zero,12.064,0.5189065,3.764,0.1826034,long
Swift/BAT,sw00151486000bevshsp_uf.evt.gz,GRB050822,2005-08-22T03:49:29.144560,51.1113,-46.03293,-10.175689629240804,260.2097227642944,0.0391057241103102,False,negative,consistent_with_zero,104.292,15.82051,45.492,4.954346,long
Swift/BAT,sw00151905000bevshsp_uf.evt.gz,GRB050824,2005-08-24T23:12:16.307660,12.2370524365621,22.592045480018,9.184202206009289,65.49533830607248,0.1402268076407166,False,positive,consistent_with_zero,25.008,5.553665,11.92,3.728412,long
Swift/BAT,sw00152038000bevshsp_uf.evt.gz,,2005-08-25T17:43:36.96,237.315816806457,47.3276964837783,9.5467290732442,63.29184106716772,0.1508366467506111,False,positive,consistent_with_zero,,,,,unknown
Swift/BAT,sw00152113000bevshsp_uf.evt.gz,GRB050826,2005-08-26T06:18:10.289400,87.7286242278895,-2.67982454693241,0.2494720330741211,27.80284617819734,0.0089728954897342,False,positive,consistent_with_zero,29.6,6.30981,17.392,10.33617,long
Swift/BAT,sw00152325000bevshsp_uf.evt.gz,GRB050827,2005-08-27T18:57:15.118740,64.2790125123005,18.2176224509772,5.378550601921069,38.339582894786055,0.1402871444032459,False,positive,consistent_with_zero,50.032,9.129024,10.752,1.724297,long
Swift/BAT,sw00152451000bevshsp_uf.evt.gz,,2005-08-28T15:09:36.319999,285.045642383103,-24.9248579946582,-0.2232937469718758,469.4111555492841,0.0004756890507013,False,negative,consistent_with_zero,,,,,unknown
Swift/BAT,sw00152762000bevshsp_uf.evt.gz,,2005-08-30T17:13:12,13.7087559596663,-0.0987132569530423,-4.904367213518248,615.8681300533927,0.0079633398355798,False,negative,consistent_with_zero,,,,,unknown
Swift/BAT,sw00153355000bevshsp_uf.evt.gz,,2005-09-03T05:33:36,41.5982693388621,13.3446942001763,-7.419439018634334,558.3427286900813,0.0132883238867298,False,negative,consistent_with_zero,,,,,unknown
Swift/BAT,sw00153461000bevshsp_uf.evt.gz,,2005-09-03T21:11:52,84.9235186879816,20.6606618937871,0.5464168538121068,1022.5298343864226,0.0005343774190608,False,positive,consistent_with_zero,,,,,unknown
Swift/BAT,sw00153463000bevshsp_uf.evt.gz,,2005-09-03T21:22:00,81.986633005844,18.6510255844512,5.708088034694001,563.3653665624628,0.0101321245030086,False,positive,consistent_with_zero,,,,,unknown
Swift/BAT,sw00153465000bevshsp_uf.evt.gz,,2005-09-03T21:32:08,78.5634399532341,16.2103944524969,2.016406273171666,1223.3267259496574,0.0016482974093501,False,positive,consistent_with_zero,,,,,unknown
Swift/BAT,sw00153466000bevshsp_uf.evt.gz,,2005-09-03T21:37:12,76.71292,14.97593,11.463050938337137,1110.3205198485475,0.0103240917675742,False,positive,consistent_with_zero,,,,,unknown
Swift/BAT,sw00153468000bevshsp_uf.evt.gz,,2005-09-03T21:52:40,236.75419650136,-1.63928562748894,4.578814604822059,523.6856538436936,0.0087434409768817,False,positive,consistent_with_zero,,,,,unknown
Swift/BAT,sw00153471000bevshsp_uf.evt.gz,,2005-09-03T22:02:48,240.538720961988,0.395935607752286,-7.116083506931693,1089.0955347429494,0.0065339387408389,False,negative,consistent_with_zero,,,,,unknown
Swift/BAT,sw00153473000bevshsp_uf.evt.gz,,2005-09-03T22:28:56,249.734917078798,5.30549496278229,5.309132761849677,922.497650264812,0.0057551721246397,False,positive,consistent_with_zero,,,,,unknown
Swift/BAT,sw00153475000bevshsp_uf.evt.gz,,2005-09-03T22:46:32,321.200536580415,50.4731037047901,2.0406719291396014,601.9647079800131,0.0033900192188797,False,positive,consistent_with_zero,,,,,unknown
Swift/BAT,sw00153476000bevshsp_uf.evt.gz,,2005-09-03T22:51:36,323.961967296224,48.7906356125847,8.341112942816261,1042.9918443486931,0.0079972945023601,False,positive,consistent_with_zero,,,,,unknown
Swift/BAT,sw00153477000bevshsp_uf.evt.gz,,2005-09-03T22:56:40,326.487668964988,47.1102868471919,6.296086321382039,810.6715598498939,0.0077665069717603,False,positive,consistent_with_zero,,,,,unknown
Swift/BAT,sw00153478000bevshsp_uf.evt.gz,,2005-09-03T23:01:44,328.949663442943,45.4029318136142,-13.169709116502808,763.6226291737667,0.0172463578387564,False,negative,consistent_with_zero,,,,,unknown
Swift/BAT,sw00153482000bevshsp_uf.evt.gz,,2005-09-03T23:32:00,187.975896345509,-62.7118386185557,0.6334487705033018,75.06486386958771,0.0084386853961902,False,positive,consistent_with_zero,,,,,unknown
Swift/BAT,sw00153483000bevshsp_uf.evt.gz,,2005-09-03T23:33:12,188.563688125808,-62.675990224485,1.984148184351928,478.54056004733945,0.004146248719556,False,positive,consistent_with_zero,,,,,unknown
Swift/BAT,sw00153484000bevshsp_uf.evt.gz,,2005-09-03T23:37:28,256.660495621167,-47.8832765317561,5.595940543638834,464.6807578180488,0.012042548458247,False,positive,consistent_with_zero,,,,,unknown
Swift/BAT,sw00153488000bevshsp_uf.evt.gz,,2005-09-03T23:40:56,258.083259398227,-36.900832494338,0.012110208680956,560.4545773547503,2.1607832588528755e-05,False,positive,consistent_with_zero,,,,,unknown
Swift/BAT,sw00153491000bevshsp_uf.evt.gz,,2005-09-03T23:44:56,258.89288638038,-36.9378889105147,3.695485849197723,445.9616765844406,0.0082865547495043,False,positive,consistent_with_zero,,,,,unknown
Swift/BAT,sw00153497000bevshsp_uf.evt.gz,,2005-09-04T00:09:44,254.409520294506,-51.2966219499738,3.3326977053365123,560.3989186922079,0.0059470095215636,False,positive,consistent_with_zero,,,,,unknown
Swift/BAT,sw00153500000bevshsp_uf.evt.gz,,2005-09-04T00:14:08,244.895390171536,-15.5226210407239,2.7023818779951205,424.6298580083124,0.0063640882218466,False,positive,consistent_with_zero,,,,,unknown
Swift/BAT,sw00153501000bevshsp_uf.evt.gz,,2005-09-04T00:17:20,299.890486162684,34.8977738619952,-2.65251788060536,436.917254134042,0.0060709845068091,False,negative,consistent_with_zero,,,,,unknown
Swift/BAT,sw00153504000bevshsp_uf.evt.gz,,2005-09-04T00:34:16,83.5127080133108,22.2015389168421,-6.022666236183246,80.05833029857745,0.0752284767084414,False,negative,consistent_with_zero,,,,,unknown
Swift/BAT,sw00153505000bevshsp_uf.evt.gz,,2005-09-04T00:35:20,84.1997964775222,26.1950294300472,-1.225683387830035,20.26445086440359,0.0604844116443867,False,negative,consistent_with_zero,,,,,unknown
Swift/BAT,sw00153514000bevshsp_uf.evt.gz,GRB050904,2005-09-04T01:51:44.290000,13.71031,14.08579,-1.447487534266378,101.65394814646616,0.0142393636514815,False,negative,consistent_with_zero,181.576,16.30626,88.028,10.9211,long
Swift/BAT,sw00153866000bevshsp_uf.evt.gz,GRB050906,2005-09-06T10:32:04.793880,52.8028382671989,-14.6254406768592,-2.409922776226914,20.22711558120126,0.1191431752368417,False,negative,consistent_with_zero,,,,,unknown
Swift/BAT,sw00153987000bevshsp_uf.evt.gz,,2005-09-07T09:36:16,247.953791995516,-48.8153097642638,-4.43362440884259,460.3903830627158,0.0096301412278601,False,negative,consistent_with_zero,,,,,unknown
Swift/BAT,sw00154073000bevshsp_uf.evt.gz,,2005-09-08T01:20:29.439999,132.143904066368,26.3658212546949,10.624623554857404,762.7066807764232,0.013930156667884,False,positive,consistent_with_zero,,,,,unknown
Swift/BAT,sw00154112000bevshsp_uf.evt.gz,GRB050908,2005-09-08T05:42:31.386740,20.4636377922441,-12.9713413289566,-0.0162812317443624,23.35213335063762,0.0006972053259501,False,negative,consistent_with_zero,18.284,3.28172,6.72,1.679734,long
Swift/BAT,sw00154406000bevshsp_uf.evt.gz,,2005-09-10T05:07:04,266.080743210929,-29.7748760183504,-1.4113797152340084,439.5643630137653,0.0032108601924806,False,negative,consistent_with_zero,,,,,unknown
Swift/BAT,sw00154630000bevshsp_uf.evt.gz,GRB050911,2005-09-11T15:59:33.844660,13.6918901114025,-38.8605504101289,-8.653876226298244,15.247763586539106,0.5675505248479837,False,negative,consistent_with_zero,16.24,0.8793179,13.528,1.310908,long
Swift/BAT,sw00154632000bevshsp_uf.evt.gz,,2005-09-11T16:37:04,244.202175974494,-10.5354543317715,-1.439904421844996,611.2755742967834,0.0023555733001461,False,negative,consistent_with_zero,,,,,unknown
Swift/BAT,sw00154633000bevshsp_uf.evt.gz,,2005-09-11T16:50:48,307.105648015594,31.1886493299496,-5.516279351147722,69.4166628420872,0.0794662135184524,False,negative,consistent_with_zero,,,,,unknown
Swift/BAT,sw00154637000bevshsp_uf.evt.gz,,2005-09-11T17:35:20,80.6953751508201,45.5758175855696,-7.724325179917651,20.654779639450712,0.3739727711819379,False,negative,consistent_with_zero,,,,,unknown
Swift/BAT,sw00154638000bevshsp_uf.evt.gz,,2005-09-11T17:50:24,83.8621679673711,22.7026985443394,3.3107384754679825,74.20694421821331,0.0446149415037548,False,positive,consistent_with_zero,,,,,unknown
Swift/BAT,sw00154639000bevshsp_uf.evt.gz,,2005-09-11T17:51:36,83.983724479281,22.7904021572435,2.671162208501642,478.5878365226287,0.0055813416151777,False,positive,consistent_with_zero,,,,,unknown
Swift/BAT,sw00154642000bevshsp_uf.evt.gz,,2005-09-11T18:17:12,246.319614823889,-15.0785600716615,0.0738705036271375,518.7628627766616,0.0001423974400012,False,positive,consistent_with_zero,,,,,unknown
Swift/BAT,sw00154646000bevshsp_uf.evt.gz,,2005-09-11T18:21:36,244.841509086551,-16.7103217224941,-1.9234921912103256,530.9890885919132,0.0036224702777058,False,negative,consistent_with_zero,,,,,unknown
Swift/BAT,sw00154647000bevshsp_uf.evt.gz,,2005-09-11T18:23:44,244.859044375004,-16.5568377847883,-5.699788116552639,472.7934939838112,0.0120555553092018,False,negative,consistent_with_zero,,,,,unknown
Swift/BAT,sw00154648000bevshsp_uf.evt.gz,,2005-09-11T18:27:04,295.251326512116,26.3396625124692,-1.9909274905391183,22.583915079661136,0.0881568799526761,False,negative,consistent_with_zero,,,,,unknown
Swift/BAT,sw00155072000bevshsp_uf.evt.gz,,2005-09-14T11:27:14.495999,59.66569,-16.52543,-3.8401376293620015,719.8696055459343,0.0053344905796511,False,negative,consistent_with_zero,,,,,unknown
Swift/BAT,sw00155242000bevshsp_uf.evt.gz,GRB050915A,2005-09-15T11:22:42.317800,81.7136478998272,-28.0303786003,1.1972446864019903,23.990355947352224,0.0499052489687685,False,positive,consistent_with_zero,53.42,11.27224,16.036,5.85311,long
Swift/BAT,sw00155284000bevshsp_uf.evt.gz,GRB050915B,2005-09-15T21:23:04.269060,219.095807718615,-67.4048403823788,-11.338194962335036,83.6663572069534,0.1355167756890547,False,negative,consistent_with_zero,43.096,4.405708,21.3,1.199306,long
Swift/BAT,sw00155408000bevshsp_uf.evt.gz,GRB050916,2005-09-16T16:35:52.267640,135.992250681767,-51.4255835934932,-9.698260761853287,26.494884657869303,0.3660427621062613,False,negative,consistent_with_zero,85.184,12.7243,32.896,22.12243,long
Swift/BAT,sw00155535000bevshsp_uf.evt.gz,,2005-09-17T13:18:59.52,121.938047801988,-21.2422231183282,5628.721729117399,19.37794955417939,290.4704501051511,True,positive,significant_positive,,,,,unknown
Swift/BAT,sw00155572000bevshsp_uf.evt.gz,,2005-09-17T18:03:04,79.1091664062453,-62.5822836108812,2.3632281120644176,440.2299388500148,0.0053681676403875,False,positive,consistent_with_zero,,,,,unknown
Swift/BAT,sw00155764000bevshsp_uf.evt.gz,,2005-09-18T19:42:12.479999,75.23409,-13.36547,-5.146532892926162,17.041873968120292,0.3019933666070775,False,negative,consistent_with_zero,,,,,unknown
Swift/BAT,sw00156220000bevshsp_uf.evt.gz,,2005-09-21T00:08:48,276.421809386395,-37.0337167372723,-5.593865505405051,458.568096241215,0.0121985492476619,False,negative,consistent_with_zero,,,,,unknown
Swift/BAT,sw00156434000bevshsp_uf.evt.gz,GRB050922B,2005-09-22T15:02:00.257060,5.80576,-5.603677,-4.818137498725838,24.4952103374254,0.1966971270038195,False,negative,consistent_with_zero,157.024,94.48681,15.376,187.3975,long
Swift/BAT,sw00156467000bevshsp_uf.evt.gz,GRB050922C,2005-09-22T19:55:50.400700,317.3892,-8.758517,0.101740259836242,29.78757648044636,0.0034155266005956,False,positive,consistent_with_zero,4.552,0.4480179,1.42,0.09338092,long
Swift/BAT,sw00156561000bevshsp_uf.evt.gz,,2005-09-23T02:12:48,287.704275574726,7.59948528076329,3.406101373415198,462.5732838782532,0.0073633767710451,False,positive,consistent_with_zero,,,,,unknown
Swift/BAT,sw00156838000bevshsp_uf.evt.gz,GRB050925,2005-09-25T09:04:33.628160,303.445191270095,34.3345869373457,3.4536270136192395,23.912715998185345,0.1444263802523027,False,positive,consistent_with_zero,0.09200001,0.01442221,0.044,0.01131371,short
Swift/BAT,sw00157253000bevshsp_uf.evt.gz,,2005-09-27T07:02:56,261.298147802294,-36.3130361928939,4.123759581698014,570.3154239479171,0.0072306646612359,False,positive,consistent_with_zero,,,,,unknown
Swift/BAT,sw00157870000bevshsp_uf.evt.gz,GRB051001,2005-10-01T11:11:36.241320,350.9546,-31.52102,7.263185878363166,28.674051402347853,0.2533016969401279,False,positive,consistent_with_zero,190.26,22.85993,101.852,36.07432,long
Swift/BAT,sw00158261000bevshsp_uf.evt.gz,,2005-10-04T11:01:44,244.443493711151,-15.3465557326457,83464.31771118465,31.102241937728145,2683.5466677384247,True,positive,significant_positive,,,,,unknown
Swift/BAT,sw00158262000bevshsp_uf.evt.gz,,2005-10-04T11:16:48,239.578782669113,-10.8689914897555,83196.33217694786,22.03617826844751,3775.44287232748,True,positive,significant_positive,,,,,unknown
Swift/BAT,sw00158539000bevshsp_uf.evt.gz,,2005-10-06T13:52:40,116.964241614475,-67.7152528042818,1.5478212566679947,500.9118810338603,0.0030900070756424,False,positive,consistent_with_zero,,,,,unknown
Swift/BAT,sw00158593000bevshsp_uf.evt.gz,GRB051006,2005-10-06T20:30:33.255560,110.830064621421,9.53064743051798,0.0815269634518085,17.29505064221802,0.0047138898369454,False,positive,consistent_with_zero,35.408,8.934607,11.792,7.996799,long
Swift/BAT,sw00158700000bevshsp_uf.evt.gz,,2005-10-07T17:00:42.56,115.891105785843,-0.512485921108127,1.944816116301599,19.25972370193807,0.1009784016842305,False,positive,consistent_with_zero,,,,,unknown
Swift/BAT,sw00158855000bevshsp_uf.evt.gz,GRB051008,2005-10-08T16:33:21.316200,202.870241770763,42.0905012677457,-6.580459242749074,513.1204677221369,0.0128243943804488,False,negative,consistent_with_zero,12.408,1.355315,4.756,0.3952518,long
Swift/BAT,sw00159578000bevshsp_uf.evt.gz,,2005-10-13T16:50:26.495999,247.514751588183,-4.39859472838639,-0.3557143142544932,1007.7149161048608,0.0003529910181635,False,negative,consistent_with_zero,,,,,unknown
Swift/BAT,sw00159913000bevshsp_uf.evt.gz,GRB051016A,2005-10-16T05:23:31.350440,122.8182,-18.297,2.1639013539722445,17.718935410176172,0.122123666229377,False,positive,consistent_with_zero,21.0,6.082763,7.0,5.09902,long
Swift/BAT,sw00159994000bevshsp_uf.evt.gz,GRB051016B,2005-10-16T18:28:08.981460,132.1151,13.65714,-2.622851666393037,21.421775877470584,0.1224385728520065,False,negative,consistent_with_zero,4.0,0.4482187,2.448,0.4222037,long
Swift/BAT,sw00160618000bevshsp_uf.evt.gz,,2005-10-21T11:45:20,252.010314553482,-30.5292169625726,4.379287672802471,496.0639856127045,0.0088280701679914,False,positive,consistent_with_zero,,,,,unknown
Swift/BAT,sw00160619000bevshsp_uf.evt.gz,,2005-10-21T12:12:33.28,106.671522176407,-40.4352909342245,-7.10200711966004,18.037195706593792,0.393742310899459,False,negative,consistent_with_zero,,,,,unknown
Swift/BAT,sw00160640000bevshsp_uf.evt.gz,,2005-10-21T14:45:03.615999,248.554746508044,-23.8229871544646,309.36465814784606,132.18612186438136,2.340371695488911,True,positive,significant_positive,,,,,unknown
Swift/BAT,sw00160672000bevshsp_uf.evt.gz,GRB051021B,2005-10-21T23:31:53.676000,126.037109457011,-45.5194340356682,1.0483504068741685,34.85105598882866,0.0300808792482561,False,positive,consistent_with_zero,46.512,11.42952,19.232,5.629909,long
Swift/BAT,sw00162526000bevshsp_uf.evt.gz,,2005-11-04T22:26:48,281.241144350066,-4.62558651122299,-8.674383001723871,548.5128262804162,0.0158143667497198,False,negative,consistent_with_zero,,,,,unknown
Swift/BAT,sw00162580000bevshsp_uf.evt.gz,GRB051105A,2005-11-05T06:26:41.537840,265.289452879954,34.9208520942204,-1.0419118228186883,15.893640882049542,0.0655552639292004,False,negative,consistent_with_zero,0.05599999,0.01442221,0.03200001,0.01788854,short
Swift/BAT,sw00162616000bevshsp_uf.evt.gz,,2005-11-05T15:49:04.639999,170.353324999869,-59.9885924265049,-1.948090540546172,463.1353108423061,0.0042063096787052,False,negative,consistent_with_zero,,,,,unknown
Swift/BAT,sw00163136000bevshsp_uf.evt.gz,GRB051109A,2005-11-09T01:12:20.522800,330.3149,40.82271,2.7412975656899943,75.71136107972909,0.0362072154904628,False,positive,consistent_with_zero,37.2,6.069085,22.256,15.73046,long
Swift/BAT,sw00163170000bevshsp_uf.evt.gz,GRB051109B,2005-11-09T08:39:39.370220,345.43961754781,38.6721088138371,-7.632916302182097,34.08544424619028,0.2239347754147351,False,negative,consistent_with_zero,15.696,4.117119,5.984,2.047195,long
Swift/BAT,sw00163204000bevshsp_uf.evt.gz,,2005-11-09T16:26:08,180.548116989701,-53.9586579123375,-1.130107349680465,356.89240916626375,0.0031665211157628,False,negative,consistent_with_zero,,,,,unknown
Swift/BAT,sw00163240000bevshsp_uf.evt.gz,,2005-11-09T21:33:36,5.8392175271281,61.5782170486982,1.8801133868417348,409.94491984871286,0.0045862585333063,False,positive,consistent_with_zero,,,,,unknown
Swift/BAT,sw00163438000bevshsp_uf.evt.gz,GRB051111,2005-11-11T05:59:41.478720,348.157448391974,18.3675138886497,0.93498416651556,98.09592153319318,0.0095313255831863,False,positive,consistent_with_zero,64.0,16.0,16.0,16.0,long
Swift/BAT,sw00163524000bevshsp_uf.evt.gz,,2005-11-11T21:41:04,283.777118599266,-2.64015970070468,-0.2049012286472408,423.0099032962349,0.0004843887271919,False,negative,consistent_with_zero,,,,,unknown
Swift/BAT,sw00163632000bevshsp_uf.evt.gz,,2005-11-12T17:15:44,322.376112963795,12.2123068205065,-7.522432413836459,422.0002636130413,0.0178256580918495,False,negative,consistent_with_zero,,,,,unknown
Swift/BAT,sw00163765000bevshsp_uf.evt.gz,GRB051113,2005-11-13T15:22:34.722320,187.222134587575,-26.3906051826446,2.69672705137522,22.65267865146509,0.1190467181770049,False,positive,consistent_with_zero,93.296,13.61242,38.184,24.40291,long
Swift/BAT,sw00164268000bevshsp_uf.evt.gz,GRB051117A,2005-11-17T10:51:20.091280,228.3906,30.87282,-0.0720984825897514,91.77752517454356,0.0007855788489898,False,negative,consistent_with_zero,140.632,13.50078,59.22,4.045707,long
Swift/BAT,sw00164279000bevshsp_uf.evt.gz,GRB051117B,2005-11-17T13:22:54.427080,85.2253223997025,-19.2449527944692,9.296683448548585,21.7238698409782,0.4279478525972408,False,positive,consistent_with_zero,9.02,1.315082,4.836,2.503646,long
Swift/BAT,sw00165579000bevshsp_uf.evt.gz,,2005-11-27T14:06:42.432,223.735692331568,51.339811650515,-5.113432016507154,435.8495401859388,0.0117321037308556,False,negative,consistent_with_zero,,,,,unknown
Swift/BAT,sw00171931000bevshsp_uf.evt.gz,GRB051210,2005-12-10T05:46:21.168500,330.1741,-57.61346,-2.422109744249823,18.99867911774497,0.1274883232270366,False,negative,consistent_with_zero,1.3,0.2951948,0.56,0.2867752,short
Swift/BAT,sw00172516000bevshsp_uf.evt.gz,GRB051213,2005-12-13T07:13:04.106720,252.122941460355,-59.2071286962437,0.954706695368034,24.719120333301923,0.0386221953894467,False,positive,consistent_with_zero,71.056,5.114457,53.08,5.357241,long
Swift/BAT,sw00172767000bevshsp_uf.evt.gz,,2005-12-15T00:39:49.12,163.138835454615,38.6261488448551,1.0941871082320624,18.739473776889024,0.0583894255121239,False,positive,consistent_with_zero,,,,,unknown
Swift/BAT,sw00172969000bevshsp_uf.evt.gz,,2005-12-16T11:21:52,358.7695,28.63391,-0.7445737411765126,18.945753875887394,0.0393002963119955,False,negative,consistent_with_zero,,,,,unknown
Swift/BAT,sw00173321000bevshsp_uf.evt.gz,,2005-12-18T19:06:48,246.657378485672,-51.93739381185,-4346.668402247386,23.28408404535663,186.6798107144872,True,negative,significant_negative,,,,,unknown
Swift/BAT,sw00173780000bevshsp_uf.evt.gz,GRB051221A,2005-12-21T01:51:15.868000,328.710912255944,16.8957209657683,0.405399043502224,15.140946638830195,0.0267750130274249,False,positive,consistent_with_zero,1.392,0.1974639,0.548,0.08009992,short
Swift/BAT,sw00173904000bevshsp_uf.evt.gz,GRB051221B,2005-12-21T20:03:20.090560,312.395437708596,53.0538094719893,8.13773838365908,29.621045278714952,0.2747282652279217,False,positive,consistent_with_zero,42.572,5.879697,24.016,4.882704,long
Swift/BAT,sw00174738000bevshsp_uf.evt.gz,GRB051227,2005-12-27T18:07:16.047360,125.2402,31.92603,-6.03933740098808,40.228785235688186,0.1501247767141225,False,negative,consistent_with_zero,115.4,14.94417,67.424,20.56356,long
Swift/BAT,sw00175603000bevshsp_uf.evt.gz,GRB060102,2006-01-02T21:17:27.963420,328.85223917685,-1.84590276569756,-0.6701358386047213,20.083963768908223,0.0333667121846809,False,negative,consistent_with_zero,19.0,5.09902,14.0,9.552487,long
Swift/BAT,sw00175653000bevshsp_uf.evt.gz,,2006-01-03T04:04:10.048,105.584413927366,62.7752028062787,-3.296916868461125,516.5514931961932,0.0063825521983515,False,negative,consistent_with_zero,,,,,unknown
Swift/BAT,sw00175942000bevshsp_uf.evt.gz,GRB060105,2006-01-05T06:49:27.446760,297.505,46.3503,9.131578895931908,140.77751243767034,0.0648653235720082,False,positive,consistent_with_zero,54.376,1.420051,25.944,0.4138792,long
Swift/BAT,sw00176453000bevshsp_uf.evt.gz,GRB060108,2006-01-08T14:39:11.760360,146.991545670284,31.9164170544607,-1.8543363178000944,31.90155663655588,0.058126828697607,False,negative,consistent_with_zero,14.22,2.144425,4.904,0.8409518,long
Swift/BAT,sw00176620000bevshsp_uf.evt.gz,GRB060109,2006-01-09T16:54:41.230260,282.683,31.99305,-1.7767994588758034,18.711278853184368,0.0949587397428701,False,negative,consistent_with_zero,115.592,11.14916,83.316,17.45483,long
Swift/BAT,sw00176702000bevshsp_uf.evt.gz,GRB060110,2006-01-10T08:01:17.773060,72.740721621106,28.3800293891184,-1.8121646054950056,112.14691692889043,0.0161588446220421,False,negative,consistent_with_zero,21.336,2.048489,7.744,0.7467262,long
Swift/BAT,sw00176755000bevshsp_uf.evt.gz,,2006-01-10T15:54:48,9.45190458421203,61.3502811386006,-5.009680071018218,527.3753893890137,0.0094992678304957,False,negative,consistent_with_zero,,,,,unknown
Swift/BAT,sw00176818000bevshsp_uf.evt.gz,GRB060111A,2006-01-11T04:23:06.123420,276.204,37.60599,5.0497576242501045,51.24843813221226,0.0985348589789719,False,positive,consistent_with_zero,13.212,1.165621,5.876,0.3706211,long
Swift/BAT,sw00176918000bevshsp_uf.evt.gz,GRB060111B,2006-01-11T20:15:43.242160,286.4267,70.37701,-4.406730506033132,76.77085687202111,0.0574010853282419,False,negative,consistent_with_zero,58.832,4.284321,21.16,2.916536,long
Swift/BAT,sw00177340000bevshsp_uf.evt.gz,,2006-01-15T05:20:50.24,82.7150054893989,13.3518409619621,2.577262972505472,425.3700298567111,0.0060588729614393,False,positive,consistent_with_zero,,,,,unknown
Swift/BAT,sw00177408000bevshsp_uf.evt.gz,GRB060115,2006-01-15T13:08:00.643040,54.03625,17.34622,8.577827368687357,49.75684543837187,0.1723949195957717,False,positive,consistent_with_zero,139.092,15.21002,92.032,2.755199,long
Swift/BAT,sw00177533000bevshsp_uf.evt.gz,GRB060116,2006-01-16T08:37:27.233480,84.6992896947215,-5.4486871468953,4.067421450150288,20.47353369318516,0.1986672897363181,False,positive,consistent_with_zero,104.832,27.25683,31.056,6.837225,long
Swift/BAT,sw00177666000bevshsp_uf.evt.gz,GRB060117,2006-01-17T06:50:01.599700,327.926469426567,-59.9805138823269,15.74166165860796,186.41682355615276,0.08444335311757,False,positive,consistent_with_zero,16.852,0.1433876,9.956,0.3617071,long
Swift/BAT,sw00178750000bevshsp_uf.evt.gz,GRB060124,2006-01-24T15:54:51.825540,77.0434182139533,69.7093915850525,1.407797147705314,18.473712254856903,0.0762054279228686,False,positive,consistent_with_zero,13.424,1.291649,7.9,2.232617,long
Swift/BAT,sw00178754000bevshsp_uf.evt.gz,,2006-01-24T17:17:36,333.229415290824,17.3228889250343,-5.982569359922392,530.3132845995304,0.0112811983664338,False,negative,consistent_with_zero,,,,,unknown
Swift/BAT,sw00179477000bevshsp_uf.evt.gz,,2006-01-29T17:18:40,214.235167139934,-46.6968564197135,-3.730472162769037,486.13215164379386,0.0076737820161758,False,negative,consistent_with_zero,,,,,unknown
Swift/BAT,sw00179811000bevshsp_uf.evt.gz,,2006-02-01T06:06:40,265.351398014353,-28.2194826052862,-2.529084049247298,641.8389817453825,0.0039403715280269,False,negative,consistent_with_zero,,,,,unknown
Swift/BAT,sw00179968000bevshsp_uf.evt.gz,GRB060202,2006-02-02T08:40:55.008460,35.84639,38.38593,0.1114054957851972,32.64868736180064,0.0034122503778067,False,positive,consistent_with_zero,192.876,22.93896,126.88,13.083,long
Swift/BAT,sw00180151000bevshsp_uf.evt.gz,GRB060203,2006-02-03T23:55:35.005260,103.51409528059,71.8235796171824,-36.26508460538395,945.2880276150654,0.0383640578807283,False,negative,consistent_with_zero,69.524,11.63856,31.772,11.98287,long
Swift/BAT,sw00180241000bevshsp_uf.evt.gz,GRB060204B,2006-02-04T14:34:24.092080,211.8111,27.67604,-7.541127236410375,33.96878066626153,0.2220017053452958,False,negative,consistent_with_zero,139.464,31.45746,29.916,10.23658,long
Swift/BAT,sw00180274000bevshsp_uf.evt.gz,,2006-02-04T20:33:44,92.7265504197278,70.1706724798407,-11.161816410725894,19.775671205565747,0.5644216216329723,False,negative,consistent_with_zero,,,,,unknown
Swift/BAT,sw00180455000bevshsp_uf.evt.gz,GRB060206,2006-02-06T04:46:53.272980,202.945915510309,35.0746795454092,-2.423024712794489,488.7195032265352,0.0049579046811056,False,negative,consistent_with_zero,7.552,2.192934,2.32,0.2176235,long
Swift/BAT,sw00180884000bevshsp_uf.evt.gz,,2006-02-09T10:30:56,283.380742092367,-0.860291301834337,1.1840651238497573,551.6271237736003,0.0021464954727928,False,positive,consistent_with_zero,,,,,unknown
Swift/BAT,sw00180931000bevshsp_uf.evt.gz,,2006-02-09T19:08:56.96,65.4539954274533,58.7297586963454,0.1202955706655535,20.34813467077528,0.0059118721500465,False,positive,consistent_with_zero,,,,,unknown
Swift/BAT,sw00180977000bevshsp_uf.evt.gz,GRB060210,2006-02-10T04:58:49.809180,57.73844,27.02734,8.373886813604601,31.046803324066392,0.2697181647397965,False,positive,consistent_with_zero,288.0,151.7893,48.0,16.0,long
Swift/BAT,sw00180984000bevshsp_uf.evt.gz,,2006-02-10T07:16:24,255.199229262299,-41.6579111783845,2.533076605778948,484.5132115394225,0.0052280857269726,False,positive,consistent_with_zero,,,,,unknown
Swift/BAT,sw00181126000bevshsp_uf.evt.gz,GRB060211A,2006-02-11T09:39:10.990840,58.38582,21.48871,-1.3219259515340849,31.972190696071387,0.041346117446263,False,negative,consistent_with_zero,126.46,9.555313,80.048,6.296944,long
Swift/BAT,sw00181156000bevshsp_uf.evt.gz,GRB060211B,2006-02-11T15:55:14.766340,75.0691948313119,14.9576753746448,-2.2662150972015573,18.339542364814218,0.1235698826132903,False,negative,consistent_with_zero,27.732,7.753546,7.784,5.45012,long
Swift/BAT,sw00181323000bevshsp_uf.evt.gz,,2006-02-12T23:42:40,260.99600045478,-37.6114940906612,-0.4756032107490246,518.5414734682374,0.0009171941591633,False,negative,consistent_with_zero,,,,,unknown
Swift/BAT,sw00191157000bevshsp_uf.evt.gz,GRB060218,2006-02-18T03:34:30.977720,50.4036197387777,16.8660799646394,-6.134163375683894,21.963641483450264,0.279287174683944,False,negative,consistent_with_zero,,,,,unknown
Swift/BAT,sw00191512000bevshsp_uf.evt.gz,GRB060219,2006-02-19T22:48:05.118160,241.806599596401,32.3303789915981,10.257547579278627,29.899076906797795,0.3430723835138365,False,positive,consistent_with_zero,62.044,6.246817,43.956,22.9843,long
Swift/BAT,sw00192059000bevshsp_uf.evt.gz,GRB060223A,2006-02-23T06:04:23.927580,55.2160197959957,-17.1390558972725,3.8220153216738986,27.89376862552081,0.1370203995374446,False,positive,consistent_with_zero,11.32,1.072604,5.08,0.7230712,long
Swift/BAT,sw00192152000bevshsp_uf.evt.gz,GRB060223B,2006-02-23T19:41:04.886460,254.241178315544,-30.8069451092458,-1.8828551800944284,116.67891560337894,0.0161370644418287,False,negative,consistent_with_zero,10.36,0.7509488,5.636,0.3779736,long
Swift/BAT,sw00200638000bevshsp_uf.evt.gz,GRB060306,2006-03-06T00:49:10.626240,41.09507,-2.148252,3.1832936922702064,39.92803825432626,0.0797257724507737,False,positive,consistent_with_zero,60.94,3.363018,42.804,0.6314048,long
Swift/BAT,sw00200696000bevshsp_uf.evt.gz,,2006-03-06T10:00:24,281.434562237123,0.814267692158471,1.951910308093041,435.7766567042536,0.0044791529744965,False,positive,consistent_with_zero,,,,,unknown
Swift/BAT,sw00201391000bevshsp_uf.evt.gz,GRB060312,2006-03-12T01:36:12.758340,45.77585,12.83457,-4.296811409426359,98.21517281045416,0.0437489573807378,False,negative,consistent_with_zero,44.656,3.234084,15.784,1.566882,long
Swift/BAT,sw00201487000bevshsp_uf.evt.gz,GRB060313,2006-03-13T00:12:06.484480,66.6095900742749,-10.8722794349947,2.36620679343704,9.783326769450529,0.241861163303445,False,positive,consistent_with_zero,0.744,0.03417602,0.48,0.02683283,short
Swift/BAT,sw00201721000bevshsp_uf.evt.gz,,2006-03-15T18:50:24,255.200967013278,-46.1725011399409,50.04089340472086,24.29623774777164,2.0596149051640897,True,positive,significant_positive,,,,,unknown
Swift/BAT,sw00202035000bevshsp_uf.evt.gz,GRB060319,2006-03-19T00:55:42.920580,176.369724300677,59.9902443826169,5.499224437827776,24.988446952785274,0.2200706769899847,False,positive,consistent_with_zero,10.288,1.718829,4.532,1.392789,long
Swift/BAT,sw00202442000bevshsp_uf.evt.gz,GRB060322,2006-03-22T23:00:21.120860,274.244501992693,-36.6974174803287,11.443551129592077,104.0956863902062,0.1099330003617588,False,positive,consistent_with_zero,229.472,23.49451,170.784,3.268028,long
Swift/BAT,sw00202505000bevshsp_uf.evt.gz,GRB060323,2006-03-23T14:32:36.031580,174.408567159494,49.9749559287599,1005.4123064060988,110.95384109947648,9.061536729536828,True,positive,significant_positive,23.872,5.603393,11.776,2.208927,long
Swift/BAT,sw00202662000bevshsp_uf.evt.gz,,2006-03-25T00:53:04,266.726995738122,-28.9496736945432,-15.999808359070949,602.7542006991655,0.0265444991349905,False,negative,consistent_with_zero,,,,,unknown
Swift/BAT,sw00202746000bevshsp_uf.evt.gz,,2006-03-25T20:16:41.28,286.828340324767,9.2697657951551,-5.6303112759509,506.5886055512093,0.0111141688033521,False,negative,consistent_with_zero,,,,,unknown
Swift/BAT,sw00202892000bevshsp_uf.evt.gz,,2006-03-27T00:52:32,280.221047668402,-5.57037699036247,-1.972149215304992,521.9315775370766,0.003778558914966,False,negative,consistent_with_zero,,,,,unknown
Swift/BAT,sw00203040000bevshsp_uf.evt.gz,,2006-03-28T11:59:15.84,286.798704047986,9.33496732855129,-2.112474714391226,237.07886596459505,0.0089104303152297,False,negative,consistent_with_zero,,,,,unknown
Swift/BAT,sw00203045000bevshsp_uf.evt.gz,,2006-03-28T13:50:16,266.620837332719,-28.7070675090197,4.790880226086168,431.54180417680607,0.0111017754936282,False,positive,consistent_with_zero,,,,,unknown
Swift/BAT,sw00203109000bevshsp_uf.evt.gz,,2006-03-29T01:28:04.992,286.801626515828,9.32851128935164,1.7623220989360102,22.242422462917787,0.0792324712775384,False,positive,consistent_with_zero,,,,,unknown
Swift/BAT,sw00203127000bevshsp_uf.evt.gz,,2006-03-29T02:53:10.463999,286.804401434249,9.33003454954243,3.5859479627825204,42.04364140725232,0.0852910890388281,False,positive,consistent_with_zero,,,,,unknown
Swift/BAT,sw00203755000bevshsp_uf.evt.gz,GRB060403,2006-04-03T13:12:17.129580,282.306272499452,8.32978203469296,9.354312719550569,56.440342647475255,0.1657380568714356,False,positive,consistent_with_zero,30.588,4.841253,14.188,1.800219,long
Swift/BAT,sw00203974000bevshsp_uf.evt.gz,,2006-04-05T06:43:32.479999,286.819285595876,9.34804224144477,0.4332025043659523,419.6753180584045,0.0010322325038559,False,positive,consistent_with_zero,,,,,unknown
Swift/BAT,sw00204415000bevshsp_uf.evt.gz,,2006-04-08T13:15:44,278.942251793228,-33.1191252818558,3.9561219364801103,464.473932821796,0.0085174251059594,False,positive,consistent_with_zero,,,,,unknown
Swift/BAT,sw00205096000bevshsp_uf.evt.gz,GRB060413,2006-04-13T18:40:22.869180,291.2813,13.75734,-3.714580124010356,93.93342939845236,0.0395448153846659,False,negative,consistent_with_zero,141.124,20.59712,37.348,3.188457,long
Swift/BAT,sw00205164000bevshsp_uf.evt.gz,,2006-04-14T04:35:29.599999,286.798640078872,9.3219873406636,-3.247279238550899,26.55541821282896,0.1222831142226987,False,negative,consistent_with_zero,,,,,unknown
Swift/BAT,sw00205373000bevshsp_uf.evt.gz,,2006-04-15T03:38:10.624,140.112543289651,-55.2398355021994,-3.795415195619624,455.1714333699881,0.0083384301328385,False,negative,consistent_with_zero,,,,,unknown
Swift/BAT,sw00205851000bevshsp_uf.evt.gz,GRB060418,2006-04-18T03:06:08.204500,236.4287,-3.640663,1.5123360075687513,136.5603751852292,0.0110744863253153,False,positive,consistent_with_zero,109.08,46.72552,25.492,0.6891386,long
Swift/BAT,sw00206257000bevshsp_uf.evt.gz,GRB060421,2006-04-21T00:39:23.334720,343.630155574858,62.7269646414008,13.0341358630066,57.95648690642044,0.2248952025689927,False,positive,consistent_with_zero,11.996,3.25771,6.336,0.8759178,long
Swift/BAT,sw00206773000bevshsp_uf.evt.gz,GRB060424,2006-04-24T04:16:19.520420,7.35525645990139,36.8198378270448,-2.4905922298294194,53.82971522932584,0.0462679807838287,False,negative,consistent_with_zero,37.68,3.473154,11.544,8.37686,long
Swift/BAT,sw00207281000bevshsp_uf.evt.gz,GRB060427,2006-04-27T11:43:10.841740,124.2692,62.67157,7.944381442868821,18.617225639320047,0.4267220904327489,False,positive,consistent_with_zero,62.0,16.49242,28.0,10.29563,long
Swift/BAT,sw00207364000bevshsp_uf.evt.gz,GRB060428A,2006-04-28T03:22:48.056420,123.5458,-37.16921,1.2662442570205974,48.98519305802725,0.0258495308065974,False,positive,consistent_with_zero,39.48,3.820836,22.152,1.667938,long
Swift/BAT,sw00207399000bevshsp_uf.evt.gz,GRB060428B,2006-04-28T08:54:38.839960,235.3569,62.02388,10559.131034445836,22.767830290676823,463.7741453461942,True,positive,significant_positive,96.0,50.59644,16.0,22.62742,long
Swift/BAT,sw00208050000bevshsp_uf.evt.gz,GRB060501,2006-05-01T08:14:58.865920,328.367202913993,43.9831881862281,2.6156463279689275,29.476753572047787,0.0887359023976538,False,positive,consistent_with_zero,25.628,10.37955,7.3,1.405344,long
Swift/BAT,sw00208169000bevshsp_uf.evt.gz,GRB060502A,2006-05-02T03:03:32.144320,240.9263,66.59802,1.692045396903082,93.40753733340674,0.0181146558961674,False,positive,consistent_with_zero,28.448,9.861223,10.66,0.8747205,long
Swift/BAT,sw00208183000bevshsp_uf.evt.gz,,2006-05-02T05:32:56.639999,135.900344538918,-18.1089959986378,1.6964130972759688,20.64987214935655,0.0821512639403352,False,positive,consistent_with_zero,,,,,unknown
Swift/BAT,sw00208275000bevshsp_uf.evt.gz,GRB060502B,2006-05-02T17:24:41.035100,278.935719107924,52.6321691479945,2.7438464037486114,25.638582117062835,0.1070202084975106,False,positive,consistent_with_zero,0.144,0.05059642,0.04799998,0.016,short
Swift/BAT,sw00208870000bevshsp_uf.evt.gz,GRB060507,2006-05-07T01:53:12.230320,89.9718765738037,75.2369661619308,6.672814492533446,26.435472401941382,0.2524189615784359,False,positive,consistent_with_zero,183.308,6.569049,114.352,7.591828,long
Swift/BAT,sw00209351000bevshsp_uf.evt.gz,GRB060510A,2006-05-10T07:43:27.647800,95.85338,-1.156422,-11.79765379177538,64.52792973182196,0.1828301921479028,False,negative,consistent_with_zero,20.148,1.101657,6.056,0.6160779,long
Swift/BAT,sw00209352000bevshsp_uf.evt.gz,GRB060510B,2006-05-10T08:22:14.815740,239.1223,78.56937,-1.5668601719750006,26.69078661951865,0.0587041586413633,False,negative,consistent_with_zero,262.936,9.031047,129.732,11.19111,long
Swift/BAT,sw00209755000bevshsp_uf.evt.gz,GRB060512,2006-05-12T23:13:20.730480,195.7746,41.19186,-18241.032494560342,23.72128995794421,768.9730418075961,True,negative,significant_negative,8.4,1.727745,4.244,1.311622,long
Swift/BAT,sw00210084000bevshsp_uf.evt.gz,GRB060515,2006-05-15T02:27:52.918180,127.287530616633,73.550864318477,-7.293456338661844,413.9869882629748,0.017617598005348,False,negative,consistent_with_zero,52.372,5.484591,26.208,8.091711,long
Swift/BAT,sw00210254000bevshsp_uf.evt.gz,GRB060516,2006-05-16T06:43:34.803820,71.1776265196255,-18.1132631831351,-0.0617299663597185,76.50007296041747,0.0008069268952417,False,negative,consistent_with_zero,128.0,35.77709,64.0,22.62742,long
Swift/BAT,sw00210842000bevshsp_uf.evt.gz,,2006-05-20T12:42:56,212.56221441322,-64.983321487899,-1.1334324543979817,433.6324179565237,0.0026138093174381,False,negative,consistent_with_zero,,,,,unknown
Swift/BAT,sw00210886000bevshsp_uf.evt.gz,,2006-05-20T17:32:40,251.998812361477,-45.2089494640119,-6.433796216821952,514.6109258249774,0.0125022534383774,False,negative,consistent_with_zero,,,,,unknown
Swift/BAT,sw00211117000bevshsp_uf.evt.gz,GRB060522,2006-05-22T02:11:18.792140,322.950749367837,2.87593922853813,135169.6562669693,40.34779496512768,3350.11259930798,True,positive,significant_positive,69.124,5.896616,42.064,9.077699,long
Swift/BAT,sw00211273000bevshsp_uf.evt.gz,,2006-05-22T21:50:56,19.4995771561348,65.2881053913601,2.5581576584666585,502.7478359282064,0.0050883514073086,False,positive,consistent_with_zero,,,,,unknown
Swift/BAT,sw00211850000bevshsp_uf.evt.gz,,2006-05-26T06:53:04,268.506284861314,-26.4070315915061,2.3133107381519897,497.55831362521576,0.0046493258675494,False,positive,consistent_with_zero,,,,,unknown
Swift/BAT,sw00211957000bevshsp_uf.evt.gz,GRB060526,2006-05-26T16:28:29.950920,232.8267,0.2864344,0.4453107977220152,37.67197352628424,0.0118207451332836,False,positive,consistent_with_zero,298.04,22.89869,249.256,8.1113,long
Swift/BAT,sw00212179000bevshsp_uf.evt.gz,,2006-05-28T00:51:28,241.1287761531,-17.9144693274576,1.5077252777444734,782.0729913655109,0.0019278574946207,False,positive,consistent_with_zero,,,,,unknown
Swift/BAT,sw00212206000bevshsp_uf.evt.gz,,2006-05-28T05:24:24,268.618732813048,16.4164387697234,5.683042259495939,478.71697800510447,0.0118714031893711,False,positive,consistent_with_zero,,,,,unknown
Swift/BAT,sw00212842000bevshsp_uf.evt.gz,,2006-05-31T22:16:04.8,281.619837814751,-2.99591453254513,1.9151304523241544,454.52569973940297,0.0042134701149399,False,positive,consistent_with_zero,,,,,unknown
Swift/BAT,sw00213056000bevshsp_uf.evt.gz,,2006-06-02T06:23:12,255.2419,-46.1849,3.593983984754764,17.652850399453616,0.2035922756625187,False,positive,consistent_with_zero,,,,,unknown
Swift/BAT,sw00213180000bevshsp_uf.evt.gz,GRB060602A,2006-06-02T21:32:12.464320,149.575786869351,0.323047531306239,-4.193067403675652,24.631923735938763,0.1702289861168185,False,negative,consistent_with_zero,74.836,12.95641,33.276,10.785,long
Swift/BAT,sw00213190000bevshsp_uf.evt.gz,,2006-06-02T23:54:35.136,267.379966382982,-28.1088244879662,2.7912091672310835,22.50908017338772,0.1240036974292314,False,positive,consistent_with_zero,,,,,unknown
Swift/BAT,sw00213486000bevshsp_uf.evt.gz,GRB060604,2006-06-04T18:19:00.012500,337.229,-10.9175,0.8156356468039213,21.27100690352953,0.0383449476793964,False,positive,consistent_with_zero,96.0,22.62742,48.0,16.0,long
Swift/BAT,sw00213630000bevshsp_uf.evt.gz,GRB060605,2006-06-05T18:15:44.618460,322.143864682533,-6.06022138273773,26.834091564575235,25.107231283742184,1.068779399102889,False,positive,consistent_with_zero,79.84,6.632779,33.948,23.95355,long
Swift/BAT,sw00213716000bevshsp_uf.evt.gz,,2006-06-06T10:17:20,285.432616693981,1.4371560972704,1.3106989928628656,482.2733245450853,0.0027177513790529,False,positive,consistent_with_zero,,,,,unknown
Swift/BAT,sw00213823000bevshsp_uf.evt.gz,GRB060607A,2006-06-07T05:12:13.351500,329.709,-22.49726,-3.063236470460246,73.76128650988244,0.0415290542695433,False,negative,consistent_with_zero,103.032,28.06196,25.244,2.383323,long
Swift/BAT,sw00213934000bevshsp_uf.evt.gz,GRB060607B,2006-06-07T23:32:44.133940,42.0330569109095,14.73591271934,-5.361503486999948,36.99663330232125,0.144918686064971,False,negative,consistent_with_zero,31.584,4.283407,12.872,2.644557,long
Swift/BAT,sw00214277000bevshsp_uf.evt.gz,,2006-06-10T06:53:02.08,286.791307453051,9.32276567087493,-6.3150986081507,26.56190195409837,0.2377502416454899,False,negative,consistent_with_zero,,,,,unknown
Swift/BAT,sw00214805000bevshsp_uf.evt.gz,GRB060614,2006-06-14T12:43:48.504600,320.8848,-53.02563,5.35158220141185,206.78222158988896,0.0258802819713661,False,positive,consistent_with_zero,109.104,3.372837,43.236,0.7721554,long
Swift/BAT,sw00215177000bevshsp_uf.evt.gz,,2006-06-18T05:26:40,134.9816,-41.39883,-4.4661934380790616,20.46993210055149,0.21818310955505,False,negative,consistent_with_zero,,,,,unknown
Swift/BAT,sw00215179000bevshsp_uf.evt.gz,,2006-06-18T05:56:48,186.899424567237,-63.180798571259,3.2188427811935645,434.60202874293566,0.0074064145317128,False,positive,consistent_with_zero,,,,,unknown
Swift/BAT,sw00215180000bevshsp_uf.evt.gz,,2006-06-18T06:14:32,244.3168,-15.38077,0.2815837355562987,32.38714146581789,0.0086943065306794,False,positive,consistent_with_zero,,,,,unknown
Swift/BAT,sw00215203000bevshsp_uf.evt.gz,,2006-06-18T19:11:04,255.037364513171,-42.4148700801938,-3.555268472737891,516.479332326239,0.006883660681493,False,negative,consistent_with_zero,,,,,unknown
Swift/BAT,sw00215279000bevshsp_uf.evt.gz,,2006-06-19T11:41:04.639999,33.3135,29.86656,1.9642575944065408,156.5360681436063,0.0125482747695216,False,positive,consistent_with_zero,,,,,unknown
Swift/BAT,sw00215769000bevshsp_uf.evt.gz,,2006-06-23T16:00:24,166.1139,38.21024,10.511845599131629,28.699798048547123,0.3662689744837341,False,positive,consistent_with_zero,,,,,unknown
Swift/BAT,sw00215914000bevshsp_uf.evt.gz,,2006-06-24T20:20:00,252.118263346805,-45.1600310930876,-1.066026381633025,417.0444388155967,0.0025561457782785,False,negative,consistent_with_zero,,,,,unknown
Swift/BAT,sw00215987000bevshsp_uf.evt.gz,,2006-06-25T10:07:28,255.237329530426,-46.1887856433436,-0.4472025646347319,462.9902776005268,0.0009659005518482,False,negative,consistent_with_zero,,,,,unknown
Swift/BAT,sw00216122000bevshsp_uf.evt.gz,,2006-06-26T18:52:24,330.118452160516,9.71528057600105,2.4557039695693845,602.4831644021639,0.0040759711053605,False,positive,consistent_with_zero,,,,,unknown
Swift/BAT,sw00216568000bevshsp_uf.evt.gz,,2006-06-30T23:38:24,308.036919807042,37.6440789320738,-0.7393346052174009,424.5690824678664,0.0017413764585021,False,negative,consistent_with_zero,,,,,unknown
Swift/BAT,sw00216664000bevshsp_uf.evt.gz,,2006-07-01T18:45:35.168,263.327461827525,-33.4461252920544,0.8211354680659092,503.9759514139447,0.0016293147832989,False,positive,consistent_with_zero,,,,,unknown
Swift/BAT,sw00217704000bevshsp_uf.evt.gz,GRB060707,2006-07-07T21:30:19.497320,357.079370004711,-17.9229403218212,-0.1385109030527734,44.58442754286106,0.0031067103624828,False,negative,consistent_with_zero,66.644,6.376714,34.648,14.64141,long
Swift/BAT,sw00217805000bevshsp_uf.evt.gz,GRB060708,2006-07-08T12:15:59.016080,7.8075833,-33.759,5.348746296765717,29.456251794398472,0.1815827191490418,False,positive,consistent_with_zero,10.028,3.672148,3.272,0.5511443,long
Swift/BAT,sw00218582000bevshsp_uf.evt.gz,GRB060712,2006-07-12T21:07:43.711080,184.061047100022,35.5596913631098,-5.8832388496310735,17.421925456067434,0.3376916555214712,False,negative,consistent_with_zero,30.912,6.630412,13.76,7.105153,long
Swift/BAT,sw00219101000bevshsp_uf.evt.gz,GRB060714,2006-07-14T15:12:00.283480,227.8607,-6.566001,-0.4179084909718969,51.09650335605168,0.0081788080107912,False,negative,consistent_with_zero,116.064,8.968655,86.216,3.68572,long
Swift/BAT,sw00219136000bevshsp_uf.evt.gz,,2006-07-14T17:26:14.4,278.7532,-42.72778,-15876.62499559249,22.21752493437619,714.5991753126062,True,negative,significant_negative,,,,,unknown
Swift/BAT,sw00219646000bevshsp_uf.evt.gz,GRB060717,2006-07-17T09:07:38.901820,170.861533651496,28.948397280501,2.8807954574273835,40.53235414062988,0.0710739733357766,False,positive,consistent_with_zero,3.0,1.414214,1.0,1.0,long
Swift/BAT,sw00220020000bevshsp_uf.evt.gz,GRB060719,2006-07-19T06:50:36.945900,18.43067,-48.38086,-0.5793901166488898,50.83416027505311,0.0113976529466392,False,negative,consistent_with_zero,66.92,11.55493,45.052,5.839179,long
Swift/BAT,sw00221627000bevshsp_uf.evt.gz,GRB060728,2006-07-28T22:24:30.654180,16.6935998159746,-41.3863114891152,13241.386116574644,21.25400256665537,623.0067054451463,True,positive,significant_positive,,,,,unknown
Swift/BAT,sw00221755000bevshsp_uf.evt.gz,GRB060729,2006-07-29T19:12:29.244420,95.37811,-62.37101,-0.155336070808372,49.25525995936003,0.003153695076151,False,negative,consistent_with_zero,113.044,22.12824,21.368,2.925266,long
Swift/BAT,sw00221873000bevshsp_uf.evt.gz,,2006-07-30T16:04:00,75.8093048773688,-29.9051313280818,4.35919984308144,18.535551286844072,0.235180479696628,False,positive,consistent_with_zero,,,,,unknown
Swift/BAT,sw00222154000bevshsp_uf.evt.gz,GRB060801,2006-08-01T12:16:15.158880,213.024750261889,16.984129194985,-0.0773221545747728,17.098224794621792,0.0045222328928026,False,negative,consistent_with_zero,0.504,0.0609262,0.316,0.06881859,short
Swift/BAT,sw00222425000bevshsp_uf.evt.gz,,2006-08-03T09:51:28,0.935572053766996,8.35784168203159,-1.1358024725590252,494.4733100991113,0.0022969944977037,False,negative,consistent_with_zero,,,,,unknown
Swift/BAT,sw00222546000bevshsp_uf.evt.gz,GRB060804,2006-08-04T07:28:19.825160,112.201199296934,-27.2313754670281,-11.848737195607503,29.89750047922989,0.3963119660735167,False,negative,consistent_with_zero,18.188,2.657232,11.34,5.378574,long
Swift/BAT,sw00222683000bevshsp_uf.evt.gz,GRB060805A,2006-08-05T04:47:49.167340,220.918978393931,12.5923851602665,1.7157244903475604,30.67320256966,0.0559356163234368,False,positive,consistent_with_zero,4.928,1.353585,1.856,1.576731,long
Swift/BAT,sw00223217000bevshsp_uf.evt.gz,GRB060807,2006-08-07T14:41:35.402420,252.527449283141,31.5902332978161,7.044120617438533,36.728999747677975,0.1917863450088608,False,positive,consistent_with_zero,54.048,11.68915,17.404,6.694549,long
Swift/BAT,sw00223918000bevshsp_uf.evt.gz,,2006-08-11T02:59:56.863999,192.4162,-59.08781,-58228.60418387269,30.65001262015088,1899.7905451298325,True,negative,significant_negative,,,,,unknown
Swift/BAT,sw00224364000bevshsp_uf.evt.gz,GRB060813,2006-08-13T22:50:22.685460,111.8959,-29.84852,5.579611575341627,138.29773351445988,0.0403449241976062,False,positive,consistent_with_zero,15.968,3.387924,4.192,0.1224418,long
Swift/BAT,sw00224552000bevshsp_uf.evt.gz,GRB060814,2006-08-14T23:02:19.035400,221.3386,20.5842,1.9095871621296985,224.11751951902204,0.008520472501337,False,positive,consistent_with_zero,145.072,4.819031,61.66,0.6762721,long
Swift/BAT,sw00225393000bevshsp_uf.evt.gz,,2006-08-19T14:43:21.856,266.7406685178,-28.9031449416071,0.167826049127993,484.35065843121777,0.0003464969980046,False,positive,consistent_with_zero,,,,,unknown
Swift/BAT,sw00225891000bevshsp_uf.evt.gz,,2006-08-22T01:50:45.12,234.244027353801,-57.8535147397321,0.5341152609613613,434.0449593120394,0.0012305528482762,False,positive,consistent_with_zero,,,,,unknown
Swift/BAT,sw00226382000bevshsp_uf.evt.gz,GRB060825,2006-08-25T02:59:57.702280,18.1016258752534,55.8051742050065,5.599644502495115,45.2792279442475,0.1236691692135294,False,positive,consistent_with_zero,7.976,0.6568044,3.792,0.1886796,long
Swift/BAT,sw00226614000bevshsp_uf.evt.gz,,2006-08-26T09:58:16,208.218966460113,11.8712232052368,4.1512171706473335,18.46238716181631,0.2248472602304013,False,positive,consistent_with_zero,,,,,unknown
Swift/BAT,sw00227996000bevshsp_uf.evt.gz,GRB060904A,2006-09-04T01:03:21.201840,237.7289,44.98558,7.6574728870452,212.4779039092714,0.0360389139113258,False,positive,consistent_with_zero,80.06,2.218417,25.892,1.914292,long
Swift/BAT,sw00228006000bevshsp_uf.evt.gz,GRB060904B,2006-09-04T02:31:03.857720,58.2105,-0.7251944,-1.6673257971100268,51.273268838609134,0.0325184220720977,False,negative,consistent_with_zero,189.98,21.16182,150.78,5.200114,long
Swift/BAT,sw00228316000bevshsp_uf.evt.gz,GRB060906,2006-09-06T08:32:46.573080,40.7485000090217,30.3494020585399,4.688412919846361,24.64826113888202,0.1902127250855236,False,positive,consistent_with_zero,44.588,2.594496,17.096,2.356805,long
Swift/BAT,sw00228568000bevshsp_uf.evt.gz,,2006-09-08T06:04:08,106.612033475865,-49.0854923574777,3.073046818289005,538.057476034974,0.0057113727717989,False,positive,consistent_with_zero,,,,,unknown
Swift/BAT,sw00228581000bevshsp_uf.evt.gz,GRB060908,2006-09-08T08:57:22.344940,31.826375,0.342,-1.8571886524681087,32.73071887127192,0.0567414562378641,False,negative,consistent_with_zero,19.296,1.30216,7.416,0.6393622,long
Swift/BAT,sw00228720000bevshsp_uf.evt.gz,,2006-09-09T07:21:36,28.4474772589984,-36.360063694932,-5.080173117391926,491.9779194131921,0.0103260185405298,False,negative,consistent_with_zero,,,,,unknown
Swift/BAT,sw00229185000bevshsp_uf.evt.gz,GRB060912A,2006-09-12T13:55:54.144260,5.283875,20.9714722,8.958907525619384,44.67022728520235,0.2005565691085514,False,positive,consistent_with_zero,5.028,0.5806755,1.748,0.1862901,long
Swift/BAT,sw00230115000bevshsp_uf.evt.gz,GRB060919,2006-09-19T07:48:38.674380,276.91131212325,-51.0275372613452,-7.6134061963271105,22.56053944711401,0.337465609551328,False,negative,consistent_with_zero,9.0,1.665062,3.22,2.738189,long
Swift/BAT,sw00230341000bevshsp_uf.evt.gz,,2006-09-21T01:34:52.479999,251.755655109556,-45.8914668446844,-0.5901207086569373,494.5999674643493,0.0011931272694624,False,negative,consistent_with_zero,,,,,unknown
Swift/BAT,sw00230504000bevshsp_uf.evt.gz,,2006-09-22T06:24:48,267.4125,-28.35367,5.168707936983473,24.423351214677325,0.2116297592231042,False,positive,consistent_with_zero,,,,,unknown
Swift/BAT,sw00230662000bevshsp_uf.evt.gz,GRB060923A,2006-09-23T05:12:15.370360,254.6230284423,12.3791714036898,3.666236314129512,34.192527146672816,0.1072233210023572,False,positive,consistent_with_zero,58.492,7.127251,38.768,25.43488,long
Swift/BAT,sw00230702000bevshsp_uf.evt.gz,GRB060923B,2006-09-23T11:38:06.217800,238.2004,-30.91278,-2.8279448890594154,27.090955897345964,0.1043870470933239,False,negative,consistent_with_zero,8.948,1.296341,4.304,1.052555,long
Swift/BAT,sw00230711000bevshsp_uf.evt.gz,GRB060923C,2006-09-23T13:33:02.537640,346.1173,3.925159,-2.32038474043847,18.086279382488183,0.1282953055942038,False,negative,consistent_with_zero,73.728,9.931606,30.528,11.96388,long
Swift/BAT,sw00231231000bevshsp_uf.evt.gz,GRB060926,2006-09-26T16:48:41.859180,263.9317917,13.0385,3.676815703244933,17.140632482601006,0.2145087532199975,False,positive,consistent_with_zero,8.824,1.14368,3.692,1.235968,long
Swift/BAT,sw00231362000bevshsp_uf.evt.gz,GRB060927,2006-09-27T14:07:35.297340,329.55252602015,5.35273339381842,2.3886856213422374,39.18379637489792,0.0609610564144439,False,positive,consistent_with_zero,22.416,1.190914,15.76,5.197676,long
Swift/BAT,sw00231702000bevshsp_uf.evt.gz,GRB060929,2006-09-29T19:55:01.052660,263.164465019978,29.8148078195528,50683.18270393332,36.896650940192536,1373.6526598603218,True,positive,significant_positive,552.96,26.88739,521.728,577.9789,long
Swift/BAT,sw00231974000bevshsp_uf.evt.gz,GRB061002,2006-10-02T01:03:29.592060,220.345605609545,48.7365696281697,-3.984599100841823,53.78897896563509,0.0740783554078525,False,negative,consistent_with_zero,17.628,1.96191,9.3,2.868828,long
Swift/BAT,sw00232339000bevshsp_uf.evt.gz,GRB061004,2006-10-04T19:50:30.514260,97.79475,-45.9065,-4.845238659243639,46.19597959956746,0.1048844228706215,False,negative,consistent_with_zero,6.26,0.6493566,1.916,0.2665633,long
Swift/BAT,sw00232585000bevshsp_uf.evt.gz,GRB061006,2006-10-06T16:45:50.510340,111.090082281944,-79.2018093198341,3.237623321884866,39.73503088435429,0.0814803273038271,False,positive,consistent_with_zero,129.792,30.67741,55.744,17.54209,long
Swift/BAT,sw00232683000bevshsp_uf.evt.gz,GRB061007,2006-10-07T10:08:08.812840,46.33162,-50.50068,27.427302603375303,308.9234221490732,0.0887834998478686,False,positive,consistent_with_zero,75.736,2.482554,23.016,0.1987159,long
Swift/BAT,sw00234516000bevshsp_uf.evt.gz,GRB061019,2006-10-19T04:19:06.964420,91.6165852177475,29.572562393964,3.200983425234269,103.850777432091,0.0308229124941064,False,positive,consistent_with_zero,180.384,6.361202,168.496,161.1297,long
Swift/BAT,sw00234849000bevshsp_uf.evt.gz,,2006-10-21T09:02:01.983999,94.2686376783712,9.15972729389693,-1.0663274552569952,411.6072406124503,0.0025906430938152,False,negative,consistent_with_zero,,,,,unknown
Swift/BAT,sw00234905000bevshsp_uf.evt.gz,GRB061021,2006-10-21T15:39:07.663300,145.150375,-21.9513889,5.538440719404648,110.38396011560042,0.0501743252697627,False,positive,consistent_with_zero,47.82,5.632594,10.764,1.270068,long
Swift/BAT,sw00235645000bevshsp_uf.evt.gz,GRB061027,2006-10-27T10:15:02.467300,270.812052997813,-82.2277921845646,-2.513298362856214,37.90375660369437,0.0663073686635917,False,negative,consistent_with_zero,,,,,unknown
Swift/BAT,sw00235715000bevshsp_uf.evt.gz,GRB061028,2006-10-28T01:26:22.466000,97.2268,46.29808,13.781557786407042,33.48737498084142,0.4115448820426102,False,positive,consistent_with_zero,105.812,36.9372,42.032,17.50477,long
Swift/BAT,sw00236430000bevshsp_uf.evt.gz,GRB061102,2006-11-02T01:00:31.223660,148.4075,-17.02458,1.7476573266816329,26.117780713553163,0.0669144651243177,False,positive,consistent_with_zero,45.544,9.687618,21.344,17.07101,long
Swift/BAT,sw00236481000bevshsp_uf.evt.gz,,2006-11-02T06:13:17.759999,309.881006410199,15.1789262981433,-2.961471354614474,17.090573931981623,0.173280977362186,False,negative,consistent_with_zero,,,,,unknown
Swift/BAT,sw00236944000bevshsp_uf.evt.gz,,2006-11-04T22:43:44,325.440479567475,43.8248484710723,2.0935819405971694,413.7401981382881,0.0050601366510135,False,positive,consistent_with_zero,,,,,unknown
Swift/BAT,sw00237821000bevshsp_uf.evt.gz,,2006-11-09T00:30:21.439999,311.747439746626,24.1665398676816,-0.3401520082072222,20.548441560029843,0.016553664530398,False,negative,consistent_with_zero,,,,,unknown
Swift/BAT,sw00238108000bevshsp_uf.evt.gz,GRB061110A,2006-11-10T11:47:21.318140,336.2914,-2.2583,-2.2766546116008914,44.73788557747408,0.050888739649046,False,negative,consistent_with_zero,44.508,5.903362,22.144,3.234182,long
Swift/BAT,sw00238174000bevshsp_uf.evt.gz,GRB061110B,2006-11-10T21:58:45.541260,323.901585252738,6.87708414719814,1.9068477066680976,37.54340009922313,0.0507904905157366,False,positive,consistent_with_zero,135.248,17.59198,59.892,10.89585,long
Swift/BAT,sw00238544000bevshsp_uf.evt.gz,,2006-11-13T03:53:08.351999,298.4273,35.31133,3.175041556585657,17.81585036051513,0.178214426610948,False,positive,consistent_with_zero,,,,,unknown
Swift/BAT,sw00238546000bevshsp_uf.evt.gz,,2006-11-13T04:08:16,288.7123,10.63209,0.5187943361693073,82.16505094681011,0.0063140511712838,False,positive,consistent_with_zero,,,,,unknown
Swift/BAT,sw00238552000bevshsp_uf.evt.gz,,2006-11-13T05:06:56,134.669165809837,-40.5858937890585,-6.067624109583228,72.63167605934997,0.0835396405367976,False,negative,consistent_with_zero,,,,,unknown
Swift/BAT,sw00239899000bevshsp_uf.evt.gz,GRB061121,2006-11-21T15:22:29.006780,147.2272917,-13.1950833,10.902563965748266,205.2082531180896,0.0531292664894635,False,positive,consistent_with_zero,81.216,46.40242,7.48,0.104,long
Swift/BAT,sw00239987000bevshsp_uf.evt.gz,,2006-11-22T08:58:18.56,189.292,-12.34313,1.0605919754065052,910.254992259878,0.0011651591965163,False,positive,consistent_with_zero,,,,,unknown
Swift/BAT,sw00240766000bevshsp_uf.evt.gz,GRB061126,2006-11-26T08:47:56.420860,86.601875,64.2106944,6.456037719036053,107.2746455708205,0.0601823262587608,False,positive,consistent_with_zero,52.624,10.76037,14.856,0.4512206,long
Swift/BAT,sw00240801000bevshsp_uf.evt.gz,,2006-11-26T13:16:08.96,286.816471920316,9.31861256148646,-2.9599899553732536,12.619452255067818,0.234557720536924,False,negative,consistent_with_zero,,,,,unknown
Swift/BAT,sw00241840000bevshsp_uf.evt.gz,GRB061201,2006-12-01T15:58:36.821720,331.971646734012,-74.6005732902225,4.263774095353916,15.369859656218296,0.2774113876588905,False,positive,consistent_with_zero,0.776,0.09507892,0.432,0.05059642,short
Swift/BAT,sw00241963000bevshsp_uf.evt.gz,GRB061202,2006-12-02T08:11:44.696300,105.524,-74.69938,-4.472048226153863,115.51395458377152,0.0387143548350316,False,negative,consistent_with_zero,94.188,35.34425,17.44,1.710471,long
Swift/BAT,sw00243690000bevshsp_uf.evt.gz,GRB061210,2006-12-10T12:20:39.551180,144.513866649245,15.6321041191689,1.3532547188899318,6.275170408659111,0.2156522661157655,False,positive,consistent_with_zero,85.232,13.08802,49.428,19.33361,long
Swift/BAT,sw00250033000bevshsp_uf.evt.gz,,2006-12-13T16:56:32,288.837751266839,11.0110992320629,4.497155360574418,771.3689776063222,0.0058300962200084,False,positive,consistent_with_zero,,,,,unknown
Swift/BAT,sw00250908000bevshsp_uf.evt.gz,,2006-12-14T12:16:55.039999,7.7766114981453,-29.6401990420507,-4556.291992247452,20.222468537891867,225.30839811717823,True,negative,significant_negative,,,,,unknown
Swift/BAT,sw00251634000bevshsp_uf.evt.gz,GRB061217,2006-12-17T03:40:08.217280,160.441664347489,-21.1182033163857,-7.124401930568897,18.384533660341347,0.3875214929132239,False,negative,consistent_with_zero,0.224,0.04326664,0.104,0.0432666,short
Swift/BAT,sw00251863000bevshsp_uf.evt.gz,GRB061218,2006-12-18T04:05:05.815160,149.222968728283,-35.146298988644,2.633371190278815,27.43517650343321,0.0959852104450385,False,positive,consistent_with_zero,,,,,unknown
Swift/BAT,sw00252588000bevshsp_uf.evt.gz,GRB061222A,2006-12-22T03:28:52.110840,358.2687,46.53474,51.41564005694047,188.3804125608619,0.2729351706899416,False,positive,consistent_with_zero,100.0,12.16553,29.0,1.0,long
Swift/BAT,sw00252593000bevshsp_uf.evt.gz,GRB061222B,2006-12-22T04:11:02.350780,105.3531,-25.85972,-9.74828869232728,55.07044171807636,0.1770148992490738,False,negative,consistent_with_zero,37.248,6.057907,19.312,2.587502,long
Swift/BAT,sw00254532000bevshsp_uf.evt.gz,GRB070103,2007-01-03T20:46:39.412140,352.557389445908,26.8755363387016,4.062141530605627,28.63723261778649,0.1418482569465404,False,positive,consistent_with_zero,18.408,1.212694,12.272,5.84761,long
Swift/BAT,sw00255029000bevshsp_uf.evt.gz,GRB070107,2007-01-07T12:05:18.316420,159.407793776817,-53.207754632713,3.42040069729956,47.23064836259572,0.0724190925993797,False,positive,consistent_with_zero,370.3,45.63288,43.012,6.029424,long
Swift/BAT,sw00255445000bevshsp_uf.evt.gz,GRB070110,2007-01-10T07:22:41.574460,0.9132917,-52.9738889,-1.2107700605345486,79.01062135249283,0.0153241430051903,False,negative,consistent_with_zero,88.428,14.41929,30.472,5.718859,long
Swift/BAT,sw00255685000bevshsp_uf.evt.gz,,2007-01-11T20:49:46.879999,99.939569141939,-56.09959793717,0.2198191111545371,22.36768896442562,0.0098275289639508,False,positive,consistent_with_zero,,,,,unknown
Swift/BAT,sw00257213000bevshsp_uf.evt.gz,,2007-01-22T06:13:00.159999,266.265032609865,-28.9518822403057,0.7748734160124305,500.49326556953065,0.0015482194653122,False,positive,consistent_with_zero,,,,,unknown
Swift/BAT,sw00257741000bevshsp_uf.evt.gz,GRB070126,2007-01-26T02:33:26.277220,33.127,-73.5477,-17217.83721466103,22.0940296954353,779.2981838083749,True,negative,significant_negative,,,,,unknown
Swift/BAT,sw00258408000bevshsp_uf.evt.gz,GRB070129,2007-01-29T23:35:10.269080,37.00339,11.68524,-27.08700132485748,74.94268479362425,0.3614362282249315,False,negative,consistent_with_zero,459.748,25.21205,273.296,25.24661,long
Swift/BAT,sw00259527000bevshsp_uf.evt.gz,,2007-02-06T19:58:53.439999,149.184261229539,69.0350127693742,-3.033623230056036,410.09696411262127,0.007397331596005,False,negative,consistent_with_zero,,,,,unknown
Swift/BAT,sw00259714000bevshsp_uf.evt.gz,GRB070208,2007-02-08T09:10:34.281260,197.920440046571,61.9586566987151,-1.6359512816034862,26.43227249240607,0.0618921919056899,False,negative,consistent_with_zero,64.0,22.62742,48.0,16.0,long
Swift/BAT,sw00259803000bevshsp_uf.evt.gz,GRB070209,2007-02-09T03:33:41.947620,46.2373180663858,-47.3701637771961,5.4810750894858025,20.716066797992635,0.2645808754592794,False,positive,consistent_with_zero,0.06800002,0.01788854,0.03999999,0.01442219,short
Swift/BAT,sw00260304000bevshsp_uf.evt.gz,,2007-02-12T19:55:36,299.9346,34.8987,-0.3764173612551675,19.47885255323201,0.0193244114470547,False,negative,consistent_with_zero,,,,,unknown
Swift/BAT,sw00261132000bevshsp_uf.evt.gz,GRB070219,2007-02-19T01:10:16.146540,260.198428896005,69.3642687369038,-2.510582258802096,25.874637972387376,0.0970286912412576,False,negative,consistent_with_zero,18.0,4.472136,8.0,2.236068,long
Swift/BAT,sw00261225000bevshsp_uf.evt.gz,,2007-02-19T15:24:40,299.588800877955,35.1930088954434,3.908451363680084,544.3478299233399,0.0071800623587137,False,positive,consistent_with_zero,,,,,unknown
Swift/BAT,sw00261299000bevshsp_uf.evt.gz,GRB070220,2007-02-20T04:44:32.912080,34.77659,68.80525,-0.8545662844931796,154.20041405262086,0.0055419195191107,False,negative,consistent_with_zero,125.396,20.64144,34.86,1.66012,long
Swift/BAT,sw00261664000bevshsp_uf.evt.gz,GRB070223,2007-02-23T01:15:00.682000,153.4534,43.13369,-6.500961814799934,93.8017489219764,0.0693053369421436,False,negative,consistent_with_zero,128.0,32.0,64.0,16.0,long
Swift/BAT,sw00261880000bevshsp_uf.evt.gz,GRB070224,2007-02-24T20:27:58.214180,179.0264,-13.33032,2.446720758530656,17.867328116134203,0.1369382563877173,False,positive,consistent_with_zero,48.0,35.77709,16.0,16.0,long
Swift/BAT,sw00036368001bevshsp_uf.evt.gz,,2007-03-24T00:00:09,65.815838,-1.342518,-5.728320607943559,588.9762490594703,0.0097258940697371,False,negative,consistent_with_zero,,,,,unknown
Swift/BAT,sw00050100021bevshsp_uf.evt.gz,,2007-03-20T12:45:38,83.633333,22.014472,3.982383694825012,25.896264030489377,0.153782170668954,False,positive,consistent_with_zero,,,,,unknown
Swift/BAT,sw00263361000bevshsp_uf.evt.gz,GRB070306,2007-03-06T16:41:28.177300,148.0981,10.4827,-3.268362874537734,218.10027199198493,0.0149855974258383,False,negative,consistent_with_zero,209.244,64.60994,21.916,41.17303,long
Swift/BAT,sw00271019000bevshsp_uf.evt.gz,GRB070318,2007-03-18T07:28:56.088640,48.4867917,-42.9460833,1.848384367503559,74.48840988719154,0.0248143888465713,False,positive,consistent_with_zero,130.368,28.8086,35.072,4.934645,long
Swift/BAT,sw00272773000bevshsp_uf.evt.gz,GRB070328,2007-03-28T03:53:53.155520,65.11602,-34.06465,-0.1982750591352634,224.41957866216052,0.0008835016103195,False,negative,consistent_with_zero,72.116,8.483028,17.968,0.7656318,long
Swift/BAT,sw00273106000bevshsp_uf.evt.gz,,2007-03-30T08:53:23.136,94.2726400628748,9.15182631250402,1.8988802348680611,451.2624508452946,0.00420792873706,False,positive,consistent_with_zero,,,,,unknown
Swift/BAT,sw00273180000bevshsp_uf.evt.gz,GRB070330,2007-03-30T22:51:31.197520,269.5417917,-63.7928889,1.938878918414214,48.23901369765733,0.0401931708340125,False,positive,consistent_with_zero,6.64,0.6691487,2.728,0.6453309,long
Swift/BAT,sw00030910010bevshsp_uf.evt.gz,,2007-04-30T00:50:02,125.68,22.55,2.239044455331574,17.095075792760277,0.1309759887861862,False,positive,consistent_with_zero,,,,,unknown
Swift/BAT,sw00273855000bevshsp_uf.evt.gz,,2007-04-04T02:12:16,245.146800066778,-51.5792085803031,0.864526255136208,522.626022717796,0.001654196724917,False,positive,consistent_with_zero,,,,,unknown
Swift/BAT,sw00275087000bevshsp_uf.evt.gz,GRB070411,2007-04-11T20:12:33.316080,107.332875,1.0645,0.8714176567515206,68.77067102073988,0.0126713560274658,False,positive,consistent_with_zero,115.692,16.86578,64.096,3.461397,long
Swift/BAT,sw00275119000bevshsp_uf.evt.gz,GRB070412,2007-04-12T01:27:03.395620,181.5423,40.14252,-1.5775754636455872,52.80980786837202,0.029872774155469,False,negative,consistent_with_zero,33.876,5.076964,7.912,15.32156,long
Swift/BAT,sw00275988000bevshsp_uf.evt.gz,,2007-04-18T02:21:10.335999,299.60489452301,35.1895648617772,-5.392165185050057,412.35367710369184,0.0130765541438208,False,negative,consistent_with_zero,,,,,unknown
Swift/BAT,sw00276045000bevshsp_uf.evt.gz,,2007-04-18T11:21:02.719999,228.503949739379,51.2262702772327,-1.271056022974371,14.682504552023444,0.0865694281565336,False,negative,consistent_with_zero,,,,,unknown
Swift/BAT,sw00276205000bevshsp_uf.evt.gz,GRB070419A,2007-04-19T09:59:26.099880,182.746,39.92489,2750.8604149626403,18.27067317720613,150.56152492479146,True,positive,significant_positive,160.0,50.59644,80.0,22.62742,long
Swift/BAT,sw00276212000bevshsp_uf.evt.gz,GRB070419B,2007-04-19T10:44:05.971820,315.7068,-31.26351,-0.6925805807759463,149.9316539860754,0.0046193086140453,False,negative,consistent_with_zero,238.008,14.33933,69.804,4.181866,long
Swift/BAT,sw00276321000bevshsp_uf.evt.gz,GRB070420,2007-04-20T06:18:13.522060,121.229875,-45.5555556,-2.238034443896669,65.14810714685929,0.0343530233173407,False,negative,consistent_with_zero,77.024,5.466968,19.312,1.822003,long
Swift/BAT,sw00276784000bevshsp_uf.evt.gz,,2007-04-23T14:04:24,315.901272562351,45.7411322969335,-3.1830346335369786,454.25847825222286,0.0070071001113371,False,negative,consistent_with_zero,,,,,unknown
Swift/BAT,sw00277086000bevshsp_uf.evt.gz,,2007-04-25T10:59:44,315.911234300871,45.7751897909794,-6.512145459405023,546.4477316294773,0.0119172339502374,False,negative,consistent_with_zero,,,,,unknown
Swift/BAT,sw00277191000bevshsp_uf.evt.gz,,2007-04-26T06:03:52,266.861620003056,-29.993324565556,2.9584890718078687,509.4935437659205,0.0058067253412873,False,positive,consistent_with_zero,,,,,unknown
Swift/BAT,sw00277356000bevshsp_uf.evt.gz,GRB070427,2007-04-27T08:31:08.930660,28.8618505141047,-27.6329554026753,-1.1598661442711151,35.08943414118675,0.0330545696349575,False,negative,consistent_with_zero,11.08,0.9720843,5.7,0.5451348,long
Swift/BAT,sw00277571000bevshsp_uf.evt.gz,GRB070429A,2007-04-29T01:35:10.078940,297.7035,-32.40528,-9.242504508264256,50.131238382899205,0.1843661718003173,False,negative,consistent_with_zero,168.0,26.96757,74.0,34.23449,long
Swift/BAT,sw00277582000bevshsp_uf.evt.gz,GRB070429B,2007-04-29T03:09:04.446800,328.015,-38.8266944,0.1080654884064378,60.515600443912966,0.0017857459500314,False,positive,consistent_with_zero,0.488,0.04308134,0.364,0.05556978,short
Swift/BAT,sw00036193004bevshsp_uf.evt.gz,,2007-05-11T00:21:01,92.420623,-15.711297,-0.6070848008926256,22.33816172291182,0.0271770259533017,False,negative,consistent_with_zero,,,,,unknown
Swift/BAT,sw00036195001bevshsp_uf.evt.gz,,2007-05-18T10:35:01,119.277679,9.943014,-1.8320571394691685,21.40409633607434,0.0855937625538262,False,negative,consistent_with_zero,,,,,unknown
Swift/BAT,sw00277982000bevshsp_uf.evt.gz,,2007-05-02T00:41:12,315.875956990412,45.7263172895614,-5.144486953513344,506.0884134495123,0.0101651940980991,False,negative,consistent_with_zero,,,,,unknown
Swift/BAT,sw00278693000bevshsp_uf.evt.gz,GRB070506,2007-05-06T05:35:58.063600,347.2181667,10.7222778,-2.625743202779847,110.40064318177733,0.0237837672599107,False,negative,consistent_with_zero,5.992,1.406882,2.444,0.7045566,long
Swift/BAT,sw00278809000bevshsp_uf.evt.gz,,2007-05-07T13:24:53.759999,243.009888106209,59.4878236368108,3.595958216823341,38.85422818534048,0.0925499845131418,False,positive,consistent_with_zero,,,,,unknown
Swift/BAT,sw00278854000bevshsp_uf.evt.gz,GRB070508,2007-05-08T04:18:17.835440,312.7990833,-78.3845833,20.774933315511262,134.75721433361633,0.1541656483346345,False,positive,consistent_with_zero,20.9,0.7317486,7.616,0.1415344,long
Swift/BAT,sw00278903000bevshsp_uf.evt.gz,GRB070509,2007-05-09T02:48:27.305440,237.95875,-78.6508889,-6.672974206658642,18.241037813514808,0.3658220697133048,False,negative,consistent_with_zero,7.828,1.161323,3.536,1.103145,long
Swift/BAT,sw00278987000bevshsp_uf.evt.gz,,2007-05-10T05:56:42.111999,343.01446523543,47.9334129618286,-0.7420381863656625,296.7894480408568,0.0025002175490535,False,negative,consistent_with_zero,,,,,unknown
Swift/BAT,sw00279418000bevshsp_uf.evt.gz,,2007-05-16T21:00:26.752,256.569892291802,-43.0312373655654,-4.068802336841069,450.8333271637042,0.0090250700018981,False,negative,consistent_with_zero,,,,,unknown
Swift/BAT,sw00279494000bevshsp_uf.evt.gz,GRB070517,2007-05-17T11:20:58.391320,277.6204167,-62.2975833,-5.017167583022343,41.17720124458481,0.1218433363943633,False,negative,consistent_with_zero,7.824,1.634974,3.996,0.9950216,long
Swift/BAT,sw00279592000bevshsp_uf.evt.gz,GRB070518,2007-05-18T14:26:21.204860,254.1984583,55.295,-2.2686718742306797,17.600466120783302,0.1288983972732259,False,negative,consistent_with_zero,5.504,0.8041144,2.736,0.828734,long
Swift/BAT,sw00279817000bevshsp_uf.evt.gz,GRB070520A,2007-05-20T13:05:10.032620,193.3637,74.99096,-6.304877859057479,44.982918988355415,0.1401615991325419,False,negative,consistent_with_zero,48.0,22.62742,16.0,22.62742,long
Swift/BAT,sw00279898000bevshsp_uf.evt.gz,GRB070520B,2007-05-20T17:44:53.264200,121.8817,57.60809,-4.2468717621242975,18.659274859924547,0.2276011149417984,False,negative,consistent_with_zero,96.0,35.77709,48.0,16.0,long
Swift/BAT,sw00279935000bevshsp_uf.evt.gz,GRB070521,2007-05-21T06:51:10.863020,242.66,30.2551944,26.823749877440864,144.5063895126654,0.1856232791359711,False,positive,consistent_with_zero,38.628,2.37669,14.616,0.3042368,long
Swift/BAT,sw00280447000bevshsp_uf.evt.gz,,2007-05-26T08:49:20,301.3169,31.38764,-6.673503459959348,20.79651990322062,0.3208952022268815,False,negative,consistent_with_zero,,,,,unknown
Swift/BAT,sw00280450000bevshsp_uf.evt.gz,,2007-05-26T09:04:24,291.9846,6.680327,-2.7147425846127597,21.98456534607757,0.123484023535499,False,negative,consistent_with_zero,,,,,unknown
Swift/BAT,sw00280451000bevshsp_uf.evt.gz,,2007-05-26T09:26:40,301.354610090194,31.1882696770797,1.2149915235848991,121.98946317573387,0.0099598071173952,False,positive,consistent_with_zero,,,,,unknown
Swift/BAT,sw00280706000bevshsp_uf.evt.gz,GRB070529,2007-05-29T12:48:28.349220,283.7426667,20.6593889,-2.1973518510772028,23.56114305143921,0.0932616828597787,False,negative,consistent_with_zero,108.9,20.73183,54.992,8.41497,long
Swift/BAT,sw00280846000bevshsp_uf.evt.gz,,2007-05-30T07:44:17.472,278.828202487554,-32.9721123274726,4.771238699638621,491.9564610365677,0.0096984978906171,False,positive,consistent_with_zero,,,,,unknown
Swift/BAT,sw00280958000bevshsp_uf.evt.gz,GRB070531,2007-05-31T02:10:17.529860,6.7395833,74.3130833,-14.10588201132938,21.26128358257989,0.663453923491563,False,negative,consistent_with_zero,44.62,6.055228,21.892,6.297764,long
Swift/BAT,sw00030952003bevshsp_uf.evt.gz,,2007-06-15T01:34:01,269.238,-25.107,9.002575693107456,426.28799452708427,0.0211185297467613,False,positive,consistent_with_zero,,,,,unknown
Swift/BAT,sw00030952004bevshsp_uf.evt.gz,,2007-06-17T06:15:01,269.238,-25.107,0.119567152488259,17.78733891224494,0.006722037123043,False,positive,consistent_with_zero,,,,,unknown
Swift/BAT,sw00281993000bevshsp_uf.evt.gz,,2007-06-10T20:52:28.159999,298.79,26.2349722,1.952405278287052,38.64068011144575,0.0505271975714715,False,positive,consistent_with_zero,,,,,unknown
Swift/BAT,sw00282003000bevshsp_uf.evt.gz,GRB070611,2007-06-11T01:57:13.890180,1.9908333,-29.7566944,2.215153398629379,30.640865986271745,0.0722940859315742,False,positive,consistent_with_zero,13.184,3.470931,5.568,2.264551,long
Swift/BAT,sw00282066000bevshsp_uf.evt.gz,GRB070612A,2007-06-12T02:38:45.983960,121.385105116276,37.2655808388602,3.648105946222053,30.995786251100338,0.117696835197802,False,positive,consistent_with_zero,365.28,51.6697,189.136,11.77325,long
Swift/BAT,sw00282073000bevshsp_uf.evt.gz,GRB070612B,2007-06-12T06:21:17.791640,261.7270833,-8.7517778,-1.4467480182288623,26.27242259311305,0.0550671721688926,False,negative,consistent_with_zero,18.0,4.472136,6.0,1.414214,long
Swift/BAT,sw00282176000bevshsp_uf.evt.gz,,2007-06-13T11:13:44,299.5908333,35.1977778,-5.857007922842246,39.91285787272607,0.1467448896172518,False,negative,consistent_with_zero,,,,,unknown
Swift/BAT,sw00282225000bevshsp_uf.evt.gz,,2007-06-13T20:42:07.807999,299.596939731123,35.2773962149263,-1.8390384214430275,518.2516706063776,0.0035485431610693,False,negative,consistent_with_zero,,,,,unknown
Swift/BAT,sw00282445000bevshsp_uf.evt.gz,GRB070616,2007-06-16T16:29:33.974040,32.1508333,56.945,-1.4385687253690365,221.782262307948,0.0064864011684196,False,negative,consistent_with_zero,406.876,17.31342,203.88,5.361758,long
Swift/BAT,sw00282535000bevshsp_uf.evt.gz,,2007-06-18T03:10:48,264.759572714913,-30.360468349832,7.866975368571625,511.8568392729329,0.0153694837403096,False,positive,consistent_with_zero,,,,,unknown
Swift/BAT,sw00282808000bevshsp_uf.evt.gz,GRB070621,2007-06-21T23:17:39.850480,323.791,-24.8181,3.943088054570167,106.22326882806532,0.0371207561024365,False,positive,consistent_with_zero,33.264,2.507059,17.584,0.7560423,long
Swift/BAT,sw00283320000bevshsp_uf.evt.gz,GRB070628,2007-06-28T14:41:02.843960,115.2758333,-20.2794722,-0.7487191760000605,718.4318241993439,0.0010421575865385,False,negative,consistent_with_zero,39.08,4.071106,6.152,0.5922837,long
Swift/BAT,sw00283791000bevshsp_uf.evt.gz,GRB070704,2007-07-04T20:05:57.934440,354.6991667,66.2522778,15.519151050847375,36.140392911784176,0.429412903416086,False,positive,consistent_with_zero,384.936,27.41501,67.056,15.47876,long
Swift/BAT,sw00284850000bevshsp_uf.evt.gz,GRB070714A,2007-07-14T03:20:30.618220,42.9432215418995,30.235985840538,1.168990459460348,30.12270544466363,0.0388076184460861,False,positive,consistent_with_zero,3.0,1.414214,1.0,1.0,long
Swift/BAT,sw00284856000bevshsp_uf.evt.gz,GRB070714B,2007-07-14T04:59:29.626060,57.84172,28.29695,5.6655975251141975,14.188442754930236,0.3993107364192946,False,positive,consistent_with_zero,65.636,9.508734,40.18,8.527049,long
Swift/BAT,sw00285005000bevshsp_uf.evt.gz,,2007-07-15T12:53:36,58.7981440928304,31.0089408982855,-0.4390755515225208,488.1347870305571,0.0008994965390471,False,negative,consistent_with_zero,,,,,unknown
Swift/BAT,sw00285466000bevshsp_uf.evt.gz,,2007-07-19T07:48:48,257.281742736444,-36.4076604819208,0.8706845696018046,440.6240189356009,0.0019760261179249,False,positive,consistent_with_zero,,,,,unknown
Swift/BAT,sw00285653000bevshsp_uf.evt.gz,GRB070721A,2007-07-21T10:00:56.330340,3.163347,-28.54926,1426.793423585967,33.24290136013933,42.92024357707829,True,positive,significant_positive,3.348,0.454845,1.78,0.8593253,long
Swift/BAT,sw00285654000bevshsp_uf.evt.gz,GRB070721B,2007-07-21T10:33:46.314280,33.13506,-2.196019,-2.624721835827184,29.56733807771899,0.0887709887487332,False,negative,consistent_with_zero,336.864,22.468,269.816,33.7695,long
Swift/BAT,sw00285948000bevshsp_uf.evt.gz,GRB070724A,2007-07-24T10:53:50.211640,27.80662,-18.59445,-1.8068489726133727,19.639135810348307,0.0920024684416767,False,negative,consistent_with_zero,0.432,0.0863713,0.228,0.07121799,short
Swift/BAT,sw00286373000bevshsp_uf.evt.gz,GRB070729,2007-07-29T00:25:53.913580,56.3145833,-39.3232778,0.3685232688628744,15.939590695609098,0.0231199957326628,False,positive,consistent_with_zero,0.988,0.1669011,0.564,0.1297998,short
Swift/BAT,sw00286412000bevshsp_uf.evt.gz,,2007-07-29T12:07:36,252.049478996886,-45.1944315374482,1.6883801423799134,564.7468738110115,0.0029896228216128,False,positive,consistent_with_zero,,,,,unknown
Swift/BAT,sw00286574000bevshsp_uf.evt.gz,GRB070731,2007-07-31T09:33:22.676340,328.569634421567,-15.7454090771216,3.824926364589951,19.572745502967443,0.1954210442275484,False,positive,consistent_with_zero,2.856,0.3890758,1.816,0.6223568,long
Swift/BAT,sw00286809000bevshsp_uf.evt.gz,GRB070802,2007-08-02T07:07:25.872160,36.850987019423,-55.5364556715457,-18.24565598044543,21.350879444351413,0.854562268875182,False,negative,consistent_with_zero,15.8,2.500653,9.032,2.451404,long
Swift/BAT,sw00287042000bevshsp_uf.evt.gz,,2007-08-05T11:27:28.511999,272.6857,-26.15089,1.604437705066769,17.111030158159878,0.0937662835163462,False,positive,consistent_with_zero,,,,,unknown
Swift/BAT,sw00287088000bevshsp_uf.evt.gz,GRB070805,2007-08-05T19:55:45.448360,245.043192352659,-59.9448796085781,-8.738847681611773,34.47285909021595,0.253499358980991,False,negative,consistent_with_zero,26.432,3.111378,16.092,1.835355,long
Swift/BAT,sw00287221000bevshsp_uf.evt.gz,,2007-08-07T21:01:04,255.635308504856,-37.8081933884638,105597.59126187034,25.76355015024665,4098.7205042026935,True,positive,significant_positive,,,,,unknown
Swift/BAT,sw00287223000bevshsp_uf.evt.gz,,2007-08-07T21:31:36,253.566673032939,-37.567592006869,1.1215303134546797,35.94269996977089,0.0312032850731282,False,positive,consistent_with_zero,,,,,unknown
Swift/BAT,sw00287247000bevshsp_uf.evt.gz,,2007-08-08T10:04:08,255.964310293674,-37.8417469563072,3.558011145697308,550.1694582850739,0.0064671186161222,False,positive,consistent_with_zero,,,,,unknown
Swift/BAT,sw00287260000bevshsp_uf.evt.gz,GRB070808,2007-08-08T18:28:00.545880,6.7625,1.1756944,-0.719464095461031,35.71426126472332,0.0201450084639348,False,negative,consistent_with_zero,58.432,11.50858,20.64,5.767284,long
Swift/BAT,sw00287344000bevshsp_uf.evt.gz,GRB070809,2007-08-09T19:22:17.375600,203.7704167,-22.1406944,4.08399040446353,15.964208059869204,0.2558216724028959,False,positive,consistent_with_zero,1.28,0.3731809,0.512,0.1431083,short
Swift/BAT,sw00287364000bevshsp_uf.evt.gz,GRB070810A,2007-08-10T02:11:52.414980,189.9632917,10.7515,-3.4769751681232983,18.84226795887005,0.184530608295829,False,negative,consistent_with_zero,9.04,2.682462,3.62,0.4416877,long
Swift/BAT,sw00287409000bevshsp_uf.evt.gz,GRB070810B,2007-08-10T15:19:17.889760,8.94039483391689,8.83544274479816,5.217316394711115,16.23820976469374,0.3212987435385255,False,positive,consistent_with_zero,0.072,0.02332379,0.02800003,0.02,short
Swift/BAT,sw00287421000bevshsp_uf.evt.gz,,2007-08-10T19:54:08,244.46,-15.4130833,97847.45395975043,36.50477903087503,2680.401212043853,True,positive,significant_positive,,,,,unknown
Swift/BAT,sw00288384000bevshsp_uf.evt.gz,,2007-09-01T11:19:27.935999,272.749312754491,-26.0779172689874,-3.202857188648266,16.367529028460794,0.1956836113184192,False,negative,consistent_with_zero,,,,,unknown
Swift/BAT,sw00288583000bevshsp_uf.evt.gz,,2007-09-04T18:01:58.784,257.083834745202,-30.3036595337423,-6.582719771492198,41.18356301907912,0.1598385202475711,False,negative,consistent_with_zero,,,,,unknown
Swift/BAT,sw00288590000bevshsp_uf.evt.gz,,2007-09-04T20:03:36,80.4514603009905,22.4631092780922,1.3398621857898725,472.9364468534248,0.0028330702670609,False,positive,consistent_with_zero,,,,,unknown
Swift/BAT,sw00288593000bevshsp_uf.evt.gz,,2007-09-04T20:08:00,83.6039843678059,22.0028849331463,-5.769903172649098,456.9259982139853,0.0126276534826257,False,negative,consistent_with_zero,,,,,unknown
Swift/BAT,sw00288596000bevshsp_uf.evt.gz,,2007-09-04T20:11:12,83.6048763182781,22.0063055620679,-13.087394562371877,471.5911615010411,0.0277515687968273,False,negative,consistent_with_zero,,,,,unknown
Swift/BAT,sw00288600000bevshsp_uf.evt.gz,,2007-09-04T20:15:36,83.6146144658891,22.0097906639837,-9.61117785421105,562.6732679423309,0.0170812768293732,False,negative,consistent_with_zero,,,,,unknown
Swift/BAT,sw00288713000bevshsp_uf.evt.gz,,2007-09-07T01:40:56,247.95425388895,-48.8407004977844,-7.862784566121911,17.579001246880413,0.4472827810691036,False,negative,consistent_with_zero,,,,,unknown
Swift/BAT,sw00290624000bevshsp_uf.evt.gz,GRB070911,2007-09-11T05:57:44.087900,25.7991691907814,-33.4728088428944,4.062227613422179,250.3506051946709,0.0162261545573793,False,positive,consistent_with_zero,161.724,5.972469,66.212,1.402531,long
Swift/BAT,sw00290843000bevshsp_uf.evt.gz,GRB070913,2007-09-13T00:36:43.987920,228.831779421729,-24.3419572889613,-1.7306017280628956,30.84946783419801,0.0560982684487168,False,negative,consistent_with_zero,2.684,0.5635601,1.232,0.5978361,long
Swift/BAT,sw00291208000bevshsp_uf.evt.gz,,2007-09-16T12:09:04,277.549622935784,-23.6617619033313,3.299850051065106,38.55381095446548,0.0855907618305863,False,positive,consistent_with_zero,,,,,unknown
Swift/BAT,sw00291218000bevshsp_uf.evt.gz,,2007-09-16T15:54:18.752,272.697943894705,-26.1728405791281,-6.808691764169501,83.09961235644147,0.0819340977785165,False,negative,consistent_with_zero,,,,,unknown
Swift/BAT,sw00291292000bevshsp_uf.evt.gz,GRB070917,2007-09-17T07:33:56.682320,293.925010039201,2.41308727492074,21.61038420211505,89.89717476439239,0.2403900262578081,False,positive,consistent_with_zero,8.72,1.72291,2.472,0.1620864,long
Swift/BAT,sw00291524000bevshsp_uf.evt.gz,,2007-09-19T07:56:37.504,287.799605098506,0.586431638279218,-0.5699274364381639,433.1887159455546,0.0013156562381689,False,negative,consistent_with_zero,,,,,unknown
Swift/BAT,sw00291587000bevshsp_uf.evt.gz,,2007-09-19T20:45:12.639999,272.336670651643,-20.4448103472644,-13.464329793114391,72.62465458260374,0.1853961284979328,False,negative,consistent_with_zero,,,,,unknown
Swift/BAT,sw00291614000bevshsp_uf.evt.gz,GRB070920A,2007-09-20T04:00:13.763940,100.932293960004,72.2273663433026,8.11348279848058,19.990134184959757,0.4058743539893309,False,positive,consistent_with_zero,55.76,5.289023,32.316,10.97566,long
Swift/BAT,sw00291728000bevshsp_uf.evt.gz,GRB070920B,2007-09-20T21:04:32.386340,0.144108470626363,-34.8186092179982,-4.550658389315877,30.37352034181858,0.1498232123936744,False,negative,consistent_with_zero,22.256,2.792121,9.412,1.200587,long
Swift/BAT,sw00292004000bevshsp_uf.evt.gz,GRB070923,2007-09-23T19:15:23.687760,184.626373075231,-38.2677479658261,209925.06494321735,103.27968332116396,2032.5881934632127,True,positive,significant_positive,0.03999999,0.00894429,0.02000001,0.005656866,short
Swift/BAT,sw00292421000bevshsp_uf.evt.gz,,2007-09-27T15:09:46.495999,272.596794303661,-26.1768473691333,-139968.07714198396,76.0507639122056,1840.4559000033937,True,negative,significant_negative,,,,,unknown
Swift/BAT,sw00292826000bevshsp_uf.evt.gz,GRB071001,2007-10-01T16:31:48.074080,149.73,-59.7818889,-6.365203345782253,25.25382209855462,0.2520491084851096,False,negative,consistent_with_zero,57.428,3.878786,43.724,2.117214,long
Swift/BAT,sw00292886000bevshsp_uf.evt.gz,,2007-10-02T15:11:44,188.133865750616,-61.1386757374294,-192.41618689499225,17.43173203937448,11.038271266467728,True,negative,significant_negative,,,,,unknown
Swift/BAT,sw00292887000bevshsp_uf.evt.gz,,2007-10-02T15:27:28,244.3279,-13.90951,-1.2421786371918777,26.53911495645251,0.0468055788307237,False,negative,consistent_with_zero,,,,,unknown
Swift/BAT,sw00292934000bevshsp_uf.evt.gz,GRB071003,2007-10-03T07:40:55.014420,301.855657563997,10.9597786609722,9.727627451548614,120.36070547183084,0.0808206250820394,False,positive,consistent_with_zero,148.388,4.616348,18.652,2.476659,long
Swift/BAT,sw00292965000bevshsp_uf.evt.gz,,2007-10-03T14:04:48,287.679360710239,7.56596763752263,-1.4834730994153096,17.377235532045624,0.0853687628667755,False,negative,consistent_with_zero,,,,,unknown
Swift/BAT,sw00293518000bevshsp_uf.evt.gz,,2007-10-08T09:48:56,308.189666652519,37.8034927434544,-6.526505116136786,16.117775617034265,0.4049259197552775,False,negative,consistent_with_zero,,,,,unknown
Swift/BAT,sw00293587000bevshsp_uf.evt.gz,GRB071008,2007-10-08T21:55:56.761900,151.547964114205,44.3338686638463,-3.566028529711012,18.41991418154447,0.1935963704588773,False,negative,consistent_with_zero,17.984,5.138865,5.312,2.788227,long
Swift/BAT,sw00293707000bevshsp_uf.evt.gz,GRB071010A,2007-10-10T03:41:12.855120,288.100630766172,-32.3786069237812,-0.128878023639389,16.3225871833334,0.0078956860326029,False,negative,consistent_with_zero,6.324,1.865541,2.708,1.579696,long
Swift/BAT,sw00293795000bevshsp_uf.evt.gz,GRB071010B,2007-10-10T20:45:47.989540,150.5379167,45.7311944,4.963864982323394,133.34740203301268,0.0372250595560496,False,positive,consistent_with_zero,36.124,2.27575,5.844,0.2183575,long
Swift/BAT,sw00293924000bevshsp_uf.evt.gz,GRB071011,2007-10-11T12:40:13.844040,8.135839,60.94297,1.8778509039890057,40.23853997444366,0.046667968201174,False,positive,consistent_with_zero,65.88,15.48345,42.276,2.870554,long
Swift/BAT,sw00294120000bevshsp_uf.evt.gz,GRB071013,2007-10-13T12:09:19.055540,279.524890921608,33.8574571315757,0.0574048245302399,18.679563924139632,0.0030731351525854,False,positive,consistent_with_zero,75.584,25.78914,49.216,35.73338,long
Swift/BAT,sw00294385000bevshsp_uf.evt.gz,,2007-10-16T04:14:32,274.713391197915,-17.0360475314541,4.744910028625822,19.445841232691382,0.2440064161713361,False,positive,consistent_with_zero,,,,,unknown
Swift/BAT,sw00294645000bevshsp_uf.evt.gz,GRB071018,2007-10-18T08:37:41.700440,164.67599151863,53.8304941752699,0.1281971452358762,19.338063226142477,0.0066292649753348,False,positive,consistent_with_zero,273.568,40.0732,153.916,64.41507,long
Swift/BAT,sw00294835000bevshsp_uf.evt.gz,GRB071020,2007-10-20T07:02:26.944040,119.6654167,32.8606944,16.522299431156934,24.440934745785107,0.6760093099142307,False,positive,consistent_with_zero,4.3,0.5826972,1.964,0.06105733,long
Swift/BAT,sw00294974000bevshsp_uf.evt.gz,GRB071021,2007-10-21T09:41:33.693520,340.6446,23.71852,4.997240160337975,26.829669043520116,0.1862579874627602,False,positive,consistent_with_zero,228.72,74.01017,56.792,26.45646,long
Swift/BAT,sw00295301000bevshsp_uf.evt.gz,GRB071025,2007-10-25T04:08:53.685000,355.0766,31.77768,-3.239214366649229,133.6359660016024,0.0242390911935368,False,negative,consistent_with_zero,241.296,35.8308,53.66,3.863515,long
Swift/BAT,sw00295527000bevshsp_uf.evt.gz,GRB071028A,2007-10-28T17:41:01.676940,119.8175,21.4840833,-2.480354426557986,16.853820248140604,0.1471686768957697,False,negative,consistent_with_zero,26.856,5.425089,15.292,5.754225,long
Swift/BAT,sw00295670000bevshsp_uf.evt.gz,GRB071031,2007-10-31T01:06:36.967720,6.4052917,-58.0593889,-6.35924868561482,25.63456280715498,0.2480732257247571,False,negative,consistent_with_zero,180.644,30.342,114.236,13.87575,long
Swift/BAT,sw00295779000bevshsp_uf.evt.gz,GRB071101,2007-11-01T17:53:46.595880,48.1935449819936,62.4734168223862,0.5149957602727675,43.655074469952325,0.0117969277690097,False,positive,consistent_with_zero,4.824,1.972515,1.748,1.347501,long
Swift/BAT,sw00296491000bevshsp_uf.evt.gz,,2007-11-12T14:51:41.631999,297.6216667,-50.4922778,-3517.822131678889,84.4748267080433,41.64343708969028,True,negative,significant_negative,,,,,unknown
Swift/BAT,sw00296503000bevshsp_uf.evt.gz,GRB071112B,2007-11-12T18:23:31.530800,260.304966584962,-80.884395671755,1.8320775200243788,33.76370100101909,0.0542617505103803,False,positive,consistent_with_zero,0.304,0.09050966,0.128,0.07155417,short
Swift/BAT,sw00296683000bevshsp_uf.evt.gz,,2007-11-15T14:34:00,152.409224748767,-58.2932498795245,1.68193625095573,24.51745657044456,0.0686015796998812,False,positive,consistent_with_zero,,,,,unknown
Swift/BAT,sw00296739000bevshsp_uf.evt.gz,,2007-11-16T17:40:40,104.5712,-7.208626,13.541801004508036,19.58848408007227,0.6913143941691926,False,positive,consistent_with_zero,,,,,unknown
Swift/BAT,sw00296805000bevshsp_uf.evt.gz,GRB071117,2007-11-17T14:50:06.911640,335.0433333,-63.4422778,22.875868587009617,47.91754639825801,0.4774006664882416,False,positive,consistent_with_zero,6.076,2.14873,1.724,0.1198666,long
Swift/BAT,sw00296856000bevshsp_uf.evt.gz,GRB071118,2007-11-18T08:57:17.629920,299.7155,70.1246944,12.30024059002622,21.58822542051452,0.5697661734779618,False,positive,consistent_with_zero,105.6,34.8854,43.456,23.74089,long
Swift/BAT,sw00296961000bevshsp_uf.evt.gz,,2007-11-20T03:18:32,152.452187919959,-58.2930135421541,-3.062641545673765,458.49591996713934,0.0066797574684923,False,negative,consistent_with_zero,,,,,unknown
Swift/BAT,sw00297114000bevshsp_uf.evt.gz,GRB071122,2007-11-22T01:23:25.621540,276.6054167,47.0770833,0.8961835697909446,20.289587511494087,0.0441696298302395,False,positive,consistent_with_zero,71.432,13.92828,35.588,14.19408,long
Swift/BAT,sw00297116000bevshsp_uf.evt.gz,,2007-11-22T02:36:32,104.538872176891,-7.22167281516853,-2.12938858726901,23.915452445553523,0.0890381895185477,False,negative,consistent_with_zero,,,,,unknown
Swift/BAT,sw00297434000bevshsp_uf.evt.gz,,2007-11-26T13:06:48,286.811431501061,9.30966572465667,3.070106540586496,18.544464919153267,0.1655537948369488,False,positive,consistent_with_zero,,,,,unknown
Swift/BAT,sw00297628000bevshsp_uf.evt.gz,GRB071129,2007-11-29T00:03:55.301720,220.089670547025,-26.6590902014323,9.96972035782219,35.395237252222806,0.2816684145038778,False,positive,consistent_with_zero,408.08,52.32409,186.136,23.56611,long
Swift/BAT,sw00298308000bevshsp_uf.evt.gz,,2007-12-08T12:28:16.511999,266.111921626781,7.53488520006235,0.1373624998224129,160.99562450563295,0.0008532064162874,False,positive,consistent_with_zero,,,,,unknown
Swift/BAT,sw00299089000bevshsp_uf.evt.gz,,2007-12-18T15:53:36.639999,332.205303674021,65.6396232975299,-25.49818624967236,30.48113025220593,0.8365236472104589,False,negative,consistent_with_zero,,,,,unknown
Swift/BAT,sw00299787000bevshsp_uf.evt.gz,GRB071227,2007-12-27T20:13:47.043260,58.13078,-55.9831,6.695658174194737,19.41778480319768,0.3448209073308975,False,positive,consistent_with_zero,142.48,48.36924,76.088,29.08113,long
Swift/BAT,sw00300165000bevshsp_uf.evt.gz,,2008-01-02T15:06:24.639999,328.545679107299,35.3770013200115,1.7320096769884346,17.66796724904243,0.0980310667647579,False,positive,consistent_with_zero,,,,,unknown
Swift/BAT,sw00300172000bevshsp_uf.evt.gz,,2008-01-02T15:40:43.199999,37.824638567365,-46.3287972393259,-5121.366841852499,19.625219674600043,260.9584466705783,True,negative,significant_negative,,,,,unknown
Swift/BAT,sw00301578000bevshsp_uf.evt.gz,GRB080123,2008-01-23T04:21:57.402220,339.2808333,-64.9495833,1.5533471564866803,35.14129148746618,0.044202904638286,False,positive,consistent_with_zero,114.912,55.26733,50.272,55.98856,long
Swift/BAT,sw00301687000bevshsp_uf.evt.gz,,2008-01-24T15:27:43.68,183.178443124427,27.545107725963,2.342609550106864,16.293426368270115,0.1437763609174845,False,positive,consistent_with_zero,,,,,unknown
Swift/BAT,sw00301689000bevshsp_uf.evt.gz,,2008-01-24T15:44:59.071999,259.301,12.51505,0.9140708260788266,574.7361014392968,0.0015904183220607,False,positive,consistent_with_zero,,,,,unknown
Swift/BAT,sw00301771000bevshsp_uf.evt.gz,,2008-01-25T15:50:50.879999,357.1848,11.25997,-1.9190611929928056,468.6018109382536,0.0040952918836365,False,negative,consistent_with_zero,,,,,unknown
Swift/BAT,sw00301779000bevshsp_uf.evt.gz,,2008-01-25T19:11:22.687999,340.079,-60.46307,-4.131501393971826,825.3876389468076,0.0050055285529155,False,negative,consistent_with_zero,,,,,unknown
Swift/BAT,sw00301981000bevshsp_uf.evt.gz,GRB080129,2008-01-29T06:06:45.464120,105.2845833,-7.8462778,11.229178710595528,36.327219421611055,0.3091119796500386,False,positive,consistent_with_zero,50.18,9.16545,25.824,8.115015,long
Swift/BAT,sw00302454000bevshsp_uf.evt.gz,,2008-02-04T08:44:40,267.301432208749,-26.6290428753778,-1.384832660625357,39.643530474768646,0.0349321224432002,False,negative,consistent_with_zero,,,,,unknown
Swift/BAT,sw00302506000bevshsp_uf.evt.gz,GRB080205,2008-02-05T07:55:51.751640,98.2558333,62.7915833,-8.172170366221138,38.36510791634741,0.2130104881769136,False,negative,consistent_with_zero,106.296,4.934871,84.736,4.650871,long
Swift/BAT,sw00302728000bevshsp_uf.evt.gz,GRB080207,2008-02-07T21:30:21.441560,207.5117,7.501821,11.078238436648563,60.50830509589972,0.1830862460796191,False,positive,consistent_with_zero,292.46,7.985276,111.84,19.60827,long
Swift/BAT,sw00302777000bevshsp_uf.evt.gz,,2008-02-08T13:17:44,241.9445,-19.74182,-58499.643972941245,19.910712545813208,2938.098967494885,True,negative,significant_negative,,,,,unknown
Swift/BAT,sw00302778000bevshsp_uf.evt.gz,,2008-02-08T13:32:48,242.006365844815,-19.822164576864,148479.88708643662,21.593988744038487,6875.982424850891,True,positive,significant_positive,,,,,unknown
Swift/BAT,sw00302788000bevshsp_uf.evt.gz,,2008-02-08T20:32:08,267.3047,-26.64373,5.823774091502809,19.56958841620713,0.2975930800200008,False,positive,consistent_with_zero,,,,,unknown
Swift/BAT,sw00302888000bevshsp_uf.evt.gz,GRB080210,2008-02-10T07:50:05.435780,251.2665833,13.8266944,-177856.213312262,105.63017294868628,1683.7633447657252,True,negative,significant_negative,42.264,11.36737,11.804,2.085137,long
Swift/BAT,sw00303105000bevshsp_uf.evt.gz,GRB080212,2008-02-12T17:34:33.462080,231.1466,-22.74105,1533.1560309261176,31.50784283329641,48.659504842582585,True,positive,significant_positive,126.312,13.19985,50.336,15.66783,long
Swift/BAT,sw00303161000bevshsp_uf.evt.gz,,2008-02-13T12:40:58.816,297.78548243037,-61.4492730852506,-2.66384871584018,585.1078795708213,0.0045527479783627,False,negative,consistent_with_zero,,,,,unknown
Swift/BAT,sw00303172000bevshsp_uf.evt.gz,,2008-02-13T14:21:51.551999,273.6178,-24.05403,-1.075437951927183,929.275374005161,0.0011572866149374,False,negative,consistent_with_zero,,,,,unknown
Swift/BAT,sw00303436000bevshsp_uf.evt.gz,,2008-02-16T22:44:00,267.302893633731,-26.6213280868123,-13564.354341213391,18.91757946702956,717.0237801751531,True,negative,significant_negative,,,,,unknown
Swift/BAT,sw00303609000bevshsp_uf.evt.gz,GRB080218A,2008-02-18T20:08:42.791800,355.921970640896,12.174721597336,1.0705674542289922,26.772269698808373,0.0399879228124107,False,positive,consistent_with_zero,22.8,2.784184,14.72,8.62495,long
Swift/BAT,sw00303631000bevshsp_uf.evt.gz,GRB080218B,2008-02-18T23:57:47.175420,177.9558333,-53.0959722,8.450418143611847,26.41782550931602,0.3198756135561528,False,positive,consistent_with_zero,6.528,1.428577,2.944,1.202451,long
Swift/BAT,sw00304379000bevshsp_uf.evt.gz,GRB080229A,2008-02-29T17:04:59.534140,228.2154,-14.70181,26.15806181625676,104.395634335922,0.2505666255361399,False,positive,consistent_with_zero,64.0,16.0,16.0,16.0,long
Swift/BAT,sw00090044001bevshsp_uf.evt.gz,,2008-04-01T12:20:01,270.302083,-25.743389,0.8115054170045889,21.999305404660365,0.0368877745036749,False,positive,consistent_with_zero,,,,,unknown
Swift/BAT,sw00304549000bevshsp_uf.evt.gz,GRB080303,2008-03-03T09:10:35.271760,112.0587917,-70.2337778,-1.9782067415767963,49.09890623772498,0.0402902405197948,False,negative,consistent_with_zero,67.588,19.64564,29.82,12.52816,long
Swift/BAT,sw00305011000bevshsp_uf.evt.gz,GRB080307,2008-03-07T11:23:30.814100,136.6062917,35.1412778,5.314767127004044,53.54500099326518,0.0992579517866201,False,positive,consistent_with_zero,124.0,23.34524,50.0,28.28427,long
Swift/BAT,sw00305288000bevshsp_uf.evt.gz,GRB080310,2008-03-10T08:37:58.647320,220.0575,-0.1750833,-8.177138491928986,22.76244879668607,0.3592380839586765,False,negative,consistent_with_zero,363.212,16.90135,250.44,9.344326,long
Swift/BAT,sw00305611000bevshsp_uf.evt.gz,,2008-03-12T14:08:19.007999,26.1417219674953,-31.226714057607,-2.2727857846577235,530.8828360989856,0.00428114384213,False,negative,consistent_with_zero,,,,,unknown
Swift/BAT,sw00306025000bevshsp_uf.evt.gz,,2008-03-13T15:55:06.687999,331.370755273846,-50.5596102657487,-0.5270890822177365,425.5901272872137,0.0012384899188745,False,negative,consistent_with_zero,,,,,unknown
Swift/BAT,sw00306323000bevshsp_uf.evt.gz,GRB080315,2008-03-15T02:25:01.356140,155.181603570327,41.7290018673236,1.7739293719027525,21.75837270233169,0.081528586543269,False,positive,consistent_with_zero,,,,,unknown
Swift/BAT,sw00306379000bevshsp_uf.evt.gz,,2008-03-15T15:49:04,274.67915274337,-17.0681295626344,-1.0861392877364788,14.573492035611729,0.0745284167365236,False,negative,consistent_with_zero,,,,,unknown
Swift/BAT,sw00306616000bevshsp_uf.evt.gz,,2008-03-17T23:32:00,244.5859,-15.20725,-1.0155652393446504,26.25549783077403,0.0386800983889289,False,negative,consistent_with_zero,,,,,unknown
Swift/BAT,sw00306617000bevshsp_uf.evt.gz,,2008-03-17T23:47:04,244.480037507803,-15.0722591902521,5.75913216034458,15.400811905695615,0.3739499057328727,False,positive,consistent_with_zero,,,,,unknown
Swift/BAT,sw00306618000bevshsp_uf.evt.gz,,2008-03-18T00:02:16,244.3074,-14.86325,-5894.007181850871,20.219012192636903,291.5081669517601,True,negative,significant_negative,,,,,unknown
Swift/BAT,sw00306708000bevshsp_uf.evt.gz,,2008-03-18T13:33:35.36,53.3554395077728,-40.636419361157,3.725238175655002,38.32155288577243,0.0972100005122199,False,positive,consistent_with_zero,,,,,unknown
Swift/BAT,sw00306721000bevshsp_uf.evt.gz,,2008-03-18T18:08:10.816,41.2861989781123,5.3635439317828,-2.075942229598009,727.0794575496654,0.0028551793178068,False,negative,consistent_with_zero,,,,,unknown
Swift/BAT,sw00306737000bevshsp_uf.evt.gz,,2008-03-18T22:32:55.168,272.585,-19.0700833,82427.95647053384,21.72891714361849,3793.4682122317295,True,positive,significant_positive,,,,,unknown
Swift/BAT,sw00306745000bevshsp_uf.evt.gz,,2008-03-19T01:57:12,244.6382,-15.27699,8.345208211214997,25.67879451842874,0.3249844226615055,False,positive,consistent_with_zero,,,,,unknown
Swift/BAT,sw00306746000bevshsp_uf.evt.gz,,2008-03-19T02:16:32,83.25082142102,22.0114726071983,3.299395222923517,23.102689391016177,0.1428143350360991,False,positive,consistent_with_zero,,,,,unknown
Swift/BAT,sw00306754000bevshsp_uf.evt.gz,GRB080319A,2008-03-19T05:45:42.050320,206.3329167,44.0801944,-5.769213264409331,23.44747098042229,0.2460484232703133,False,negative,consistent_with_zero,43.616,5.540074,22.176,3.15265,long
Swift/BAT,sw00306757000bevshsp_uf.evt.gz,GRB080319B,2008-03-19T06:12:49.250280,217.925875,36.3028889,22.641053652620776,398.8053395114611,0.0567721928707278,False,positive,consistent_with_zero,124.86,3.095269,25.804,0.1106345,long
Swift/BAT,sw00306778000bevshsp_uf.evt.gz,GRB080319C,2008-03-19T12:25:56.961660,258.9811667,55.3917778,-1.057482315024495,87.1690642451635,0.012131394597174,False,negative,consistent_with_zero,29.552,9.414571,7.456,0.4529194,long
Swift/BAT,sw00306793000bevshsp_uf.evt.gz,GRB080319D,2008-03-19T17:05:09.345180,99.4720833,23.9431944,-192273.02445940085,59.35982327724422,3239.110459634898,True,negative,significant_negative,26.94,4.478414,15.688,5.204749,long
Swift/BAT,sw00306829000bevshsp_uf.evt.gz,,2008-03-19T22:44:48,252.0263,-45.20261,-30014.187246098343,25.690618797148677,1168.2936671587502,True,negative,significant_negative,,,,,unknown
Swift/BAT,sw00306830000bevshsp_uf.evt.gz,,2008-03-19T23:00:00,252.019112400084,-45.2043778098463,7.641138663679823,114.16991914851172,0.0669277750275032,False,positive,consistent_with_zero,,,,,unknown
Swift/BAT,sw00306858000bevshsp_uf.evt.gz,GRB080320,2008-03-20T04:37:38.464040,177.7354167,57.1578889,2.115851961360156,36.09670890046593,0.0586162014712882,False,positive,consistent_with_zero,13.816,1.858744,7.22,2.259133,long
Swift/BAT,sw00306869000bevshsp_uf.evt.gz,,2008-03-20T07:16:24,19.6986376691473,63.7644947903169,-20.206488563332314,21.922164086283512,0.9217378578046188,False,negative,consistent_with_zero,,,,,unknown
Swift/BAT,sw00307170000bevshsp_uf.evt.gz,,2008-03-21T13:56:01.088,100.546272000787,79.7474285285693,7.93186604558904,95.88386429232662,0.0827236793607598,False,positive,consistent_with_zero,,,,,unknown
Swift/BAT,sw00307208000bevshsp_uf.evt.gz,,2008-03-21T23:01:36,250.496130529588,-45.556302150037,3.1436622694230065,20.841415382398512,0.1508372733685816,False,positive,consistent_with_zero,,,,,unknown
Swift/BAT,sw00307256000bevshsp_uf.evt.gz,,2008-03-22T13:24:18.624,356.615296223207,-30.0913182413444,-6.781308369646902,859.4221242669481,0.0078905443299252,False,negative,consistent_with_zero,,,,,unknown
Swift/BAT,sw00307309000bevshsp_uf.evt.gz,,2008-03-22T15:08:26.048,52.0419672502793,-21.7046023276043,0.9681516826224243,672.6017818479078,0.0014394129018845,False,positive,consistent_with_zero,,,,,unknown
Swift/BAT,sw00307604000bevshsp_uf.evt.gz,GRB080325,2008-03-25T04:09:17.332080,277.892,36.52219,2.094348210653269,72.64630092063108,0.0288293854485643,False,positive,consistent_with_zero,166.74,32.59333,67.676,19.14325,long
Swift/BAT,sw00307695000bevshsp_uf.evt.gz,,2008-03-26T04:26:24,19.6493277317378,63.7407753366145,1.4125609289753465,24.661116797488248,0.0572788710493118,False,positive,consistent_with_zero,,,,,unknown
Swift/BAT,sw00307931000bevshsp_uf.evt.gz,GRB080328,2008-03-28T08:03:04.588480,80.4825833,47.5107778,10.805105022419015,146.68311350649944,0.0736629102295421,False,positive,consistent_with_zero,91.108,1.681661,66.172,1.201366,long
Swift/BAT,sw00308041000bevshsp_uf.evt.gz,GRB080330,2008-03-30T03:41:16.872120,169.2686667,30.6230833,6.805043891395989,15.458991682198707,0.4401997252661772,False,positive,consistent_with_zero,60.364,36.39826,31.1,25.11333,long
Swift/BAT,sw00308196000bevshsp_uf.evt.gz,,2008-03-31T09:03:36.127999,266.80633737477,-27.362148564395,1.7271427423502377,21.41255877925629,0.0806602685907594,False,positive,consistent_with_zero,,,,,unknown
Swift/BAT,sw00308224000bevshsp_uf.evt.gz,,2008-03-31T20:50:48,268.6045,-26.33176,47551.66785662987,19.65083403861835,2419.8294974747664,True,positive,significant_positive,,,,,unknown
Swift/BAT,sw00090044002bevshsp_uf.evt.gz,,2008-04-06T17:37:14,270.302083,-25.743389,5.607134418615385,64.73625797732068,0.086615053044613,False,positive,consistent_with_zero,,,,,unknown
Swift/BAT,sw00308797000bevshsp_uf.evt.gz,,2008-04-08T21:28:16,264.7964,-30.34278,-3137.3443405914363,17.461403177780124,179.6730943469509,True,negative,significant_negative,,,,,unknown
Swift/BAT,sw00308812000bevshsp_uf.evt.gz,GRB080409,2008-04-09T01:22:57.584260,84.33,5.0849722,-2.869709924467573,18.949726524755377,0.1514380653841451,False,negative,consistent_with_zero,22.656,7.534244,2.884,5.703941,long
Swift/BAT,sw00309010000bevshsp_uf.evt.gz,GRB080411,2008-04-11T21:15:32.585440,37.986,-71.30215,134.53148149887522,594.840721956702,0.226163873005096,False,positive,consistent_with_zero,56.328,0.9227524,25.088,0.08236503,long
Swift/BAT,sw00309096000bevshsp_uf.evt.gz,GRB080413A,2008-04-13T02:54:19.302440,287.298875,-27.6777778,2.678243233916192,153.80957956865706,0.0174127205953429,False,positive,consistent_with_zero,46.36,0.4812151,15.476,0.7989794,long
Swift/BAT,sw00309111000bevshsp_uf.evt.gz,GRB080413B,2008-04-13T08:51:12.549840,326.144375,-19.9810833,8.272492910752261,72.16752243900794,0.1146290274512849,False,positive,consistent_with_zero,8.0,2.0,2.0,1.0,long
Swift/BAT,sw00309665000bevshsp_uf.evt.gz,,2008-04-20T04:12:49.919999,152.63862068891,43.2424356136468,3.059240122433676,18.843119456852627,0.1623531671302508,False,positive,consistent_with_zero,,,,,unknown
Swift/BAT,sw00310125000bevshsp_uf.evt.gz,,2008-04-25T05:14:00,341.7005,44.33227,5.357009431690366,53.98991005048087,0.0992224181644594,False,positive,consistent_with_zero,,,,,unknown
Swift/BAT,sw00310219000bevshsp_uf.evt.gz,GRB080426,2008-04-26T13:23:22.949980,26.4991667,69.4685,10.807712569990835,24.888940971484413,0.4342375427855036,False,positive,consistent_with_zero,1.732,0.383604,0.612,0.1232233,short
Swift/BAT,sw00310319000bevshsp_uf.evt.gz,,2008-04-27T18:35:47.328,267.545651000519,-29.0098729599755,26099.56091004239,28.15304924432209,927.0598251557476,True,positive,significant_positive,,,,,unknown
Swift/BAT,sw00310613000bevshsp_uf.evt.gz,GRB080430,2008-04-30T19:53:02.075640,165.3111667,51.6855833,6.16599753636653,71.28638320776896,0.0864961477761512,False,positive,consistent_with_zero,13.872,1.899732,4.88,0.3509074,long
Swift/BAT,sw00310785000bevshsp_uf.evt.gz,GRB080503,2008-05-03T12:26:13.429140,286.62,68.7936944,-4.246166459524672,29.114267389942174,0.1458448671454997,False,negative,consistent_with_zero,176.0,48.0,64.0,16.0,long
Swift/BAT,sw00311159000bevshsp_uf.evt.gz,GRB080506,2008-05-06T17:46:21.229360,329.4242917,38.9850833,-0.243475834741416,26.031419499395756,0.0093531524374637,False,negative,consistent_with_zero,152.2,14.17922,103.26,55.64253,long
Swift/BAT,sw00311603000bevshsp_uf.evt.gz,,2008-05-14T10:32:40,263.8483333,-35.6691944,-1.6787749961654976,518.3227501224653,0.0032388603351268,False,negative,consistent_with_zero,,,,,unknown
Swift/BAT,sw00311658000bevshsp_uf.evt.gz,GRB080515,2008-05-15T06:01:13.816640,3.15011728837097,32.5992622180551,0.5554811468543623,189.16976031366923,0.0029364161900575,False,positive,consistent_with_zero,20.864,5.166811,7.6,3.045427,long
Swift/BAT,sw00311762000bevshsp_uf.evt.gz,GRB080516,2008-05-16T00:17:07.030760,120.629533847551,-26.1760175623149,0.9671066353257992,20.12293657136212,0.0480599157034631,False,positive,consistent_with_zero,5.764,0.2232129,5.016,0.4157163,long
Swift/BAT,sw00311874000bevshsp_uf.evt.gz,GRB080517,2008-05-17T21:22:51.986120,102.2416667,50.7349722,6.783397577958113,26.342086995418345,0.2575117749454682,False,positive,consistent_with_zero,64.508,22.30139,25.596,18.82373,long
Swift/BAT,sw00312047000bevshsp_uf.evt.gz,GRB080520,2008-05-20T22:20:24.778640,280.1932917,-54.9918889,-0.5543941520288772,20.05911430013606,0.0276380174983656,False,negative,consistent_with_zero,3.324,0.8618956,1.744,0.7766724,long
Swift/BAT,sw00312068000bevshsp_uf.evt.gz,,2008-05-21T06:03:44,252.010523081687,-45.1573313426522,-5.913591970162894,20.801408053070315,0.2842880614175558,False,negative,consistent_with_zero,,,,,unknown
Swift/BAT,sw00312072000bevshsp_uf.evt.gz,,2008-05-21T08:32:40,47.046290056391,40.9585042728924,2.820770609143986,30.1551787891062,0.0935418300409152,False,positive,consistent_with_zero,,,,,unknown
Swift/BAT,sw00312242000bevshsp_uf.evt.gz,GRB080523,2008-05-23T21:21:51.299440,20.7983333,-64.0316944,-2.230855918442669,21.981657748796422,0.1014871555155942,False,negative,consistent_with_zero,48.0,22.62742,16.0,16.0,long
Swift/BAT,sw00312579000bevshsp_uf.evt.gz,,2008-05-28T08:21:46.24,248.967167947589,-47.5927372406783,5.891937813039272,21.244739022623925,0.2773363234429397,False,positive,consistent_with_zero,,,,,unknown
Swift/BAT,sw00312582000bevshsp_uf.evt.gz,,2008-05-28T09:53:03.36,248.95458870056,-47.5854822205534,1.648542544853275,5.232213578423142,0.3150755450143731,False,positive,consistent_with_zero,,,,,unknown
Swift/BAT,sw00090005001bevshsp_uf.evt.gz,,2008-06-16T00:08:01,170.445,-59.863,2.5005993834557314,15.441995443113864,0.161934990375278,False,positive,consistent_with_zero,,,,,unknown
Swift/BAT,sw00312958000bevshsp_uf.evt.gz,GRB080602,2008-06-02T01:30:28.077080,19.175,-9.2323889,-5.126501007722262,50.73533878425754,0.1010439888757172,False,negative,consistent_with_zero,74.288,7.143187,58.976,1.198432,long
Swift/BAT,sw00313087000bevshsp_uf.evt.gz,GRB080603B,2008-06-03T19:38:13.288800,176.5320833,68.061,11.731876369441434,74.64353748783168,0.157172030751543,False,positive,consistent_with_zero,59.124,1.630965,45.344,1.070596,long
Swift/BAT,sw00313116000bevshsp_uf.evt.gz,GRB080604,2008-06-04T07:27:01.159600,236.9652917,20.5577778,-6.784036566230644,21.177855240540403,0.320336336667562,False,negative,consistent_with_zero,77.608,13.24724,33.356,7.944576,long
Swift/BAT,sw00313299000bevshsp_uf.evt.gz,GRB080605,2008-06-05T23:47:57.859480,262.1254167,4.0161944,30.632604636338183,156.2173677171119,0.1960896223255381,False,positive,consistent_with_zero,18.056,0.8882252,7.06,0.1162755,long
Swift/BAT,sw00313417000bevshsp_uf.evt.gz,GRB080607,2008-06-07T06:07:27.008340,194.9465833,15.9196944,9.381087580832835,141.63442134648008,0.0662345176522019,False,positive,consistent_with_zero,78.972,3.041697,22.58,1.688559,long
Swift/BAT,sw00313954000bevshsp_uf.evt.gz,GRB080613B,2008-06-13T11:12:37.968880,173.7975,-7.1055,5.464924708646466,107.073977116365,0.0510387757681526,False,positive,consistent_with_zero,79.448,9.456569,25.824,1.423039,long
Swift/BAT,sw00314975000bevshsp_uf.evt.gz,,2008-06-21T15:50:38.208,234.221689916356,-73.2694142137366,5686.127295209293,27.54617561265804,206.42165994891863,True,positive,significant_positive,,,,,unknown
Swift/BAT,sw00315080000bevshsp_uf.evt.gz,GRB080623,2008-06-23T10:25:28.440240,237.6604167,-62.0488889,-6.254510144283798,27.869428311208367,0.2244219032569245,False,negative,consistent_with_zero,15.096,5.118078,6.268,0.9723065,long
Swift/BAT,sw00315615000bevshsp_uf.evt.gz,GRB080701,2008-07-01T10:13:37.636600,45.8375449298875,75.4918923999807,-9.667397101279132,26.79327130404299,0.3608143623664335,False,negative,consistent_with_zero,17.816,6.719786,4.736,1.374889,long
Swift/BAT,sw00315630000bevshsp_uf.evt.gz,,2008-07-01T12:50:08.064,35.5704321007523,39.8289431960506,-0.2187250376672388,24.560810656746536,0.0089054486321345,False,negative,consistent_with_zero,,,,,unknown
Swift/BAT,sw00315710000bevshsp_uf.evt.gz,GRB080702A,2008-07-02T11:50:43.681940,313.0508333,72.3126944,0.7820436609526693,26.566479495757427,0.029437233528724,False,positive,consistent_with_zero,0.512,0.1810193,0.192,0.2307553,short
Swift/BAT,sw00315819000bevshsp_uf.evt.gz,GRB080703,2008-07-03T19:00:13.598700,101.8026667,-63.219,-4.336574968610956,23.166169551716457,0.1871943032675267,False,negative,consistent_with_zero,3.516,0.805367,1.66,0.5049831,long
Swift/BAT,sw00316063000bevshsp_uf.evt.gz,,2008-07-05T21:14:16,130.1995833,-45.0606944,7.549151822717497,22.14585515909789,0.3408832835076218,False,positive,consistent_with_zero,,,,,unknown
Swift/BAT,sw00316534000bevshsp_uf.evt.gz,GRB080710,2008-07-10T07:13:10.798420,8.25709402209318,19.4919117249144,-0.1531181793645016,20.678677541364763,0.0074046407976627,False,negative,consistent_with_zero,142.988,25.14022,70.472,14.73741,long
Swift/BAT,sw00316910000bevshsp_uf.evt.gz,GRB080714,2008-07-14T17:52:56.643300,188.1075,-60.2771944,6.267875994760974,56.07498352191849,0.1117766890169659,False,positive,consistent_with_zero,25.812,5.116999,9.324,1.051521,long
Swift/BAT,sw00317205000bevshsp_uf.evt.gz,,2008-07-17T13:30:02.687999,255.4352,-40.85767,-11.366405373838132,41.143128897975664,0.2762649725066823,False,negative,consistent_with_zero,,,,,unknown
Swift/BAT,sw00317393000bevshsp_uf.evt.gz,,2008-07-20T00:23:44,162.521270856645,-10.4954986010427,693.5854852747512,23.30438951733484,29.762010489862075,True,positive,significant_positive,,,,,unknown
Swift/BAT,sw00317508000bevshsp_uf.evt.gz,GRB080721,2008-07-21T10:25:16.978500,224.4825833,-11.7234722,-1.0697330557138822,82.23643469935699,0.01300801839993,False,negative,consistent_with_zero,129.696,114.4703,6.896,0.7807279,long
Swift/BAT,sw00317662000bevshsp_uf.evt.gz,GRB080723A,2008-07-23T04:19:24.398120,274.4895833,-6.8992778,11.802188565966675,77.36741822587142,0.1525472716629965,False,positive,consistent_with_zero,17.336,2.034936,11.9,2.282753,long
Swift/BAT,sw00317888000bevshsp_uf.evt.gz,GRB080725,2008-07-25T10:26:14.632460,121.714820861025,-13.9900040898407,-4.154819710759083,42.33790378179534,0.0981347525416596,False,negative,consistent_with_zero,92.736,49.49917,14.856,2.447693,long
Swift/BAT,sw00317897000bevshsp_uf.evt.gz,,2008-07-25T11:24:13.567999,299.5909,35.20037,-9.436434644509148,25.54545918007416,0.3693977304533914,False,negative,consistent_with_zero,,,,,unknown
Swift/BAT,sw00318094000bevshsp_uf.evt.gz,GRB080727A,2008-07-27T05:57:39.363900,208.3908333,-18.545,-2.772848726711191,42.07537492366681,0.0659019374572822,False,negative,consistent_with_zero,4.912,0.9158602,2.724,1.24247,long
Swift/BAT,sw00318101000bevshsp_uf.evt.gz,GRB080727B,2008-07-27T08:13:24.959660,276.85875,1.163,5.6943431747459226,73.86541852211026,0.0770907860359773,False,positive,consistent_with_zero,8.664,0.1456022,6.316,0.1106345,long
Swift/BAT,sw00318166000bevshsp_uf.evt.gz,,2008-07-27T22:31:22.816,255.4354,-40.85647,2.254761012889296,38.39827863395284,0.05872036698269,False,positive,consistent_with_zero,,,,,unknown
Swift/BAT,sw00318170000bevshsp_uf.evt.gz,GRB080727C,2008-07-27T23:07:35.394100,32.63375,64.1376944,-10.84226329027735,156.56191073230428,0.0692522417461797,False,negative,consistent_with_zero,77.364,7.039364,23.32,1.43459,long
Swift/BAT,sw00318832000bevshsp_uf.evt.gz,GRB080802,2008-08-02T15:12:21.075860,270.7261,-32.33199,-1.0737290636231889,51.51044211695951,0.0208448815326644,False,negative,consistent_with_zero,179.504,22.80489,82.384,28.13734,long
Swift/BAT,sw00319016000bevshsp_uf.evt.gz,GRB080804,2008-08-04T23:20:14.670000,328.6675,-53.1845833,0.3438115861834884,120.72772974743224,0.0028478261531361,False,positive,consistent_with_zero,37.872,42.35502,11.404,2.244368,long
Swift/BAT,sw00319036000bevshsp_uf.evt.gz,GRB080805,2008-08-05T07:41:34.733120,314.2247,-62.44318,-1.6110049631771144,171.19138827060067,0.0094105490904169,False,negative,consistent_with_zero,106.624,15.89163,38.848,5.736128,long
Swift/BAT,sw00319584000bevshsp_uf.evt.gz,GRB080810,2008-08-10T13:10:12.287980,356.7936667,0.3193889,1.4970590607535583,69.59042368830173,0.0215124291735734,False,positive,consistent_with_zero,107.668,3.471544,38.948,2.529674,long
Swift/BAT,sw00319963000bevshsp_uf.evt.gz,,2008-08-13T23:49:20,264.7992,-30.34483,8.367701752305015,26.79833739126891,0.3122470483945497,False,positive,consistent_with_zero,,,,,unknown
Swift/BAT,sw00319964000bevshsp_uf.evt.gz,,2008-08-14T00:12:56,264.80772354708,-30.3430541276879,-0.9579827676569944,22.68277943133419,0.0422339233407008,False,negative,consistent_with_zero,,,,,unknown
Swift/BAT,sw00321174000bevshsp_uf.evt.gz,,2008-08-22T12:42:02.24,75.2779167,45.2761944,0.4005822536899944,15.847694113808444,0.0252770056522581,False,positive,consistent_with_zero,,,,,unknown
Swift/BAT,sw00321177000bevshsp_uf.evt.gz,,2008-08-22T13:12:55.68,75.2646438449587,45.2722548248199,0.804574869366276,10.475211485601514,0.0768075060319486,False,positive,consistent_with_zero,,,,,unknown
Swift/BAT,sw00321252000bevshsp_uf.evt.gz,,2008-08-22T17:29:32.8,75.2659467744855,45.2898284963173,30326.51090582373,46.941142130354045,646.0539631014512,True,positive,significant_positive,,,,,unknown
Swift/BAT,sw00321376000bevshsp_uf.evt.gz,GRB080822B,2008-08-22T21:02:52.960620,63.4950367894906,25.7428354460579,0.984790393261974,17.587666909547615,0.0559932365291369,False,positive,consistent_with_zero,,,,,unknown
Swift/BAT,sw00321481000bevshsp_uf.evt.gz,,2008-08-23T04:47:51.36,75.2703524009689,45.278018692367,0.005939675729901,5.185633902929272,0.0011454097688126,False,positive,consistent_with_zero,,,,,unknown
Swift/BAT,sw00321551000bevshsp_uf.evt.gz,,2008-08-23T11:27:37.919999,75.264742049925,45.2810981393975,-1.8662763858627915,4.203624620962934,0.4439683735212492,False,negative,consistent_with_zero,,,,,unknown
Swift/BAT,sw00321574000bevshsp_uf.evt.gz,,2008-08-23T16:31:25.12,75.2422167412428,45.2417415081925,-8.698971136206692,20.70609160941035,0.4201165193460869,False,negative,consistent_with_zero,,,,,unknown
Swift/BAT,sw00321583000bevshsp_uf.evt.gz,,2008-08-23T17:35:17.951999,75.2691768236207,45.2772222629659,-0.8440665441010005,7.117246656173795,0.1185945330936117,False,negative,consistent_with_zero,,,,,unknown
Swift/BAT,sw00321750000bevshsp_uf.evt.gz,,2008-08-24T10:48:32,282.088639951228,-3.19731935616618,-2.5928790960160275,17.696717972206372,0.146517512461253,False,negative,consistent_with_zero,,,,,unknown
Swift/BAT,sw00322109000bevshsp_uf.evt.gz,,2008-08-25T19:24:11.52,75.294160473552,45.2449388678845,4.294194630717141,16.548035267553537,0.2594987599003344,False,positive,consistent_with_zero,,,,,unknown
Swift/BAT,sw00322590000bevshsp_uf.evt.gz,,2008-08-28T08:15:12.384,323.467313774246,42.0014163182813,-5.4292140626647445,259.09521767876254,0.0209545128285467,False,negative,consistent_with_zero,,,,,unknown
Swift/BAT,sw00323192000bevshsp_uf.evt.gz,,2008-09-01T01:22:51.52,75.2677511936787,45.309975494137,4.671153148968619,41.58636493934468,0.1123241513361813,False,positive,consistent_with_zero,,,,,unknown
Swift/BAT,sw00323542000bevshsp_uf.evt.gz,GRB080903,2008-09-03T01:12:23.300160,86.7920833,51.2644722,-4.9896344432337125,69.07036507332467,0.0722398736120295,False,negative,consistent_with_zero,66.34,10.42087,23.532,3.199281,long
Swift/BAT,sw00323650000bevshsp_uf.evt.gz,,2008-09-03T18:53:54.24,75.2669524534146,45.2611080547911,-2.188249141573011,9.721595413507778,0.2250915666097896,False,negative,consistent_with_zero,,,,,unknown
Swift/BAT,sw00323870000bevshsp_uf.evt.gz,GRB080905A,2008-09-05T11:58:54.973940,287.6733333,-18.8797778,2.8962067484208944,39.79902655500789,0.0727707936378274,False,positive,consistent_with_zero,1.016,0.08158433,0.768,0.12,short
Swift/BAT,sw00323898000bevshsp_uf.evt.gz,GRB080905B,2008-09-05T16:55:45.405420,301.74,-62.5633889,4.7997226767865735,72.76108163559351,0.0659655212497367,False,positive,consistent_with_zero,120.936,28.05833,77.864,4.543367,long
Swift/BAT,sw00323984000bevshsp_uf.evt.gz,GRB080906,2008-09-06T13:33:16.347220,228.0441667,-80.5176944,0.7317170064632601,87.30897469987708,0.0083807765350414,False,positive,consistent_with_zero,148.212,19.6103,40.664,5.79279,long
Swift/BAT,sw00324329000bevshsp_uf.evt.gz,,2008-09-10T02:22:16,248.021478753765,-47.8800195724551,3.854821506883292,40.15766284018305,0.0959921776878417,False,positive,consistent_with_zero,,,,,unknown
Swift/BAT,sw00324362000bevshsp_uf.evt.gz,,2008-09-10T12:52:24.768,39.7875,61.3245,-3.5967238586672203,146.3044063236901,0.0245838382386766,False,negative,consistent_with_zero,,,,,unknown
Swift/BAT,sw00324561000bevshsp_uf.evt.gz,GRB080913,2008-09-13T06:46:54.122140,65.7275,-25.1293889,1.4494301700885168,19.678288906343624,0.0736563111247578,False,positive,consistent_with_zero,7.456,0.756677,3.672,1.151001,long
Swift/BAT,sw00324744000bevshsp_uf.evt.gz,GRB080915A,2008-09-15T00:02:49.957760,18.0040672407145,-76.0144041971717,4.732638533837401,43.53487854515932,0.1087091245454646,False,positive,consistent_with_zero,26.288,3.898102,10.608,9.856325,long
Swift/BAT,sw00324805000bevshsp_uf.evt.gz,GRB080915B,2008-09-15T15:53:35.140100,213.078560327715,-11.4732707538459,-0.3889924582319925,61.33242211160313,0.0063423625684334,False,negative,consistent_with_zero,4.052,0.6073286,1.076,0.1019804,long
Swift/BAT,sw00324895000bevshsp_uf.evt.gz,GRB080916A,2008-09-16T09:45:20.610200,336.2757917,-57.023,9.59323728867545,149.60437806727046,0.0641240411050122,False,positive,consistent_with_zero,61.348,6.680057,23.304,1.01264,long
Swift/BAT,sw00324907000bevshsp_uf.evt.gz,GRB080916B,2008-09-16T14:44:47.329660,163.6654167,69.0658889,1.0347885407277266,21.526456517723734,0.0480705470440867,False,positive,consistent_with_zero,33.544,6.96964,15.444,6.166493,long
Swift/BAT,sw00325268000bevshsp_uf.evt.gz,GRB080919,2008-09-19T00:05:13.051580,265.2236667,-42.3686944,4.937372230095737,15.521527900028811,0.3180983381208606,False,positive,consistent_with_zero,0.6,0.08409517,0.328,0.08504117,short
Swift/BAT,sw00325461000bevshsp_uf.evt.gz,,2008-09-21T07:55:12,130.1975,-45.05917,107537.96142457092,207.2264212194977,518.939432489957,True,positive,significant_positive,,,,,unknown
Swift/BAT,sw00325707000bevshsp_uf.evt.gz,,2008-09-23T21:49:20.448,288.385413040623,25.8321049701656,-0.3098130753648585,15.802628535787983,0.0196051609175795,False,negative,consistent_with_zero,,,,,unknown
Swift/BAT,sw00325730000bevshsp_uf.evt.gz,,2008-09-24T00:37:20,272.179861718762,-36.9795335679306,4.114322601360162,22.28321031008942,0.1846377853148598,False,positive,consistent_with_zero,,,,,unknown
Swift/BAT,sw00325827000bevshsp_uf.evt.gz,,2008-09-24T20:14:27.328,272.1169,-36.98002,5.668940237048825,21.61646504775424,0.2622510306160247,False,positive,consistent_with_zero,,,,,unknown
Swift/BAT,sw00325895000bevshsp_uf.evt.gz,,2008-09-25T13:55:04,299.5914,35.20061,19902.0388741612,22.633046118983543,879.3354093626971,True,positive,significant_positive,,,,,unknown
Swift/BAT,sw00325899000bevshsp_uf.evt.gz,,2008-09-25T15:15:20,299.5928,35.19923,0.1626499082116218,24.91707747032521,0.0065276478915044,False,positive,consistent_with_zero,,,,,unknown
Swift/BAT,sw00326115000bevshsp_uf.evt.gz,GRB080928,2008-09-28T15:01:32.866720,95.0700833,-55.1997778,1.422081921416703,43.35406936570463,0.0328015787727102,False,positive,consistent_with_zero,233.66,20.80139,44.82,57.56902,long
Swift/BAT,sw00326220000bevshsp_uf.evt.gz,,2008-09-29T09:10:40,266.593507764895,-32.2698029076949,3.9659124544507622,21.38715285148315,0.1854343344338952,False,positive,consistent_with_zero,,,,,unknown
Swift/BAT,sw00330074000bevshsp_uf.evt.gz,,2008-10-02T01:02:48,104.692656732975,-7.24333773652404,-5.575933713003447,20.774424333752364,0.268403765294434,False,negative,consistent_with_zero,,,,,unknown
Swift/BAT,sw00330083000bevshsp_uf.evt.gz,,2008-10-02T01:20:24,266.463945081986,-32.2565297314636,-9226.099162138473,23.52374050003793,392.2037467690818,True,negative,significant_negative,,,,,unknown
Swift/BAT,sw00330353000bevshsp_uf.evt.gz,,2008-10-03T09:28:11.84,237.7276667,-54.3060833,0.5036972918486885,13.92269035687179,0.0361781580238965,False,positive,consistent_with_zero,,,,,unknown
Swift/BAT,sw00330367000bevshsp_uf.evt.gz,,2008-10-03T11:16:16.96,237.704247420092,-54.3084172458207,0.5058897358183255,17.686593781046007,0.0286030053090531,False,positive,consistent_with_zero,,,,,unknown
Swift/BAT,sw00330856000bevshsp_uf.evt.gz,GRB081007,2008-10-07T05:23:52.748620,339.959875,-40.1468889,0.4161168884729701,20.075789679285315,0.0207272986577623,False,positive,consistent_with_zero,9.728,4.874095,2.88,0.7240774,long
Swift/BAT,sw00331093000bevshsp_uf.evt.gz,GRB081008,2008-10-08T19:58:09.384500,279.9586667,-57.4310833,-17.81061365418672,124.73456642598588,0.1427881153116851,False,negative,consistent_with_zero,187.824,38.22846,111.108,1.957566,long
Swift/BAT,sw00331332000bevshsp_uf.evt.gz,GRB081011,2008-10-11T00:28:50.466880,220.360725648565,33.6074738964866,-1.6294850858087035,18.832849933048724,0.0865235528133854,False,negative,consistent_with_zero,17.088,2.813817,7.936,5.787313,long
Swift/BAT,sw00331475000bevshsp_uf.evt.gz,GRB081012,2008-10-12T13:10:23.902940,30.2174055107331,-17.6414535051542,4.458894536278075,24.24805731776833,0.1838866709132494,False,positive,consistent_with_zero,28.972,4.524752,9.972,6.145505,long
Swift/BAT,sw00331592000bevshsp_uf.evt.gz,,2008-10-13T21:19:04,47.04379,40.95423,-2.6096628669321955,25.094126133120486,0.1039949689058042,False,negative,consistent_with_zero,,,,,unknown
Swift/BAT,sw00331721000bevshsp_uf.evt.gz,,2008-10-15T10:14:24,79.0501924680654,17.297148501389,4.40181040350656,19.2884969364243,0.2282090936383023,False,positive,consistent_with_zero,,,,,unknown
Swift/BAT,sw00331821000bevshsp_uf.evt.gz,,2008-10-16T11:22:56,38.59043,-43.79718,-6.675504792227716,18.97782140152503,0.3517529568326152,False,negative,consistent_with_zero,,,,,unknown
Swift/BAT,sw00331856000bevshsp_uf.evt.gz,GRB081016B,2008-10-16T19:47:14.515960,14.567,-43.5295833,-0.2733433578482694,27.50056685445062,0.0099395535842939,False,negative,consistent_with_zero,2.616,0.7927067,1.172,0.3115895,long
Swift/BAT,sw00331964000bevshsp_uf.evt.gz,GRB081017,2008-10-17T23:38:12.816960,230.179956090345,-32.815165184944,3.2551163208604046,33.0509048355942,0.0984879638561303,False,positive,consistent_with_zero,,,,,unknown
Swift/BAT,sw00332287000bevshsp_uf.evt.gz,,2008-10-21T11:20:30.08,301.006315352213,21.6824280352001,1.1640340127662472,17.05752167730102,0.0682416845065636,False,positive,consistent_with_zero,,,,,unknown
Swift/BAT,sw00332399000bevshsp_uf.evt.gz,GRB081022,2008-10-22T14:23:48.804900,226.618689631337,12.4160839741371,-11.668838151872336,43.71649454692309,0.2669207188913006,False,negative,consistent_with_zero,157.58,41.88247,59.568,8.232591,long
Swift/BAT,sw00332516000bevshsp_uf.evt.gz,GRB081024A,2008-10-24T05:53:08.864600,27.8745,61.3315833,-0.9206448318092786,13.683672962584591,0.0672805345704042,False,negative,consistent_with_zero,1.824,0.5860512,0.656,0.3324154,short
Swift/BAT,sw00332851000bevshsp_uf.evt.gz,GRB081028A,2008-10-28T00:25:00.790760,121.8954,2.308666,-1.1815784523567947,36.86708903588806,0.0320496812538303,False,negative,consistent_with_zero,284.424,30.54873,135.004,7.696338,long
Swift/BAT,sw00332931000bevshsp_uf.evt.gz,GRB081029,2008-10-29T01:43:56.788020,346.703787157334,-68.159638914543,8.76869241030524,24.929876869337647,0.3517342847806136,False,positive,consistent_with_zero,275.104,48.95488,106.512,37.22526,long
Swift/BAT,sw00333010000bevshsp_uf.evt.gz,,2008-10-29T19:24:08,299.594882425912,35.2421649110461,3.043077473126016,28.17298763579045,0.1080140137235621,False,positive,consistent_with_zero,,,,,unknown
Swift/BAT,sw00037581004bevshsp_uf.evt.gz,,2008-11-23T00:17:36,344.689167,-26.153889,-7.410578037705623,869.2566410633284,0.0085251900159664,False,negative,consistent_with_zero,,,,,unknown
Swift/BAT,sw00333320000bevshsp_uf.evt.gz,GRB081101,2008-11-01T11:46:31.979160,95.8265748344563,-0.0822079532699427,2.4958250154528243,16.151597560491894,0.1545249630016669,False,positive,consistent_with_zero,0.18,0.04252059,0.088,0.02000002,short
Swift/BAT,sw00333427000bevshsp_uf.evt.gz,GRB081102,2008-11-02T17:44:39.527920,331.1734583,52.9933889,0.7453194321411669,66.84099572862543,0.0111506332904908,False,positive,consistent_with_zero,50.32,12.60935,16.752,4.930765,long
Swift/BAT,sw00333666000bevshsp_uf.evt.gz,GRB081104,2008-11-04T09:34:42.467620,100.4830833,-54.7202778,1.0200276241568724,38.65276833670034,0.0263895101968251,False,positive,consistent_with_zero,64.0,15.26434,23.0,5.385165,long
Swift/BAT,sw00334112000bevshsp_uf.evt.gz,GRB081109A,2008-11-09T07:02:06.614940,330.7902917,-54.7117778,5.553386748077595,61.55501921562794,0.0902182603277893,False,positive,consistent_with_zero,221.488,58.97129,34.96,5.871673,long
Swift/BAT,sw00334129000bevshsp_uf.evt.gz,,2008-11-09T13:47:20,350.157415273707,-55.9037523400265,17.01392621316678,19.77302742450109,0.8604613672909055,False,positive,consistent_with_zero,,,,,unknown
Swift/BAT,sw00334877000bevshsp_uf.evt.gz,GRB081118,2008-11-18T14:56:36.734580,82.5925,-43.3004722,-2.150396400851861,21.49752679674163,0.1000299439644282,False,negative,consistent_with_zero,53.404,12.08538,24.888,4.249024,long
Swift/BAT,sw00335105000bevshsp_uf.evt.gz,GRB081121,2008-11-21T20:35:32.854060,89.275875,-60.603,-4.159640104271529,51.45213583190082,0.0808448480712536,False,negative,consistent_with_zero,17.52,2.006709,9.12,1.684812,long
Swift/BAT,sw00335647000bevshsp_uf.evt.gz,GRB081126,2008-11-26T21:34:10.280820,323.5155833,48.7098889,6.272987279720167,81.2957306926709,0.077162567164006,False,positive,consistent_with_zero,57.648,5.846673,31.44,0.4528664,long
Swift/BAT,sw00335715000bevshsp_uf.evt.gz,GRB081127,2008-11-27T07:05:08.903800,332.0645,6.8502778,-2.5011288457862366,22.53489279119136,0.1109891610739723,False,negative,consistent_with_zero,17.3,3.54517,8.548,3.523885,long
Swift/BAT,sw00335895000bevshsp_uf.evt.gz,GRB081128,2008-11-28T17:18:44.708060,20.8049583,38.1272778,-1.538588142448022,82.31783397207663,0.0186908239467274,False,negative,consistent_with_zero,102.316,10.60851,32.012,5.527893,long
Swift/BAT,sw00335971000bevshsp_uf.evt.gz,,2008-11-29T21:41:44,324.330287797152,21.5164666308289,-5.580900486680983,17.685611001390168,0.3155616442226565,False,negative,consistent_with_zero,,,,,unknown
Swift/BAT,sw00336489000bevshsp_uf.evt.gz,GRB081203A,2008-12-03T13:57:11.575340,233.0314583,63.5207778,1.0134968039908585,83.529557642421,0.0121333912521062,False,positive,consistent_with_zero,223.0,89.98889,43.0,4.472136,long
Swift/BAT,sw00337073000bevshsp_uf.evt.gz,GRB081210,2008-12-10T20:19:34.212340,70.4841667,-11.2573889,4.192747324188566,44.18892903462577,0.0948823023274267,False,positive,consistent_with_zero,145.908,7.028237,17.484,2.956097,long
Swift/BAT,sw00337115000bevshsp_uf.evt.gz,GRB081211A,2008-12-11T11:48:10.690660,328.1160833,-33.8360833,-0.1086673871365859,21.05559335930649,0.0051609748194797,False,negative,consistent_with_zero,3.424,0.8421781,1.576,0.8945882,long
Swift/BAT,sw00337889000bevshsp_uf.evt.gz,GRB081221,2008-12-21T16:21:11.847580,15.79345,-24.54848,433.4742071712904,976.9668035907682,0.4436938958192729,False,positive,consistent_with_zero,33.908,0.9216507,9.144,0.1386218,long
Swift/BAT,sw00337914000bevshsp_uf.evt.gz,GRB081222,2008-12-22T04:53:59.974180,22.739875,-34.0948889,32.15491599454554,393.6255138919559,0.0816891051512773,False,positive,consistent_with_zero,33.0,4.0,6.0,1.0,long
Swift/BAT,sw00338177000bevshsp_uf.evt.gz,GRB081226A,2008-12-26T01:03:37.372040,120.501,-69.0305,0.9615003313350272,18.452462440250734,0.052106884620325,False,positive,consistent_with_zero,0.436,0.07515317,0.196,0.09482615,short
Swift/BAT,sw00338338000bevshsp_uf.evt.gz,GRB081228,2008-12-28T01:17:40.758740,39.460375,30.8538889,-7.971009372329837,35.68618142620124,0.223364032064171,False,negative,consistent_with_zero,3.0,1.414214,2.0,1.0,long
Swift/BAT,sw00338633000bevshsp_uf.evt.gz,GRB081230,2008-12-30T20:36:12.623340,37.33156,-25.14664,0.6741585875510129,29.768718085790333,0.0226465441208505,False,positive,consistent_with_zero,60.692,13.42613,21.416,3.705358,long
Swift/BAT,sw00058990009bevshsp_uf.evt.gz,,2009-01-29T18:36:01,83.633333,22.014472,6.613164958252707,39.32234991694221,0.1681782744983762,False,positive,consistent_with_zero,,,,,unknown
Swift/BAT,sw00338895000bevshsp_uf.evt.gz,GRB090102,2009-01-02T02:55:44.865380,128.2435833,33.1128889,-2.2355077656100115,31.64755519991672,0.0706376132844503,False,negative,consistent_with_zero,28.32,2.345679,12.064,1.518989,long
Swift/BAT,sw00339131000bevshsp_uf.evt.gz,,2009-01-04T03:52:40,170.24,-61.91755,0.6763829121856971,81.83406457432764,0.0082652977791584,False,positive,consistent_with_zero,,,,,unknown
Swift/BAT,sw00339162000bevshsp_uf.evt.gz,,2009-01-04T13:37:44,170.2378,-61.91473,-2.406553062139931,53.836983665115255,0.0447007409833642,False,negative,consistent_with_zero,,,,,unknown
Swift/BAT,sw00339295000bevshsp_uf.evt.gz,GRB090107A,2009-01-07T04:48:04.308060,302.42575240314,4.72746160298767,1.807120422688889,25.37209366872327,0.0712247261216982,False,positive,consistent_with_zero,12.084,0.6870691,10.472,7.211379,long
Swift/BAT,sw00339696000bevshsp_uf.evt.gz,GRB090111,2009-01-11T23:58:21.703320,251.675375,0.0775833,0.0302293326684931,25.05747096105876,0.0012063999880702,False,positive,consistent_with_zero,25.26,2.655132,13.732,1.458136,long
Swift/BAT,sw00339852000bevshsp_uf.evt.gz,GRB090113,2009-01-13T18:40:39.170560,32.1631667,33.4535833,6.1953892518045,32.97525690836331,0.1878799388590419,False,positive,consistent_with_zero,9.096,0.9016696,5.868,0.6302507,long
Swift/BAT,sw00339853000bevshsp_uf.evt.gz,,2009-01-13T18:52:48,170.238,-61.91726,12.39110209316732,888.0609546702126,0.0139529860287223,False,positive,consistent_with_zero,,,,,unknown
Swift/BAT,sw00339854000bevshsp_uf.evt.gz,,2009-01-13T19:07:52,170.230581945326,-61.915008038308,2.907317483227408,20.79293062127395,0.1398224009968481,False,positive,consistent_with_zero,,,,,unknown
Swift/BAT,sw00340573000bevshsp_uf.evt.gz,,2009-01-22T01:32:45.759999,237.705247586623,-54.3196370090835,0.3589203334201682,7.864256914631817,0.0456394465893376,False,positive,consistent_with_zero,,,,,unknown
Swift/BAT,sw00340578000bevshsp_uf.evt.gz,,2009-01-22T02:09:30.24,237.692111931381,-54.3038201952553,-2.829386579020324,6.288398693284381,0.4499375305261628,False,negative,consistent_with_zero,,,,,unknown
Swift/BAT,sw00340603000bevshsp_uf.evt.gz,,2009-01-22T02:54:05.439999,237.708534810372,-54.3021512307477,1.9382626886925955,2.649977750326174,0.731426023653981,False,positive,consistent_with_zero,,,,,unknown
Swift/BAT,sw00340734000bevshsp_uf.evt.gz,,2009-01-22T07:30:10.24,263.342979452095,-60.1351746096958,2.2151087909946625,5.00963668805141,0.442169548198568,False,positive,consistent_with_zero,,,,,unknown
Swift/BAT,sw00340895000bevshsp_uf.evt.gz,GRB090123,2009-01-23T07:51:56.329040,6.786375,-23.5010833,-3.332200692436641,27.87590734127773,0.119536941045231,False,negative,consistent_with_zero,137.344,22.98187,38.236,13.44043,long
Swift/BAT,sw00340919000bevshsp_uf.evt.gz,,2009-01-23T14:05:44,170.2408,-61.91682,44289.34076020638,35.51907844417307,1246.9169443632366,True,positive,significant_positive,,,,,unknown
Swift/BAT,sw00340923000bevshsp_uf.evt.gz,,2009-01-23T14:48:29.439999,237.702935804616,-54.316287107192,-1.972246350465356,11.458338276262277,0.1721232436077725,False,negative,consistent_with_zero,,,,,unknown
Swift/BAT,sw00340973000bevshsp_uf.evt.gz,,2009-01-24T01:06:24,170.2311,-61.9204,24005.55635884573,29.380335174342704,817.0620320155276,True,positive,significant_positive,,,,,unknown
Swift/BAT,sw00340986000bevshsp_uf.evt.gz,,2009-01-24T04:11:26.4,237.697582708386,-54.316459849281,6.2517969441504055,33.821330998785584,0.1848477502075506,False,positive,consistent_with_zero,,,,,unknown
Swift/BAT,sw00341001000bevshsp_uf.evt.gz,,2009-01-24T10:49:44,170.244020331404,-61.8794774044985,-37178.63459837387,93.36063102165186,398.226042299902,True,negative,significant_negative,,,,,unknown
Swift/BAT,sw00341055000bevshsp_uf.evt.gz,,2009-01-25T03:07:25.12,237.701996149324,-54.3078764497662,-0.5752736817033585,20.733949279210037,0.0277454947900439,False,negative,consistent_with_zero,,,,,unknown
Swift/BAT,sw00341076000bevshsp_uf.evt.gz,,2009-01-25T11:59:20,170.2375,-61.91708,12471.153193016704,22.03583695407526,565.9486961628801,True,positive,significant_positive,,,,,unknown
Swift/BAT,sw00341114000bevshsp_uf.evt.gz,,2009-01-25T21:52:17.599999,237.728806211538,-54.3028783954379,-2.5249465518383016,10.716437570448951,0.2356143574055759,False,negative,consistent_with_zero,,,,,unknown
Swift/BAT,sw00341120000bevshsp_uf.evt.gz,,2009-01-26T00:03:31.52,237.709025418487,-54.2998883055839,-2.544701317317892,6.716451415664643,0.3788758616466631,False,negative,consistent_with_zero,,,,,unknown
Swift/BAT,sw00341452000bevshsp_uf.evt.gz,,2009-01-29T06:33:12,252.047839106946,-45.2356927497954,2.121724056460234,19.002217559193888,0.1116566553272449,False,positive,consistent_with_zero,,,,,unknown
Swift/BAT,sw00341504000bevshsp_uf.evt.gz,GRB090129,2009-01-29T21:07:15.287600,269.091866815445,-32.8258331356111,-2.051754573196194,101.0566247807124,0.0203030190019545,False,negative,consistent_with_zero,17.624,2.624177,7.04,0.4402181,long
Swift/BAT,sw00341749000bevshsp_uf.evt.gz,GRB090201,2009-02-01T17:47:02.735980,92.0311957018397,-46.5864119988985,7.475714983883573,143.43357159605182,0.0521197018292009,False,positive,consistent_with_zero,74.264,1.680663,35.764,4.062051,long
Swift/BAT,sw00341965000bevshsp_uf.evt.gz,,2009-02-03T20:00:43.84,237.702063999437,-54.3017906295429,1.252770510994222,2.6813530680705138,0.4672157970959447,False,positive,consistent_with_zero,,,,,unknown
Swift/BAT,sw00342121000bevshsp_uf.evt.gz,GRB090205,2009-02-05T23:03:14.820740,220.911375,-27.8530833,6.870138197909913,18.71092760678324,0.3671725070123885,False,positive,consistent_with_zero,8.812,1.779457,4.332,1.067342,long
Swift/BAT,sw00343319000bevshsp_uf.evt.gz,,2009-02-19T16:50:24,299.1466,34.26594,-8.821736663732093,51.25624449654577,0.1721104764967047,False,negative,consistent_with_zero,,,,,unknown
Swift/BAT,sw00343320000bevshsp_uf.evt.gz,,2009-02-19T17:05:28,288.8357,10.08904,-5.829629936441928,776.3671612343697,0.0075088569268865,False,negative,consistent_with_zero,,,,,unknown
Swift/BAT,sw00344252000bevshsp_uf.evt.gz,,2009-02-26T14:46:11.52,172.771365759222,53.4210196314729,7.029855826386696,24.7172283070985,0.2844111701783247,False,positive,consistent_with_zero,,,,,unknown
Swift/BAT,sw00344308000bevshsp_uf.evt.gz,,2009-02-26T21:16:18.368,37.3297731396354,-53.3181311226447,-3.5048452298184243,523.3262838477035,0.0066972467043875,False,negative,consistent_with_zero,,,,,unknown
Swift/BAT,sw00344343000bevshsp_uf.evt.gz,,2009-02-26T22:34:02.175999,295.548979385147,7.3522536347317,13.550008947224573,19.776837120440952,0.6851453983619832,False,positive,consistent_with_zero,,,,,unknown
Swift/BAT,sw00344462000bevshsp_uf.evt.gz,,2009-02-27T23:59:40.159999,266.086829169129,-8.24116350238522,12.369891551659146,32.77147611831578,0.3774590899415021,False,positive,consistent_with_zero,,,,,unknown
Swift/BAT,sw00344485000bevshsp_uf.evt.gz,,2009-02-28T05:49:22.752,272.759184201732,-42.1944783639893,-7.174332223192404,786.6796159876847,0.0091197637225987,False,negative,consistent_with_zero,,,,,unknown
Swift/BAT,sw00031345012bevshsp_uf.evt.gz,,2009-03-20T00:31:12,85.1833,-66.6697,-7.24257763422244,890.9778242593576,0.0081287967410894,False,negative,consistent_with_zero,,,,,unknown
Swift/BAT,sw00031345013bevshsp_uf.evt.gz,,2009-03-22T00:41:16,85.1833,-66.6697,-7.916630125300779,842.4365043016586,0.0093973018558393,False,negative,consistent_with_zero,,,,,unknown
Swift/BAT,sw00344564000bevshsp_uf.evt.gz,,2009-03-01T02:30:10.24,51.1309464188569,-71.2146885528417,-2.0622586566199588,588.6691952021008,0.0035032556033647,False,negative,consistent_with_zero,,,,,unknown
Swift/BAT,sw00344582000bevshsp_uf.evt.gz,GRB090301A,2009-03-01T06:55:55.141940,338.14040286168,26.6421673055728,22.643504027412877,192.7373391485485,0.1174837430434838,False,positive,consistent_with_zero,41.372,2.135655,19.924,0.2120377,long
Swift/BAT,sw00344858000bevshsp_uf.evt.gz,,2009-03-02T23:16:42.687999,101.765061357004,-62.9244405638904,-0.146520729443609,763.1834487795039,0.0001919862513762,False,negative,consistent_with_zero,,,,,unknown
Swift/BAT,sw00345069000bevshsp_uf.evt.gz,,2009-03-04T23:28:11.136,45.2858144377215,-2.13306904933333,-1.171061382555882,824.828158464809,0.0014197640690825,False,negative,consistent_with_zero,,,,,unknown
Swift/BAT,sw00345127000bevshsp_uf.evt.gz,GRB090305A,2009-03-05T05:19:51.035240,241.756459293576,-31.5669267307704,-1.311692876957387,26.41450114200092,0.0496580597871561,False,negative,consistent_with_zero,0.54,0.1610466,0.256,0.1302306,short
Swift/BAT,sw00345244000bevshsp_uf.evt.gz,,2009-03-05T22:24:02.624,262.570950252907,14.4253728986333,7.546245797155344,109.5385456111991,0.0688912360032633,False,positive,consistent_with_zero,,,,,unknown
Swift/BAT,sw00345252000bevshsp_uf.evt.gz,,2009-03-05T23:34:25.407999,68.2487917112256,-54.931173985849,-4.190484657085681,711.8642454897054,0.0058866345425214,False,negative,consistent_with_zero,,,,,unknown
Swift/BAT,sw00345281000bevshsp_uf.evt.gz,,2009-03-06T03:56:37.504,284.297680675807,-2.70572877804481,9.0733676776762,22.704098403375472,0.3996356744263952,False,positive,consistent_with_zero,,,,,unknown
Swift/BAT,sw00345292000bevshsp_uf.evt.gz,,2009-03-06T04:45:14.687999,266.532444531713,-33.1228424521737,-4.924923000112398,896.3833369112856,0.0054942152506788,False,negative,consistent_with_zero,,,,,unknown
Swift/BAT,sw00345368000bevshsp_uf.evt.gz,,2009-03-06T11:31:10.272,272.143309592095,58.3426900000616,-197189.8342906644,95.71198512283831,2060.241818593437,True,negative,significant_negative,,,,,unknown
Swift/BAT,sw00345377000bevshsp_uf.evt.gz,,2009-03-06T12:14:51.52,322.395897894395,-47.6152735018818,1089.8215108586496,21.620215226148503,50.40752367444374,True,positive,significant_positive,,,,,unknown
Swift/BAT,sw00345396000bevshsp_uf.evt.gz,,2009-03-06T13:54:28.8,16.7400341494282,-50.0652286349102,-0.9055053803731044,22.46523004416434,0.0403069711991808,False,negative,consistent_with_zero,,,,,unknown
Swift/BAT,sw00345551000bevshsp_uf.evt.gz,GRB090307A,2009-03-07T03:46:37.877980,244.9936667,-28.6337778,-17475.315470095466,24.31689394370309,718.6491626172814,True,negative,significant_negative,22.0,6.403124,12.0,8.602325,long
Swift/BAT,sw00345648000bevshsp_uf.evt.gz,,2009-03-07T18:43:31.007999,16.7104088993658,-52.4262171088184,-1.873829425504207,155.87617372974137,0.0120212690667725,False,negative,consistent_with_zero,,,,,unknown
Swift/BAT,sw00345674000bevshsp_uf.evt.gz,,2009-03-07T22:04:03.007999,59.038273378102,-76.5556309084608,-0.0738030341182645,865.9788069922297,8.522498878997019e-05,False,negative,consistent_with_zero,,,,,unknown
Swift/BAT,sw00345777000bevshsp_uf.evt.gz,GRB090308A,2009-03-08T18:01:23.441660,183.5015833,-48.8167778,-11645.36447085673,22.834106959939607,509.9986827287565,True,negative,significant_negative,25.096,5.862026,12.516,6.542167,long
Swift/BAT,sw00345938000bevshsp_uf.evt.gz,,2009-03-09T22:18:10.687999,86.4362651374482,3.69071004015796,0.058339782221019,480.4003212660143,0.000121439931737,False,positive,consistent_with_zero,,,,,unknown
Swift/BAT,sw00345945000bevshsp_uf.evt.gz,GRB090309A,2009-03-09T23:29:13.262340,284.973,-25.2609722,307.9885262156712,35.15953096513667,8.759745018244557,True,positive,significant_positive,3.0,1.414214,1.0,1.0,long
Swift/BAT,sw00346053000bevshsp_uf.evt.gz,,2009-03-10T16:18:57.28,79.3295537832306,-54.6874473189701,-2.008997107766216,41.07743024196569,0.0489075654424403,False,negative,consistent_with_zero,,,,,unknown
Swift/BAT,sw00346069000bevshsp_uf.evt.gz,,2009-03-10T18:40:00,264.799624045701,-30.3173933954579,2.8651182559395,19.635029173975894,0.1459187165220464,False,positive,consistent_with_zero,,,,,unknown
Swift/BAT,sw00346171000bevshsp_uf.evt.gz,,2009-03-11T16:40:08.639999,134.045376338803,-67.9797590269991,-6.602709995031986,30.953501637568586,0.2133105996323921,False,negative,consistent_with_zero,,,,,unknown
Swift/BAT,sw00346180000bevshsp_uf.evt.gz,,2009-03-11T18:08:05.439999,186.010124432556,-53.6461949431819,128826.20883875153,26.308710060139337,4896.71323847754,True,positive,significant_positive,,,,,unknown
Swift/BAT,sw00346183000bevshsp_uf.evt.gz,,2009-03-11T18:48:31.935999,328.099535702038,10.3491357442742,-8.126162073397412,24.8846536744747,0.3265531511789846,False,negative,consistent_with_zero,,,,,unknown
Swift/BAT,sw00346193000bevshsp_uf.evt.gz,,2009-03-11T20:47:46.752,70.2186162098389,-38.5199397482057,-2.4565046771982195,518.3118436822637,0.0047394338121744,False,negative,consistent_with_zero,,,,,unknown
Swift/BAT,sw00346197000bevshsp_uf.evt.gz,,2009-03-11T22:30:27.136,80.6194314873617,-24.804145983542,0.2053028084111919,643.7255073730873,0.0003189291181717,False,positive,consistent_with_zero,,,,,unknown
Swift/BAT,sw00346250000bevshsp_uf.evt.gz,,2009-03-12T06:17:04.895999,282.112079698443,36.7577737972115,0.7635890810843088,38.42357326606141,0.0198729325822168,False,positive,consistent_with_zero,,,,,unknown
Swift/BAT,sw00346264000bevshsp_uf.evt.gz,,2009-03-12T07:50:29.696,287.956674558561,23.1712594070924,-6.426875809609944,17.977384966312172,0.3574978130386187,False,negative,consistent_with_zero,,,,,unknown
Swift/BAT,sw00346315000bevshsp_uf.evt.gz,,2009-03-12T13:53:23.712,302.064293996984,56.4336761585111,1.2244381030295268,21.19765017081766,0.0577629167932577,False,positive,consistent_with_zero,,,,,unknown
Swift/BAT,sw00346386000bevshsp_uf.evt.gz,GRB090313,2009-03-13T09:06:27.429120,198.396961251434,8.10658701409268,2.060275371265223,21.906037690376017,0.0940505718279834,False,positive,consistent_with_zero,83.04,19.48352,38.976,12.00773,long
Swift/BAT,sw00346469000bevshsp_uf.evt.gz,,2009-03-14T00:26:32.511999,58.6451181851191,-6.57959271107292,-0.5498887531957236,331.4722417530605,0.001658928513252,False,negative,consistent_with_zero,,,,,unknown
Swift/BAT,sw00346488000bevshsp_uf.evt.gz,,2009-03-14T07:49:13.791999,301.490832102229,-26.5791943961355,0.9108833192604812,37.17653258608819,0.0245015674108709,False,positive,consistent_with_zero,,,,,unknown
Swift/BAT,sw00346509000bevshsp_uf.evt.gz,,2009-03-14T11:52:19.52,101.310050409533,8.79476594009074,-4.895294676357576,27.570812839151785,0.1775535130181595,False,negative,consistent_with_zero,,,,,unknown
Swift/BAT,sw00346521000bevshsp_uf.evt.gz,,2009-03-14T14:20:03.007999,321.210697626793,-46.8646478259018,-2.629092834769161,384.0181226951573,0.0068462728173279,False,negative,consistent_with_zero,,,,,unknown
Swift/BAT,sw00346530000bevshsp_uf.evt.gz,,2009-03-14T16:34:07.36,160.794740590423,-59.9608264070206,-1.0718538214869502,23.602857227348125,0.0454120368209072,False,negative,consistent_with_zero,,,,,unknown
Swift/BAT,sw00346535000bevshsp_uf.evt.gz,,2009-03-14T17:40:35.007999,39.2750164553063,28.2243232862967,-3.087764124865464,460.4090219683389,0.0067065673727779,False,negative,consistent_with_zero,,,,,unknown
Swift/BAT,sw00346547000bevshsp_uf.evt.gz,,2009-03-14T20:42:15.296,309.132191108307,-29.5958416614075,31.60245624289979,84.14263120451791,0.3755819825278169,False,positive,consistent_with_zero,,,,,unknown
Swift/BAT,sw00346549000bevshsp_uf.evt.gz,,2009-03-14T21:06:11.136,47.5340664919536,-23.5574550039763,-2.562470261412196,725.6955793893219,0.0035310539766116,False,negative,consistent_with_zero,,,,,unknown
Swift/BAT,sw00346579000bevshsp_uf.evt.gz,,2009-03-15T06:22:54.4,297.316425791976,5.71404603395224,0.6775373001967888,21.402044944938805,0.0316575963623987,False,positive,consistent_with_zero,,,,,unknown
Swift/BAT,sw00346587000bevshsp_uf.evt.gz,,2009-03-15T09:35:06.687999,287.997754074065,-9.59582822571405,-0.0912109048430099,16.86770209989019,0.0054074291982903,False,negative,consistent_with_zero,,,,,unknown
Swift/BAT,sw00346626000bevshsp_uf.evt.gz,,2009-03-15T21:11:30.111999,43.5468779464743,-10.3031522118469,-2.1480706530511853,778.727334746943,0.0027584374622591,False,negative,consistent_with_zero,,,,,unknown
Swift/BAT,sw00346655000bevshsp_uf.evt.gz,,2009-03-16T09:33:30.752,290.88408731092,-26.1644552759824,3.911092562763384,99.08836387602864,0.0394707552912734,False,positive,consistent_with_zero,,,,,unknown
Swift/BAT,sw00346784000bevshsp_uf.evt.gz,,2009-03-17T12:55:39.136,331.116093046814,-61.4049162686484,-2.0517557208189885,359.7693002256074,0.0057029761003297,False,negative,consistent_with_zero,,,,,unknown
Swift/BAT,sw00346805000bevshsp_uf.evt.gz,,2009-03-17T20:55:17.439999,295.834087222259,21.7887664299367,4.145823692761047,23.65065111030239,0.1752942730170797,False,positive,consistent_with_zero,,,,,unknown
Swift/BAT,sw00346808000bevshsp_uf.evt.gz,,2009-03-17T21:25:30.752,40.0111542653752,19.3776082991599,2.554727731710696,423.23506843433216,0.0060361910490105,False,positive,consistent_with_zero,,,,,unknown
Swift/BAT,sw00346905000bevshsp_uf.evt.gz,,2009-03-18T12:57:35.36,323.824921665868,-43.3984271977152,-6.467324317240997,692.1528108517348,0.009343781049278,False,negative,consistent_with_zero,,,,,unknown
Swift/BAT,sw00346921000bevshsp_uf.evt.gz,,2009-03-18T14:40:43.071999,334.294827069699,-46.383006460053,0.5676662290928607,316.8506423939048,0.0017915893267691,False,positive,consistent_with_zero,,,,,unknown
Swift/BAT,sw00346975000bevshsp_uf.evt.gz,,2009-03-19T01:54:52.544,308.481559108297,1.34958668784279,-2.193301347211796,25.736068177963947,0.0852228604635797,False,negative,consistent_with_zero,,,,,unknown
Swift/BAT,sw00346982000bevshsp_uf.evt.gz,,2009-03-19T06:54:40.576,315.747811254827,23.6447354470176,0.0159856379881683,16.35023428902128,0.0009777008515958,False,positive,consistent_with_zero,,,,,unknown
Swift/BAT,sw00347014000bevshsp_uf.evt.gz,,2009-03-19T14:35:09.247999,243.366678663768,1.8269101784739,-4.709487497784497,49.24905599706098,0.0956259445473542,False,negative,consistent_with_zero,,,,,unknown
Swift/BAT,sw00347040000bevshsp_uf.evt.gz,,2009-03-19T19:44:08.192,312.280056502377,13.2415814309805,-4.151315655867639,18.946908845816424,0.2191025295814557,False,negative,consistent_with_zero,,,,,unknown
Swift/BAT,sw00347122000bevshsp_uf.evt.gz,,2009-03-20T16:35:38.687999,55.1647580087307,-19.7731346144438,-4.343074509605563,370.3455491260023,0.0117270870943501,False,negative,consistent_with_zero,,,,,unknown
Swift/BAT,sw00347148000bevshsp_uf.evt.gz,,2009-03-21T02:04:24.511999,325.999281291021,-33.1297838074942,-4.755828359338173,18.95389970851039,0.2509155599891026,False,negative,consistent_with_zero,,,,,unknown
Swift/BAT,sw00347177000bevshsp_uf.evt.gz,,2009-03-21T13:16:27.071999,332.935280015663,-59.9785410739723,-1.5806284535744637,428.5861136093076,0.0036880066884652,False,negative,consistent_with_zero,,,,,unknown
Swift/BAT,sw00347185000bevshsp_uf.evt.gz,,2009-03-21T14:58:18.816,46.8071403586278,-43.0673867701376,-2.318868396336636,594.3926651594788,0.0039012399248137,False,negative,consistent_with_zero,,,,,unknown
Swift/BAT,sw00347197000bevshsp_uf.evt.gz,,2009-03-21T18:24:18.495999,32.7321786518699,-33.1894795915414,-2.361595669655965,751.3547087310812,0.0031431168823634,False,negative,consistent_with_zero,,,,,unknown
Swift/BAT,sw00347214000bevshsp_uf.evt.gz,,2009-03-22T02:48:50.879999,52.0480083475307,-19.2154758511348,-2.8151564329525334,19.889688488008407,0.1415384878777666,False,negative,consistent_with_zero,,,,,unknown
Swift/BAT,sw00347252000bevshsp_uf.evt.gz,,2009-03-22T13:20:58.944,309.025985761777,-19.9098621601781,-0.3449640810098138,629.461145491505,0.0005480307775636,False,negative,consistent_with_zero,,,,,unknown
Swift/BAT,sw00347294000bevshsp_uf.evt.gz,,2009-03-22T23:50:39.039999,171.880427011128,64.8767291957691,0.5203188846960892,17.447620296248186,0.029821768003971,False,positive,consistent_with_zero,,,,,unknown
Swift/BAT,sw00347325000bevshsp_uf.evt.gz,,2009-03-23T06:47:47.007999,314.079347078299,42.7491647776491,0.5429508950615757,840.7260731982981,0.0006458118909005,False,positive,consistent_with_zero,,,,,unknown
Swift/BAT,sw00347398000bevshsp_uf.evt.gz,,2009-03-23T23:57:28.703999,186.092886778897,31.3423442002062,-17534.14963694378,100.00220180206227,175.33763578175723,True,negative,significant_negative,,,,,unknown
Swift/BAT,sw00347416000bevshsp_uf.evt.gz,,2009-03-24T03:40:49.215999,242.012673204307,-48.8522616917774,13.106202161549335,31.489286165906,0.4162114724512126,False,positive,consistent_with_zero,,,,,unknown
Swift/BAT,sw00347663000bevshsp_uf.evt.gz,,2009-03-27T03:49:06.24,271.748240528487,61.2664798892107,-2.6752761909005747,76.84631275178245,0.0348133318971575,False,negative,consistent_with_zero,,,,,unknown
Swift/BAT,sw00347667000bevshsp_uf.evt.gz,,2009-03-27T04:25:06.175999,303.151487470522,4.93948400257528,0.2864267587296462,17.580801091015143,0.0162920197576222,False,positive,consistent_with_zero,,,,,unknown
Swift/BAT,sw00347744000bevshsp_uf.evt.gz,,2009-03-27T18:57:32.095999,319.5606,1.856066,3.261219899935254,52.371774713106966,0.0622705630618829,False,positive,consistent_with_zero,,,,,unknown
Swift/BAT,sw00347761000bevshsp_uf.evt.gz,,2009-03-27T20:34:45.888,298.751007547588,48.9414230565041,-5.725133599334122,50.9070099897595,0.1124625783460037,False,negative,consistent_with_zero,,,,,unknown
Swift/BAT,sw00347858000bevshsp_uf.evt.gz,,2009-03-28T13:59:30.432,339.232597317245,-39.3480105136596,-0.7828413165453897,591.3671870889223,0.0013237821333967,False,negative,consistent_with_zero,,,,,unknown
Swift/BAT,sw00347862000bevshsp_uf.evt.gz,,2009-03-28T17:25:13.919999,335.989414956508,-38.6430827502123,0.4786173472344602,1061.0704911885018,0.0004510702646139,False,positive,consistent_with_zero,,,,,unknown
Swift/BAT,sw00347923000bevshsp_uf.evt.gz,,2009-03-29T14:06:19.136,324.795461178371,-9.88354571221357,-3.5154130739563345,325.3280191306708,0.0108057494812469,False,negative,consistent_with_zero,,,,,unknown
Swift/BAT,sw00347954000bevshsp_uf.evt.gz,,2009-03-29T23:50:59.52,353.727280820949,39.0480298950609,1.005486168709104,17.98684240151702,0.0559012052401315,False,positive,consistent_with_zero,,,,,unknown
Swift/BAT,sw00347974000bevshsp_uf.evt.gz,,2009-03-30T06:30:55.68,91.4389151457237,-21.9852143348414,3.947034952877705,18.26527635535537,0.2160950032229015,False,positive,consistent_with_zero,,,,,unknown
Swift/BAT,sw00347982000bevshsp_uf.evt.gz,,2009-03-30T08:14:24,58.9479892787006,37.5278626942129,1.1081393453051007,61.46327668338593,0.0180292917185887,False,positive,consistent_with_zero,,,,,unknown
Swift/BAT,sw00348013000bevshsp_uf.evt.gz,,2009-03-30T17:57:17.12,119.093137887545,43.34186628848,4.315663535583496,17.330085812300123,0.2490272455846947,False,positive,consistent_with_zero,,,,,unknown
Swift/BAT,sw00348025000bevshsp_uf.evt.gz,,2009-03-30T22:41:04,40.5532353454765,-27.9955276839966,8.23750219001408,53.45100713366991,0.1541131333487092,False,positive,consistent_with_zero,,,,,unknown
Swift/BAT,sw00348112000bevshsp_uf.evt.gz,,2009-03-31T14:41:15.328,322.251983535863,58.3506494264872,-2.023469001066418,28.96193422738356,0.0698665008068841,False,negative,consistent_with_zero,,,,,unknown
Swift/BAT,sw00348128000bevshsp_uf.evt.gz,GRB090401A,2009-04-01T00:00:59.378700,350.908652961353,29.7666028590948,2.718170520303103,128.229070300846,0.0211977714096018,False,positive,consistent_with_zero,117.004,14.04289,25.22,0.7083163,long
Swift/BAT,sw00348152000bevshsp_uf.evt.gz,GRB090401B,2009-04-01T08:35:24.865740,95.08898,-8.973466,8.612045542840947,64.60035373415482,0.1333126685076908,False,positive,consistent_with_zero,186.504,39.50702,7.708,1.997767,long
Swift/BAT,sw00348428000bevshsp_uf.evt.gz,GRB090404,2009-04-04T15:56:30.440760,239.2391667,35.5155,3.879889318520479,46.44828555066228,0.0835313784464356,False,positive,consistent_with_zero,82.02,14.48431,39.536,1.716788,long
Swift/BAT,sw00348650000bevshsp_uf.evt.gz,GRB090407,2009-04-07T10:28:25.633160,68.9806667,-12.6791944,375.38586311289913,35.445888238571385,10.59039233510907,True,positive,significant_positive,315.472,55.90866,218.224,35.29837,long
Swift/BAT,sw00348720000bevshsp_uf.evt.gz,,2009-04-08T15:02:16,231.617816208264,37.5641345926912,4.03920683265346,64.08630195204299,0.063027616036826,False,positive,consistent_with_zero,,,,,unknown
Swift/BAT,sw00348781000bevshsp_uf.evt.gz,,2009-04-09T03:16:18.944,268.828543063383,20.6637347679332,-1.5153999875378072,424.48640855995,0.0035699611506496,False,negative,consistent_with_zero,,,,,unknown
Swift/BAT,sw00348858000bevshsp_uf.evt.gz,,2009-04-10T07:19:10.592,305.868745032652,38.3626337229478,7.430449685881658,21.61246247912521,0.3438039368747774,False,positive,consistent_with_zero,,,,,unknown
Swift/BAT,sw00348929000bevshsp_uf.evt.gz,GRB090410,2009-04-10T16:57:52.856200,334.979821390126,15.4711522547987,5.044125385686835,112.21494741685618,0.0449505658720216,False,positive,consistent_with_zero,165.148,7.043064,99.212,2.288619,long
Swift/BAT,sw00349121000bevshsp_uf.evt.gz,,2009-04-13T06:18:55.36,50.4106186132921,-35.975897766024,6074.429631018371,57.23607588869998,106.1293866971344,True,positive,significant_positive,,,,,unknown
Swift/BAT,sw00349224000bevshsp_uf.evt.gz,,2009-04-14T03:45:14.303999,265.416223782114,39.5268297856288,-2.9866722238942383,858.6224752653347,0.0034784463602251,False,negative,consistent_with_zero,,,,,unknown
Swift/BAT,sw00349248000bevshsp_uf.evt.gz,,2009-04-14T12:55:50.08,54.9874881495206,-36.2048706476311,-0.6886900669113132,22.10715584778942,0.0311523595189282,False,negative,consistent_with_zero,,,,,unknown
Swift/BAT,sw00349271000bevshsp_uf.evt.gz,,2009-04-14T20:05:36.96,261.050608210261,-41.4701730252255,-172355.6329372146,25.76379987246826,6689.837438203262,True,negative,significant_negative,,,,,unknown
Swift/BAT,sw00349396000bevshsp_uf.evt.gz,,2009-04-16T15:44:43.84,268.658080215331,36.4011407754619,-5.047212165285615,20.493092217102703,0.2462884620737429,False,negative,consistent_with_zero,,,,,unknown
Swift/BAT,sw00349441000bevshsp_uf.evt.gz,,2009-04-17T10:50:43.136,240.258829828141,-46.8833363262028,-216834.1726102974,43.85276543879417,4944.595179816776,True,negative,significant_negative,,,,,unknown
Swift/BAT,sw00349447000bevshsp_uf.evt.gz,GRB090417A,2009-04-17T13:17:23.793440,34.9949091846811,-7.18107713636088,3.9838292469493486,23.634645001219944,0.1685588781529706,False,positive,consistent_with_zero,0.06799999,0.02154065,0.03200001,0.01264911,short
Swift/BAT,sw00349450000bevshsp_uf.evt.gz,GRB090417B,2009-04-17T15:20:03.333200,209.6932,47.01702,15998.623927455666,18.409231302202038,869.0544251862368,True,positive,significant_positive,266.94,35.38965,146.28,30.95831,long
Swift/BAT,sw00349507000bevshsp_uf.evt.gz,,2009-04-18T09:46:08.639999,323.483436646072,18.2371804569387,-8.691077898868572,19.821836043518225,0.4384597814141728,False,negative,consistent_with_zero,,,,,unknown
Swift/BAT,sw00349510000bevshsp_uf.evt.gz,GRB090418A,2009-04-18T11:07:40.226940,269.3116667,33.4050833,8.237423200979764,52.86097698222237,0.1558318379879752,False,positive,consistent_with_zero,56.304,4.061271,31.788,2.772234,long
Swift/BAT,sw00349592000bevshsp_uf.evt.gz,GRB090419,2009-04-19T13:43:31.327920,196.9282917,-75.6058889,2.296283570151966,37.67747245930517,0.0609457965268807,False,positive,consistent_with_zero,454.244,56.45959,288.852,66.20101,long
Swift/BAT,sw00349615000bevshsp_uf.evt.gz,,2009-04-19T21:00:20.8,285.615426990333,7.74977728401269,-4.398931814308869,22.65549832096421,0.1941661910053123,False,negative,consistent_with_zero,,,,,unknown
Swift/BAT,sw00349718000bevshsp_uf.evt.gz,,2009-04-21T07:30:24.127999,311.382173194411,-72.5775125348574,4.2155733516633305,17.584574423545586,0.2397313264527298,False,positive,consistent_with_zero,,,,,unknown
Swift/BAT,sw00349719000bevshsp_uf.evt.gz,,2009-04-21T07:42:27.199999,328.590859553953,-83.9240781015934,31609.62722835469,25.590643017690425,1235.2025389320395,True,positive,significant_positive,,,,,unknown
Swift/BAT,sw00349728000bevshsp_uf.evt.gz,,2009-04-21T10:48:07.807999,302.23593793046,-87.423860787929,-1.3479888245259066,52.13854442596819,0.0258539788436158,False,negative,consistent_with_zero,,,,,unknown
Swift/BAT,sw00349931000bevshsp_uf.evt.gz,GRB090422,2009-04-22T03:35:16.764880,294.7506667,40.3852778,10.490344338824976,22.99665855843677,0.4561681999220878,False,positive,consistent_with_zero,8.476,0.3817643,7.476,5.53748,long
Swift/BAT,sw00350184000bevshsp_uf.evt.gz,GRB090423,2009-04-23T07:55:19.349660,148.887875,18.1495833,-0.6334142167170428,27.654826222470643,0.0229042920617728,False,negative,consistent_with_zero,10.304,1.055547,4.84,0.4,long
Swift/BAT,sw00350311000bevshsp_uf.evt.gz,GRB090424,2009-04-24T14:12:09.330200,189.5211667,16.8373889,8.575728249450872,56.966191026447206,0.15054066447008,False,positive,consistent_with_zero,49.46,2.268596,3.368,0.04816635,long
Swift/BAT,sw00350479000bevshsp_uf.evt.gz,GRB090426,2009-04-26T12:48:47.212900,189.0751667,32.9858889,-2.392470633538921,19.221987116416283,0.1244653125116114,False,negative,consistent_with_zero,1.236,0.2532982,0.44,0.1987159,short
Swift/BAT,sw00350853000bevshsp_uf.evt.gz,GRB090429A,2009-04-29T04:53:39.877600,90.5547917,-52.3855,324.9399615054546,44.29178599978151,7.336348132519594,True,positive,significant_positive,184.0,48.50773,78.0,38.20995,long
Swift/BAT,sw00350854000bevshsp_uf.evt.gz,GRB090429B,2009-04-29T05:30:03.365540,210.667,32.1705833,8.337193341140383,31.666826914993624,0.2632784574065703,False,positive,consistent_with_zero,5.58,0.9943702,2.456,0.2729689,long
Swift/BAT,sw00350922000bevshsp_uf.evt.gz,,2009-04-30T05:06:07.872,149.435502604913,47.54872720162,522.8443262232541,33.11117899979839,15.790568080539735,True,positive,significant_positive,,,,,unknown
Swift/BAT,sw00351012000bevshsp_uf.evt.gz,,2009-05-01T15:09:01.951999,249.672665335558,27.8257316001368,46709.87719328119,24.571550302852984,1900.973956366837,True,positive,significant_positive,,,,,unknown
Swift/BAT,sw00351017000bevshsp_uf.evt.gz,,2009-05-01T17:36:43.071999,72.4895235396628,0.839252011837203,-1.825238305494012,653.6909309770708,0.0027922038061103,False,negative,consistent_with_zero,,,,,unknown
Swift/BAT,sw00351020000bevshsp_uf.evt.gz,,2009-05-01T19:20:00.895999,98.0286206367894,0.364908315041211,-3.105342197663982,752.0613472558643,0.0041291075641565,False,negative,consistent_with_zero,,,,,unknown
Swift/BAT,sw00351043000bevshsp_uf.evt.gz,,2009-05-02T05:59:54.24,44.6386248120068,73.5611430694981,-4.871027465748831,20.16192213704176,0.2415953911854323,False,negative,consistent_with_zero,,,,,unknown
Swift/BAT,sw00351145000bevshsp_uf.evt.gz,,2009-05-03T14:25:14.816,46.8212923140705,-25.7969592538773,-7.026864538488492,1074.964375826867,0.0065368347979749,False,negative,consistent_with_zero,,,,,unknown
Swift/BAT,sw00351323000bevshsp_uf.evt.gz,,2009-05-06T14:02:16,274.6566,-17.04681,8010.249902305853,22.77136894375786,351.7684826981665,True,positive,significant_positive,,,,,unknown
Swift/BAT,sw00351466000bevshsp_uf.evt.gz,,2009-05-08T11:31:23.136,354.9879027526,19.1831026767526,-8.728063927576187,956.2436723582732,0.0091274475114184,False,negative,consistent_with_zero,,,,,unknown
Swift/BAT,sw00351525000bevshsp_uf.evt.gz,GRB090509,2009-05-09T05:10:03.594140,241.403522652029,-28.4037305477642,-26240.718506766483,55.25467905900236,474.9049121929741,True,negative,significant_negative,336.376,33.26464,245.888,12.13629,long
Swift/BAT,sw00351588000bevshsp_uf.evt.gz,GRB090510,2009-05-10T00:23:00.487940,333.5522917,-26.5827778,0.8661278973968202,13.01409834157562,0.0665530469083544,False,positive,consistent_with_zero,5.664,1.876371,0.4,1.688303,long
Swift/BAT,sw00351744000bevshsp_uf.evt.gz,,2009-05-12T06:11:46.56,168.273567523314,-81.3274923145126,-19579.26619252715,20.515472893903937,954.3658239701132,True,negative,significant_negative,,,,,unknown
Swift/BAT,sw00351808000bevshsp_uf.evt.gz,,2009-05-13T01:12:27.199999,32.8005478712337,-22.4401645861588,2.2474966706688395,22.271825597970263,0.100912099045606,False,positive,consistent_with_zero,,,,,unknown
Swift/BAT,sw00351837000bevshsp_uf.evt.gz,,2009-05-13T02:15:40.095999,321.448148886631,-51.5474185016667,3.179047337333619,23.73138735858054,0.1339596075567901,False,positive,consistent_with_zero,,,,,unknown
Swift/BAT,sw00351902000bevshsp_uf.evt.gz,,2009-05-13T14:52:41.919999,184.520925508117,-40.9329101792524,-2.334036095236819,30.878705663122712,0.0755872386848219,False,negative,consistent_with_zero,,,,,unknown
Swift/BAT,sw00351954000bevshsp_uf.evt.gz,,2009-05-14T10:23:30.368,200.939802662773,-31.8126340809782,-0.3620446264775639,932.1418087052,0.0003884008024277,False,negative,consistent_with_zero,,,,,unknown
Swift/BAT,sw00351994000bevshsp_uf.evt.gz,,2009-05-14T13:16:05.567999,233.793555351306,37.6090874562822,1.5105920600007283,13.22627224848101,0.114211474829895,False,positive,consistent_with_zero,,,,,unknown
Swift/BAT,sw00352108000bevshsp_uf.evt.gz,GRB090515,2009-05-15T04:45:09.525600,164.1521667,14.4408889,5.504018555275579,12.399727671831013,0.4438822126536932,False,positive,consistent_with_zero,0.03600001,0.01649242,0.016,0.008944263,short
Swift/BAT,sw00352145000bevshsp_uf.evt.gz,,2009-05-15T23:53:32.8,43.1305464554517,-30.328275933199,0.6231640883478331,18.193864663873747,0.03425133141642,False,positive,consistent_with_zero,,,,,unknown
Swift/BAT,sw00352188000bevshsp_uf.evt.gz,,2009-05-16T06:20:16.96,98.4746868346953,19.446673411715,-5.209002279034958,16.946429040607622,0.307380526396031,False,negative,consistent_with_zero,,,,,unknown
Swift/BAT,sw00352190000bevshsp_uf.evt.gz,GRB090516A,2009-05-16T08:27:50.774420,138.2610833,-11.8546944,0.1238116304884275,43.613219753214565,0.0028388555394216,False,positive,consistent_with_zero,181.008,41.25514,76.368,11.32706,long
Swift/BAT,sw00352293000bevshsp_uf.evt.gz,,2009-05-17T06:55:22.303999,146.087313283489,38.789394893341,2.225565429314556,32.36233822226434,0.0687702295807363,False,positive,consistent_with_zero,,,,,unknown
Swift/BAT,sw00352294000bevshsp_uf.evt.gz,,2009-05-17T07:02:20.095999,109.436580944308,-50.736229533679,0.3533917268651807,20.0630714685023,0.0176140391774002,False,positive,consistent_with_zero,,,,,unknown
Swift/BAT,sw00352305000bevshsp_uf.evt.gz,,2009-05-17T08:29:51.168,151.182982890813,3.73372213350476,-49725.38712630615,21.922793689773265,2268.204857007001,True,negative,significant_negative,,,,,unknown
Swift/BAT,sw00352355000bevshsp_uf.evt.gz,,2009-05-17T14:52:25.152,153.4996407654,11.5095905129373,-4.60050824269777,22.117826836865525,0.2080000117836956,False,negative,consistent_with_zero,,,,,unknown
Swift/BAT,sw00352417000bevshsp_uf.evt.gz,,2009-05-18T01:44:30.143999,129.575027997059,-24.4131240347089,7.854158551905658,29.877961819059056,0.2628746431724642,False,positive,consistent_with_zero,,,,,unknown
Swift/BAT,sw00352420000bevshsp_uf.evt.gz,GRB090518,2009-05-18T01:54:44.273640,119.9541667,0.759,0.2562834570150341,22.8175789041346,0.0112318426986394,False,positive,consistent_with_zero,85.824,23.78201,39.936,26.11482,long
Swift/BAT,sw00352445000bevshsp_uf.evt.gz,,2009-05-18T08:57:10.463999,340.236272541621,-80.5434730875853,-98245.70017725088,28.93310286975109,3395.6157630077264,True,negative,significant_negative,,,,,unknown
Swift/BAT,sw00352516000bevshsp_uf.evt.gz,,2009-05-18T14:14:50.687999,49.9709299542173,-56.3217298469194,0.5830467267953962,650.9495358907864,0.0008956865235298,False,positive,consistent_with_zero,,,,,unknown
Swift/BAT,sw00352648000bevshsp_uf.evt.gz,GRB090519,2009-05-19T21:08:56.428660,142.2789583,0.1791944,-1.5086228546928369,16.304552331627185,0.0925277078455227,False,negative,consistent_with_zero,58.036,8.183147,26.092,12.84696,long
Swift/BAT,sw00352930000bevshsp_uf.evt.gz,,2009-05-23T06:11:31.007999,299.090213676428,51.8027179151125,-3.2929089605107986,756.3313074320808,0.004353791689109,False,negative,consistent_with_zero,,,,,unknown
Swift/BAT,sw00353071000bevshsp_uf.evt.gz,,2009-05-25T11:31:38.687999,278.226899545095,30.4836471707074,2.515441875204365,620.81707143949,0.0040518245887984,False,positive,consistent_with_zero,,,,,unknown
Swift/BAT,sw00353122000bevshsp_uf.evt.gz,,2009-05-26T01:25:14.944,268.852493968961,61.3736025483626,-4.845440449342252,698.3644751934221,0.0069382688001136,False,negative,consistent_with_zero,,,,,unknown
Swift/BAT,sw00353211000bevshsp_uf.evt.gz,,2009-05-26T14:59:20.703999,252.718864125473,58.8773099649887,0.844353958492951,17.589141249232192,0.0480042741444133,False,positive,consistent_with_zero,,,,,unknown
Swift/BAT,sw00353313000bevshsp_uf.evt.gz,,2009-05-26T21:58:15.551999,169.577999089255,7.19804711624857,-3.092912616758346,22.563063878570627,0.137078573787838,False,negative,consistent_with_zero,,,,,unknown
Swift/BAT,sw00353479000bevshsp_uf.evt.gz,,2009-05-28T14:58:01.28,350.514477977192,-69.9464574146986,36033.09787858741,21.45036218854261,1679.8363385133866,True,positive,significant_positive,,,,,unknown
Swift/BAT,sw00353527000bevshsp_uf.evt.gz,,2009-05-29T06:50:01.152,307.488672749775,28.3341745921027,-0.9377376102908304,744.8583311772142,0.0012589476025713,False,negative,consistent_with_zero,,,,,unknown
Swift/BAT,sw00353540000bevshsp_uf.evt.gz,GRB090529A,2009-05-29T14:12:35.217820,212.4681667,24.4585,-2.7776812259912664,29.65309292053766,0.0936725633792976,False,negative,consistent_with_zero,70.444,10.33185,32.08,6.358435,long
Swift/BAT,sw00353567000bevshsp_uf.evt.gz,GRB090530,2009-05-30T03:18:18.384300,179.4187917,26.594,-3.540965918227377,39.6149732694372,0.0893845338262343,False,negative,consistent_with_zero,40.456,7.86754,25.336,12.34215,long
Swift/BAT,sw00353592000bevshsp_uf.evt.gz,,2009-05-30T12:00:39.36,318.432982907021,59.1723633101098,-1.7440586062037695,18.33969409824974,0.0950974752828737,False,negative,consistent_with_zero,,,,,unknown
Swift/BAT,sw00353627000bevshsp_uf.evt.gz,GRB090531A,2009-05-31T01:45:17.389720,178.687245045651,7.79948396161114,-10.761430659866646,31.79787704095485,0.3384323628274365,False,negative,consistent_with_zero,42.8,8.082234,15.004,1.806217,long
Swift/BAT,sw00353728000bevshsp_uf.evt.gz,GRB090531B,2009-05-31T18:35:56.171780,252.0747917,-36.0348889,3.849431228493709,52.15747634892012,0.0738040161824932,False,positive,consistent_with_zero,54.996,6.13174,39.616,13.33533,long
Swift/BAT,sw00354049000bevshsp_uf.evt.gz,,2009-06-05T05:50:58.816,148.112579620021,-28.1160435769156,-1.5724523554895151,523.2641110944362,0.0030050835173859,False,negative,consistent_with_zero,,,,,unknown
Swift/BAT,sw00354113000bevshsp_uf.evt.gz,,2009-06-05T14:00:22.592,213.442907613068,38.1895015608146,-1018.3480835246854,43.28521435581174,23.52646506850337,True,negative,significant_negative,,,,,unknown
Swift/BAT,sw00354155000bevshsp_uf.evt.gz,,2009-06-05T14:55:01.759999,214.814042137029,58.9652159223852,0.6628127129437561,10.3120115406605,0.064275792393198,False,positive,consistent_with_zero,,,,,unknown
Swift/BAT,sw00354221000bevshsp_uf.evt.gz,,2009-06-06T07:49:04,268.6054,-26.33255,-11.093369404559343,21.74299832151551,0.5102042156523573,False,negative,consistent_with_zero,,,,,unknown
Swift/BAT,sw00354224000bevshsp_uf.evt.gz,,2009-06-06T09:28:23.551999,275.9184,-30.36153,5.898078049323348,19.656730113262974,0.300053875458347,False,positive,consistent_with_zero,,,,,unknown
Swift/BAT,sw00354299000bevshsp_uf.evt.gz,GRB090607,2009-06-07T05:30:17.401940,191.1664,44.10373,-3.5251135100818383,18.815859481295345,0.1873479929835848,False,negative,consistent_with_zero,2.292,0.127122,1.848,0.2771858,long
Swift/BAT,sw00354341000bevshsp_uf.evt.gz,,2009-06-07T18:47:52.639999,242.623205482903,48.4043331307916,49086.92185640676,22.577437823040967,2174.158212333202,True,positive,significant_positive,,,,,unknown
Swift/BAT,sw00354387000bevshsp_uf.evt.gz,,2009-06-08T12:29:01.759999,197.302415310893,55.8641674081595,-43529.73937493851,23.892603359592552,1821.8918516245285,True,negative,significant_negative,,,,,unknown
Swift/BAT,sw00354465000bevshsp_uf.evt.gz,,2009-06-09T07:52:42.879999,189.225804267056,26.3029266284644,84928.5728136925,20.017267325938068,4242.765579877298,True,positive,significant_positive,,,,,unknown
Swift/BAT,sw00354494000bevshsp_uf.evt.gz,,2009-06-09T20:03:37.664,160.685667999975,9.3199853654007,-2.954494699154492,871.1716236455864,0.0033914037360294,False,negative,consistent_with_zero,,,,,unknown
Swift/BAT,sw00354542000bevshsp_uf.evt.gz,,2009-06-10T07:54:32,248.175639714661,-47.3913525313119,-2.1936567935328792,16.926889467601484,0.1295959779102709,False,negative,consistent_with_zero,,,,,unknown
Swift/BAT,sw00354627000bevshsp_uf.evt.gz,,2009-06-11T17:44:31.36,277.487286138202,-0.148921090952789,-4545.576039942739,20.70727178845485,219.51593075033108,True,negative,significant_negative,,,,,unknown
Swift/BAT,sw00354634000bevshsp_uf.evt.gz,,2009-06-11T19:47:29.28,116.916809329382,73.4845030013502,2.570201036638625,14.11519717776083,0.1820875049969617,False,positive,consistent_with_zero,,,,,unknown
Swift/BAT,sw00354765000bevshsp_uf.evt.gz,,2009-06-12T19:33:14.175999,278.100684703509,21.0177330985127,-2.90568503160938,29.969007395626434,0.0969563320283148,False,negative,consistent_with_zero,,,,,unknown
Swift/BAT,sw00354777000bevshsp_uf.evt.gz,,2009-06-12T20:17:08.8,87.2580610341718,-74.1364790739499,-6.800373560941594,38.86837723417808,0.1749590295465649,False,negative,consistent_with_zero,,,,,unknown
Swift/BAT,sw00354790000bevshsp_uf.evt.gz,,2009-06-12T23:47:54.048,165.284971306372,25.7104031518457,-6.130599022640533,725.9798714082954,0.0084445853997963,False,negative,consistent_with_zero,,,,,unknown
Swift/BAT,sw00354855000bevshsp_uf.evt.gz,,2009-06-14T09:10:16.96,153.02917651408,-47.4253106191339,-0.2188376729063146,22.65297933698546,0.0096604366980116,False,negative,consistent_with_zero,,,,,unknown
Swift/BAT,sw00355042000bevshsp_uf.evt.gz,,2009-06-17T10:22:44.287999,234.740579502471,19.2883686670276,6010.956283199992,98.56141453017092,60.98691168195401,True,positive,significant_positive,,,,,unknown
Swift/BAT,sw00355083000bevshsp_uf.evt.gz,GRB090618,2009-06-18T08:28:29.851180,293.9945,78.3567778,262.9096468372201,1717.8263841222763,0.1530478570286681,False,positive,consistent_with_zero,113.34,0.5803447,28.056,0.1606487,long
Swift/BAT,sw00355128000bevshsp_uf.evt.gz,,2009-06-18T16:16:56.127999,81.0368078772837,-22.5481759863078,149792.5329065221,265.5540626638663,564.0754707493475,True,positive,significant_positive,,,,,unknown
Swift/BAT,sw00355148000bevshsp_uf.evt.gz,,2009-06-18T19:06:41.599999,162.701549798814,-72.8654286174599,-2.605884263316728,20.31220299396616,0.1282915626675658,False,negative,consistent_with_zero,,,,,unknown
Swift/BAT,sw00355242000bevshsp_uf.evt.gz,,2009-06-20T08:09:08.032,116.218056313221,-24.1238881653403,0.8102756847316595,20.117864533921157,0.04027642612691,False,positive,consistent_with_zero,,,,,unknown
Swift/BAT,sw00355267000bevshsp_uf.evt.gz,,2009-06-20T14:20:07.615999,11.4059253695655,-3.13141461669284,0.6148104305274128,757.4557022827623,0.0008116783973961,False,positive,consistent_with_zero,,,,,unknown
Swift/BAT,sw00355288000bevshsp_uf.evt.gz,,2009-06-20T21:12:17.727999,114.020849427568,-34.9150752543401,1.4390032907705117,1041.993476603941,0.0013810098844961,False,positive,consistent_with_zero,,,,,unknown
Swift/BAT,sw00355303000bevshsp_uf.evt.gz,GRB090621A,2009-06-21T04:22:43.155300,10.9861581404119,61.9679004327154,5.367679779138896,426.8325478648078,0.0125756102855563,False,positive,consistent_with_zero,219.236,72.37849,106.532,60.68111,long
Swift/BAT,sw00355333000bevshsp_uf.evt.gz,,2009-06-21T12:44:50.111999,4.98806968663468,46.3256744940323,-2.610826389991069,862.0171412578526,0.0030287406885915,False,negative,consistent_with_zero,,,,,unknown
Swift/BAT,sw00355359000bevshsp_uf.evt.gz,GRB090621B,2009-06-21T22:07:25.649220,313.47,69.0280833,2.180227453595249,13.32257233882817,0.1636491360787025,False,positive,consistent_with_zero,0.14,0.03687819,0.044,0.01788855,short
Swift/BAT,sw00355536000bevshsp_uf.evt.gz,,2009-06-23T01:45:23.199999,207.686764493045,68.6678394959091,14391.396980009344,34.29400114422845,419.64764972988166,True,positive,significant_positive,,,,,unknown
Swift/BAT,sw00355590000bevshsp_uf.evt.gz,,2009-06-23T19:47:14.624,135.765782039606,18.3012804516631,1.431542878011787,556.7483660813989,0.0025712565410609,False,positive,consistent_with_zero,,,,,unknown
Swift/BAT,sw00355617000bevshsp_uf.evt.gz,,2009-06-24T09:15:16.479999,179.26346974201,66.6232903027154,5.237558405157938,15.475896931128805,0.3384332700370286,False,positive,consistent_with_zero,,,,,unknown
Swift/BAT,sw00355693000bevshsp_uf.evt.gz,,2009-06-25T07:13:47.84,173.532064271349,50.3536318738902,-0.0436497784615666,18.651212440195884,0.0023403185504174,False,negative,consistent_with_zero,,,,,unknown
Swift/BAT,sw00355911000bevshsp_uf.evt.gz,,2009-06-28T08:06:08,281.258249917138,-4.57509375432809,106877.92324388726,20.782527292649423,5142.681721952504,True,positive,significant_positive,,,,,unknown
Swift/BAT,sw00355915000bevshsp_uf.evt.gz,,2009-06-28T09:42:14.08,170.653839855756,61.8169103763556,-1017.5388584376147,22.37533219967734,45.47592184809162,True,negative,significant_negative,,,,,unknown
Swift/BAT,sw00355920000bevshsp_uf.evt.gz,,2009-06-28T13:08:03.84,42.4395703454709,45.6566485252995,-32643.122833879566,21.076331543107337,1548.804770275829,True,negative,significant_negative,,,,,unknown
Swift/BAT,sw00355924000bevshsp_uf.evt.gz,,2009-06-28T15:10:59.136,52.9654854200717,-12.2123720436643,0.5206811947915692,621.1000046070264,0.0008383210287061,False,positive,consistent_with_zero,,,,,unknown
Swift/BAT,sw00355942000bevshsp_uf.evt.gz,GRB090628,2009-06-28T21:20:12.029720,237.0535,-15.9856944,2.0465474553023686,37.95959056568294,0.0539138442961113,False,positive,consistent_with_zero,24.944,4.053422,11.196,4.428669,long
Swift/BAT,sw00355981000bevshsp_uf.evt.gz,,2009-06-29T16:28:35.583999,242.698293872996,3.63263573013226,-714.5389915739579,64.07868652601888,11.150961892513548,True,negative,significant_negative,,,,,unknown
Swift/BAT,sw00356120000bevshsp_uf.evt.gz,,2009-06-30T21:13:08.8,245.205910444471,22.3672248567218,-5.779945956421741,37.59318682184814,0.1537498266324841,False,negative,consistent_with_zero,,,,,unknown
Swift/BAT,sw00356251000bevshsp_uf.evt.gz,,2009-07-02T03:37:01.759999,12.8135875358097,41.8728191764414,0.0081381335550113,21.15437767584426,0.0003847021018398,False,positive,consistent_with_zero,,,,,unknown
Swift/BAT,sw00356284000bevshsp_uf.evt.gz,,2009-07-02T15:55:25.12,163.668006906365,-12.0186905067909,-11.132644593124768,22.493480476222015,0.4949276126872917,False,negative,consistent_with_zero,,,,,unknown
Swift/BAT,sw00356412000bevshsp_uf.evt.gz,,2009-07-04T10:35:50.463999,292.142857014799,-6.12042911919325,5.058045800140111,446.1060838742464,0.0113382130012957,False,positive,consistent_with_zero,,,,,unknown
Swift/BAT,sw00356516000bevshsp_uf.evt.gz,,2009-07-05T05:11:36,318.484499859067,62.5784594775142,2.8430266021670056,17.027611356776486,0.166965673728251,False,positive,consistent_with_zero,,,,,unknown
Swift/BAT,sw00356529000bevshsp_uf.evt.gz,,2009-07-05T09:02:57.6,7.84620392110792,23.9937555366489,-5.425987384838509,730.3492591427291,0.0074293049755502,False,negative,consistent_with_zero,,,,,unknown
Swift/BAT,sw00356634000bevshsp_uf.evt.gz,,2009-07-07T12:42:45.888,279.997966646457,58.0334008723801,2.167225848470048,1050.9346366717211,0.0020621890009578,False,positive,consistent_with_zero,,,,,unknown
Swift/BAT,sw00356776000bevshsp_uf.evt.gz,GRB090708,2009-07-08T03:38:15.267780,154.628878204965,26.636688851161,-3.6912446706183,18.207883656726448,0.2027278260455416,False,negative,consistent_with_zero,8.708,1.394367,4.072,1.42666,long
Swift/BAT,sw00356881000bevshsp_uf.evt.gz,,2009-07-09T06:02:34.944,348.213464633462,35.4881673194797,-1.3806806194097463,648.7969069614144,0.002128062887778,False,negative,consistent_with_zero,,,,,unknown
Swift/BAT,sw00356890000bevshsp_uf.evt.gz,GRB090709A,2009-07-09T07:38:34.592520,289.9290833,60.7270833,13.786754211269432,359.722371243417,0.0383260962158514,False,positive,consistent_with_zero,88.744,1.120514,31.084,0.4526367,long
Swift/BAT,sw00356899000bevshsp_uf.evt.gz,,2009-07-09T10:17:38.879999,262.885421134947,73.0450684139026,4.61790571782599,17.186121707636516,0.2686996983021515,False,positive,consistent_with_zero,,,,,unknown
Swift/BAT,sw00356912000bevshsp_uf.evt.gz,GRB090709B,2009-07-09T15:07:42.879640,93.5932107495315,64.0853192755238,-2.959018036284387,30.37194465284937,0.0974260314940612,False,negative,consistent_with_zero,26.944,4.513198,9.168,5.203642,long
Swift/BAT,sw00357072000bevshsp_uf.evt.gz,GRB090712,2009-07-12T03:51:05.176560,70.1028622577386,22.5571323863833,-4.027262091763823,50.66768559458923,0.0794838375683354,False,negative,consistent_with_zero,202.9,44.92755,48.556,13.55491,long
Swift/BAT,sw00357141000bevshsp_uf.evt.gz,,2009-07-12T15:08:07.04,165.244469272598,80.0970489938907,2.315215274657396,26.08093764531843,0.0887704002878508,False,positive,consistent_with_zero,,,,,unknown
Swift/BAT,sw00357498000bevshsp_uf.evt.gz,GRB090715A,2009-07-15T17:25:39.150560,152.121935465376,9.99748569935098,2.831252324662303,16.25002005839598,0.1742306972230145,False,positive,consistent_with_zero,64.0,22.62742,48.0,16.0,long
Swift/BAT,sw00357512000bevshsp_uf.evt.gz,GRB090715B,2009-07-15T21:03:14.638140,251.3405,44.83778,6.706336269758105,212.51850256617044,0.03155648185348,False,positive,consistent_with_zero,266.4,11.59671,63.86,1.13974,long
Swift/BAT,sw00357580000bevshsp_uf.evt.gz,,2009-07-16T17:46:45.12,216.595653910853,26.1255938414509,-0.2659000076310839,17.19028063766421,0.0154680434389472,False,negative,consistent_with_zero,,,,,unknown
Swift/BAT,sw00357621000bevshsp_uf.evt.gz,,2009-07-17T01:44:02.495999,222.881949561761,20.8124596003905,-3.689192941161071,718.0030913492973,0.0051381296064174,False,negative,consistent_with_zero,,,,,unknown
Swift/BAT,sw00357642000bevshsp_uf.evt.gz,,2009-07-17T11:42:35.519999,233.5909625089,27.3459337800648,1.58089470464479,17.051700049904408,0.0927118527782015,False,positive,consistent_with_zero,,,,,unknown
Swift/BAT,sw00357694000bevshsp_uf.evt.gz,,2009-07-18T08:31:01.439999,300.11121293607,46.5192950448795,-59010.642762590585,70.87887046409898,832.5561958902858,True,negative,significant_negative,,,,,unknown
Swift/BAT,sw00357763000bevshsp_uf.evt.gz,,2009-07-19T16:36:14.72,333.998029766331,47.7231447231149,1.9614398792007095,16.990592716100064,0.1154426989084421,False,positive,consistent_with_zero,,,,,unknown
Swift/BAT,sw00357858000bevshsp_uf.evt.gz,,2009-07-21T02:30:47.68,295.979058486361,67.7232652698741,-1.5615500083845524,29.57541077259897,0.0527989288260806,False,negative,consistent_with_zero,,,,,unknown
Swift/BAT,sw00357878000bevshsp_uf.evt.gz,,2009-07-21T11:08:02.879999,50.9953275555215,11.2872117928667,-8.494945027847162,23.04052016647356,0.3686958873527614,False,negative,consistent_with_zero,,,,,unknown
Swift/BAT,sw00357881000bevshsp_uf.evt.gz,,2009-07-21T13:01:50.72,215.583489698896,-52.8035573189944,7.4441936139438365,19.12853046722461,0.3891670416971621,False,positive,consistent_with_zero,,,,,unknown
Swift/BAT,sw00357898000bevshsp_uf.evt.gz,,2009-07-21T19:26:02.304,171.957273242732,30.035313937764,-1.0110119250858374,787.2621212903034,0.0012842125865636,False,negative,consistent_with_zero,,,,,unknown
Swift/BAT,sw00357928000bevshsp_uf.evt.gz,,2009-07-22T05:40:43.392,243.857979219505,42.7041492654143,2.8514000660852545,121.68713714048152,0.0234322224442954,False,positive,consistent_with_zero,,,,,unknown
Swift/BAT,sw00357951000bevshsp_uf.evt.gz,,2009-07-22T09:28:14.079999,205.634382331794,53.4955934326504,-3.48687695273616,18.7222346587052,0.1862425621887439,False,negative,consistent_with_zero,,,,,unknown
Swift/BAT,sw00358035000bevshsp_uf.evt.gz,,2009-07-23T14:39:13.472,179.597443958255,19.7865850327644,-1.2285465457975622,202.33869293701665,0.0060717331320311,False,negative,consistent_with_zero,,,,,unknown
Swift/BAT,sw00358171000bevshsp_uf.evt.gz,,2009-07-24T00:44:27.072,245.695363423989,42.3015026277274,0.3375606056118493,863.7989609614341,0.0003907860750794,False,positive,consistent_with_zero,,,,,unknown
Swift/BAT,sw00358336000bevshsp_uf.evt.gz,,2009-07-26T02:40:10.815999,12.8629207326255,67.5690760783838,1.6815910478589466,968.7543798187644,0.0017358280725126,False,positive,consistent_with_zero,,,,,unknown
Swift/BAT,sw00358354000bevshsp_uf.evt.gz,,2009-07-26T04:58:16,85.3341609012527,22.8881599456419,-6.209052463562382,22.65388876918458,0.2740832943440763,False,negative,consistent_with_zero,,,,,unknown
Swift/BAT,sw00358357000bevshsp_uf.evt.gz,,2009-07-26T05:44:24,302.4124,32.80281,-1.0139493440852605,39.32164555431929,0.0257860353958122,False,negative,consistent_with_zero,,,,,unknown
Swift/BAT,sw00358361000bevshsp_uf.evt.gz,,2009-07-26T05:58:08,258.247111666753,34.0687432978551,6.242112792290164,477.3542110266425,0.0130764799976631,False,positive,consistent_with_zero,,,,,unknown
Swift/BAT,sw00358362000bevshsp_uf.evt.gz,,2009-07-26T06:05:20,302.198825537513,32.5852843836664,-6.140403791079334,266.4184213050171,0.02304797003526,False,negative,consistent_with_zero,,,,,unknown
Swift/BAT,sw00358422000bevshsp_uf.evt.gz,GRB090726,2009-07-26T22:42:27.759160,249.3441,72.97005,6.757306494137507,23.127738834648312,0.2921732445376024,False,positive,consistent_with_zero,56.676,12.16539,20.24,10.55836,long
Swift/BAT,sw00358488000bevshsp_uf.evt.gz,,2009-07-27T12:59:12.959999,352.720913246345,80.5373497682801,7.513778379804151,29.80170917128715,0.252125753480052,False,positive,consistent_with_zero,,,,,unknown
Swift/BAT,sw00358520000bevshsp_uf.evt.gz,GRB090727,2009-07-27T22:42:18.028360,315.9612917,64.9242778,-1.1544302250862126,18.33208416640536,0.0629732121349178,False,negative,consistent_with_zero,301.88,22.92145,119.608,135.6644,long
Swift/BAT,sw00358534000bevshsp_uf.evt.gz,,2009-07-28T02:36:48.959999,90.6287692822525,-69.0871092652265,-4.256973961874723,47.67748175774048,0.089286887749343,False,negative,consistent_with_zero,,,,,unknown
Swift/BAT,sw00358574000bevshsp_uf.evt.gz,GRB090728,2009-07-28T14:45:45.962500,29.6529583,41.6333889,-2.127870364967268,32.41706010588854,0.0656404485174379,False,negative,consistent_with_zero,64.0,35.77709,16.0,22.62742,long
Swift/BAT,sw00358643000bevshsp_uf.evt.gz,,2009-07-29T13:57:56.927999,272.153178088732,-42.5833420603318,1.3495095522239204,74.7798613357305,0.018046430257007,False,positive,consistent_with_zero,,,,,unknown
Swift/BAT,sw00358708000bevshsp_uf.evt.gz,,2009-07-30T16:11:59.04,202.839647263766,68.5765747524408,7740.980939596075,22.352113728619035,346.3198618967626,True,positive,significant_positive,,,,,unknown
Swift/BAT,sw00358760000bevshsp_uf.evt.gz,,2009-07-31T12:46:35.839999,189.691562675699,-15.4089072936449,-35596.27113923942,25.354740760344036,1403.9296033708065,True,negative,significant_negative,,,,,unknown
Swift/BAT,sw00358902000bevshsp_uf.evt.gz,,2009-07-31T23:50:58.879999,256.551324342333,36.2623889426027,1.24724960886034,404.0530640949412,0.0030868460598216,False,positive,consistent_with_zero,,,,,unknown
Swift/BAT,sw00358924000bevshsp_uf.evt.gz,,2009-08-01T07:24:35.263999,91.000122897848,31.7684120361598,-21958.03584662487,19.23358661764908,1141.6506075094587,True,negative,significant_negative,,,,,unknown
Swift/BAT,sw00359129000bevshsp_uf.evt.gz,,2009-08-04T14:41:42.783999,240.308105595465,38.4433575381122,-9.800554403961138,77.63040742420515,0.1262463347694002,False,negative,consistent_with_zero,,,,,unknown
Swift/BAT,sw00359182000bevshsp_uf.evt.gz,,2009-08-05T14:03:13.92,30.3596399753733,-39.8471965023476,-3.411232223825181,425.2578695624717,0.0080215616640671,False,negative,consistent_with_zero,,,,,unknown
Swift/BAT,sw00359280000bevshsp_uf.evt.gz,,2009-08-05T20:00:16.959999,260.642379931199,-37.4027186275801,-1.4399872770714215,86.17798307763047,0.0167094567039734,False,negative,consistent_with_zero,,,,,unknown
Swift/BAT,sw00359378000bevshsp_uf.evt.gz,GRB090807A,2009-08-07T15:00:27.022480,273.7425833,10.2672778,-0.6598697154135668,70.10572311792271,0.0094124942453502,False,negative,consistent_with_zero,146.352,13.19631,80.572,19.19431,long
Swift/BAT,sw00359435000bevshsp_uf.evt.gz,,2009-08-08T10:59:43.296,138.131123702316,-20.2087684112947,-2.2843406726203903,666.9284724113561,0.0034251659167603,False,negative,consistent_with_zero,,,,,unknown
Swift/BAT,sw00359443000bevshsp_uf.evt.gz,,2009-08-08T14:23:46.751999,104.98771884112,-9.95123873491037,-2.4756355165832136,793.5166776483238,0.0031198279586511,False,negative,consistent_with_zero,,,,,unknown
Swift/BAT,sw00359479000bevshsp_uf.evt.gz,,2009-08-09T02:29:20.959999,270.498056903271,39.82942005917,-1.981350324367105,51.69581363414554,0.0383270943057254,False,negative,consistent_with_zero,,,,,unknown
Swift/BAT,sw00359530000bevshsp_uf.evt.gz,GRB090809A,2009-08-09T17:31:14.504600,328.68,-0.0836944,-10.872826215754175,60.56522989032766,0.1795225781433148,False,negative,consistent_with_zero,8.868,2.874849,3.008,1.417383,long
Swift/BAT,sw00359638000bevshsp_uf.evt.gz,,2009-08-10T22:33:07.519999,79.3126379788606,-18.7058516138506,3.63627384480756,25.865264652410712,0.1405852170342533,False,positive,consistent_with_zero,,,,,unknown
Swift/BAT,sw00359711000bevshsp_uf.evt.gz,GRB090812,2009-08-12T06:02:08.897520,353.2021667,-10.6046944,0.5653549453742179,132.2884158939869,0.0042736542089012,False,positive,consistent_with_zero,74.496,15.28687,24.264,1.345719,long
Swift/BAT,sw00359884000bevshsp_uf.evt.gz,GRB090813,2009-08-13T04:10:43.154900,225.8016,88.56877,2.809403024702831,31.843585150026502,0.0882250855695654,False,positive,consistent_with_zero,7.144,0.5654167,5.96,0.2152952,long
Swift/BAT,sw00359904000bevshsp_uf.evt.gz,,2009-08-13T11:22:54.399999,13.6413347373963,-17.6998192374966,1.960005938976649,102.1500635485812,0.0191875156107416,False,positive,consistent_with_zero,,,,,unknown
Swift/BAT,sw00359911000bevshsp_uf.evt.gz,,2009-08-13T13:47:48.032,193.565584260908,74.0420831725099,-1.4912148944366743,37.68461845577532,0.0395709166111549,False,negative,consistent_with_zero,,,,,unknown
Swift/BAT,sw00359951000bevshsp_uf.evt.gz,GRB090814A,2009-08-14T00:52:19.004460,239.6100833,25.6310833,5.196016828762847,25.2387432499548,0.2058746260581795,False,positive,consistent_with_zero,78.064,7.984902,40.816,10.52626,long
Swift/BAT,sw00360046000bevshsp_uf.evt.gz,,2009-08-15T15:06:59.008,102.729887386125,-30.5898547631499,-2.6174291781612773,593.3507448879818,0.0044112680412247,False,negative,consistent_with_zero,,,,,unknown
Swift/BAT,sw00360068000bevshsp_uf.evt.gz,GRB090815C,2009-08-15T23:21:39.223,64.473057422274,-65.9079370199645,1.1774502335473092,26.897912643110157,0.0437747809344942,False,positive,consistent_with_zero,0.576,0.271529,0.256,0.1810194,short
Swift/BAT,sw00360079000bevshsp_uf.evt.gz,,2009-08-16T03:22:18.56,23.5007294909217,43.2572979621309,-4.133620367657633,773.8568908008681,0.0053415824253754,False,negative,consistent_with_zero,,,,,unknown
Swift/BAT,sw00360091000bevshsp_uf.evt.gz,,2009-08-16T10:04:16.832,34.2343882297691,59.9553387485713,1.5582069112736407,672.2318482525865,0.0023179605597742,False,positive,consistent_with_zero,,,,,unknown
Swift/BAT,sw00360137000bevshsp_uf.evt.gz,,2009-08-16T19:21:43.615999,288.347595157943,41.4064048449191,-9.608231260910278,26.28180416949744,0.3655849194729771,False,negative,consistent_with_zero,,,,,unknown
Swift/BAT,sw00360337000bevshsp_uf.evt.gz,,2009-08-19T08:40:42.815999,82.5737024010444,-19.0365249894599,-9.767916175268804,926.694880291136,0.0105405958131548,False,negative,consistent_with_zero,,,,,unknown
Swift/BAT,sw00360435000bevshsp_uf.evt.gz,,2009-08-19T19:21:08.864,250.1970833,-47.3413889,-0.790904559652258,21.667213600723787,0.0365023659353151,False,negative,consistent_with_zero,,,,,unknown
Swift/BAT,sw00360495000bevshsp_uf.evt.gz,,2009-08-20T12:13:07.008,105.87944900398,-21.6944745212482,-0.0529649634651652,751.540620655465,7.047518392149086e-05,False,negative,consistent_with_zero,,,,,unknown
Swift/BAT,sw00360585000bevshsp_uf.evt.gz,,2009-08-21T10:09:43.615999,43.9951926803954,40.5076691549745,-5641.069587192286,22.566150576981972,249.97925844500543,True,negative,significant_negative,,,,,unknown
Swift/BAT,sw00360807000bevshsp_uf.evt.gz,,2009-08-24T21:29:54.495999,218.322860102238,-31.5190225844703,-7.677049679253929,282.5610809018651,0.0271695226205629,False,negative,consistent_with_zero,,,,,unknown
Swift/BAT,sw00360857000bevshsp_uf.evt.gz,,2009-08-25T16:59:21.023999,257.801836220526,28.0448810938626,-7.971036151233419,25.41383926706092,0.3136494280722371,False,negative,consistent_with_zero,,,,,unknown
Swift/BAT,sw00360883000bevshsp_uf.evt.gz,,2009-08-26T04:06:22.463999,260.768791221776,38.8909618789824,2.742062601253789,32.06585564492804,0.0855134705157169,False,positive,consistent_with_zero,,,,,unknown
Swift/BAT,sw00360914000bevshsp_uf.evt.gz,,2009-08-26T12:07:20.768,298.027799676515,50.8074116717141,-3.6405496210012807,23.36845195650833,0.1557890795580643,False,negative,consistent_with_zero,,,,,unknown
Swift/BAT,sw00361020000bevshsp_uf.evt.gz,,2009-08-27T17:09:33.824,307.209098100512,44.0833551698385,-10.908617857664998,32.89396098659082,0.3316298046961228,False,negative,consistent_with_zero,,,,,unknown
Swift/BAT,sw00361055000bevshsp_uf.evt.gz,,2009-08-28T05:17:04.959999,249.219853755491,83.7211730628465,8.940475271696325,22.928151415852536,0.3899344133567993,False,positive,consistent_with_zero,,,,,unknown
Swift/BAT,sw00361128000bevshsp_uf.evt.gz,,2009-08-28T22:51:52,130.251873646219,-45.051615934863,-3263.2928175756283,16.222524423605147,201.15813866966727,True,negative,significant_negative,,,,,unknown
Swift/BAT,sw00361129000bevshsp_uf.evt.gz,,2009-08-28T23:09:28,130.183833001623,-45.0606506650047,-8703.011700639454,17.987732747444326,483.8303872329861,True,negative,significant_negative,,,,,unknown
Swift/BAT,sw00361218000bevshsp_uf.evt.gz,,2009-08-29T19:12:05.375999,301.246453215108,45.9715152415344,1.945462037239442,44.53884305245813,0.0436801206297178,False,positive,consistent_with_zero,,,,,unknown
Swift/BAT,sw00361246000bevshsp_uf.evt.gz,,2009-08-30T04:31:53.088,252.186797692224,22.418327826048,-196033.6273738699,46.46990043286477,4218.507583356681,True,negative,significant_negative,,,,,unknown
Swift/BAT,sw00361471000bevshsp_uf.evt.gz,,2009-08-31T17:17:29.984,261.988195476803,-26.5829758544835,-0.0617832743975088,10.583286110700271,0.0058378157550746,False,negative,consistent_with_zero,,,,,unknown
Swift/BAT,sw00361477000bevshsp_uf.evt.gz,,2009-08-31T18:01:20,3.61933233536793,27.9699939670182,-9.819606254603784,19.72410991439672,0.497847877405936,False,negative,consistent_with_zero,,,,,unknown
Swift/BAT,sw00361489000bevshsp_uf.evt.gz,GRB090831C,2009-08-31T21:30:25.929900,108.2942917,-25.1185,-7.260700455455384,22.359435095581333,0.3247264711482019,False,negative,consistent_with_zero,77.952,14.79992,53.312,27.63326,long
Swift/BAT,sw00361788000bevshsp_uf.evt.gz,,2009-09-03T13:13:43.424,286.046618736523,50.4213334656168,-3.0067558834399906,25.17050536971253,0.1194555230129783,False,negative,consistent_with_zero,,,,,unknown
Swift/BAT,sw00361830000bevshsp_uf.evt.gz,GRB090904A,2009-09-04T01:01:06.945020,100.8857917,50.2037778,1.4584490054099073,71.3845376939868,0.0204308811477077,False,positive,consistent_with_zero,129.532,9.365273,20.944,3.049713,long
Swift/BAT,sw00361831000bevshsp_uf.evt.gz,GRB090904B,2009-09-04T01:24:18.112980,264.185375,-25.2136944,232828.03298418137,156.17400511356988,1490.8244993452568,True,positive,significant_positive,64.0,16.0,32.0,16.0,long
Swift/BAT,sw00361958000bevshsp_uf.evt.gz,,2009-09-05T11:15:20,274.6581,-17.04638,-4032.090322922453,24.924275003586388,161.77362520443504,True,negative,significant_negative,,,,,unknown
Swift/BAT,sw00361993000bevshsp_uf.evt.gz,,2009-09-05T20:49:37.856,168.828114597611,-73.7594919953175,-1.7670943476311938,689.8894356187337,0.0025614167378086,False,negative,consistent_with_zero,,,,,unknown
Swift/BAT,sw00362122000bevshsp_uf.evt.gz,,2009-09-07T19:17:25.759999,203.7833056999,-36.0490416936566,-4.714644466680822,599.7931682075427,0.0078604504295544,False,negative,consistent_with_zero,,,,,unknown
Swift/BAT,sw00362330000bevshsp_uf.evt.gz,,2009-09-11T03:23:49.759999,152.812121148611,45.5636650577821,-8775.574522802051,68.18474157393615,128.70290801478296,True,negative,significant_negative,,,,,unknown
Swift/BAT,sw00362404000bevshsp_uf.evt.gz,,2009-09-11T15:55:21.216,72.3857863841622,31.5043441121949,0.5903393781321367,9.541046944455154,0.0618736477840323,False,positive,consistent_with_zero,,,,,unknown
Swift/BAT,sw00362585000bevshsp_uf.evt.gz,,2009-09-11T23:10:11.008,233.087205142688,71.0750742894864,-6.840527428586045,925.4984745118172,0.0073911817436482,False,negative,consistent_with_zero,,,,,unknown
Swift/BAT,sw00362633000bevshsp_uf.evt.gz,GRB090912,2009-09-12T15:50:29.864660,188.0421667,61.4841944,7.267248500813784,39.69396198330584,0.1830819635457449,False,positive,consistent_with_zero,135.516,15.67251,70.868,11.05865,long
Swift/BAT,sw00362752000bevshsp_uf.evt.gz,,2009-09-14T23:18:06.015999,252.728183631329,-3.63694334599726,-5.419026037780985,28.731867334185612,0.1886068167707758,False,negative,consistent_with_zero,,,,,unknown
Swift/BAT,sw00362817000bevshsp_uf.evt.gz,,2009-09-16T05:29:28.639999,138.305900571023,23.9807261963547,-5370.188286066484,22.033316669688556,243.73036372932012,True,negative,significant_negative,,,,,unknown
Swift/BAT,sw00362818000bevshsp_uf.evt.gz,GRB090916,2009-09-16T07:00:44.126400,126.579580098003,25.9332286507725,-3.1941874378063937,18.50881004522948,0.1725765962263832,False,negative,consistent_with_zero,62.448,14.73461,39.184,16.61272,long
Swift/BAT,sw00362917000bevshsp_uf.evt.gz,,2009-09-20T18:42:42.24,155.690408080696,15.7734538619811,0.1891179331891944,9.866010178797367,0.0191686334964076,False,positive,consistent_with_zero,,,,,unknown
Swift/BAT,sw00370791000bevshsp_uf.evt.gz,GRB090926B,2009-09-26T21:55:48.416220,46.3061667,-39.0052778,-0.8655855221844727,64.60181630914109,0.0133987799668411,False,negative,consistent_with_zero,99.284,11.29944,29.128,2.441409,long
Swift/BAT,sw00370846000bevshsp_uf.evt.gz,GRB090927,2009-09-27T10:07:16.926760,343.9725,-70.9803889,-15.914856088701686,42.17479332943089,0.3773546906179099,False,negative,consistent_with_zero,2.16,0.4008989,0.808,0.3134645,long
Swift/BAT,sw00371050000bevshsp_uf.evt.gz,GRB090929B,2009-09-29T10:09:07.257040,117.7203,-0.6574605,10.15506222030726,76.6348164414198,0.1325123839510969,False,positive,consistent_with_zero,357.36,7.211015,231.532,5.568498,long
Swift/BAT,sw00371210000bevshsp_uf.evt.gz,,2009-09-30T18:32:01.663999,267.786375,-30.9607778,4.435996976463078,19.179756826834616,0.2312853607328651,False,positive,consistent_with_zero,,,,,unknown
Swift/BAT,sw00373172000bevshsp_uf.evt.gz,GRB091018,2009-10-18T20:48:19.585200,32.1857917,-57.5481944,204.50798251118584,120.18929544686505,1.7015490585149289,False,positive,consistent_with_zero,4.368,0.5971265,1.56,0.07879089,long
Swift/BAT,sw00373458000bevshsp_uf.evt.gz,GRB091020,2009-10-20T21:36:44.667340,175.7297917,50.9782778,4.023113420521239,69.9947834782776,0.0574773321753296,False,positive,consistent_with_zero,38.92,4.888576,9.596,1.178725,long
Swift/BAT,sw00373674000bevshsp_uf.evt.gz,GRB091024,2009-10-24T08:56:01.265340,339.2516667,56.8891944,0.0765487977383641,61.51853311441046,0.0012443209202664,False,positive,consistent_with_zero,112.28,13.76844,48.524,4.765342,long
Swift/BAT,sw00373679000bevshsp_uf.evt.gz,,2009-10-24T11:25:44,300.6412,34.88384,0.117876155496803,23.21242249452556,0.0050781496642413,False,positive,consistent_with_zero,,,,,unknown
Swift/BAT,sw00373680000bevshsp_uf.evt.gz,,2009-10-24T11:41:04,288.991397342415,11.1775266470916,10.107832106324798,538.749315586401,0.0187616611546372,False,positive,consistent_with_zero,,,,,unknown
Swift/BAT,sw00373681000bevshsp_uf.evt.gz,,2009-10-24T11:47:52,300.900198767234,35.111627000385,-7.428621055170418,20.887049743057247,0.3556567895683619,False,negative,consistent_with_zero,,,,,unknown
Swift/BAT,sw00373683000bevshsp_uf.evt.gz,,2009-10-24T11:59:36,309.932398698562,40.6233734479662,-0.2626643898287787,549.6208955057068,0.0004779010259191,False,negative,consistent_with_zero,,,,,unknown
Swift/BAT,sw00373684000bevshsp_uf.evt.gz,,2009-10-24T12:06:24,82.9876417073749,20.6388373278359,-15.5874888131582,49.51293941135443,0.3148164701686775,False,negative,consistent_with_zero,,,,,unknown
Swift/BAT,sw00373691000bevshsp_uf.evt.gz,,2009-10-24T14:18:56,268.044323842901,-22.3252388422827,-0.0447657439075619,19.2685990654538,0.0023232485016423,False,negative,consistent_with_zero,,,,,unknown
Swift/BAT,sw00373776000bevshsp_uf.evt.gz,,2009-10-25T13:15:36,300.6544,35.07911,-1.1198653247320856,33.968120107547485,0.0329681277970769,False,negative,consistent_with_zero,,,,,unknown
Swift/BAT,sw00373777000bevshsp_uf.evt.gz,,2009-10-25T13:22:24,289.1757,11.17928,2.619271604744795,813.7468183161875,0.0032187795341118,False,positive,consistent_with_zero,,,,,unknown
Swift/BAT,sw00373778000bevshsp_uf.evt.gz,,2009-10-25T13:29:12,309.471887022703,40.7539655196636,1725.5662753077263,23.22022356022792,74.31307759944707,True,positive,significant_positive,,,,,unknown
Swift/BAT,sw00373786000bevshsp_uf.evt.gz,,2009-10-25T14:25:44,289.4026,11.84064,-0.7138431776073197,100.957404148831,0.0070707362538261,False,negative,consistent_with_zero,,,,,unknown
Swift/BAT,sw00373788000bevshsp_uf.evt.gz,,2009-10-25T14:39:20,310.06896094738,41.4911421784769,-3.048825529967825,828.8216202522998,0.0036785062738104,False,negative,consistent_with_zero,,,,,unknown
Swift/BAT,sw00373792000bevshsp_uf.evt.gz,,2009-10-25T16:14:16,268.0621,-22.34243,-3.5740885451623097,122.93489151162306,0.0290730198824342,False,negative,consistent_with_zero,,,,,unknown
Swift/BAT,sw00373871000bevshsp_uf.evt.gz,GRB091026,2009-10-26T13:11:30.155080,276.5932917,-86.1105,-6.994593699703012,34.78831398474291,0.2010615893248125,False,negative,consistent_with_zero,174.0,72.52758,36.0,11.04536,long
Swift/BAT,sw00374151000bevshsp_uf.evt.gz,,2009-10-28T06:50:01.472,268.052731861797,-22.320198910947,-3.1410857833187573,19.25099235193355,0.1631648761734233,False,negative,consistent_with_zero,,,,,unknown
Swift/BAT,sw00374210000bevshsp_uf.evt.gz,GRB091029,2009-10-29T03:53:22.595560,60.1776667,-55.9556944,0.8927391447731269,95.88592306110928,0.0093104296884556,False,positive,consistent_with_zero,39.18,4.860979,13.452,1.080718,long
Swift/BAT,sw00374598000bevshsp_uf.evt.gz,GRB091102,2009-11-02T14:34:38.358760,72.6742345146145,-72.5096722528519,0.5828055819240804,34.549914941149225,0.0168685098911764,False,positive,consistent_with_zero,6.648,0.466699,3.38,0.8568617,long
Swift/BAT,sw00374603000bevshsp_uf.evt.gz,,2009-11-02T15:19:28,268.0645,-22.34344,0.0813401344714662,82.585774509653,0.0009849170145151,False,positive,consistent_with_zero,,,,,unknown
Swift/BAT,sw00374869000bevshsp_uf.evt.gz,,2009-11-04T07:24:16,274.665356735406,-17.0892267689427,-1.6995806399097757,14.821474556745612,0.1146701452276389,False,negative,consistent_with_zero,,,,,unknown
Swift/BAT,sw00374875000bevshsp_uf.evt.gz,GRB091104,2009-11-04T08:49:22.769700,208.7562917,47.4122778,-3.600736196598874,17.236162658511695,0.2089059071869881,False,negative,consistent_with_zero,107.136,19.64406,58.352,15.1045,long
Swift/BAT,sw00375058000bevshsp_uf.evt.gz,,2009-11-06T14:09:29.663999,267.990792360491,-22.381272860448,6.172758591344207,38.99130887298278,0.1583111408609659,False,positive,consistent_with_zero,,,,,unknown
Swift/BAT,sw00375246000bevshsp_uf.evt.gz,GRB091109A,2009-11-09T04:57:43.363760,309.257875,-44.1590833,-0.6682623764331999,97.60930264217852,0.0068462980304546,False,negative,consistent_with_zero,48.032,16.95022,15.152,8.93455,long
Swift/BAT,sw00375409000bevshsp_uf.evt.gz,GRB091109B,2009-11-09T21:49:03.157720,112.7347917,-54.0895,13.083858868694849,14.969027998447247,0.8740620212649779,False,positive,consistent_with_zero,0.272,0.04681878,0.09199995,0.02828424,short
Swift/BAT,sw00375659000bevshsp_uf.evt.gz,GRB091112,2009-11-12T17:41:21.081480,257.727967798798,-36.7151372496385,-3.121583416819904,181.19075257477132,0.0172281607778616,False,negative,consistent_with_zero,17.52,3.848358,7.3,1.252326,long
Swift/BAT,sw00377179000bevshsp_uf.evt.gz,GRB091127,2009-11-27T23:25:45.805160,36.5708005072054,-18.9537141498341,4.088657690936101,37.9409158028642,0.1077638112949146,False,positive,consistent_with_zero,6.956,0.1503596,3.84,0.4688923,long
Swift/BAT,sw00377436000bevshsp_uf.evt.gz,,2009-11-30T16:08:16,161.881491409738,11.6255417298906,-0.1068785321020144,9.540528581320364,0.0112025797303594,False,negative,consistent_with_zero,,,,,unknown
Swift/BAT,sw00377487000bevshsp_uf.evt.gz,GRB091130B,2009-11-30T17:59:04.773120,203.1487,34.0884,0.2420209027137957,67.0957572266585,0.0036070969718132,False,positive,consistent_with_zero,101.76,24.03156,31.888,6.30765,long
Swift/BAT,sw00378554000bevshsp_uf.evt.gz,GRB091208A,2009-12-08T08:46:00.559040,0.274140327777107,65.6736677782883,-1.0788869340807812,53.67784749823085,0.0200992957870812,False,negative,consistent_with_zero,80.0,16.0,32.0,16.0,long
Swift/BAT,sw00378559000bevshsp_uf.evt.gz,GRB091208B,2009-12-08T09:49:57.998900,29.3921667,16.8895833,23.540047060808977,49.88382230605448,0.4718974202975597,False,positive,consistent_with_zero,14.8,3.360838,5.776,3.123895,long
Swift/BAT,sw00379449000bevshsp_uf.evt.gz,,2009-12-15T15:39:12,242.043599535328,51.3951002102412,-1.3901324970649604,75.1063685503153,0.0185088498338683,False,negative,consistent_with_zero,,,,,unknown
Swift/BAT,sw00380311000bevshsp_uf.evt.gz,GRB091221,2009-12-21T20:52:52.295660,55.7981667,23.2403889,-6.091922149735237,180.0697918263765,0.0338308946100691,False,negative,consistent_with_zero,62.9,5.659316,17.716,1.19157,long
Swift/BAT,sw00381434000bevshsp_uf.evt.gz,,2009-12-29T02:07:09.439999,74.8157170298384,-55.0421834227911,82685.53060025894,19.57693462280982,4223.6198972600605,True,positive,significant_positive,,,,,unknown
Swift/BAT,sw00381591000bevshsp_uf.evt.gz,,2009-12-31T17:44:22.847999,235.079216103307,-8.73771854118322,-15871.591720347742,21.560384493151176,736.1460425434192,True,negative,significant_negative,,,,,unknown
Swift/BAT,sw00382159000bevshsp_uf.evt.gz,,2010-01-07T22:46:24,268.186248426128,-22.698667039989,-1.024828344069708,18.29968361775682,0.0560025170640262,False,negative,consistent_with_zero,,,,,unknown
Swift/BAT,sw00382180000bevshsp_uf.evt.gz,,2010-01-08T00:58:56,285.417511258385,1.43183981352239,2.2717298203624523,18.96865940182006,0.1197622758804176,False,positive,consistent_with_zero,,,,,unknown
Swift/BAT,sw00382399000bevshsp_uf.evt.gz,GRB100111A,2010-01-11T04:12:49.036100,247.0482917,15.5504722,4.80752615308224,30.49378502036334,0.1576559338196894,False,positive,consistent_with_zero,14.0,2.236068,4.0,2.236068,long
Swift/BAT,sw00382941000bevshsp_uf.evt.gz,GRB100117A,2010-01-17T21:06:19.576420,11.27001,-1.594511,-3.689628827604562,18.15463871144477,0.2032333931976626,False,negative,consistent_with_zero,0.2919999,0.03224902,0.1679999,0.04833217,short
Swift/BAT,sw00383050000bevshsp_uf.evt.gz,,2010-01-19T14:21:12,248.522317735683,-47.3672968234157,4.465316120257714,22.53269349016095,0.19817054371274,False,positive,consistent_with_zero,,,,,unknown
Swift/BAT,sw00383063000bevshsp_uf.evt.gz,GRB100119A,2010-01-19T18:25:25.746880,299.32651470397,-53.1602425157852,-2.2040848292157507,115.2724611635562,0.0191206538575458,False,negative,consistent_with_zero,23.068,3.222928,12.412,0.7737493,long
Swift/BAT,sw00400107000bevshsp_uf.evt.gz,,2010-01-26T04:08:08,248.507,-47.39252,-66744.27592231943,19.05855633467516,3502.0635745051063,True,negative,significant_negative,,,,,unknown
Swift/BAT,sw00410087000bevshsp_uf.evt.gz,,2010-01-29T19:59:12,248.5083,-47.39443,-5.833947275473864,20.947723304292293,0.2785003024304058,False,negative,consistent_with_zero,,,,,unknown
Swift/BAT,sw00411248000bevshsp_uf.evt.gz,GRB100205A,2010-02-05T04:18:43.074340,141.387375,31.7405,-4.888605675003996,29.006775439790683,0.168533234076682,False,negative,consistent_with_zero,25.844,4.357702,10.492,4.059198,long
Swift/BAT,sw00411412000bevshsp_uf.evt.gz,GRB100206A,2010-02-06T13:30:05.374220,47.1616667,13.1577778,0.666160006657107,17.268868168321685,0.0385757769509829,False,positive,consistent_with_zero,0.1159999,0.01788858,0.05599999,0.01131369,short
Swift/BAT,sw00412081000bevshsp_uf.evt.gz,GRB100212A,2010-02-12T14:07:22.028320,356.418375,49.4937778,9.729897070637264,30.898635203094944,0.3148973087867218,False,positive,consistent_with_zero,163.764,13.3436,82.104,25.16118,long
Swift/BAT,sw00412217000bevshsp_uf.evt.gz,GRB100213A,2010-02-13T22:27:48.212320,349.3916667,43.3795833,3.30168799188098,53.19123749092874,0.0620720281690015,False,positive,consistent_with_zero,2.216,0.2576199,1.172,0.80824,long
Swift/BAT,sw00412220000bevshsp_uf.evt.gz,GRB100213B,2010-02-13T22:58:34.216240,124.2858,43.44736,9.186230282434144,34.707118675946404,0.2646785625797457,False,positive,consistent_with_zero,91.856,20.34476,24.976,5.743198,long
Swift/BAT,sw00412503000bevshsp_uf.evt.gz,,2010-02-16T06:07:47.263999,283.261409555822,-8.7359185396393,-8.374043270433663,21.492127247358717,0.3896330583778205,False,negative,consistent_with_zero,,,,,unknown
Swift/BAT,sw00412982000bevshsp_uf.evt.gz,GRB100219A,2010-02-19T15:15:46.455360,154.2022917,-12.567,0.5099563969579578,20.276593118633507,0.0251500039466356,False,positive,consistent_with_zero,27.572,8.649852,13.292,6.213602,long
Swift/BAT,sw00413744000bevshsp_uf.evt.gz,,2010-02-24T00:24:16,299.7988,34.86217,-0.3269423457975704,27.216035774356165,0.0120128569975509,False,negative,consistent_with_zero,,,,,unknown
Swift/BAT,sw00035066025bevshsp_uf.evt.gz,,2010-03-25T00:33:01,84.729167,26.315833,3.2936268824561266,16.687837184159164,0.1973669113683937,False,positive,consistent_with_zero,,,,,unknown
Swift/BAT,sw00035066028bevshsp_uf.evt.gz,,2010-03-31T01:17:01,84.729167,26.315833,3.092899214071847,436.115662757682,0.0070919241801924,False,positive,consistent_with_zero,,,,,unknown
Swift/BAT,sw00414592000bevshsp_uf.evt.gz,GRB100302A,2010-03-02T19:53:06.422100,195.5167917,74.5900833,-2.653497040228744,18.75296188485742,0.1414974901842775,False,negative,consistent_with_zero,17.948,1.644021,11.628,2.65149,long
Swift/BAT,sw00414875000bevshsp_uf.evt.gz,,2010-03-04T23:14:00,268.6038,-26.33109,-4.839673888247003,31.38609985694581,0.1541980019915081,False,negative,consistent_with_zero,,,,,unknown
Swift/BAT,sw00414905000bevshsp_uf.evt.gz,GRB100305A,2010-03-05T09:05:38.414420,168.3675833,42.4027778,-0.1108658642342142,33.50812450069597,0.0033086263670743,False,negative,consistent_with_zero,75.616,10.40106,43.328,9.498429,long
Swift/BAT,sw00416076000bevshsp_uf.evt.gz,GRB100316A,2010-03-16T02:23:00.430180,251.978875,71.8263889,0.0552530562779667,65.7750356255237,0.0008400308073193,False,positive,consistent_with_zero,6.752,0.9518655,3.456,0.8454301,long
Swift/BAT,sw00416103000bevshsp_uf.evt.gz,GRB100316B,2010-03-16T08:01:36.973480,163.4880833,-45.4726944,-3.3722429710700523,20.156388845739368,0.1673039251662816,False,negative,consistent_with_zero,3.836,0.4258075,2.272,0.3423449,long
Swift/BAT,sw00416115000bevshsp_uf.evt.gz,GRB100316C,2010-03-16T08:57:59.501360,32.286875,-67.9912778,-0.9071887803580776,24.301571204407225,0.0373304578838735,False,negative,consistent_with_zero,9.268,1.869815,4.024,1.386755,long
Swift/BAT,sw00416135000bevshsp_uf.evt.gz,GRB100316D,2010-03-16T12:44:50.380880,107.6292,-56.25679,-33339.206002243525,30.46077489886985,1094.4963190506512,True,negative,significant_negative,521.88,439.6235,89.792,643.7908,long
Swift/BAT,sw00416140000bevshsp_uf.evt.gz,,2010-03-16T13:37:47.072,330.258258781808,-52.2027570953534,0.0368049283588019,280.229620033599,0.0001313384657709,False,positive,consistent_with_zero,,,,,unknown
Swift/BAT,sw00416226000bevshsp_uf.evt.gz,,2010-03-17T04:44:00,175.0587011447,-46.3142975362412,-20989.221729270488,28.613981885214013,733.5302654999043,True,negative,significant_negative,,,,,unknown
Swift/BAT,sw00416485000bevshsp_uf.evt.gz,,2010-03-19T18:34:56.319999,278.442050322277,-8.53721915515869,-2.1233955338790733,17.58777620838921,0.1207313254796949,False,negative,consistent_with_zero,,,,,unknown
Swift/BAT,sw00417420000bevshsp_uf.evt.gz,,2010-03-28T15:53:44,130.240085309801,-45.0280746858094,-40778.60400025634,28.181218150325297,1447.0135315916295,True,negative,significant_negative,,,,,unknown
Swift/BAT,sw00418178000bevshsp_uf.evt.gz,,2010-04-03T20:33:20,70.24712,44.52911,1.4438491092114,20.115104688972306,0.0717793484814901,False,positive,consistent_with_zero,,,,,unknown
Swift/BAT,sw00419015000bevshsp_uf.evt.gz,,2010-04-10T07:27:46.24,293.208,-34.392,-5.4093521314319215,766.5417213435564,0.0070568267594758,False,negative,consistent_with_zero,,,,,unknown
Swift/BAT,sw00419404000bevshsp_uf.evt.gz,GRB100413A,2010-04-13T17:33:28.376380,266.2215833,15.8338889,4.20799767913673,93.743687609824,0.0448883310058281,False,positive,consistent_with_zero,192.64,12.09429,99.324,6.446628,long
Swift/BAT,sw00419554000bevshsp_uf.evt.gz,,2010-04-15T20:25:36,65.6252094109186,-57.0894850579196,1.9371035159579413,58.10888466300353,0.0333357545441109,False,positive,consistent_with_zero,,,,,unknown
Swift/BAT,sw00419797000bevshsp_uf.evt.gz,GRB100418A,2010-04-18T21:10:08.040780,256.3622917,11.4615833,-10.333507548833149,34.70707056404211,0.2977349393336315,False,negative,consistent_with_zero,7.928,1.07808,4.152,1.272088,long
Swift/BAT,sw00419932000bevshsp_uf.evt.gz,GRB100420A,2010-04-20T05:22:42.276700,296.127,55.7695,-13.583207370919563,28.98770895238692,0.4685850611109123,False,negative,consistent_with_zero,62.98,17.51882,21.104,22.40902,long
Swift/BAT,sw00420247000bevshsp_uf.evt.gz,GRB100423A,2010-04-23T00:34:59.164220,136.477016071933,21.4794761790139,10.75285719163602,137.4919473886309,0.0782071779174259,False,positive,consistent_with_zero,78.868,4.157884,39.26,2.26824,long
Swift/BAT,sw00420256000bevshsp_uf.evt.gz,,2010-04-23T02:44:08,271.841486050591,27.1718850726204,-9.804598925565076,42.002458979701096,0.233429164952067,False,negative,consistent_with_zero,,,,,unknown
Swift/BAT,sw00420367000bevshsp_uf.evt.gz,GRB100424A,2010-04-24T16:32:42.263180,209.4477917,1.5383889,45384.77179181926,43.571209975983614,1041.6229390194874,True,positive,significant_positive,104.0,14.56022,44.0,8.944272,long
Swift/BAT,sw00420398000bevshsp_uf.evt.gz,GRB100425A,2010-04-25T02:50:45.077880,299.1965,-26.4300833,-1.551951057575835,49.698345496910086,0.0312274189826364,False,negative,consistent_with_zero,38.968,2.313897,21.052,17.40176,long
Swift/BAT,sw00421072000bevshsp_uf.evt.gz,,2010-05-04T07:28:40,98.2463673293655,9.16544017558485,-3.748365333312555,18.15630186604521,0.2064498244723786,False,negative,consistent_with_zero,,,,,unknown
Swift/BAT,sw00421124000bevshsp_uf.evt.gz,GRB100504A,2010-05-04T19:20:59.512540,255.5710833,-35.587,1.6222659059706106,61.7659180736053,0.0262647420546293,False,positive,consistent_with_zero,97.004,8.304781,15.964,3.880177,long
Swift/BAT,sw00421262000bevshsp_uf.evt.gz,,2010-05-06T14:37:50.399999,280.33083121338,-4.92113449915016,-1.0879501733944443,17.33090115893424,0.0627751646274663,False,negative,consistent_with_zero,,,,,unknown
Swift/BAT,sw00421386000bevshsp_uf.evt.gz,GRB100508A,2010-05-08T09:20:42.221700,76.2465833,-20.7112778,3.5520259973154467,22.298265408616817,0.1592960677534505,False,positive,consistent_with_zero,49.26,7.429631,21.788,10.83645,long
Swift/BAT,sw00421695000bevshsp_uf.evt.gz,,2010-05-11T11:50:44.8,280.611745486353,18.3279540117136,-2.483661516543985,18.053663383081588,0.1375710549068655,False,negative,consistent_with_zero,,,,,unknown
Swift/BAT,sw00421814000bevshsp_uf.evt.gz,GRB100513A,2010-05-13T02:07:08.767460,169.6117917,3.6271944,-2.264203534797435,24.054819944302963,0.0941268128400054,False,negative,consistent_with_zero,83.496,21.62838,30.984,5.792261,long
Swift/BAT,sw00421962000bevshsp_uf.evt.gz,GRB100514A,2010-05-14T18:53:58.170320,328.822375,29.16,-5.60131801007948,30.961594848385506,0.1809118050122525,False,negative,consistent_with_zero,23.016,6.614585,8.736,5.687857,long
Swift/BAT,sw00422437000bevshsp_uf.evt.gz,,2010-05-18T06:18:26.56,311.161938515683,40.1699494620105,-3.261806186503681,468.8666648522301,0.0069567884241283,False,negative,consistent_with_zero,,,,,unknown
Swift/BAT,sw00422783000bevshsp_uf.evt.gz,GRB100522A,2010-05-22T03:45:52.323860,6.9865833,9.4022778,14.774822829044917,65.01188425345032,0.2272634149695604,False,positive,consistent_with_zero,48.0,16.0,16.0,16.0,long
Swift/BAT,sw00423181000bevshsp_uf.evt.gz,GRB100526A,2010-05-26T16:26:10.166000,230.7686667,25.6325833,-3.8913282526900304,16.39805551271791,0.2373042492551642,False,negative,consistent_with_zero,97.6,8.475306,70.684,14.7374,long
Swift/BAT,sw00423184000bevshsp_uf.evt.gz,GRB100526B,2010-05-26T19:00:38.517680,0.7355,-37.9118889,5.350556166188984,17.072305570308266,0.3134055997389444,False,positive,consistent_with_zero,67.0,15.26434,29.0,11.31371,long
Swift/BAT,sw00423958000bevshsp_uf.evt.gz,,2010-06-05T17:23:36,280.266527698273,-5.61501892311769,0.750844179562216,21.357237442341223,0.0351564279598095,False,positive,consistent_with_zero,,,,,unknown
Swift/BAT,sw00424031000bevshsp_uf.evt.gz,GRB100606A,2010-06-06T19:12:41.811980,350.627,-66.2410833,6.741548996056976,135.00431794860086,0.0499358027839052,False,positive,consistent_with_zero,67.384,6.314252,33.008,2.461077,long
Swift/BAT,sw00424040000bevshsp_uf.evt.gz,,2010-06-06T21:58:41.984,178.251592004387,22.332343507047,1.5092256156964154,699.4932144189531,0.0021575986508319,False,positive,consistent_with_zero,,,,,unknown
Swift/BAT,sw00424161000bevshsp_uf.evt.gz,,2010-06-08T11:20:48,296.4125,27.36408,-1.0773109326017347,570.220579023161,0.0018892880619062,False,negative,consistent_with_zero,,,,,unknown
Swift/BAT,sw00424716000bevshsp_uf.evt.gz,GRB100614A,2010-06-14T21:38:26.107200,263.500875,49.2345833,-11.155330799866752,37.27240043494591,0.2992919873603772,False,negative,consistent_with_zero,225.0,55.7315,79.0,20.61553,long
Swift/BAT,sw00424733000bevshsp_uf.evt.gz,GRB100615A,2010-06-15T01:59:03.994640,177.204875,-19.4805833,17.493131739627085,188.61123729539767,0.092747028175367,False,positive,consistent_with_zero,38.82,0.816637,23.436,1.454439,long
Swift/BAT,sw00424998000bevshsp_uf.evt.gz,GRB100619A,2010-06-19T00:21:07.246620,84.6225833,-27.0047778,-0.3559484552722958,102.06520647226642,0.0034874612767183,False,negative,consistent_with_zero,97.7,1.624148,81.592,0.4299582,long
Swift/BAT,sw00425002000bevshsp_uf.evt.gz,,2010-06-19T01:30:40,296.418784311701,27.338022347786,8.72460589113443,20.17070018327612,0.4325385738650834,False,positive,consistent_with_zero,,,,,unknown
Swift/BAT,sw00425151000bevshsp_uf.evt.gz,GRB100621A,2010-06-21T03:03:32.840140,315.305,-51.1061944,646.127957112587,860.4568696817043,0.7509126603307835,False,positive,consistent_with_zero,63.552,1.70755,25.76,0.703659,long
Swift/BAT,sw00425647000bevshsp_uf.evt.gz,GRB100625A,2010-06-25T18:32:28.377940,15.7955833,-39.0881944,6.791001962154882,18.89109283402726,0.3594816891653142,False,positive,consistent_with_zero,0.332,0.03687817,0.168,0.0178885,short
Swift/BAT,sw00426048000bevshsp_uf.evt.gz,,2010-06-27T13:47:30.751999,58.3947376445118,0.916895839175858,-2.8431064642702784,425.5234224947239,0.0066814335333222,False,negative,consistent_with_zero,,,,,unknown
Swift/BAT,sw00426114000bevshsp_uf.evt.gz,GRB100628A,2010-06-28T08:16:40.830060,225.967631752,-31.6607579182113,-10.735618957014063,20.45174100323447,0.5249244529018929,False,negative,consistent_with_zero,0.03599995,0.00894429,0.01999992,0.005656866,short
Swift/BAT,sw00426405000bevshsp_uf.evt.gz,,2010-07-01T14:55:46.688,258.1523,-37.64532,-14.646660077329509,24.64006947726283,0.594424463406852,False,negative,consistent_with_zero,,,,,unknown
Swift/BAT,sw00426438000bevshsp_uf.evt.gz,GRB100702A,2010-07-02T01:03:47.206620,245.6967917,-56.5315,8.272352814928391,20.52825281941325,0.4029740323105021,False,positive,consistent_with_zero,0.512,0.1431084,0.06400001,0.06400001,short
Swift/BAT,sw00426722000bevshsp_uf.evt.gz,GRB100704A,2010-07-04T03:35:08.736120,133.640875,-24.2026944,2.277650055149548,89.12918752970191,0.025554480168357,False,positive,consistent_with_zero,196.88,23.38201,147.768,2.150293,long
Swift/BAT,sw00429357000bevshsp_uf.evt.gz,GRB100719A,2010-07-19T03:30:57.937820,112.263004490575,-5.83709688030733,2.903444190073504,20.44827187666511,0.1419897098192839,False,positive,consistent_with_zero,36.0,9.219544,13.0,8.246211,long
Swift/BAT,sw00429868000bevshsp_uf.evt.gz,GRB100724A,2010-07-24T00:42:19.202780,194.5434583,-11.1028889,-2.3599005246911404,63.82592507238768,0.0369740120807442,False,negative,consistent_with_zero,1.388,0.1557947,0.676,0.2023857,short
Swift/BAT,sw00429954000bevshsp_uf.evt.gz,GRB100725A,2010-07-25T07:12:52.414860,166.4815,-26.6702778,0.6592582755196507,37.924650839448304,0.0173833709982085,False,positive,consistent_with_zero,123.24,27.15305,53.424,9.747472,long
Swift/BAT,sw00429969000bevshsp_uf.evt.gz,GRB100725B,2010-07-25T11:24:34.494340,290.0327917,76.9565,5.638923431740703,99.8482360145648,0.0564749429415874,False,positive,consistent_with_zero,173.696,20.15702,72.884,12.57051,long
Swift/BAT,sw00430094000bevshsp_uf.evt.gz,GRB100727A,2010-07-27T05:42:17.784900,154.1772917,-21.3901944,12.686456291466,44.33669867032752,0.2861389474619691,False,positive,consistent_with_zero,71.9,13.01826,12.444,18.76522,long
Swift/BAT,sw00430151000bevshsp_uf.evt.gz,GRB100728A,2010-07-28T02:18:24.246260,88.758875,-15.2553889,9.659610413752745,347.6001550871269,0.0277894306788543,False,positive,consistent_with_zero,193.384,10.57069,72.628,1.017133,long
Swift/BAT,sw00430172000bevshsp_uf.evt.gz,GRB100728B,2010-07-28T10:31:55.829200,44.0560833,0.2810833,-0.409267774692991,37.824059999535145,0.0108203025983466,False,negative,consistent_with_zero,12.08,2.736327,4.24,1.327156,long
Swift/BAT,sw00430603000bevshsp_uf.evt.gz,GRB100802A,2010-08-02T05:45:36.166420,2.467351,47.75452,1.0775678962910424,41.24460160202465,0.0261262772444417,False,positive,consistent_with_zero,487.34,26.41849,355.988,33.13351,long
Swift/BAT,sw00430957000bevshsp_uf.evt.gz,GRB100805A,2010-08-05T04:12:42.269380,299.8771667,52.6277778,127859.15194131088,30.39294074181499,4206.87004352299,True,positive,significant_positive,16.736,3.068941,8.728,1.884985,long
Swift/BAT,sw00430975000bevshsp_uf.evt.gz,,2010-08-05T07:55:04,56.5816063485689,-3.69402978975897,4.540639312955162,25.175585819597263,0.1803588343680416,False,positive,consistent_with_zero,,,,,unknown
Swift/BAT,sw00431128000bevshsp_uf.evt.gz,GRB100807A,2010-08-07T09:13:13.622520,55.301375,67.6717778,12.343641743557589,17.085928844473173,0.7224448758927388,False,positive,consistent_with_zero,7.744,1.438221,2.752,1.117712,long
Swift/BAT,sw00431454000bevshsp_uf.evt.gz,,2010-08-12T00:35:04,195.3254,-61.60194,118975.76180721977,30.70705971155172,3874.540998872065,True,positive,significant_positive,,,,,unknown
Swift/BAT,sw00431582000bevshsp_uf.evt.gz,,2010-08-13T21:03:36,266.818168771101,-28.1946652116778,4.092265619549496,65.36657948420137,0.0626048609525081,False,positive,consistent_with_zero,,,,,unknown
Swift/BAT,sw00431605000bevshsp_uf.evt.gz,GRB100814A,2010-08-14T03:50:11.265420,22.472375,-17.9962778,-0.4563052815674145,133.6303404518642,0.0034146832225708,False,negative,consistent_with_zero,177.264,10.80321,95.012,5.526511,long
Swift/BAT,sw00431711000bevshsp_uf.evt.gz,,2010-08-15T09:03:20,195.319846638631,-61.6089890129573,-20.04459126774035,70.58174820112208,0.2839911418830752,False,negative,consistent_with_zero,,,,,unknown
Swift/BAT,sw00431756000bevshsp_uf.evt.gz,,2010-08-15T21:48:48,83.7336512221682,22.461287967913,-3.540654322687351,430.6121310968848,0.0082223747706975,False,negative,consistent_with_zero,,,,,unknown
Swift/BAT,sw00431757000bevshsp_uf.evt.gz,,2010-08-15T21:55:36,83.6906869001299,22.5408449760363,-1.5767495994474254,757.7435014127058,0.0020808487258654,False,negative,consistent_with_zero,,,,,unknown
Swift/BAT,sw00431758000bevshsp_uf.evt.gz,,2010-08-15T22:06:56,194.0235,-60.81383,-1.3370118788425776,51.28551566619621,0.0260699704677794,False,negative,consistent_with_zero,,,,,unknown
Swift/BAT,sw00431759000bevshsp_uf.evt.gz,,2010-08-15T22:13:44,194.023928666669,-60.8980560901976,2.163345889910133,17.173799951304677,0.1259678053805317,False,positive,consistent_with_zero,,,,,unknown
Swift/BAT,sw00431760000bevshsp_uf.evt.gz,,2010-08-15T22:23:28,300.3748,34.01375,-2.1174304730944518,457.7506162653322,0.0046257293772098,False,negative,consistent_with_zero,,,,,unknown
Swift/BAT,sw00431762000bevshsp_uf.evt.gz,,2010-08-15T22:40:16,244.0941,-13.82895,80509.04019545414,30.07078774974391,2677.317297620172,True,positive,significant_positive,,,,,unknown
Swift/BAT,sw00431763000bevshsp_uf.evt.gz,,2010-08-15T22:48:32,310.822131545336,38.463187952484,-2.3931371484354664,393.58163206023096,0.0060804086204643,False,negative,consistent_with_zero,,,,,unknown
Swift/BAT,sw00431764000bevshsp_uf.evt.gz,GRB100816A,2010-08-16T00:37:51.355600,351.7397917,26.5785833,-11774.58203295466,505.1110556678248,23.31087767894345,True,negative,significant_negative,2.884,0.6251399,1.024,0.06881861,long
Swift/BAT,sw00432420000bevshsp_uf.evt.gz,GRB100823A,2010-08-23T17:25:35.715620,20.7042917,5.8348889,9.848699412747823,28.98004275537892,0.3398441988468022,False,positive,consistent_with_zero,17.736,3.101682,7.952,1.629416,long
Swift/BAT,sw00432983000bevshsp_uf.evt.gz,,2010-08-30T23:34:24,186.6564,-62.7711,-10840.414973240027,33.25020052597016,326.0255517789462,True,negative,significant_negative,,,,,unknown
Swift/BAT,sw00433065000bevshsp_uf.evt.gz,GRB100901A,2010-09-01T13:34:10.376100,27.2640833,22.7585833,6.828503912114515,27.333402070611548,0.2498226856091367,False,positive,consistent_with_zero,436.656,21.78751,198.156,192.6546,long
Swift/BAT,sw00433160000bevshsp_uf.evt.gz,GRB100902A,2010-09-02T19:31:53.860200,48.6292917,30.9789722,-14.836893784624046,46.27646881044803,0.320614216382782,False,negative,consistent_with_zero,428.828,47.27381,75.156,13.42492,long
Swift/BAT,sw00433273000bevshsp_uf.evt.gz,GRB100904A,2010-09-04T01:33:43.808300,172.918812328497,-16.208937006196,-2.7383199648048304,17.549454589643847,0.1560344767877143,False,negative,consistent_with_zero,31.248,5.963092,11.584,3.786561,long
Swift/BAT,sw00433442000bevshsp_uf.evt.gz,GRB100905A,2010-09-05T15:08:14.715440,31.5502917,14.9300833,-7.230152720331449,18.893662667131675,0.3826760775669701,False,negative,consistent_with_zero,3.396,0.5036983,1.592,0.4803374,long
Swift/BAT,sw00433509000bevshsp_uf.evt.gz,GRB100906A,2010-09-06T13:49:27.416480,28.6837917,55.6303889,5.497826713360364,202.7230496773268,0.0271198895345705,False,positive,consistent_with_zero,114.632,1.455676,60.884,9.626514,long
Swift/BAT,sw00433953000bevshsp_uf.evt.gz,,2010-09-12T04:49:12,42.6433059044479,-2.20043626314446,-6.974824071624534,17.79146820683992,0.3920319554595874,False,negative,consistent_with_zero,,,,,unknown
Swift/BAT,sw00434178000bevshsp_uf.evt.gz,GRB100915A,2010-09-15T01:31:05.822060,315.6945,65.6730833,-5.059365319789968,22.41316263273921,0.2257318791949371,False,negative,consistent_with_zero,199.196,26.18867,74.7,44.73189,long
Swift/BAT,sw00434360000bevshsp_uf.evt.gz,GRB100917A,2010-09-17T05:03:25.783360,289.264654463964,-17.1044750247871,-3.88584712553781,36.87506654583759,0.1053787149294362,False,negative,consistent_with_zero,63.816,21.55596,19.096,8.080338,long
Swift/BAT,sw00434843000bevshsp_uf.evt.gz,GRB100924A,2010-09-24T03:58:08.897460,0.671341527158533,7.01503025438085,8.523517945236096,99.78233275973592,0.0854211132321362,False,positive,consistent_with_zero,71.948,4.009638,20.472,1.385756,long
Swift/BAT,sw00434928000bevshsp_uf.evt.gz,,2010-09-25T08:05:12,254.7603,-15.25768,0.4430292495855387,801.0548233719433,0.0005530573397219,False,positive,consistent_with_zero,,,,,unknown
Swift/BAT,sw00434931000bevshsp_uf.evt.gz,,2010-09-25T09:47:20,254.739181031072,-15.1913348712606,-2.5536930354769427,39.092590682793926,0.0653242210575958,False,negative,consistent_with_zero,,,,,unknown
Swift/BAT,sw00435160000bevshsp_uf.evt.gz,GRB100928A,2010-09-28T02:19:52.757060,223.036447846036,-28.5612167730146,-6768.912568136448,29.51813838916993,229.31366737612183,True,negative,significant_negative,4.16,1.016094,1.92,0.7540822,long
Swift/BAT,sw00435520000bevshsp_uf.evt.gz,,2010-10-03T09:18:08,300.937293331406,32.3863283392225,0.1019892013658986,18.73379247506157,0.0054441299860488,False,positive,consistent_with_zero,,,,,unknown
Swift/BAT,sw00435903000bevshsp_uf.evt.gz,GRB101008A,2010-10-08T16:43:15.219700,328.8745,37.066,3.011448205111013,15.573023399662167,0.1933759506953763,False,positive,consistent_with_zero,103.504,34.04068,44.208,21.44342,long
Swift/BAT,sw00436094000bevshsp_uf.evt.gz,GRB101011A,2010-10-11T16:58:35.338240,48.295875,-65.9818889,2.729380307026998,39.19123413480719,0.0696426220628488,False,positive,consistent_with_zero,70.892,18.6436,28.908,5.090166,long
Swift/BAT,sw00436241000bevshsp_uf.evt.gz,,2010-10-13T19:27:28,267.030326569459,-24.8057853290476,-1.4237012298753655,691.9264132692505,0.002057590522016,False,negative,consistent_with_zero,,,,,unknown
Swift/BAT,sw00436429000bevshsp_uf.evt.gz,GRB101017A,2010-10-17T10:32:47.416220,291.3855833,-35.1446944,3.2417554160381257,100.68864845676651,0.0321958380187222,False,positive,consistent_with_zero,72.232,3.660016,20.448,0.5170068,long
Swift/BAT,sw00436737000bevshsp_uf.evt.gz,GRB101020A,2010-10-20T23:40:41.709060,189.566423306271,23.1609361221947,7.70481616969795,344.56001594270134,0.0223613182412297,False,positive,consistent_with_zero,172.336,29.2958,72.336,18.41508,long
Swift/BAT,sw00436981000bevshsp_uf.evt.gz,GRB101023A,2010-10-23T22:50:12.387740,317.9705,-65.38594,27.80344879150896,464.26542646254256,0.0598869681151072,False,positive,consistent_with_zero,80.824,2.112837,15.1,1.07808,long
Swift/BAT,sw00437016000bevshsp_uf.evt.gz,GRB101024A,2010-10-24T11:39:29.826060,66.5070833,-77.2655,8.357910101376307,53.76490365560867,0.1554528983240244,False,positive,consistent_with_zero,18.692,0.5153795,8.832,4.801677,long
Swift/BAT,sw00437313000bevshsp_uf.evt.gz,,2010-10-28T22:35:28,267.0211,-24.78094,-37697.996092703135,17.523547741181464,2151.276479483114,True,negative,significant_negative,,,,,unknown
Swift/BAT,sw00437408000bevshsp_uf.evt.gz,GRB101030A,2010-10-30T15:56:29.902620,166.382375,-16.3780833,10.812793925884105,42.69934840965378,0.2532308882596313,False,positive,consistent_with_zero,98.672,7.122446,66.384,1.815423,long
Swift/BAT,sw00437466000bevshsp_uf.evt.gz,,2010-10-31T09:52:08,267.0214,-24.78156,-5.071527179531966,18.6969312032518,0.2712491758353327,False,negative,consistent_with_zero,,,,,unknown
Swift/BAT,sw00438675000bevshsp_uf.evt.gz,GRB101117B,2010-11-17T19:13:23.925160,173.0031667,-72.6626944,9.50049952716476,32.62597400942122,0.291194357122376,False,positive,consistent_with_zero,5.172,1.691584,1.892,0.1612451,long
Swift/BAT,sw00439550000bevshsp_uf.evt.gz,,2010-11-30T15:35:36,211.975325090801,-61.9882963739414,42051.61376416776,23.945864400416504,1756.1117469384956,True,positive,significant_positive,,,,,unknown
Swift/BAT,sw00440285000bevshsp_uf.evt.gz,GRB101213A,2010-12-13T10:49:23.075680,241.3135833,21.8970833,-0.5831000727716443,53.87242084548978,0.0108237213702354,False,negative,consistent_with_zero,131.12,41.95895,34.016,4.859603,long
Swift/BAT,sw00440606000bevshsp_uf.evt.gz,GRB101219A,2010-12-19T02:31:29.757600,74.5861667,-2.5383889,11.471595590028056,13.645621872369668,0.8406795745422431,False,positive,consistent_with_zero,0.8279999,0.1803996,0.4119999,0.0304631,short
Swift/BAT,sw00440635000bevshsp_uf.evt.gz,GRB101219B,2010-12-19T16:27:53.519740,12.2305833,-34.5663889,-2.308604880907618,61.61408331980832,0.0374687856496182,False,negative,consistent_with_zero,41.856,5.839452,24.64,9.948038,long
Swift/BAT,sw00440955000bevshsp_uf.evt.gz,GRB101224A,2010-12-24T05:27:13.761240,285.926038610832,45.7154744502681,0.5711326063167046,22.14391876601009,0.0257918488751578,False,positive,consistent_with_zero,0.244,0.04252059,0.136,0.03394111,short
Swift/BAT,sw00441015000bevshsp_uf.evt.gz,GRB101225A,2010-12-25T18:37:45.500280,0.1992332,44.60172,6.261473032487034,47.70091030722696,0.1312652733911953,False,positive,consistent_with_zero,,,,,unknown
Swift/BAT,sw00059015001bevshsp_uf.evt.gz,,2011-01-14T19:22:01,116.053333,22.141667,2.17444965253034,18.54282074465721,0.1172663901826732,False,positive,consistent_with_zero,,,,,unknown
Swift/BAT,sw00059016001bevshsp_uf.evt.gz,,2011-01-23T15:18:01,124.46,0.866667,-2.2518065815739163,19.71824605511943,0.1141991318740685,False,negative,consistent_with_zero,,,,,unknown
Swift/BAT,sw00441454000bevshsp_uf.evt.gz,GRB110102A,2011-01-02T18:52:25.474700,245.881,7.6138889,6.021590415171095,333.68762896105426,0.0180455908237278,False,positive,consistent_with_zero,265.916,6.702153,81.196,2.318903,long
Swift/BAT,sw00441664000bevshsp_uf.evt.gz,GRB110106A,2011-01-06T15:25:16.214380,79.3075,64.1738889,2.339961775655798,21.63530274648039,0.1081547969573229,False,positive,consistent_with_zero,3.0,1.414214,1.0,1.0,long
Swift/BAT,sw00441676000bevshsp_uf.evt.gz,GRB110106B,2011-01-06T21:26:17.013580,134.1545,47.003,-3.2955346956838745,26.617090673770225,0.1238127313039307,False,negative,consistent_with_zero,43.424,16.59487,14.848,1.321914,long
Swift/BAT,sw00442039000bevshsp_uf.evt.gz,GRB110112A,2011-01-12T04:12:18.468660,329.932875,26.4562778,22009.67582918541,19.919217618786018,1104.946803152944,True,positive,significant_positive,0.524,0.147187,0.22,0.1720465,short
Swift/BAT,sw00442539000bevshsp_uf.evt.gz,,2011-01-16T12:04:32,204.936033689988,55.1603544922193,0.5220345039232551,18.85031954964386,0.0276936686695647,False,positive,consistent_with_zero,,,,,unknown
Swift/BAT,sw00442771000bevshsp_uf.evt.gz,,2011-01-18T17:31:59.231999,2.37186525275243,-41.0928976101438,-0.8184930837675256,233.71983949827649,0.0035020265524936,False,negative,consistent_with_zero,,,,,unknown
Swift/BAT,sw00442978000bevshsp_uf.evt.gz,GRB110119A,2011-01-19T22:20:58.379640,348.5857917,5.9861944,-2.8612969596042634,120.39070960830333,0.0237667588214541,False,negative,consistent_with_zero,213.928,10.21124,130.032,20.34029,long
Swift/BAT,sw00443861000bevshsp_uf.evt.gz,GRB110128A,2011-01-28T01:44:33.009360,193.895875,28.0655,4.159037010758571,19.83907758575436,0.2096386282467591,False,positive,consistent_with_zero,14.152,2.489704,7.036,2.0786,long
Swift/BAT,sw00444230000bevshsp_uf.evt.gz,GRB110201A,2011-02-01T09:35:08.899340,137.5800833,88.6053889,4.012011733286955,36.568664072299306,0.1097117391369526,False,positive,consistent_with_zero,14.092,2.195577,6.26,0.7556189,long
Swift/BAT,sw00444643000bevshsp_uf.evt.gz,GRB110205A,2011-02-05T02:02:41.367420,164.6295833,67.5252778,1.4692371669168676,176.06200342421246,0.0083449985706275,False,positive,consistent_with_zero,249.416,15.03472,103.428,6.254247,long
Swift/BAT,sw00444912000bevshsp_uf.evt.gz,GRB110207A,2011-02-07T11:17:20.015680,12.5424372427686,-10.8057018983402,6.425918637327237,41.42389648382558,0.1551258858479502,False,positive,consistent_with_zero,82.58,10.83043,28.368,8.390661,long
Swift/BAT,sw00445033000bevshsp_uf.evt.gz,,2011-02-08T19:17:34.079999,280.305974394139,-4.9519952841751,1.2071143141619307,547.8264015640588,0.0022034613715505,False,positive,consistent_with_zero,,,,,unknown
Swift/BAT,sw00445038000bevshsp_uf.evt.gz,GRB110208A,2011-02-08T21:10:46.347120,22.4624583,-20.5926944,0.1909618908270907,25.085234671921054,0.0076125216018346,False,positive,consistent_with_zero,15.984,3.872198,6.592,3.288039,long
Swift/BAT,sw00445141000bevshsp_uf.evt.gz,GRB110210A,2011-02-10T09:52:41.350180,13.0564583,7.7792778,-1.7013918922124025,32.62185574597212,0.052154969522924,False,negative,consistent_with_zero,192.888,42.10384,101.912,38.38929,long
Swift/BAT,sw00445321000bevshsp_uf.evt.gz,GRB110212A,2011-02-12T01:09:08.736900,69.05298334334,43.7024727760153,3.878677332789512,22.900588705418787,0.1693702019054091,False,positive,consistent_with_zero,3.7,0.4992955,1.868,0.4256196,long
Swift/BAT,sw00445414000bevshsp_uf.evt.gz,GRB110213A,2011-02-13T05:17:29.533120,42.9640833,49.2731944,-3.2825710679172286,23.53213891835688,0.1394931025737133,False,negative,consistent_with_zero,48.0,16.0,16.0,16.0,long
Swift/BAT,sw00445776000bevshsp_uf.evt.gz,,2011-02-18T07:11:46.879999,280.306214267364,-4.8989572973428,-0.8072561394760399,50.00778742887596,0.0161426086011937,False,negative,consistent_with_zero,,,,,unknown
Swift/BAT,sw00446475000bevshsp_uf.evt.gz,,2011-02-22T07:21:44,264.7968,-30.34504,-1.2886326816490246,68.71508097111533,0.0187532731306931,False,negative,consistent_with_zero,,,,,unknown
Swift/BAT,sw00446674000bevshsp_uf.evt.gz,GRB110223A,2011-02-23T20:56:59.226720,345.8575,87.5570833,1.584680646538002,48.009518693085646,0.0330076345207399,False,positive,consistent_with_zero,7.0,2.236068,4.0,2.0,long
Swift/BAT,sw00446677000bevshsp_uf.evt.gz,GRB110223B,2011-02-23T21:25:48.058660,150.2340833,-68.3017778,3.337762448645276,22.106734384176526,0.1509839667243827,False,positive,consistent_with_zero,61.448,11.0534,29.944,8.653945,long
Swift/BAT,sw00448229000bevshsp_uf.evt.gz,GRB110305A,2011-03-05T06:38:01.212340,260.8805833,-15.8022778,-235262.7160992885,61.901676040718414,3800.587175451188,True,negative,significant_negative,12.0,2.236068,6.0,1.0,long
Swift/BAT,sw00449074000bevshsp_uf.evt.gz,GRB110312A,2011-03-12T17:55:37.252060,157.4815833,-5.2627778,4.516749374578181,48.13297627341692,0.0938389795162679,False,positive,consistent_with_zero,35.136,7.781077,14.672,4.839788,long
Swift/BAT,sw00449399000bevshsp_uf.evt.gz,GRB110315A,2011-03-15T23:57:04.537480,279.1929,17.53882,-2.7770693158361657,73.33633626151719,0.0378675763939603,False,negative,consistent_with_zero,87.676,11.82677,32.584,2.156924,long
Swift/BAT,sw00449542000bevshsp_uf.evt.gz,GRB110318A,2011-03-18T13:14:19.601160,338.274381831747,-15.2822115542523,7.100665682465994,126.49295016129022,0.0561348729190993,False,positive,consistent_with_zero,15.96,1.696085,4.924,0.2952964,long
Swift/BAT,sw00449549000bevshsp_uf.evt.gz,GRB110318B,2011-03-18T15:27:09.712860,211.6785,-51.579,1.0994294791238532,20.310970033949975,0.0541298361075884,False,positive,consistent_with_zero,4.788,0.5648362,2.176,0.6642078,long
Swift/BAT,sw00449578000bevshsp_uf.evt.gz,GRB110319A,2011-03-19T02:16:41.615380,356.502,-66.0109722,7.080994988847534,81.09105258603702,0.0873215325616183,False,positive,consistent_with_zero,20.68,1.604414,10.372,0.404475,long
Swift/BAT,sw00449907000bevshsp_uf.evt.gz,,2011-03-24T01:57:04,268.6038,-26.33203,16.30178114618617,23.15142494894766,0.7041372693963341,False,positive,consistent_with_zero,,,,,unknown
Swift/BAT,sw00450158000bevshsp_uf.evt.gz,,2011-03-28T12:57:52,251.2055,57.58086,-4.19891701475597,185.84942842706235,0.0225931123398846,False,negative,consistent_with_zero,,,,,unknown
Swift/BAT,sw00450161000bevshsp_uf.evt.gz,,2011-03-28T13:40:48,251.202695413514,57.5802279948333,-1.0259872589033263,438.98166056985343,0.002337198455105,False,negative,consistent_with_zero,,,,,unknown
Swift/BAT,sw00450257000bevshsp_uf.evt.gz,,2011-03-29T18:26:32,251.176833685378,57.5944608348539,-3.844904571022416,19.080457900789657,0.2015100785848169,False,negative,consistent_with_zero,,,,,unknown
Swift/BAT,sw00450258000bevshsp_uf.evt.gz,,2011-03-29T19:57:52,251.190490184172,57.5925768056547,5.658554804551919,15.44374015532716,0.3663979546172342,False,positive,consistent_with_zero,,,,,unknown
Swift/BAT,sw00450545000bevshsp_uf.evt.gz,GRB110402A,2011-04-02T00:12:57.186040,197.401875,61.2525833,2.6605005549346727,18.728714099722666,0.1420546301667379,False,positive,consistent_with_zero,56.208,5.08058,30.576,5.554098,long
Swift/BAT,sw00450610000bevshsp_uf.evt.gz,,2011-04-03T02:38:16,176.933978402834,-61.9453606209619,5.470857542172992,25.09378978253804,0.2180163932822927,False,positive,consistent_with_zero,,,,,unknown
Swift/BAT,sw00450884000bevshsp_uf.evt.gz,GRB110407A,2011-04-07T14:06:41.167860,186.030875,15.7117778,-1.6914467991960966,30.02555013633785,0.0563335822829456,False,negative,consistent_with_zero,155.568,21.16662,71.636,21.06093,long
Swift/BAT,sw00451165000bevshsp_uf.evt.gz,GRB110411A,2011-04-11T19:34:11.842080,291.442,67.7115,-0.2365633025546402,76.74134455670837,0.0030826056530691,False,negative,consistent_with_zero,79.4,5.250351,51.548,2.483663,long
Swift/BAT,sw00451191000bevshsp_uf.evt.gz,GRB110412A,2011-04-12T07:33:21.152460,133.491854211323,13.5166846952985,1089.107298469772,36.968037262610686,29.460782316709317,True,positive,significant_positive,24.0,4.483256,8.96,1.839165,long
Swift/BAT,sw00451343000bevshsp_uf.evt.gz,GRB110414A,2011-04-14T07:42:14.521920,97.8725833,24.3623889,-1.2480850552831888,31.64804463278677,0.0394364034102187,False,negative,consistent_with_zero,153.116,68.9858,31.136,6.25309,long
Swift/BAT,sw00451757000bevshsp_uf.evt.gz,GRB110420A,2011-04-20T11:02:24.037860,2.1635833,-37.8865833,-8.73124165279157,78.46464696152736,0.1112761223162408,False,negative,consistent_with_zero,13.868,1.302564,4.728,0.4048506,long
Swift/BAT,sw00451794000bevshsp_uf.evt.gz,GRB110420B,2011-04-20T22:42:11.716260,320.049201406344,-41.2645076280927,1.6262875184184094,14.863103062193892,0.1094177650261383,False,positive,consistent_with_zero,0.08399993,0.02154065,0.0399999,0.01649246,short
Swift/BAT,sw00451901000bevshsp_uf.evt.gz,GRB110422A,2011-04-22T15:41:55.870640,112.051375,75.1076944,18.068590858670987,276.1840377931412,0.0654222850931166,False,positive,consistent_with_zero,25.784,0.5954494,10.932,0.1997198,long
Swift/BAT,sw00452685000bevshsp_uf.evt.gz,GRB110503A,2011-05-03T17:35:45.530200,132.775875,52.2076944,1.7366986097288073,90.1664918502904,0.0192610200761982,False,positive,consistent_with_zero,58.7,47.0071,3.912,0.5405923,long
Swift/BAT,sw00453628000bevshsp_uf.evt.gz,GRB110519A,2011-05-19T02:12:16.711700,261.628977846193,-23.4083422668494,-15.71534855106941,125.78301222021466,0.1249401510877777,False,negative,consistent_with_zero,27.184,2.980856,10.136,0.6376959,long
Swift/BAT,sw00453747000bevshsp_uf.evt.gz,GRB110520A,2011-05-20T20:28:48.193920,134.3402917,56.4268889,-3.859363387701723,53.95778820754524,0.0715256039194365,False,negative,consistent_with_zero,20.864,5.367231,8.96,1.517219,long
Swift/BAT,sw00453788000bevshsp_uf.evt.gz,GRB110521A,2011-05-21T15:51:31.455260,120.1325833,45.8262778,8.317952166364977,25.47217532475464,0.32655052269059,False,positive,consistent_with_zero,96.0,49.0408,35.0,43.10452,long
Swift/BAT,sw00454473000bevshsp_uf.evt.gz,GRB110530A,2011-05-30T15:31:02.689700,282.0680833,61.9291944,-5.998886794590368,17.457138286629064,0.3436351764014547,False,negative,consistent_with_zero,55.728,12.53004,26.544,12.23323,long
Swift/BAT,sw00455155000bevshsp_uf.evt.gz,GRB110610A,2011-06-10T15:21:32.029260,308.1772917,74.8242778,5.927153921480436,104.4015358913741,0.0567726697780329,False,positive,consistent_with_zero,49.444,6.062587,29.956,1.063015,long
Swift/BAT,sw00455640000bevshsp_uf.evt.gz,,2011-06-19T00:59:44,272.5858,-19.07104,-3.9076595884538015,25.548800252069405,0.1529488488657031,False,negative,consistent_with_zero,,,,,unknown
Swift/BAT,sw00455904000bevshsp_uf.evt.gz,,2011-06-23T14:41:49.759999,280.330375,-4.9355,8.977076578356783,20.288075903468343,0.4424804314154852,False,positive,consistent_with_zero,,,,,unknown
Swift/BAT,sw00455967000bevshsp_uf.evt.gz,,2011-06-24T14:27:12,280.265538326291,-5.62801953361831,9.170016094013691,20.51263210529364,0.4470423906080396,False,positive,consistent_with_zero,,,,,unknown
Swift/BAT,sw00456014000bevshsp_uf.evt.gz,,2011-06-25T00:06:14.72,282.5135833,-0.9395,-12.975470052021205,21.003339862012773,0.6177812737053787,False,negative,consistent_with_zero,,,,,unknown
Swift/BAT,sw00456073000bevshsp_uf.evt.gz,GRB110625A,2011-06-25T21:08:28.426680,286.7325,6.7552778,19.67214808789292,193.35892775245048,0.1017390213969244,False,positive,consistent_with_zero,42.5,8.889727,12.908,1.256344,long
Swift/BAT,sw00456505000bevshsp_uf.evt.gz,,2011-07-02T08:38:45.759999,280.313731476258,-4.94824023750262,2.274645984043869,11.999134662570905,0.1895675019915569,False,positive,consistent_with_zero,,,,,unknown
Swift/BAT,sw00456532000bevshsp_uf.evt.gz,,2011-07-02T23:47:57.248,318.634419949126,-46.7454828400775,255804.58457607104,171.23044042229344,1493.920029319544,True,positive,significant_positive,,,,,unknown
Swift/BAT,sw00456659000bevshsp_uf.evt.gz,,2011-07-05T09:21:14.815999,45.476433252374,2.97745273034666,-1.3535605229010972,520.4618758302715,0.0026006910126545,False,negative,consistent_with_zero,,,,,unknown
Swift/BAT,sw00456780000bevshsp_uf.evt.gz,,2011-07-07T07:48:50.367999,22.8609169118743,16.7581584992617,3.06943249267966,624.2416719133904,0.0049170579773558,False,positive,consistent_with_zero,,,,,unknown
Swift/BAT,sw00456939000bevshsp_uf.evt.gz,GRB110709A,2011-07-09T15:24:29.148680,238.8907917,40.9245,15.416823899096752,168.172758020638,0.0916725400745631,False,positive,consistent_with_zero,44.328,0.5420701,27.444,0.2291201,long
Swift/BAT,sw00456967000bevshsp_uf.evt.gz,GRB110709B,2011-07-09T21:32:39.835840,164.6553,-23.45506,15.116461943228414,166.5247392630184,0.0907760733337803,False,positive,consistent_with_zero,810.472,10.41164,629.392,2.30904,long
Swift/BAT,sw00456969000bevshsp_uf.evt.gz,,2011-07-09T21:43:32.544,164.647029809365,-23.4640038678624,-3.273256989905524,98.90554475194496,0.033094777427442,False,negative,consistent_with_zero,,,,,unknown
Swift/BAT,sw00457076000bevshsp_uf.evt.gz,,2011-07-11T19:45:04,344.491076339576,-65.600127171144,-40062.02189052459,22.354639159453345,1792.1122145952038,True,negative,significant_negative,,,,,unknown
Swift/BAT,sw00457330000bevshsp_uf.evt.gz,GRB110715A,2011-07-15T13:13:50.984920,237.6835833,-46.2350833,43.100928770900296,245.04703296563767,0.1758883927272208,False,positive,consistent_with_zero,13.0,4.0,2.0,1.0,long
Swift/BAT,sw00457553000bevshsp_uf.evt.gz,GRB110719A,2011-07-19T06:09:11.868540,24.57995,34.58699,-0.7058433073809723,25.72811071679917,0.0274347119829553,False,negative,consistent_with_zero,41.228,9.598508,22.516,4.457017,long
Swift/BAT,sw00458059000bevshsp_uf.evt.gz,GRB110726A,2011-07-26T01:30:40.549800,286.7167917,56.0711944,0.7392141594806972,35.99025805021223,0.02053928478227,False,positive,consistent_with_zero,5.156,1.107307,2.056,0.5845647,long
Swift/BAT,sw00458268000bevshsp_uf.evt.gz,,2011-07-28T03:04:56,299.6193,36.14174,-3.001741545350778,65.32438638949195,0.0459513163652714,False,negative,consistent_with_zero,,,,,unknown
Swift/BAT,sw00458273000bevshsp_uf.evt.gz,,2011-07-28T03:34:56,300.002877152903,35.9409834845487,5817.879883164998,22.24618364841713,261.5226042862841,True,positive,significant_positive,,,,,unknown
Swift/BAT,sw00458274000bevshsp_uf.evt.gz,,2011-07-28T03:59:04,245.1989,-15.00572,-7867.578663984393,69.74169241113542,112.81026301461252,True,negative,significant_negative,,,,,unknown
Swift/BAT,sw00458275000bevshsp_uf.evt.gz,,2011-07-28T04:05:52,245.255920681086,-14.9803297498907,4.885186090256638,19.812182268204843,0.2465748610690163,False,positive,consistent_with_zero,,,,,unknown
Swift/BAT,sw00458277000bevshsp_uf.evt.gz,,2011-07-28T04:19:28,188.55907314211,-62.4783318482789,4.25351718316262,18.03500061631153,0.2358479089440994,False,positive,consistent_with_zero,,,,,unknown
Swift/BAT,sw00458345000bevshsp_uf.evt.gz,,2011-07-29T11:19:22.56,26.59052,61.75108,0.3035582941342672,19.817670614325127,0.0153175567422561,False,positive,consistent_with_zero,,,,,unknown
Swift/BAT,sw00458448000bevshsp_uf.evt.gz,GRB110731A,2011-07-31T11:09:30.451760,280.5040833,-28.5370833,6.18040652855719,88.70551392341712,0.0696733072748214,False,positive,consistent_with_zero,40.944,11.5924,4.88,0.1865905,long
Swift/BAT,sw00458521000bevshsp_uf.evt.gz,GRB110801A,2011-08-01T19:49:42.991200,89.4362917,80.956,-3.745663770725973,61.97407837726842,0.0604392008530432,False,negative,consistent_with_zero,385.256,8.934749,332.34,7.41289,long
Swift/BAT,sw00458907000bevshsp_uf.evt.gz,,2011-08-07T19:57:53.6,278.717375,-8.7650833,4.704394124394435,69.67894479069288,0.0675152894253187,False,positive,consistent_with_zero,,,,,unknown
Swift/BAT,sw00458918000bevshsp_uf.evt.gz,GRB110808A,2011-08-08T06:18:54.201560,57.2677917,-44.1944722,0.0186741023129936,18.95284271852167,0.0009852929499987,False,positive,consistent_with_zero,40.704,9.028595,21.2,13.37135,long
Swift/BAT,sw00458942000bevshsp_uf.evt.gz,,2011-08-08T17:37:54.24,81.981847859047,-41.7107703537607,-3.018053438038302,849.5185905668992,0.0035526632042558,False,negative,consistent_with_zero,,,,,unknown
Swift/BAT,sw00500082000bevshsp_uf.evt.gz,,2011-08-12T03:24:48,243.1802,-52.42317,0.1774160034311575,136.08345774008714,0.0013037293906068,False,positive,consistent_with_zero,,,,,unknown
Swift/BAT,sw00500093000bevshsp_uf.evt.gz,,2011-08-12T05:40:40,274.0072,-14.0346,-0.1331882030995572,17.794635001759698,0.0074847392535101,False,negative,consistent_with_zero,,,,,unknown
Swift/BAT,sw00500100000bevshsp_uf.evt.gz,,2011-08-12T06:38:11.135999,135.5273,-40.55395,6.685204374665468,19.77634190281683,0.3380404934096161,False,positive,consistent_with_zero,,,,,unknown
Swift/BAT,sw00500108000bevshsp_uf.evt.gz,,2011-08-12T07:08:24,277.362920345712,-23.789909800852,-4.886466442509885,16.7997507020121,0.2908654139685915,False,negative,consistent_with_zero,,,,,unknown
Swift/BAT,sw00500123000bevshsp_uf.evt.gz,,2011-08-12T10:46:00,256.430053502504,-36.4269431366103,-8126.058843638251,18.16209868121253,447.418494209819,True,negative,significant_negative,,,,,unknown
Swift/BAT,sw00500914000bevshsp_uf.evt.gz,GRB110818A,2011-08-18T20:37:49.205860,317.3380833,-63.9813889,0.7968975905177829,45.120392984956766,0.0176615835501138,False,positive,consistent_with_zero,102.84,18.00357,38.24,4.924465,long
Swift/BAT,sw00501095000bevshsp_uf.evt.gz,GRB110820A,2011-08-20T17:38:27.791540,343.1910833,70.2967778,1.5568164269446243,20.192628667192125,0.0770982546454714,False,positive,consistent_with_zero,264.616,8.685691,244.844,201.7243,long
Swift/BAT,sw00501368000bevshsp_uf.evt.gz,,2011-08-25T00:53:12,130.1963,-45.05787,-2.498869092284015,23.30630695843543,0.1072185780759049,False,negative,consistent_with_zero,,,,,unknown
Swift/BAT,sw00501485000bevshsp_uf.evt.gz,,2011-08-26T08:30:16,264.164985090561,-27.3749846904929,-2.341390790409006,18.063765373274144,0.1296180913572515,False,negative,consistent_with_zero,,,,,unknown
Swift/BAT,sw00501520000bevshsp_uf.evt.gz,GRB110827A,2011-08-27T00:01:52.506420,164.094969657904,53.7870142613548,4.146681119791553,17.279265951126476,0.2399801664908815,False,positive,consistent_with_zero,8.516,1.100605,4.016,2.080681,long
Swift/BAT,sw00501752000bevshsp_uf.evt.gz,,2011-08-29T23:41:19.36,278.720563404872,-8.75131143344119,-4.393641369595335,41.98279648422298,0.1046533756093749,False,negative,consistent_with_zero,,,,,unknown
Swift/BAT,sw00502024000bevshsp_uf.evt.gz,,2011-09-01T12:07:29.663999,266.251751459167,-29.3460900568357,-0.1028120286774804,18.585055618558517,0.0055319731502344,False,negative,consistent_with_zero,,,,,unknown
Swift/BAT,sw00502297000bevshsp_uf.evt.gz,,2011-09-04T04:32:17.216,299.5909,35.19763,-5.896924131719443,40.339370102562825,0.1461828510640229,False,negative,consistent_with_zero,,,,,unknown
Swift/BAT,sw00502528000bevshsp_uf.evt.gz,,2011-09-06T17:00:32,245.0696,-18.06474,-3.1548868858471537,314.1117046884713,0.0100438373952861,False,negative,consistent_with_zero,,,,,unknown
Swift/BAT,sw00502531000bevshsp_uf.evt.gz,,2011-09-06T17:18:24,244.8075,-18.20625,3.1819146202204216,45.7173843084078,0.069599664730496,False,positive,consistent_with_zero,,,,,unknown
Swift/BAT,sw00502742000bevshsp_uf.evt.gz,,2011-09-09T04:25:12,195.3253,-61.60293,-148991.09535885803,23.539704333411432,6329.352877528937,True,negative,significant_negative,,,,,unknown
Swift/BAT,sw00502934000bevshsp_uf.evt.gz,,2011-09-12T01:24:32,195.3254,-61.60191,41791.93904639872,25.27000439856582,1653.816057458644,True,positive,significant_positive,,,,,unknown
Swift/BAT,sw00503219000bevshsp_uf.evt.gz,GRB110915A,2011-09-15T13:20:44.408340,310.8257917,-0.7245,14.733285934836276,157.58714004296328,0.0934929457493772,False,positive,consistent_with_zero,79.568,2.982415,56.976,0.8963303,long
Swift/BAT,sw00503434000bevshsp_uf.evt.gz,,2011-09-18T10:07:36,283.8779,-2.606739,-0.4773181645040322,26.665420336282697,0.0179002677806868,False,negative,consistent_with_zero,,,,,unknown
Swift/BAT,sw00503525000bevshsp_uf.evt.gz,,2011-09-19T21:16:18.879999,251.7922917,-45.8713889,14720.014392351868,22.87777701735528,643.4197859864242,True,positive,significant_positive,,,,,unknown
Swift/BAT,sw00503526000bevshsp_uf.evt.gz,,2011-09-19T21:25:51.68,251.78253290015,-45.8721472697937,-3.5068281226879017,489.96306893194736,0.0071573315318077,False,negative,consistent_with_zero,,,,,unknown
Swift/BAT,sw00503652000bevshsp_uf.evt.gz,GRB110921A,2011-09-21T13:51:20.163880,294.0634583,36.3905833,-4.568411958664902,85.64923806919074,0.0533386176182252,False,negative,consistent_with_zero,32.548,4.442038,15.844,6.344053,long
Swift/BAT,sw00503926000bevshsp_uf.evt.gz,,2011-09-24T09:03:28.128,234.748127619422,-66.3082032318706,2.988593953776236,43.13123714657191,0.0692907078834804,False,positive,consistent_with_zero,,,,,unknown
Swift/BAT,sw00504101000bevshsp_uf.evt.gz,,2011-09-26T20:11:36,258.1529,-37.64693,4.720568275360923,19.442534395651197,0.2427959328397431,False,positive,consistent_with_zero,,,,,unknown
Swift/BAT,sw00504215000bevshsp_uf.evt.gz,GRB110928A,2011-09-28T01:51:31.789800,257.7335833,36.5362778,-14.96280862863569,56.60601141794698,0.2643325020404409,False,negative,consistent_with_zero,20.88,4.534872,13.092,6.510499,long
Swift/BAT,sw00504307000bevshsp_uf.evt.gz,,2011-09-28T19:17:28,278.9302,-19.32135,33793.636096072,21.09939782946882,1601.6398367954162,True,positive,significant_positive,,,,,unknown
Swift/BAT,sw00504779000bevshsp_uf.evt.gz,GRB111005A,2011-10-05T08:05:14.229140,223.284218827626,-19.7304560018663,-3.334011152660223,29.05296165008457,0.1147563264914342,False,negative,consistent_with_zero,23.212,5.06103,10.288,4.482414,long
Swift/BAT,sw00505054000bevshsp_uf.evt.gz,GRB111008A,2011-10-08T22:12:58.280940,60.4520833,-32.709,1.7988524932526595,40.950546713675685,0.0439274353485474,False,positive,consistent_with_zero,62.848,2.259477,30.0,1.64326,long
Swift/BAT,sw00505516000bevshsp_uf.evt.gz,,2011-10-15T01:12:48,265.215496981894,-28.0913859568875,-3.3614318111530817,16.567509883769723,0.2028930017084879,False,negative,consistent_with_zero,,,,,unknown
Swift/BAT,sw00505518000bevshsp_uf.evt.gz,,2011-10-15T02:34:40,244.866261597936,-15.8104326379516,8841.848677570435,22.3791479201228,395.0931782179274,True,positive,significant_positive,,,,,unknown
Swift/BAT,sw00505646000bevshsp_uf.evt.gz,GRB111016A,2011-10-16T18:37:04.526260,153.833375,27.4633889,1.134514893021917,49.14038994087689,0.0230872179562861,False,positive,consistent_with_zero,548.996,107.3738,106.42,18.82951,long
Swift/BAT,sw00505801000bevshsp_uf.evt.gz,GRB111018A,2011-10-18T17:26:24.519600,271.4887917,-3.9070833,0.5068555957435733,61.253304395725536,0.0082747469829389,False,positive,consistent_with_zero,32.708,4.215587,22.604,14.01177,long
Swift/BAT,sw00505926000bevshsp_uf.evt.gz,GRB111020A,2011-10-20T06:33:49.058300,287.0517917,-38.0122778,1.9107858154890969,23.775539685723945,0.080367715759421,False,positive,consistent_with_zero,0.384,0.09329524,0.1760001,0.04525484,short
Swift/BAT,sw00506070000bevshsp_uf.evt.gz,GRB111022A,2011-10-22T16:07:04.954100,275.8651667,-23.6732778,-3.3399321569607388,117.05254293155184,0.0285336146769046,False,negative,consistent_with_zero,22.82,4.282616,8.176,0.9848938,long
Swift/BAT,sw00506074000bevshsp_uf.evt.gz,GRB111022B,2011-10-22T17:13:04.505940,108.9645833,49.6835,-7.816404332683491,21.16190759372229,0.3693619914965623,False,negative,consistent_with_zero,83.028,12.96728,43.952,16.10591,long
Swift/BAT,sw00506291000bevshsp_uf.evt.gz,GRB111026A,2011-10-26T06:47:29.005720,244.274664858183,-47.495033090842,-5.3538244373592185,20.938838488840023,0.2556887021318159,False,negative,consistent_with_zero,3.58,1.064218,1.544,0.5188448,long
Swift/BAT,sw00506519000bevshsp_uf.evt.gz,GRB111029A,2011-10-29T09:44:40.483020,44.7825833,57.1101944,6.97606609253866,20.76139412070685,0.3360114475925738,False,positive,consistent_with_zero,7.196,0.7906478,3.696,0.4881475,long
Swift/BAT,sw00506884000bevshsp_uf.evt.gz,,2011-11-03T03:28:08,136.4473,-40.46233,-1.2083513594654185,16.224324235098965,0.0744777620291467,False,negative,consistent_with_zero,,,,,unknown
Swift/BAT,sw00506885000bevshsp_uf.evt.gz,,2011-11-03T03:39:12,136.300952948307,-40.5362024125612,-0.7827491952663386,16.852150222366618,0.04644803095972,False,negative,consistent_with_zero,,,,,unknown
Swift/BAT,sw00506886000bevshsp_uf.evt.gz,,2011-11-03T03:46:08,136.2019,-40.61462,1.6382194160075636,19.981947708309978,0.0819849716314826,False,positive,consistent_with_zero,,,,,unknown
Swift/BAT,sw00506891000bevshsp_uf.evt.gz,,2011-11-03T04:13:36,299.8598,35.66109,-8571.033653572375,22.52547340707697,380.5040408553438,True,negative,significant_negative,,,,,unknown
Swift/BAT,sw00506902000bevshsp_uf.evt.gz,GRB111103A,2011-11-03T10:35:13.489780,327.121853512217,-10.5472597757318,5.506485135377977,30.240427009227226,0.1820901911767909,False,positive,consistent_with_zero,11.616,0.4493195,7.044,2.114139,long
Swift/BAT,sw00506903000bevshsp_uf.evt.gz,GRB111103B,2011-11-03T10:59:03.953720,265.6956,1.610784,27.65274250059901,170.46592327362652,0.1622185945997646,False,positive,consistent_with_zero,144.776,33.90184,31.616,0.9063421,long
Swift/BAT,sw00506913000bevshsp_uf.evt.gz,,2011-11-03T14:12:20.671999,290.6540833,-17.2835833,8.477190265994436,34.631610487233246,0.244781866818452,False,positive,consistent_with_zero,,,,,unknown
Swift/BAT,sw00506961000bevshsp_uf.evt.gz,,2011-11-04T02:55:20,272.114270197828,-36.9908873128422,-4.972870827037876,22.625825468493908,0.2197873767727289,False,negative,consistent_with_zero,,,,,unknown
Swift/BAT,sw00507185000bevshsp_uf.evt.gz,GRB111107A,2011-11-07T00:50:24.005480,129.4776667,-66.5199722,2.5451580835672365,32.45874081046898,0.0784121016409343,False,positive,consistent_with_zero,31.072,7.152555,11.088,2.669843,long
Swift/BAT,sw00507342000bevshsp_uf.evt.gz,GRB111109A,2011-11-09T02:57:46.046320,118.1747917,-41.639,2.795584176774124,46.26854627754642,0.0604208344909852,False,positive,consistent_with_zero,13.0,3.162278,6.0,2.828427,long
Swift/BAT,sw00507901000bevshsp_uf.evt.gz,GRB111117A,2011-11-17T12:13:41.921600,12.6925,23.0102778,2.848246096832575,14.588625470635176,0.1952374541772758,False,positive,consistent_with_zero,0.4639999,0.05366561,0.3399999,0.04308127,short
Swift/BAT,sw00508161000bevshsp_uf.evt.gz,GRB111121A,2011-11-21T16:26:24.635300,154.7605833,-46.6708889,16.13542328892052,21.44469125719354,0.752420405376923,False,positive,consistent_with_zero,113.332,20.42031,50.856,4.199758,long
Swift/BAT,sw00508319000bevshsp_uf.evt.gz,GRB111123A,2011-11-23T18:13:21.100200,154.8462917,-20.6451944,-10.11998266792146,116.02148373466063,0.0872250754098758,False,negative,consistent_with_zero,290.0,88.09086,81.0,7.615773,long
Swift/BAT,sw00508712000bevshsp_uf.evt.gz,GRB111129A,2011-11-29T16:18:14.327920,307.433875,-52.7128889,1.8527918394651304,24.63494311402896,0.0752099093912668,False,positive,consistent_with_zero,8.476,1.277693,5.596,1.318484,long
Swift/BAT,sw00509018000bevshsp_uf.evt.gz,GRB111204A,2011-12-04T13:37:28.359180,336.628875,-31.375,-9.590295744523136,30.322812334184817,0.3162732941400488,False,negative,consistent_with_zero,48.0,22.62742,32.0,16.0,long
Swift/BAT,sw00509336000bevshsp_uf.evt.gz,,2011-12-09T07:12:16,14.34628,-46.80056,0.5144048091049346,910.2456307872026,0.0005651274685713,False,positive,consistent_with_zero,,,,,unknown
Swift/BAT,sw00509337000bevshsp_uf.evt.gz,GRB111209A,2011-12-09T07:19:12.342960,14.362573622164,-46.8016976759424,-5.277275581363007,20.35443368926609,0.2592690939933139,False,negative,consistent_with_zero,810.968,52.10948,243.276,16.85829,long
Swift/BAT,sw00509419000bevshsp_uf.evt.gz,GRB111210A,2011-12-10T14:37:03.186460,191.477,-7.1656944,5.012420924310686,20.0099289988571,0.2504966871495135,False,positive,consistent_with_zero,2.516,0.1320606,2.116,0.08653327,long
Swift/BAT,sw00509543000bevshsp_uf.evt.gz,GRB111212A,2011-12-12T09:23:07.084300,310.432875,-68.6122778,-0.9814207377737054,34.2769938687326,0.0286320539523436,False,negative,consistent_with_zero,56.304,9.350303,25.376,7.660859,long
Swift/BAT,sw00509717000bevshsp_uf.evt.gz,GRB111215A,2011-12-15T14:04:08.321280,349.5579,32.49388,1.9286588984998672,18.76759987168665,0.1027653462182715,False,positive,consistent_with_zero,373.82,93.22025,154.98,110.4617,long
Swift/BAT,sw00510075000bevshsp_uf.evt.gz,,2011-12-21T02:14:55.424,91.1750457754977,-23.9790138138591,4.217887202898623,26.53597987924697,0.1589497437853166,False,positive,consistent_with_zero,,,,,unknown
Swift/BAT,sw00510341000bevshsp_uf.evt.gz,GRB111225A,2011-12-25T03:50:37.792220,13.1549583,51.572,-1.0802897996419274,17.950817102913028,0.0601805362646483,False,negative,consistent_with_zero,105.728,26.17938,43.872,12.81017,long
Swift/BAT,sw00510649000bevshsp_uf.evt.gz,GRB111228A,2011-12-28T15:44:43.604140,150.0665833,18.2976944,17.544618786664962,154.97141394009364,0.1132119681985161,False,positive,consistent_with_zero,101.244,5.448429,47.12,0.621289,long
Swift/BAT,sw00510701000bevshsp_uf.evt.gz,,2011-12-29T06:39:28,248.516279919147,-47.3791963548427,6779.275153561217,24.037394436341444,282.0303661245341,True,positive,significant_positive,,,,,unknown
Swift/BAT,sw00510736000bevshsp_uf.evt.gz,GRB111229A,2011-12-29T22:37:52.271700,76.288375,-84.7107778,3.726912563052059,30.931768789468787,0.1204881812100233,False,positive,consistent_with_zero,25.372,5.584181,16.98,3.981319,long
Swift/BAT,sw00510824000bevshsp_uf.evt.gz,,2011-12-31T11:38:48,245.216208496155,-15.6417252843502,-14.122236431757573,222.19667595999752,0.0635573703825345,False,negative,consistent_with_zero,,,,,unknown
Swift/BAT,sw00510922000bevshsp_uf.evt.gz,GRB120102A,2012-01-02T02:15:55.012820,276.2244583,24.7130833,-2.6442742026000494,117.51944035515264,0.0225007385553305,False,negative,consistent_with_zero,38.708,3.507323,4.868,0.4040792,long
Swift/BAT,sw00510962000bevshsp_uf.evt.gz,,2012-01-02T22:52:40,299.9351,35.2424,7.140059395636885,22.185800914689345,0.3218301391548777,False,positive,consistent_with_zero,,,,,unknown
Swift/BAT,sw00511235000bevshsp_uf.evt.gz,GRB120106A,2012-01-06T14:16:24.245280,66.1071667,64.0386944,2.180635932453986,21.94670492457888,0.0993605163029196,False,positive,consistent_with_zero,63.5,4.620838,9.52,43.23847,long
Swift/BAT,sw00511289000bevshsp_uf.evt.gz,,2012-01-07T17:12:00,51.6484,28.71422,4.671442171787373,19.391333575619328,0.2409036053951835,False,positive,consistent_with_zero,,,,,unknown
Swift/BAT,sw00511611000bevshsp_uf.evt.gz,,2012-01-12T13:09:46.24,26.6212981897003,61.7632397690641,1.8463426777240173,20.500407021311883,0.0900637082866008,False,positive,consistent_with_zero,,,,,unknown
Swift/BAT,sw00511866000bevshsp_uf.evt.gz,GRB120116A,2012-01-16T18:06:28.050200,16.2416667,33.9300833,5.529573885007098,53.520846015392486,0.10331626453395,False,positive,consistent_with_zero,38.044,4.148432,11.372,0.5243816,long
Swift/BAT,sw00512003000bevshsp_uf.evt.gz,GRB120118B,2012-01-18T17:00:21.195400,124.86615353153,-7.18171893580232,3.168168734379503,39.70758052249915,0.0797875038642647,False,positive,consistent_with_zero,20.304,2.695277,9.484,1.350206,long
Swift/BAT,sw00512035000bevshsp_uf.evt.gz,GRB120119A,2012-01-19T04:04:30.217780,120.0287917,-9.0815,5.207271328235231,466.7918559647051,0.0111554459695392,False,positive,consistent_with_zero,68.0,7.071068,18.0,1.0,long
Swift/BAT,sw00512164000bevshsp_uf.evt.gz,GRB120121A,2012-01-21T09:42:19.266000,249.3546667,-23.9617778,-13010.051620855347,41.13775574048597,316.2557457662045,True,negative,significant_negative,26.8,3.419168,11.492,2.6149,long
Swift/BAT,sw00512549000bevshsp_uf.evt.gz,,2012-01-27T08:41:20,255.9864,-37.84403,2.932887227646444,20.206636189065183,0.1451447534465719,False,positive,consistent_with_zero,,,,,unknown
Swift/BAT,sw00512698000bevshsp_uf.evt.gz,,2012-01-30T02:59:04,13.28866,-74.65323,3.7496557378000577,20.920207739626957,0.1792360661265078,False,positive,consistent_with_zero,,,,,unknown
Swift/BAT,sw00059018005bevshsp_uf.evt.gz,,2012-02-01T11:19:01,130.786,15.323,-23681.795700373656,21.47847934402688,1102.5825115947753,True,negative,significant_negative,,,,,unknown
Swift/BAT,sw00513505000bevshsp_uf.evt.gz,,2012-02-05T11:47:32.48,40.1003583767653,61.220476106393,40716.72245983658,21.85115828841486,1863.3667800312417,True,positive,significant_positive,,,,,unknown
Swift/BAT,sw00514586000bevshsp_uf.evt.gz,GRB120211A,2012-02-11T11:58:28.088540,87.7536667,-24.7757778,465.0945413115939,98.93530883000004,4.7009965078368845,True,positive,significant_positive,64.32,8.832058,33.024,18.41655,long
Swift/BAT,sw00514709000bevshsp_uf.evt.gz,GRB120212A,2012-02-12T09:11:22.741460,43.1016667,-18.021,-5.118246112281484,19.319657726906076,0.2649242644269733,False,negative,consistent_with_zero,5.0,2.236068,2.0,1.414214,long
Swift/BAT,sw00514767000bevshsp_uf.evt.gz,GRB120213A,2012-02-13T00:27:19.539260,301.011875,65.4110833,4.740957777040538,59.45322868835628,0.0797426461377199,False,positive,consistent_with_zero,41.028,12.77639,15.392,1.420563,long
Swift/BAT,sw00515015000bevshsp_uf.evt.gz,GRB120215A,2012-02-15T00:41:15.308260,30.0476667,8.8018889,3.784477365851021,17.907451952726824,0.2113353354704797,False,positive,consistent_with_zero,7.924,1.198361,2.988,1.240867,long
Swift/BAT,sw00515277000bevshsp_uf.evt.gz,GRB120218A,2012-02-18T00:49:22.145800,319.757959799859,-25.4504975119872,6.255795845212907,31.885940121535008,0.1961929245732946,False,positive,consistent_with_zero,31.376,2.297226,18.624,3.455231,long
Swift/BAT,sw00515375000bevshsp_uf.evt.gz,GRB120219A,2012-02-19T14:30:08.092340,129.7897917,51.0315,-3.3267462021802503,20.48875684680021,0.1623693534485865,False,negative,consistent_with_zero,92.528,10.92266,61.372,10.54874,long
Swift/BAT,sw00515976000bevshsp_uf.evt.gz,GRB120224A,2012-02-24T04:39:56.492380,40.9422917,-17.7609722,3.867731474694799,40.37525693500714,0.095794597194038,False,positive,consistent_with_zero,7.0,2.236068,4.0,1.0,long
Swift/BAT,sw00516027000bevshsp_uf.evt.gz,,2012-02-24T19:05:52,38.59563,-43.79786,-3.4175169164982773,22.68851921600126,0.1506275876341919,False,negative,consistent_with_zero,,,,,unknown
Swift/BAT,sw00516571000bevshsp_uf.evt.gz,GRB120229A,2012-02-29T14:35:11.161400,20.0351563795243,-35.8075827980141,1.0142118592955147,15.136743964792238,0.067003304122376,False,positive,consistent_with_zero,0.2359999,0.03687817,0.1679999,0.01999999,short
Swift/BAT,sw00516997000bevshsp_uf.evt.gz,GRB120305A,2012-03-05T19:37:30.107140,47.5366667,28.4913889,5.23061045349117,13.829985088912007,0.3782079604470967,False,positive,consistent_with_zero,0.0999999,0.01200002,0.02799994,0.005656866,short
Swift/BAT,sw00517234000bevshsp_uf.evt.gz,GRB120308A,2012-03-08T06:13:38.654560,219.0847917,79.6867778,0.1874051127192732,86.07997606110631,0.0021771046100923,False,positive,consistent_with_zero,61.256,16.81484,23.116,3.684876,long
Swift/BAT,sw00517469000bevshsp_uf.evt.gz,GRB120311A,2012-03-11T05:33:38.324140,273.1036667,14.2247778,6.734559662202516,37.13938644786211,0.1813320118159944,False,positive,consistent_with_zero,3.48,0.8197951,0.816,0.1379275,long
Swift/BAT,sw00517489000bevshsp_uf.evt.gz,GRB120311B,2012-03-11T15:08:10.834740,258.561375,-13.0518889,-0.1952216552708145,313.48191357805183,0.0006227525315338,False,negative,consistent_with_zero,29.688,6.023572,12.508,1.37931,long
Swift/BAT,sw00517566000bevshsp_uf.evt.gz,GRB120312A,2012-03-12T16:06:28.751080,251.764016821549,23.8567031121096,-1.0185975366484934,69.60604713569138,0.0146337506375389,False,negative,consistent_with_zero,14.156,4.16517,5.928,2.980299,long
Swift/BAT,sw00517876000bevshsp_uf.evt.gz,,2012-03-16T11:50:48,270.259659475152,-25.0873139436239,-1.913429329388154,358.25355106198543,0.0053409919419252,False,negative,consistent_with_zero,,,,,unknown
Swift/BAT,sw00518200000bevshsp_uf.evt.gz,GRB120320A,2012-03-20T11:56:15.603640,212.5175833,8.6967778,-3.711709882775295,37.261248033277205,0.0996131390838129,False,negative,consistent_with_zero,24.976,3.545387,16.936,2.802288,long
Swift/BAT,sw00518507000bevshsp_uf.evt.gz,GRB120324A,2012-03-24T05:59:11.334480,291.0771,24.12905,8.357503292999537,161.69936057764096,0.0516854442908364,False,positive,consistent_with_zero,118.424,10.01002,30.832,0.7195109,long
Swift/BAT,sw00518626000bevshsp_uf.evt.gz,GRB120326A,2012-03-26T01:20:29.280140,273.9023,69.25937,2.01835833596638,111.35063832493825,0.0181261496685497,False,positive,consistent_with_zero,69.48,8.179648,5.22,0.4343087,long
Swift/BAT,sw00518731000bevshsp_uf.evt.gz,GRB120327A,2012-03-27T02:55:16.636400,246.864375,-29.4148889,9.025054499771285,88.29500089118089,0.1022147846274355,False,positive,consistent_with_zero,63.532,7.028584,23.32,3.651809,long
Swift/BAT,sw00518792000bevshsp_uf.evt.gz,GRB120328A,2012-03-28T03:06:19.032840,241.6127,-39.33517,7.53783224824026,21.24731697958289,0.3547663102820729,False,positive,consistent_with_zero,29.928,6.665064,12.336,2.934316,long
Swift/BAT,sw00518853000bevshsp_uf.evt.gz,,2012-03-29T02:22:16,188.5115,-63.40118,-4.260323146021511,18.782650225893715,0.2268222585622256,False,negative,consistent_with_zero,,,,,unknown
Swift/BAT,sw00519043000bevshsp_uf.evt.gz,GRB120401A,2012-04-01T05:24:15.946360,58.082,-17.6357778,50820.83070813721,24.37735535690905,2084.755707256552,True,positive,significant_positive,130.272,24.22921,61.028,16.23749,long
Swift/BAT,sw00519207000bevshsp_uf.evt.gz,,2012-04-02T22:49:30.944,314.326034146859,19.257856995811,-1.2554637789701044,34.43546336648938,0.0364584546346441,False,negative,consistent_with_zero,,,,,unknown
Swift/BAT,sw00519211000bevshsp_uf.evt.gz,GRB120403A,2012-04-03T01:05:23.587920,42.4589551294051,40.4659032923946,0.4064821359920876,18.82352963428261,0.0215943632193069,False,positive,consistent_with_zero,1.396,0.2253974,0.7839999,0.2841126,short
Swift/BAT,sw00519256000bevshsp_uf.evt.gz,GRB120403B,2012-04-03T20:33:56.481060,55.3382917,-89.0092778,72124.86270862368,24.91587425789861,2894.7353788221694,True,positive,significant_positive,7.284,1.919334,2.272,2.147241,long
Swift/BAT,sw00519380000bevshsp_uf.evt.gz,GRB120404A,2012-04-04T12:51:02.398680,235.0095,12.8849722,-109498.32800229026,38.11013182033239,2873.20779992346,True,negative,significant_negative,38.724,4.091992,17.488,2.876879,long
Swift/BAT,sw00519850000bevshsp_uf.evt.gz,,2012-04-10T18:00:00,176.936516196583,-61.9721359286726,55615.97872555472,25.071335318855997,2218.3093966968045,True,positive,significant_positive,,,,,unknown
Swift/BAT,sw00519868000bevshsp_uf.evt.gz,,2012-04-10T23:08:41.279999,272.153069804651,-20.4101607138307,-0.449213628930429,13.450346804817109,0.0333979216632204,False,negative,consistent_with_zero,,,,,unknown
Swift/BAT,sw00519874000bevshsp_uf.evt.gz,,2012-04-11T01:16:47.04,35.5498644098699,59.7460747017891,-3.112082087068382,20.45951070329644,0.1521093115177462,False,negative,consistent_with_zero,,,,,unknown
Swift/BAT,sw00520658000bevshsp_uf.evt.gz,GRB120422A,2012-04-22T07:12:03.648220,136.9095833,14.0183889,-7.367028746459011,19.37421697522796,0.3802491092093454,False,negative,consistent_with_zero,60.352,5.727911,49.6,36.90154,long
Swift/BAT,sw00520928000bevshsp_uf.evt.gz,,2012-04-26T11:38:24,75.7196373481322,-26.3145506802809,-7.600521763912126,26.476490331205984,0.2870668154590687,False,negative,consistent_with_zero,,,,,unknown
Swift/BAT,sw00521085000bevshsp_uf.evt.gz,,2012-04-28T15:50:40,248.5063,-47.39349,43905.81386971396,19.03245289516981,2306.8920286599887,True,positive,significant_positive,,,,,unknown
Swift/BAT,sw00521442000bevshsp_uf.evt.gz,,2012-05-03T05:08:00,248.5069,-47.39182,-3.604318078187388,21.33969687378068,0.168902027967224,False,negative,consistent_with_zero,,,,,unknown
Swift/BAT,sw00521567000bevshsp_uf.evt.gz,,2012-05-05T01:44:48,281.2547,-4.565971,-2.027291108163011,19.71873836080021,0.1028103862969832,False,negative,consistent_with_zero,,,,,unknown
Swift/BAT,sw00522197000bevshsp_uf.evt.gz,GRB120514A,2012-05-14T01:12:49.907220,283.000875,-4.2625833,4.072812171779722,62.74818150991063,0.0649072542626028,False,positive,consistent_with_zero,164.344,5.842773,60.256,6.01175,long
Swift/BAT,sw00522245000bevshsp_uf.evt.gz,,2012-05-14T16:54:08,257.303375,-36.2565833,0.8296298833311874,17.760903451020102,0.0467110181426912,False,positive,consistent_with_zero,,,,,unknown
Swift/BAT,sw00522578000bevshsp_uf.evt.gz,GRB120521A,2012-05-21T05:59:42.937680,148.7246667,-49.4171944,-2.791373102448762,20.058954887626587,0.1391584515786825,False,negative,consistent_with_zero,0.512,0.1431084,0.256,0.06400001,short
Swift/BAT,sw00522586000bevshsp_uf.evt.gz,GRB120521B,2012-05-21T09:07:48.825220,197.009875,-52.7547778,-2.4543804366582886,21.79587431894557,0.1126075697052847,False,negative,consistent_with_zero,146.832,27.94449,55.456,24.14459,long
Swift/BAT,sw00522656000bevshsp_uf.evt.gz,GRB120521C,2012-05-21T23:22:07.703120,214.2861,42.14384,1.223417657374658,42.49386445740953,0.0287904541748811,False,positive,consistent_with_zero,27.068,4.33578,10.464,1.244161,long
Swift/BAT,sw00523489000bevshsp_uf.evt.gz,,2012-06-03T18:08:56,250.460198728634,-45.5043802794411,6.81471281482797,17.752254795672567,0.383878718127073,False,positive,consistent_with_zero,,,,,unknown
Swift/BAT,sw00524128000bevshsp_uf.evt.gz,GRB120612A,2012-06-12T02:05:19.691840,126.7215833,-17.5750833,-2.74392101013701,17.376017406532963,0.1579142645831698,False,negative,consistent_with_zero,90.284,13.58858,40.664,10.19643,long
Swift/BAT,sw00524364000bevshsp_uf.evt.gz,,2012-06-14T19:12:00,280.2509,-5.596845,11.119935138852735,19.293288499352208,0.5763628703953761,False,positive,consistent_with_zero,,,,,unknown
Swift/BAT,sw00524542000bevshsp_uf.evt.gz,,2012-06-17T15:47:04,282.810875,-0.0010833,6594.684126108995,63.049841932959374,104.59477651222495,True,positive,significant_positive,,,,,unknown
Swift/BAT,sw00524584000bevshsp_uf.evt.gz,,2012-06-18T11:33:20,47.0166680680055,40.9657775404673,6.475421614713759,27.71658021568553,0.2336298910010965,False,positive,consistent_with_zero,,,,,unknown
Swift/BAT,sw00524642000bevshsp_uf.evt.gz,,2012-06-18T19:06:56,287.594875,-5.7987778,8.861795535851229,778.887846867382,0.0113774987907342,False,positive,consistent_with_zero,,,,,unknown
Swift/BAT,sw00524949000bevshsp_uf.evt.gz,,2012-06-23T06:08:32,186.423840675129,16.302560639512,0.2910040134502698,19.251578589257036,0.015115852037851,False,positive,consistent_with_zero,,,,,unknown
Swift/BAT,sw00525068000bevshsp_uf.evt.gz,GRB120624B,2012-06-24T22:19:33.661820,170.941840070123,8.93369375766324,6.491079727372928,270.38386772577564,0.0240069046351397,False,positive,consistent_with_zero,179.664,1.460022,128.144,1.463699,long
Swift/BAT,sw00525148000bevshsp_uf.evt.gz,,2012-06-25T22:42:40,256.5680833,-61.7110833,-9.58318534911212,38.55475754625143,0.2485603842175858,False,negative,consistent_with_zero,,,,,unknown
Swift/BAT,sw00525152000bevshsp_uf.evt.gz,,2012-06-25T23:22:24,128.9787917,-43.1854722,1.1280162491915442,291.5109746465604,0.0038695498533432,False,positive,consistent_with_zero,,,,,unknown
Swift/BAT,sw00525261000bevshsp_uf.evt.gz,,2012-06-27T23:45:12,128.9788,-43.18611,7.039305225809118,15.222940252451917,0.4624142977027921,False,positive,consistent_with_zero,,,,,unknown
Swift/BAT,sw00525451000bevshsp_uf.evt.gz,GRB120630A,2012-06-30T23:17:33.768120,352.284720356421,42.509854645773,0.9500096794702756,17.169699895520967,0.0553305931525397,False,positive,consistent_with_zero,0.5959999,0.2099142,0.248,0.1882233,short
Swift/BAT,sw00525477000bevshsp_uf.evt.gz,GRB120701A,2012-07-01T07:50:41.566840,80.3524070788699,-58.5615086474503,7.966676169879722,65.0751413457397,0.1224227255620287,False,positive,consistent_with_zero,14.16,0.654107,7.996,1.371996,long
Swift/BAT,sw00525554000bevshsp_uf.evt.gz,,2012-07-02T03:17:36,144.681475994238,-15.9916006691616,-8.05145562086715,19.77940133408942,0.4070626549748308,False,negative,consistent_with_zero,,,,,unknown
Swift/BAT,sw00525671000bevshsp_uf.evt.gz,GRB120703A,2012-07-03T17:25:22.198180,339.3570833,-29.7230833,6.710775971841184,42.49541047214653,0.1579176644555472,False,positive,consistent_with_zero,51.704,21.39616,3.932,0.8067714,long
Swift/BAT,sw00526270000bevshsp_uf.evt.gz,GRB120711B,2012-07-11T03:11:02.587440,331.690375,60.0216944,8.147304745798767,99.77717698235986,0.0816549935787336,False,positive,consistent_with_zero,60.096,20.14455,23.872,21.05444,long
Swift/BAT,sw00526273000bevshsp_uf.evt.gz,,2012-07-11T05:06:48,128.981,-43.18681,-76031.26137411414,22.682848645968782,3351.927377411941,True,negative,significant_negative,,,,,unknown
Swift/BAT,sw00526283000bevshsp_uf.evt.gz,,2012-07-11T09:19:12,270.2853,-25.07831,62021.26907390296,24.44037375147217,2537.656326559536,True,positive,significant_positive,,,,,unknown
Swift/BAT,sw00526351000bevshsp_uf.evt.gz,GRB120712A,2012-07-12T13:42:27.382260,169.588375,-20.0337778,0.5806529888572348,39.99721995429471,0.0145173336927104,False,positive,consistent_with_zero,14.808,3.236215,6.892,0.5291049,long
Swift/BAT,sw00526511000bevshsp_uf.evt.gz,,2012-07-13T14:17:04,267.0243,-24.7779,2.1658074448687845,18.700257959692124,0.1158169822864006,False,positive,consistent_with_zero,,,,,unknown
Swift/BAT,sw00526593000bevshsp_uf.evt.gz,GRB120714A,2012-07-14T07:46:46.767960,167.9840833,-30.6275833,12.756831570931904,81.77767560923348,0.1559940592086422,False,positive,consistent_with_zero,20.0,4.472136,8.0,3.162278,long
Swift/BAT,sw00526642000bevshsp_uf.evt.gz,GRB120714B,2012-07-14T21:18:46.573920,355.3994,-46.17646,2.000291563355618,21.356186449288245,0.0936633311432005,False,positive,consistent_with_zero,157.312,23.9863,69.524,36.69182,long
Swift/BAT,sw00526660000bevshsp_uf.evt.gz,,2012-07-15T04:31:17.759999,280.349573941703,-4.95792801754117,-6.120979499072565,59.05306473500525,0.1036521902214533,False,negative,consistent_with_zero,,,,,unknown
Swift/BAT,sw00526892000bevshsp_uf.evt.gz,,2012-07-16T21:00:00,267.0226,-24.77577,109820.94580867668,35.492139095237654,3094.232937439729,True,positive,significant_positive,,,,,unknown
Swift/BAT,sw00528162000bevshsp_uf.evt.gz,,2012-07-22T08:39:12,288.797170088271,10.9422908261596,-9.187399202503538,22.75891597972856,0.4036835150974143,False,negative,consistent_with_zero,,,,,unknown
Swift/BAT,sw00528195000bevshsp_uf.evt.gz,GRB120722A,2012-07-22T12:53:26.546400,230.4961667,13.2509722,2.759221225706656,42.7853401851305,0.064489874657245,False,positive,consistent_with_zero,36.32,6.444982,19.632,3.976024,long
Swift/BAT,sw00528411000bevshsp_uf.evt.gz,,2012-07-24T00:40:24,280.237276411493,-5.60718375727331,3.967942350793648,26.187059049054373,0.1515230230076917,False,positive,consistent_with_zero,,,,,unknown
Swift/BAT,sw00528432000bevshsp_uf.evt.gz,,2012-07-24T04:52:56,268.607513837354,-26.3238447152092,-88647.86433007792,22.627233838720628,3917.750837858941,True,negative,significant_negative,,,,,unknown
Swift/BAT,sw00528443000bevshsp_uf.evt.gz,GRB120724A,2012-07-24T06:39:02.860140,245.1801667,3.508,2.8215469665868547,64.12990581591768,0.043997366449999,False,positive,consistent_with_zero,77.924,18.62399,36.212,18.16692,long
Swift/BAT,sw00528552000bevshsp_uf.evt.gz,,2012-07-25T06:56:00,287.575268841606,-5.78161701750775,0.6709361327223834,15.77899860098409,0.0425208309911719,False,positive,consistent_with_zero,,,,,unknown
Swift/BAT,sw00528925000bevshsp_uf.evt.gz,,2012-07-27T22:24:56,186.546838617747,18.0664344663366,14526.197741491693,21.763388341815755,667.4603013714245,True,positive,significant_positive,,,,,unknown
Swift/BAT,sw00529021000bevshsp_uf.evt.gz,GRB120728A,2012-07-28T22:25:11.035380,137.0947917,-54.4381944,4.840022932602537,27.12626018615382,0.1784257357773576,False,positive,consistent_with_zero,20.976,2.059219,10.288,1.712075,long
Swift/BAT,sw00529076000bevshsp_uf.evt.gz,,2012-07-29T07:13:52,287.594875,-5.7987778,-2.5782242329006784,17.275276873789178,0.1492435838647816,False,negative,consistent_with_zero,,,,,unknown
Swift/BAT,sw00529095000bevshsp_uf.evt.gz,GRB120729A,2012-07-29T10:56:14.073500,13.0742917,49.9396944,1.0719846481660875,52.16319069804496,0.0205505958094366,False,positive,consistent_with_zero,93.928,36.63556,24.824,4.446597,long
Swift/BAT,sw00529486000bevshsp_uf.evt.gz,GRB120802A,2012-08-02T08:00:51.627560,44.8422917,13.7686944,-0.363419580095125,41.694564840385546,0.0087162339140931,False,negative,consistent_with_zero,50.288,31.03504,7.648,0.9670409,long
Swift/BAT,sw00529582000bevshsp_uf.evt.gz,GRB120803A,2012-08-03T07:22:16.104060,269.565357237366,-6.71511030893272,-5.120456871275254,22.407478124491178,0.228515535877223,False,negative,consistent_with_zero,8.888,2.295485,4.224,1.742242,long
Swift/BAT,sw00529606000bevshsp_uf.evt.gz,GRB120803B,2012-08-03T11:06:06.951500,314.2359583,53.3037778,0.0218669225945927,81.25759205588548,0.000269106209541,False,positive,consistent_with_zero,39.012,7.256395,12.376,1.787517,long
Swift/BAT,sw00529686000bevshsp_uf.evt.gz,GRB120804A,2012-08-04T00:54:14.437420,233.9472917,-28.7824722,3.663970681022533,20.409697778631767,0.1795210649742487,False,positive,consistent_with_zero,0.808,0.08323456,0.3519999,0.02828429,short
Swift/BAT,sw00529813000bevshsp_uf.evt.gz,,2012-08-04T21:28:32.896,245.372550221826,-51.3676319909562,-2.479362113353204,589.57782211137,0.0042053178060094,False,negative,consistent_with_zero,,,,,unknown
Swift/BAT,sw00530031000bevshsp_uf.evt.gz,GRB120805A,2012-08-05T21:28:09.886740,216.5405,5.8256944,5.136405691669656,569.3894920886519,0.0090209000394934,False,positive,consistent_with_zero,48.0,22.62742,32.0,16.0,long
Swift/BAT,sw00530214000bevshsp_uf.evt.gz,,2012-08-06T17:33:41.375999,55.3079583,40.9685833,0.2586484086339151,21.64013239303251,0.0119522562956773,False,positive,consistent_with_zero,,,,,unknown
Swift/BAT,sw00530267000bevshsp_uf.evt.gz,GRB120807A,2012-08-07T07:09:37.753700,241.2592917,-47.4796944,-13.535687860726904,35.04450228353874,0.3862428335038717,False,negative,consistent_with_zero,19.884,5.762541,7.632,5.386877,long
Swift/BAT,sw00530441000bevshsp_uf.evt.gz,,2012-08-09T06:15:04,246.932337752063,-48.5407496109497,-1.3312797734991928,25.703073844465344,0.0517945745149021,False,negative,consistent_with_zero,,,,,unknown
Swift/BAT,sw00530581000bevshsp_uf.evt.gz,GRB120811A,2012-08-11T02:35:18.923980,257.18263991766,-22.7358138782081,0.601721149438346,18.031494740632777,0.0333705640100045,False,positive,consistent_with_zero,29.008,4.938826,10.176,2.174647,long
Swift/BAT,sw00530588000bevshsp_uf.evt.gz,,2012-08-11T04:44:03.328,266.2396,-28.83897,7.211610699674508,23.10782847718284,0.3120851752381409,False,positive,consistent_with_zero,,,,,unknown
Swift/BAT,sw00530689000bevshsp_uf.evt.gz,GRB120811C,2012-08-11T15:34:52.170040,199.6825,62.3006944,-2.0005414264210515,95.23109983681,0.021007227994313,False,negative,consistent_with_zero,24.344,3.055921,7.072,0.4956289,long
Swift/BAT,sw00530808000bevshsp_uf.evt.gz,,2012-08-13T09:13:43.808,267.0254,-24.77776,-8.867826091488539,17.316622563608256,0.5120990573603375,False,negative,consistent_with_zero,,,,,unknown
Swift/BAT,sw00531003000bevshsp_uf.evt.gz,GRB120815A,2012-08-15T02:13:58.781640,273.9585,-52.1296944,10.028350220260943,21.01886444223324,0.4771118938333777,False,positive,consistent_with_zero,7.232,2.516761,4.3,1.547168,long
Swift/BAT,sw00531223000bevshsp_uf.evt.gz,GRB120816A,2012-08-16T19:18:34.743480,282.1427917,-6.9381944,-4.586673901755956,40.79769388457048,0.1124248325097271,False,negative,consistent_with_zero,4.432,0.9769176,2.272,0.6791995,long
Swift/BAT,sw00531267000bevshsp_uf.evt.gz,GRB120817A,2012-08-17T06:49:42.837740,250.690875,-38.3539722,-1.6694108181593212,322.380851143321,0.0051783808257803,False,negative,consistent_with_zero,28.208,6.664192,11.936,1.31239,long
Swift/BAT,sw00531428000bevshsp_uf.evt.gz,GRB120819A,2012-08-19T13:10:14.445520,235.908375,-7.309,1.905643188776324,139.46841676905578,0.013663618136082,False,positive,consistent_with_zero,71.02,17.33262,27.756,15.01924,long
Swift/BAT,sw00532871000bevshsp_uf.evt.gz,GRB120907A,2012-09-07T00:24:23.082500,74.75,-9.3149722,-68.2283066679112,210.1278199314422,0.3246990650270481,False,negative,consistent_with_zero,6.08,0.7846528,2.656,1.578354,long
Swift/BAT,sw00533060000bevshsp_uf.evt.gz,GRB120909A,2012-09-09T01:42:03.235040,275.7401667,-59.4478889,4.673250847109224,139.07209195684956,0.0336030815482319,False,positive,consistent_with_zero,220.596,304.9668,114.504,363.4044,long
Swift/BAT,sw00533120000bevshsp_uf.evt.gz,,2012-09-09T23:34:24,264.819323552384,-30.4048040183987,-1.3065854933432492,17.956737021977677,0.0727629686698696,False,negative,consistent_with_zero,,,,,unknown
Swift/BAT,sw00533268000bevshsp_uf.evt.gz,GRB120911A,2012-09-11T07:08:33.754960,357.9814583,63.0982778,1.262754592481476,21.170785488763237,0.0596460907485792,False,positive,consistent_with_zero,21.468,3.847558,5.78,7.844002,long
Swift/BAT,sw00533568000bevshsp_uf.evt.gz,GRB120913A,2012-09-13T20:18:21.905720,146.436815162705,26.9767800186672,0.9079747546839224,66.37876616378034,0.0136786928585509,False,positive,consistent_with_zero,36.044,5.679292,5.56,13.45871,long
Swift/BAT,sw00533613000bevshsp_uf.evt.gz,GRB120913B,2012-09-13T23:55:58.097160,213.644443505442,-14.5347563916444,-2.5441443951991487,590.8660209379054,0.0043057889691485,False,negative,consistent_with_zero,122.588,4.456214,54.18,1.882857,long
Swift/BAT,sw00533836000bevshsp_uf.evt.gz,,2012-09-16T09:16:16,266.2961,-26.40257,-3.84799738618552,24.16613343741141,0.1592309914265582,False,negative,consistent_with_zero,,,,,unknown
Swift/BAT,sw00533850000bevshsp_uf.evt.gz,,2012-09-16T12:36:32,266.317933802658,-26.3946619599394,7.963096445525641,25.404080440673976,0.3134573780035778,False,positive,consistent_with_zero,,,,,unknown
Swift/BAT,sw00533938000bevshsp_uf.evt.gz,,2012-09-17T16:09:12,266.301362111394,-26.404728366895,21.570613455124665,63.85081749922929,0.3378283051017324,False,positive,consistent_with_zero,,,,,unknown
Swift/BAT,sw00534015000bevshsp_uf.evt.gz,GRB120918A,2012-09-18T11:16:10.624900,181.053946302635,-32.7576526591057,5.517021297833458,30.835751864809588,0.1789163864731185,False,positive,consistent_with_zero,25.096,2.46917,8.096,0.7996224,long
Swift/BAT,sw00534017000bevshsp_uf.evt.gz,,2012-09-18T11:58:16,345.700532532731,-39.7146524247807,4.970738984298022,16.253665621599044,0.3058226433360697,False,positive,consistent_with_zero,,,,,unknown
Swift/BAT,sw00534394000bevshsp_uf.evt.gz,GRB120922A,2012-09-22T22:30:28.656560,234.752,-20.1821944,-1.8474849448422968,46.26345140704332,0.0399340059734719,False,negative,consistent_with_zero,168.224,29.23869,94.704,4.322862,long
Swift/BAT,sw00534402000bevshsp_uf.evt.gz,GRB120923A,2012-09-23T05:16:06.255520,303.795,6.2206944,-1.9256057573701788,52.68667970895349,0.0365482465019131,False,negative,consistent_with_zero,26.076,6.823564,14.728,4.801973,long
Swift/BAT,sw00534815000bevshsp_uf.evt.gz,GRB120927A,2012-09-27T22:40:46.302240,136.6140833,0.4158889,-18.734651654898464,49.46264775057969,0.3787636227920875,False,negative,consistent_with_zero,35.056,15.61516,15.488,1.530941,long
Swift/BAT,sw00535026000bevshsp_uf.evt.gz,GRB121001A,2012-10-01T18:23:02.288260,276.0327917,-5.665,0.1623914351295269,32.13289387793003,0.005053744482101,False,positive,consistent_with_zero,147.824,18.60492,61.736,24.46511,long
Swift/BAT,sw00535733000bevshsp_uf.evt.gz,,2012-10-10T23:57:52,277.193008572468,-10.4787267319539,36987.83330752624,90.67369794285662,407.9224091073942,True,positive,significant_positive,,,,,unknown
Swift/BAT,sw00535747000bevshsp_uf.evt.gz,,2012-10-11T02:54:31.04,272.130169213924,-20.409982700456,-2.236575602948057,16.95715812007735,0.1318956624164483,False,negative,consistent_with_zero,,,,,unknown
Swift/BAT,sw00535764000bevshsp_uf.evt.gz,GRB121011A,2012-10-11T11:15:30.412760,260.2132917,41.1101944,-3.4756338750180515,68.99789407036187,0.0503730428565502,False,negative,consistent_with_zero,97.236,17.16797,43.624,11.60506,long
Swift/BAT,sw00535960000bevshsp_uf.evt.gz,GRB121014A,2012-10-14T20:11:56.448420,166.630696384298,-29.1090441328934,9.584215456270934,24.605556584936966,0.3895142718347693,False,positive,consistent_with_zero,80.0,22.62742,32.0,16.0,long
Swift/BAT,sw00536172000bevshsp_uf.evt.gz,GRB121017A,2012-10-17T19:23:28.085580,288.8296667,-1.6040833,-0.5569672439813669,339.1266560008816,0.0016423576092464,False,negative,consistent_with_zero,4.608,0.5840719,1.884,0.7785628,long
Swift/BAT,sw00536502000bevshsp_uf.evt.gz,,2012-10-22T18:08:16,274.514964409207,-17.0953412624424,-3.8338506689490046,111.15218527332608,0.0344919054854519,False,negative,consistent_with_zero,,,,,unknown
Swift/BAT,sw00536580000bevshsp_uf.evt.gz,GRB121024A,2012-10-24T02:56:12.478460,70.4719583,-12.2906944,11.707599703607247,37.99124988299382,0.3081656891959211,False,positive,consistent_with_zero,67.968,31.72367,11.776,15.08124,long
Swift/BAT,sw00536831000bevshsp_uf.evt.gz,GRB121027A,2012-10-27T07:32:29.746680,63.5976667,-58.8296944,-0.2367477344485899,40.54571255072826,0.0058390325278507,False,negative,consistent_with_zero,80.088,40.7569,39.924,6.522945,long
Swift/BAT,sw00536897000bevshsp_uf.evt.gz,GRB121028A,2012-10-28T05:04:31.919360,271.899375,-2.2935833,-3.669409824052689,37.63407127377095,0.0975023349814954,False,negative,consistent_with_zero,2.876,0.3705995,1.592,0.1644384,long
Swift/BAT,sw00537033000bevshsp_uf.evt.gz,,2012-10-30T02:12:48,244.826679289939,-15.7821539009681,0.5696342699160752,22.35839654950813,0.0254774204695196,False,positive,consistent_with_zero,,,,,unknown
Swift/BAT,sw00537195000bevshsp_uf.evt.gz,GRB121031A,2012-10-31T22:50:30.689560,170.770375,-3.5170833,2.095291615030229,98.77486563705496,0.0212128014704602,False,positive,consistent_with_zero,226.2,19.38332,195.8,1.582671,long
Swift/BAT,sw00537266000bevshsp_uf.evt.gz,GRB121102A,2012-11-02T02:27:02.685320,270.9007917,-16.9576944,2.4229990189047594,69.00311133580769,0.0351143444403991,False,positive,consistent_with_zero,54.68,13.93574,11.68,1.934698,long
Swift/BAT,sw00537921000bevshsp_uf.evt.gz,GRB121108A,2012-11-08T17:47:39.076820,83.1936667,54.4736944,15.18796070399384,39.22074496338125,0.3872430449287538,False,positive,consistent_with_zero,89.548,47.53646,26.496,9.243779,long
Swift/BAT,sw00538084000bevshsp_uf.evt.gz,,2012-11-11T09:35:12,264.873112268083,-30.3601539350677,9.445149701883608,21.409262374810424,0.4411711873360253,False,positive,consistent_with_zero,,,,,unknown
Swift/BAT,sw00538290000bevshsp_uf.evt.gz,,2012-11-13T18:47:22.367999,152.4426,-58.29407,-5.856358072103983,19.318965027536088,0.303140363045157,False,negative,consistent_with_zero,,,,,unknown
Swift/BAT,sw00538575000bevshsp_uf.evt.gz,,2012-11-16T02:27:36,345.792644979001,-40.746083625426,10807.032190519478,24.48126350040769,441.4409489256756,True,positive,significant_positive,,,,,unknown
Swift/BAT,sw00538696000bevshsp_uf.evt.gz,GRB121117A,2012-11-17T08:50:56.996980,31.6352009882339,7.37901368067297,-1.546167777086327,466.7776806254173,0.0033124286812828,False,negative,consistent_with_zero,23.3,2.897719,8.4,1.371733,long
Swift/BAT,sw00539357000bevshsp_uf.evt.gz,,2012-11-23T09:47:12,256.027396559161,-37.8385707612661,48975.86007368061,23.704761299136884,2066.076914069743,True,positive,significant_positive,,,,,unknown
Swift/BAT,sw00539358000bevshsp_uf.evt.gz,GRB121123A,2012-11-23T10:02:41.294660,307.317875,-11.8597778,2235.386084625416,233.95940681125964,9.554589469568764,True,positive,significant_positive,326.092,14.29083,61.98,2.936787,long
Swift/BAT,sw00539563000bevshsp_uf.evt.gz,GRB121125A,2012-11-25T08:32:27.271500,228.5271667,55.3132778,-4.56348127369611,138.56072047648885,0.0329348841287993,False,negative,consistent_with_zero,52.252,5.03752,24.628,1.302705,long
Swift/BAT,sw00539866000bevshsp_uf.evt.gz,GRB121128A,2012-11-28T05:05:37.212960,300.6,54.2996944,10.146679616423134,121.499309241377,0.0835122411787971,False,positive,consistent_with_zero,23.428,1.649514,7.392,0.4475712,long
Swift/BAT,sw00540178000bevshsp_uf.evt.gz,GRB121201A,2012-12-01T12:25:42.064740,13.4672917,-42.9428889,4.364731300327266,19.320605013711635,0.2259106946821624,False,positive,consistent_with_zero,38.0,8.246211,20.0,4.123106,long
Swift/BAT,sw00540255000bevshsp_uf.evt.gz,GRB121202A,2012-12-02T04:20:05.038260,256.7967917,23.9487778,-8.15062866525593,45.99913241341043,0.1771909216026805,False,negative,consistent_with_zero,19.536,1.492265,10.16,1.314449,long
Swift/BAT,sw00540964000bevshsp_uf.evt.gz,GRB121209A,2012-12-09T21:59:11.377440,326.7875,-8.2343889,-0.0242112868976011,64.02799960327955,0.0003781359256515,False,negative,consistent_with_zero,42.92,1.432201,13.84,1.714694,long
Swift/BAT,sw00541200000bevshsp_uf.evt.gz,GRB121211A,2012-12-11T13:47:02.795260,195.5332917,30.1484722,-0.3797767652968095,108.3913009982911,0.0035037568679316,False,negative,consistent_with_zero,182.696,38.73146,47.628,23.89801,long
Swift/BAT,sw00541371000bevshsp_uf.evt.gz,GRB121212A,2012-12-12T06:56:13.384600,177.7905833,78.0372778,3.5193954236291307,22.8044016777433,0.1543296541326931,False,positive,consistent_with_zero,6.056,1.380598,3.712,0.9042677,long
Swift/BAT,sw00542441000bevshsp_uf.evt.gz,GRB121217A,2012-12-17T07:17:47.893900,153.7094583,-62.3503889,-9.83833464256231,74.09765824980681,0.1327752438463595,False,negative,consistent_with_zero,778.092,16.13797,128.016,322.5622,long
Swift/BAT,sw00543763000bevshsp_uf.evt.gz,,2012-12-23T22:44:45.12,280.334340766917,-4.9025483923265,9.594223403213231,25.95089264363456,0.3697068742476023,False,positive,consistent_with_zero,,,,,unknown
Swift/BAT,sw00544027000bevshsp_uf.evt.gz,GRB121226A,2012-12-26T19:09:43.890520,168.642375,-30.4065833,0.9943476533565636,20.845190026081525,0.0477015394012928,False,positive,consistent_with_zero,1.012,0.2032142,0.5079999,0.139714,short
Swift/BAT,sw00544347000bevshsp_uf.evt.gz,GRB121229A,2012-12-29T05:00:21.961480,190.1007917,-50.594,148097.44362048892,24.205852282307987,6118.249499883674,True,positive,significant_positive,111.46,41.32595,56.004,35.08428,long
Swift/BAT,sw00544381000bevshsp_uf.evt.gz,,2012-12-29T12:52:01.727999,185.493178429073,-47.9278586259232,-2.6204807539499875,806.1005369302795,0.0032508113242661,False,negative,consistent_with_zero,,,,,unknown
Swift/BAT,sw00544784000bevshsp_uf.evt.gz,GRB130102A,2013-01-02T18:10:53.944400,311.4231667,49.8172778,-2.164365025740429,19.8808086559664,0.1088670517982619,False,negative,consistent_with_zero,132.78,17.77114,71.388,44.13824,long
Swift/BAT,sw00546177000bevshsp_uf.evt.gz,,2013-01-17T07:38:16,272.620383644093,-19.0587366955039,-3.438504921965975,17.8588910805042,0.1925374261182233,False,negative,consistent_with_zero,,,,,unknown
Swift/BAT,sw00546731000bevshsp_uf.evt.gz,GRB130122A,2013-01-22T23:44:09.452440,194.2846667,59.0148889,3.280999913450651,24.61912267518983,0.1332703832195089,False,positive,consistent_with_zero,76.544,20.77052,31.984,12.37222,long
Swift/BAT,sw00547142000bevshsp_uf.evt.gz,,2013-01-28T06:16:40,268.413120535477,-25.7616429145444,-2.2777888308079746,850.9749206019549,0.0026766815045462,False,negative,consistent_with_zero,,,,,unknown
Swift/BAT,sw00547407000bevshsp_uf.evt.gz,GRB130131A,2013-01-31T13:56:22.028180,171.122875,48.0761944,-3.2101055926289503,18.72310015002119,0.1714516061393453,False,negative,consistent_with_zero,51.524,2.512194,45.42,2.644194,long
Swift/BAT,sw00547420000bevshsp_uf.evt.gz,GRB130131B,2013-01-31T19:10:08.907360,173.9552917,15.0380833,-4.997191915771047,23.323362723808277,0.2142569223377879,False,negative,consistent_with_zero,4.3,0.2574024,2.8,0.8727153,long
Swift/BAT,sw00058990018bevshsp_uf.evt.gz,,2013-02-26T03:39:01,83.633333,22.014472,-9.770550886567884,23.723816221245546,0.4118456657836524,False,negative,consistent_with_zero,,,,,unknown
Swift/BAT,sw00059019002bevshsp_uf.evt.gz,,2013-02-20T01:39:01,116.248333,25.064694,-1.1591969632923331,20.166579791796277,0.0574810887746018,False,negative,consistent_with_zero,,,,,unknown
Swift/BAT,sw00547918000bevshsp_uf.evt.gz,GRB130206A,2013-02-06T19:36:28.596780,140.4199583,-58.1844722,0.0064476976385854,26.31489329170716,0.0002450208544306,False,positive,consistent_with_zero,121.0,32.38827,45.0,7.211103,long
Swift/BAT,sw00548038000bevshsp_uf.evt.gz,,2013-02-08T10:22:08,299.7553,35.12431,-31743.06183072574,40.82169745213919,777.602691998353,True,negative,significant_negative,,,,,unknown
Swift/BAT,sw00548276000bevshsp_uf.evt.gz,GRB130211A,2013-02-11T03:36:32.164500,147.5363,-42.3421,-0.4395336778825494,22.13361441919156,0.0198581971095258,False,negative,consistent_with_zero,30.752,6.35498,9.544,6.727057,long
Swift/BAT,sw00548760000bevshsp_uf.evt.gz,GRB130215A,2013-02-15T01:31:30.197800,43.4794556448911,13.3706926231607,-2.231798571446435,29.469506551783724,0.0757324717169839,False,negative,consistent_with_zero,66.224,10.66485,28.064,7.666204,long
Swift/BAT,sw00548927000bevshsp_uf.evt.gz,GRB130216A,2013-02-16T22:15:24.622820,67.8981836700403,14.6647956247236,2.8059745794389204,36.89851598285237,0.0760457298809232,False,positive,consistent_with_zero,6.52,1.086212,3.7,0.1735281,long
Swift/BAT,sw00549824000bevshsp_uf.evt.gz,,2013-02-26T22:17:12,274.0039,-14.03513,3.729985556976427,19.5079012608002,0.191203836184653,False,positive,consistent_with_zero,,,,,unknown
Swift/BAT,sw00549841000bevshsp_uf.evt.gz,,2013-02-27T01:21:51.04,272.182940122723,-20.3927283534388,6.437805023441673,16.44341664995649,0.3915126132535665,False,positive,consistent_with_zero,,,,,unknown
Swift/BAT,sw00550457000bevshsp_uf.evt.gz,GRB130306A,2013-03-06T23:51:01.706560,279.477639697716,-11.6917684859571,-5.961851783668512,28.67136265035427,0.2079375109014864,False,negative,consistent_with_zero,272.38,9.340315,70.272,7.792034,long
Swift/BAT,sw00550906000bevshsp_uf.evt.gz,GRB130313A,2013-03-13T16:08:11.057240,236.42303778442,-0.361783296507332,1.8931483514331813,25.430453993030184,0.0744441429143201,False,positive,consistent_with_zero,0.1719999,0.03577708,0.08399993,0.03939543,short
Swift/BAT,sw00551030000bevshsp_uf.evt.gz,,2013-03-14T09:11:44,41.38433012623,-30.2553313620773,75078.07808371053,25.65819152781349,2926.0861196053456,True,positive,significant_positive,,,,,unknown
Swift/BAT,sw00551126000bevshsp_uf.evt.gz,GRB130315A,2013-03-15T12:45:32.970220,157.5469583,-51.7944722,245.8332308689724,45.05895646331306,5.455812787611481,True,positive,significant_positive,230.508,17.96899,138.94,9.951733,long
Swift/BAT,sw00552063000bevshsp_uf.evt.gz,GRB130327A,2013-03-27T01:47:34.014540,92.0386667,55.7142778,-1.5354836408036716,19.487643356602792,0.0787926796845561,False,negative,consistent_with_zero,6.372,1.408036,2.492,1.732398,long
Swift/BAT,sw00552142000bevshsp_uf.evt.gz,,2013-03-28T02:14:08,270.747131670602,21.327205081268,1.9281227047917189,27.925795948445614,0.0690445030949615,False,positive,consistent_with_zero,,,,,unknown
Swift/BAT,sw00552336000bevshsp_uf.evt.gz,,2013-03-30T02:22:32,276.1353,-24.86694,-3.2590899380283767,21.23637571147769,0.1534673327646452,False,negative,consistent_with_zero,,,,,unknown
Swift/BAT,sw00552369000bevshsp_uf.evt.gz,,2013-03-30T15:10:48,276.148848940488,-24.8769090861674,6.063760359695643,20.179194303908407,0.3004956624319329,False,positive,consistent_with_zero,,,,,unknown
Swift/BAT,sw00552374000bevshsp_uf.evt.gz,,2013-03-30T16:47:28,245.074501135966,-15.4571678668251,-79815.44748529146,25.301348237545454,3154.5926618586604,True,negative,significant_negative,,,,,unknown
Swift/BAT,sw00552375000bevshsp_uf.evt.gz,,2013-03-30T17:06:00,289.0321,11.10587,-14.933265300468696,562.2839239586588,0.026558229151091,False,negative,consistent_with_zero,,,,,unknown
Swift/BAT,sw00552376000bevshsp_uf.evt.gz,,2013-03-30T17:12:48,300.0589,35.29173,4.868932302782015,510.95094761431136,0.0095291579857432,False,positive,consistent_with_zero,,,,,unknown
Swift/BAT,sw00552380000bevshsp_uf.evt.gz,,2013-03-30T17:37:12,83.5884838122774,21.4637415244399,108094.8950645177,41.84716698455264,2583.08752667581,True,positive,significant_positive,,,,,unknown
Swift/BAT,sw00552381000bevshsp_uf.evt.gz,,2013-03-30T17:44:00,83.6292233117723,21.427550742758,-5.561836695198513,17.57591265991973,0.3164465369631573,False,negative,consistent_with_zero,,,,,unknown
Swift/BAT,sw00552383000bevshsp_uf.evt.gz,,2013-03-30T18:11:04,136.039178964341,-40.9499074997959,-8.409067330454002,2182.864299910871,0.0038523087902428,False,negative,consistent_with_zero,,,,,unknown
Swift/BAT,sw00552384000bevshsp_uf.evt.gz,,2013-03-30T18:18:08,136.0032378736,-40.9833434124791,6.331962431914229,20.665662205744365,0.3064001709151209,False,positive,consistent_with_zero,,,,,unknown
Swift/BAT,sw00552386000bevshsp_uf.evt.gz,,2013-03-30T18:34:24,300.0051,35.67519,3.226454761359708,19.111961898749133,0.1688186057743699,False,positive,consistent_with_zero,,,,,unknown
Swift/BAT,sw00552677000bevshsp_uf.evt.gz,,2013-04-02T11:56:40,250.423654349211,-45.5609368436553,-11646.971306533336,21.478331112313438,542.2661214053162,True,negative,significant_negative,,,,,unknown
Swift/BAT,sw00553132000bevshsp_uf.evt.gz,GRB130408A,2013-04-08T21:51:38.829980,134.4079583,-32.3612778,-0.5911201641448645,35.68618543423151,0.0165643975939731,False,negative,consistent_with_zero,4.24,0.6807055,2.224,0.911017,long
Swift/BAT,sw00553847000bevshsp_uf.evt.gz,GRB130418A,2013-04-18T19:00:53.544240,149.0370833,13.6673889,1.546659392420726,34.64101723052605,0.0446482094370425,False,positive,consistent_with_zero,274.924,39.31953,142.92,30.42475,long
Swift/BAT,sw00553918000bevshsp_uf.evt.gz,GRB130419A,2013-04-19T13:30:29.541280,355.270512385986,9.97717701299357,10049.138213475871,21.47859681742077,467.8675380379252,True,positive,significant_positive,85.584,49.15265,25.864,19.95138,long
Swift/BAT,sw00553930000bevshsp_uf.evt.gz,,2013-04-19T17:24:48,203.650572425903,37.2388595413565,1.506719935559338,26.44201281715607,0.0569820439154219,False,positive,consistent_with_zero,,,,,unknown
Swift/BAT,sw00553977000bevshsp_uf.evt.gz,GRB130420A,2013-04-20T07:28:29.538420,196.1065,59.4240833,-8.774760771669706,160.43167003332135,0.0546946919510792,False,negative,consistent_with_zero,121.136,11.74938,28.08,2.067632,long
Swift/BAT,sw00553996000bevshsp_uf.evt.gz,GRB130420B,2013-04-20T12:56:31.073560,183.11962611028,54.3864374361318,-1.7687196660701965,121.7507250181514,0.0145273850796905,False,negative,consistent_with_zero,12.636,5.226953,4.068,0.7952258,long
Swift/BAT,sw00554135000bevshsp_uf.evt.gz,,2013-04-21T21:02:20.544,235.705864882032,58.4976429849443,-15.39211627275775,23.564187263667563,0.6531995396459135,False,negative,consistent_with_zero,,,,,unknown
Swift/BAT,sw00554491000bevshsp_uf.evt.gz,,2013-04-25T19:15:35.36,266.41236794158,-28.9896826742846,-4.5941971212310815,19.405660385860685,0.2367452088658882,False,negative,consistent_with_zero,,,,,unknown
Swift/BAT,sw00554620000bevshsp_uf.evt.gz,GRB130427A,2013-04-27T07:47:57.511640,173.1362,27.71294,11271.992651696495,589.2106673356142,19.13066629066302,True,positive,significant_positive,244.332,4.732489,22.496,0.5963354,long
Swift/BAT,sw00554635000bevshsp_uf.evt.gz,GRB130427B,2013-04-27T13:20:41.798740,314.898375,-22.5461944,-5.268858771458536,45.322908361542126,0.1162515593533561,False,negative,consistent_with_zero,25.904,5.971843,4.8,1.939237,long
Swift/BAT,sw00554996000bevshsp_uf.evt.gz,GRB130502A,2013-05-02T17:50:30.642920,138.568875,-0.1231944,124.22408642203746,26.40078020508007,4.705318761683191,True,positive,significant_positive,7.568,4.449841,2.332,0.4565085,long
Swift/BAT,sw00555096000bevshsp_uf.evt.gz,GRB130504A,2013-05-04T02:05:34.317800,272.364553349823,-16.3442262783641,19.84278744466589,47.05572554431936,0.4216869937745832,False,positive,consistent_with_zero,120.032,25.33566,38.992,16.61901,long
Swift/BAT,sw00555163000bevshsp_uf.evt.gz,GRB130505A,2013-05-05T08:22:28.392980,137.061,17.4846944,1.812666008205868,87.09510933643688,0.0208124890365976,False,positive,consistent_with_zero,89.344,111.1542,13.184,2.456821,long
Swift/BAT,sw00555413000bevshsp_uf.evt.gz,GRB130508A,2013-05-08T17:08:53.468120,305.3216667,34.9582778,5561.089249010247,21.697113785621664,256.30548394392866,True,positive,significant_positive,42.912,10.12762,22.608,5.752974,long
Swift/BAT,sw00555600000bevshsp_uf.evt.gz,GRB130511A,2013-05-11T11:30:47.441540,196.6455833,18.7098889,-0.7426257786900702,21.12835994501397,0.0351482926560667,False,negative,consistent_with_zero,2.74,0.3978543,1.872,0.3978543,long
Swift/BAT,sw00555821000bevshsp_uf.evt.gz,GRB130514A,2013-05-14T07:13:41.062760,296.2827917,-7.9765833,1.0737307738903443,127.71302668211383,0.0084073708202291,False,positive,consistent_with_zero,214.192,17.32063,102.956,2.855232,long
Swift/BAT,sw00555880000bevshsp_uf.evt.gz,GRB130515A,2013-05-15T01:21:17.839880,283.440375,-54.2793889,3.876337901085122,16.6342431416096,0.2330336203508223,False,positive,consistent_with_zero,0.2959999,0.06092618,0.152,0.05261177,short
Swift/BAT,sw00556344000bevshsp_uf.evt.gz,GRB130521A,2013-05-21T22:49:16.777540,87.5593927071589,14.4524334755583,2.8768337593266584,32.494893508133046,0.0885318722034471,False,positive,consistent_with_zero,10.956,2.504527,2.36,1.949836,long
Swift/BAT,sw00556533000bevshsp_uf.evt.gz,,2013-05-24T04:04:05.439999,118.580165214582,-28.1344888419534,-60546.598134340566,21.89324650121415,2765.537679895158,True,negative,significant_negative,,,,,unknown
Swift/BAT,sw00556570000bevshsp_uf.evt.gz,,2013-05-24T17:20:24,244.895743054138,-15.8268749147367,6.724585357387556,16.249255477504168,0.4138395981709576,False,positive,consistent_with_zero,,,,,unknown
Swift/BAT,sw00556587000bevshsp_uf.evt.gz,,2013-05-24T23:53:04,244.986302710241,-15.6336175889865,89221.67949029934,21.243090832031147,4200.0328575429085,True,positive,significant_positive,,,,,unknown
Swift/BAT,sw00556753000bevshsp_uf.evt.gz,GRB130527A,2013-05-27T14:21:30.195820,309.2766667,-24.725,-0.2172025628820919,48.99311523236386,0.0044333282717775,False,negative,consistent_with_zero,64.0,16.0,32.0,16.0,long
Swift/BAT,sw00556870000bevshsp_uf.evt.gz,GRB130528A,2013-05-28T16:41:23.919600,139.5021667,87.301,99.3016921796612,274.4011181826103,0.3618851586223393,False,positive,consistent_with_zero,640.0,560.0,32.0,16.0,long
Swift/BAT,sw00556930000bevshsp_uf.evt.gz,GRB130529A,2013-05-29T11:15:25.388620,24.282,-64.1473889,-592.4625834537551,38.69658151604686,15.310463101451743,True,negative,significant_negative,87.592,11.07914,41.216,18.78585,long
Swift/BAT,sw00557274000bevshsp_uf.evt.gz,GRB130603A,2013-06-03T05:59:32.666180,86.891375,82.9086944,9.816887667088398,56.01650387372236,0.1752499172247262,False,positive,consistent_with_zero,69.128,23.42629,32.424,4.02005,long
Swift/BAT,sw00557310000bevshsp_uf.evt.gz,GRB130603B,2013-06-03T15:49:14.136600,172.20866268286,17.0451158220811,5.921717592348863,4.471613706989245,1.324290956325916,False,positive,consistent_with_zero,0.176,0.02400005,0.05999994,0.004000008,short
Swift/BAT,sw00557354000bevshsp_uf.evt.gz,GRB130604A,2013-06-04T06:54:26.998160,250.1887917,68.2258889,-2.3336204016225,67.63166059282682,0.0345048514433491,False,negative,consistent_with_zero,76.284,29.75946,22.388,4.022379,long
Swift/BAT,sw00557466000bevshsp_uf.evt.gz,,2013-06-05T08:47:44,53.4054420440404,-31.3548793797072,-5.386713226285796,19.439750767788198,0.2770978543208289,False,negative,consistent_with_zero,,,,,unknown
Swift/BAT,sw00557508000bevshsp_uf.evt.gz,GRB130605A,2013-06-05T23:41:42.063620,134.523928520347,-33.4893087735771,1.1188684516414176,478.6914531242686,0.0023373478768816,False,positive,consistent_with_zero,10.176,3.20064,4.16,1.397781,long
Swift/BAT,sw00557589000bevshsp_uf.evt.gz,GRB130606A,2013-06-06T21:04:39.020180,249.399,29.7941944,-1.1208969960376929,52.03094260044728,0.0215428923639768,False,negative,consistent_with_zero,276.656,19.63085,60.544,12.59029,long
Swift/BAT,sw00557640000bevshsp_uf.evt.gz,,2013-06-07T11:17:37.279999,266.432655517858,-28.992556134202,-5885.756774221522,20.84374606997004,282.3751908348777,True,negative,significant_negative,,,,,unknown
Swift/BAT,sw00557674000bevshsp_uf.evt.gz,,2013-06-08T00:16:48,256.063661464133,-37.4569768216321,33591.272388909914,28.87306995374441,1163.411872818658,True,positive,significant_positive,,,,,unknown
Swift/BAT,sw00557771000bevshsp_uf.evt.gz,GRB130608A,2013-06-08T23:14:21.348120,24.6085833,41.5025833,-28733.16703709576,20.588090786273632,1395.6207661689816,True,negative,significant_negative,151.852,10.6119,79.844,59.56301,long
Swift/BAT,sw00557782000bevshsp_uf.evt.gz,GRB130609A,2013-06-09T03:05:08.643500,152.6715,24.1335,-14.940944450655874,32.91421154929845,0.4539359670906147,False,negative,consistent_with_zero,7.056,0.7976866,2.932,0.3805259,long
Swift/BAT,sw00557828000bevshsp_uf.evt.gz,GRB130609B,2013-06-09T21:38:40.416520,53.7712917,-40.1740833,8.10222005198403,220.84772866180552,0.0366869068614753,False,positive,consistent_with_zero,211.172,17.05549,116.48,41.04505,long
Swift/BAT,sw00557845000bevshsp_uf.evt.gz,GRB130610A,2013-06-10T03:12:13.343620,224.4202917,28.2070833,-4.353836003187428,58.38580299299678,0.0745701143086044,False,negative,consistent_with_zero,47.724,10.73987,13.48,2.219798,long
Swift/BAT,sw00557910000bevshsp_uf.evt.gz,,2013-06-11T03:08:48,256.093142103249,-42.7200217284812,5.695154892037681,563.4421816281441,0.010107789366392,False,positive,consistent_with_zero,,,,,unknown
Swift/BAT,sw00557976000bevshsp_uf.evt.gz,GRB130612A,2013-06-12T03:22:22.167880,259.7940833,16.7198889,-0.7679574441622409,546.3150043457905,0.0014057044709615,False,negative,consistent_with_zero,4.0,1.414214,1.0,1.414214,long
Swift/BAT,sw00558271000bevshsp_uf.evt.gz,GRB130615A,2013-06-15T09:44:45.323280,274.8291667,-68.1610833,-4283.564762751876,106.15790064843512,40.35088049581752,True,negative,significant_negative,332.556,28.54506,73.532,112.5307,long
Swift/BAT,sw00558399000bevshsp_uf.evt.gz,,2013-06-17T09:52:40.639999,237.714151615488,-54.2768302799622,-3.922680959161008,17.101809433344545,0.2293722763342628,False,negative,consistent_with_zero,,,,,unknown
Swift/BAT,sw00558631000bevshsp_uf.evt.gz,,2013-06-20T02:22:08,271.804678125872,-22.2908994395319,-891.839659599287,23.72524083959843,37.590331142635605,True,negative,significant_negative,,,,,unknown
Swift/BAT,sw00558753000bevshsp_uf.evt.gz,,2013-06-22T02:10:48,245.231373544066,-15.3958555039321,37764.02347950315,20.340137495520622,1856.62577196539,True,positive,significant_positive,,,,,unknown
Swift/BAT,sw00558756000bevshsp_uf.evt.gz,,2013-06-22T02:32:48,308.3324,41.29662,-3.208188541779062,15.324139164157607,0.2093552210281967,False,negative,consistent_with_zero,,,,,unknown
Swift/BAT,sw00558828000bevshsp_uf.evt.gz,,2013-06-23T08:41:20,256.00732398678,-37.8244635882764,-3.369095728711881,22.371431432628416,0.1505981295322078,False,negative,consistent_with_zero,,,,,unknown
Swift/BAT,sw00558982000bevshsp_uf.evt.gz,GRB130625A,2013-06-25T07:00:39.525160,343.2797917,82.1733889,-2.824123354110417,33.752492081430795,0.0836715507494076,False,negative,consistent_with_zero,41.272,9.484648,16.52,2.562739,long
Swift/BAT,sw00559075000bevshsp_uf.evt.gz,GRB130626A,2013-06-26T10:51:03.776680,273.3321667,-9.5861944,-10.764254342771045,677.8752416793433,0.0158794032897618,False,negative,consistent_with_zero,0.16,0.02884439,0.088,0.02912044,short
Swift/BAT,sw00559108000bevshsp_uf.evt.gz,,2013-06-26T21:08:48,171.522625095081,-60.6986578674133,-54088.96692569136,22.44442618847559,2409.906427167388,True,negative,significant_negative,,,,,unknown
Swift/BAT,sw00559132000bevshsp_uf.evt.gz,GRB130627A,2013-06-27T08:55:03.453140,184.4167917,-37.0863889,-31426.20549955951,27.326745143320924,1150.016415593518,True,negative,significant_negative,18.048,5.472988,7.44,4.593651,long
Swift/BAT,sw00559139000bevshsp_uf.evt.gz,GRB130627B,2013-06-27T12:00:50.652640,181.932229853194,-55.7299343575035,-14.748609708337009,93.07815995344136,0.1584540317053367,False,negative,consistent_with_zero,48.0,35.77709,32.0,16.0,long
Swift/BAT,sw00559221000bevshsp_uf.evt.gz,,2013-06-28T07:26:32,268.6057,-26.3312,-19709.022325339567,27.21728969371971,724.1361115352846,True,negative,significant_negative,,,,,unknown
Swift/BAT,sw00559482000bevshsp_uf.evt.gz,GRB130701A,2013-07-01T04:17:43.630460,357.2275,36.1002778,-2.4337803371607496,75.91809784095501,0.0320579730838279,False,negative,consistent_with_zero,4.38,0.2526341,2.324,0.1305986,long
Swift/BAT,sw00559642000bevshsp_uf.evt.gz,,2013-07-02T08:10:56,130.1979,-45.05911,40066.89832555273,36.69355239613333,1091.9329339662102,True,positive,significant_positive,,,,,unknown
Swift/BAT,sw00561974000bevshsp_uf.evt.gz,GRB130716A,2013-07-16T10:36:53.459220,179.5806,63.05114,0.5382769509909745,18.96718389744523,0.0283793816679068,False,positive,consistent_with_zero,87.672,19.90591,63.016,37.07167,long
Swift/BAT,sw00562625000bevshsp_uf.evt.gz,GRB130719A,2013-07-19T05:47:49.192320,89.0393291132065,-11.5845014417971,226945.79192801696,39.41295639729032,5758.151954914494,True,positive,significant_positive,146.968,22.65453,74.496,15.00098,long
Swift/BAT,sw00563213000bevshsp_uf.evt.gz,GRB130722A,2013-07-22T08:19:19.228240,260.653,-2.97288,636.2044060295194,316.42764023145446,2.010584175150315,True,positive,significant_positive,98.368,12.86089,35.356,0.8609204,long
Swift/BAT,sw00563980000bevshsp_uf.evt.gz,GRB130725A,2013-07-25T11:37:11.536020,230.0331667,0.6273889,1020.753651047132,22.337148141550344,45.69758165091728,True,positive,significant_positive,101.52,20.22616,51.648,25.06944,long
Swift/BAT,sw00564028000bevshsp_uf.evt.gz,GRB130725B,2013-07-25T17:39:27.599040,214.241,-11.1285833,-1.0349589018215652,55.60482866973577,0.0186127522839552,False,negative,consistent_with_zero,4.776,0.8550837,1.94,0.2862167,long
Swift/BAT,sw00564342000bevshsp_uf.evt.gz,GRB130727A,2013-07-27T16:45:19.527420,330.7992917,-65.5386944,0.5929929304455317,92.60704696502458,0.006403324043682,False,positive,consistent_with_zero,13.564,0.8034824,6.032,0.3624362,long
Swift/BAT,sw00565263000bevshsp_uf.evt.gz,GRB130803A,2013-08-03T10:02:52.493300,220.2537917,-2.4926944,21.67863282472312,54.324076900515,0.399061227757698,False,positive,consistent_with_zero,43.572,1.606636,3.28,1.294444,long
Swift/BAT,sw00565443000bevshsp_uf.evt.gz,,2013-08-05T02:09:20.639999,266.420152890557,-29.0043786636235,-0.9426166558535248,17.449660497405095,0.0540191974505005,False,negative,consistent_with_zero,,,,,unknown
Swift/BAT,sw00565562000bevshsp_uf.evt.gz,GRB130806A,2013-08-06T02:51:33.954800,35.9282917,67.5322778,-1.4555247610457291,22.176610463581717,0.0656333285664183,False,negative,consistent_with_zero,5.78,0.4116115,1.376,3.050857,long
Swift/BAT,sw00565651000bevshsp_uf.evt.gz,GRB130807A,2013-08-07T10:25:43.293700,269.801145760052,-27.6125375193907,5.200694179555445,30.25768335827946,0.1718801177860951,False,positive,consistent_with_zero,293.04,26.61044,191.74,14.374,long
Swift/BAT,sw00566228000bevshsp_uf.evt.gz,GRB130812A,2013-08-12T22:22:52.584320,92.395375,-13.2873889,5.423172588072585,29.350275237202776,0.1847741646115288,False,positive,consistent_with_zero,7.628,0.5464943,5.604,0.2265568,long
Swift/BAT,sw00566545000bevshsp_uf.evt.gz,GRB130816A,2013-08-16T01:46:55.708120,197.139875,-58.945,2.017088087409344,18.97650875235017,0.1062939507858385,False,positive,consistent_with_zero,29.976,1.356997,17.028,14.6265,long
Swift/BAT,sw00566561000bevshsp_uf.evt.gz,GRB130816B,2013-08-16T04:53:38.587620,170.0165833,-57.5571944,-1.8753081222263184,21.43190009928825,0.0875007868429079,False,negative,consistent_with_zero,8.676,2.34176,2.604,0.6697134,long
Swift/BAT,sw00567163000bevshsp_uf.evt.gz,GRB130822A,2013-08-22T15:54:17.270440,27.9217917,-3.2083889,-6.747358932289492,17.540096131250596,0.3846819813186742,False,negative,consistent_with_zero,0.04399997,0.01131373,0.01999992,0.01131373,short
Swift/BAT,sw00567383000bevshsp_uf.evt.gz,,2013-08-24T23:21:12,288.7999,10.94527,2.0981760255517234,25.505768573305303,0.0822628033937273,False,positive,consistent_with_zero,,,,,unknown
Swift/BAT,sw00568417000bevshsp_uf.evt.gz,GRB130829A,2013-08-29T05:43:33.032660,182.436503188924,46.5315062760872,-0.2068935236331689,28.125395830050238,0.0073561106440363,False,negative,consistent_with_zero,51.884,8.18045,20.828,5.367244,long
Swift/BAT,sw00568849000bevshsp_uf.evt.gz,GRB130831A,2013-08-31T13:04:16.543620,358.6245,29.4295,4.371867605938737,92.50624586424766,0.0472602424311373,False,positive,consistent_with_zero,30.192,2.326272,7.992,0.5892504,long
Swift/BAT,sw00568855000bevshsp_uf.evt.gz,GRB130831B,2013-08-31T13:48:19.679500,192.4195833,-29.1834722,-11.972760739533085,26.01973134054781,0.4601415972683527,False,negative,consistent_with_zero,37.584,9.546102,7.824,9.280469,long
Swift/BAT,sw00569022000bevshsp_uf.evt.gz,,2013-09-01T09:13:28,263.6018,-30.39612,-6.554835738679034,20.20427361139085,0.3244281811241916,False,negative,consistent_with_zero,,,,,unknown
Swift/BAT,sw00569992000bevshsp_uf.evt.gz,GRB130907A,2013-09-07T21:41:13.086760,215.8917917,45.6075,12.927906440825357,303.1851764911916,0.0426402985477126,False,positive,consistent_with_zero,364.368,5.447201,59.692,0.3238271,long
Swift/BAT,sw00570069000bevshsp_uf.evt.gz,,2013-09-08T16:40:00,326.1682,38.31945,1.6442261234637772,20.11744548293752,0.0817313572370963,False,positive,consistent_with_zero,,,,,unknown
Swift/BAT,sw00570402000bevshsp_uf.evt.gz,,2013-09-11T16:00:00,268.6068,-26.33161,-3.5669041503469896,19.837250441188413,0.1798083943599848,False,negative,consistent_with_zero,,,,,unknown
Swift/BAT,sw00570465000bevshsp_uf.evt.gz,GRB130912A,2013-09-12T08:34:57.933280,47.5922917,13.9963889,4.622081079523337,15.0163121952044,0.3078040080306429,False,positive,consistent_with_zero,0.2839999,0.02884447,0.2079999,0.02683279,short
Swift/BAT,sw00571067000bevshsp_uf.evt.gz,,2013-09-17T14:41:28,250.431916298687,-45.5685152025817,214934.0283708004,118.93269775656374,1807.1903893976744,True,positive,significant_positive,,,,,unknown
Swift/BAT,sw00571271000bevshsp_uf.evt.gz,GRB130919A,2013-09-19T11:07:24.949420,207.28832904434,-10.3555440490979,-5.773953215773577,73.1044869826019,0.0789822000549394,False,negative,consistent_with_zero,99.684,26.02806,45.256,6.260751,long
Swift/BAT,sw00571830000bevshsp_uf.evt.gz,GRB130925A,2013-09-25T04:11:24.926960,41.176875,-26.1524722,8.108420513249035,89.67475620781146,0.0904203240258457,False,positive,consistent_with_zero,160.296,3.390408,83.396,2.232308,long
Swift/BAT,sw00572308000bevshsp_uf.evt.gz,GRB130929A,2013-09-29T09:36:33.134240,135.0240833,-47.5605833,4.746404869856896,75.58781692327454,0.0627932524453608,False,positive,consistent_with_zero,12.24,4.059281,4.048,1.116709,long
Swift/BAT,sw00572489000bevshsp_uf.evt.gz,,2013-09-30T19:09:44,190.660904661931,-35.5024551831994,7.468691362192239,19.847942028524606,0.376295504665348,False,positive,consistent_with_zero,,,,,unknown
Swift/BAT,sw00572721000bevshsp_uf.evt.gz,GRB131002A,2013-10-02T06:54:21.282820,253.2161667,82.0545,-0.8967044156153909,22.95544701207446,0.0390628165569474,False,negative,consistent_with_zero,56.528,4.10831,4.688,32.11733,long
Swift/BAT,sw00572742000bevshsp_uf.evt.gz,GRB131002B,2013-10-02T10:54:28.514160,75.12137,-75.70171,-7.626860101266604,379.0133310673197,0.0201229336176355,False,negative,consistent_with_zero,52.0,11.18034,17.0,5.385165,long
Swift/BAT,sw00573190000bevshsp_uf.evt.gz,GRB131004A,2013-10-04T21:41:03.688480,296.1131667,-2.9587778,4.279858066109493,21.80038419294941,0.1963203046436983,False,positive,consistent_with_zero,1.536,0.3263372,0.512,0.09050968,short
Swift/BAT,sw00573217000bevshsp_uf.evt.gz,,2013-10-05T00:36:48,297.3968,30.20583,-3.724612474350353,678.639232426832,0.0054883541893548,False,negative,consistent_with_zero,,,,,unknown
Swift/BAT,sw00573667000bevshsp_uf.evt.gz,,2013-10-08T00:57:52,297.3988,30.21062,-39290.48469821864,22.2011491848615,1769.7500418136017,True,negative,significant_negative,,,,,unknown
Swift/BAT,sw00574266000bevshsp_uf.evt.gz,,2013-10-11T22:17:09.375999,42.2859901141018,7.4399243641511,12.962475621945917,37.369581395621225,0.3468723795622926,False,positive,consistent_with_zero,,,,,unknown
Swift/BAT,sw00574935000bevshsp_uf.evt.gz,GRB131018A,2013-10-18T12:47:48.834540,98.470875,-19.8976944,1.9404143398388416,47.69287408226974,0.0406856239464966,False,positive,consistent_with_zero,73.216,18.97341,31.296,5.213938,long
Swift/BAT,sw00575650000bevshsp_uf.evt.gz,,2013-10-24T04:15:04,244.890634646078,-15.8224568476094,7.48587038480464,19.42164255939012,0.3854396126338612,False,positive,consistent_with_zero,,,,,unknown
Swift/BAT,sw00575707000bevshsp_uf.evt.gz,GRB131024A,2013-10-24T12:26:20.810860,290.4797917,-64.6028889,0.0957047107099728,35.88072294946526,0.0026673016272488,False,positive,consistent_with_zero,112.0,35.77709,64.0,16.0,long
Swift/BAT,sw00575754000bevshsp_uf.evt.gz,GRB131024B,2013-10-24T21:35:31.401340,144.5037917,44.271,1.5341279520900364,26.69587744898496,0.0574668487680058,False,positive,consistent_with_zero,96.816,27.40645,41.024,13.32432,long
Swift/BAT,sw00575887000bevshsp_uf.evt.gz,,2013-10-26T00:56:16,244.936151936891,-15.6963837179423,9.36246021051998,19.07928637526717,0.490713333107506,False,positive,consistent_with_zero,,,,,unknown
Swift/BAT,sw00575905000bevshsp_uf.evt.gz,,2013-10-26T06:39:44,15.5467628551536,32.4869557018026,-2.412470897740496,21.40727195726914,0.1126939902737727,False,negative,consistent_with_zero,,,,,unknown
Swift/BAT,sw00576064000bevshsp_uf.evt.gz,,2013-10-28T05:44:00,188.909392716996,27.8497765907533,-5.5198205091616845,18.135930266875658,0.3043582781768494,False,negative,consistent_with_zero,,,,,unknown
Swift/BAT,sw00576238000bevshsp_uf.evt.gz,GRB131030A,2013-10-30T20:56:18.801700,345.0671667,-5.368,125.40433412219218,445.4421816684372,0.2815277476696994,False,positive,consistent_with_zero,39.424,3.674833,8.408,0.2325511,long
Swift/BAT,sw00576562000bevshsp_uf.evt.gz,GRB131103A,2013-11-03T22:07:25.793680,348.9214583,-44.6382778,-2.851594972724453,33.39974453607509,0.0853777480137443,False,negative,consistent_with_zero,15.208,3.034674,6.24,2.161736,long
Swift/BAT,sw00576738000bevshsp_uf.evt.gz,GRB131105A,2013-11-05T02:04:44.765060,70.9671667,-62.9953889,-7.581985764485363,52.091632819589606,0.1455509331171143,False,negative,consistent_with_zero,112.208,4.102308,73.696,1.87446,long
Swift/BAT,sw00577968000bevshsp_uf.evt.gz,GRB131117A,2013-11-17T00:34:04.717400,332.331,-31.7621944,1.8426724523560631,24.36579574631608,0.0756253754870559,False,positive,consistent_with_zero,10.88,2.811633,4.16,1.176626,long
Swift/BAT,sw00578175000bevshsp_uf.evt.gz,,2013-11-19T20:27:12,135.6178,-40.50223,11844.500217244504,31.678124234210117,373.9015646782927,True,positive,significant_positive,,,,,unknown
Swift/BAT,sw00578227000bevshsp_uf.evt.gz,GRB131120A,2013-11-20T14:37:56.703060,278.921458952195,-11.9973317222608,-6.014389036801013,17.851076602801882,0.3369202413179383,False,negative,consistent_with_zero,130.432,21.30318,92.608,16.53778,long
Swift/BAT,sw00578553000bevshsp_uf.evt.gz,,2013-11-24T07:50:08,166.094191118335,-23.2735973193784,-4.567883730201319,69.24065984565978,0.0659711178429454,False,negative,consistent_with_zero,,,,,unknown
Swift/BAT,sw00579571000bevshsp_uf.evt.gz,GRB131127A,2013-11-27T10:11:35.555860,332.7292917,36.6096944,-13.431596828936806,22.78289271987207,0.5895474729256517,False,negative,consistent_with_zero,94.972,15.13601,26.188,4.046027,long
Swift/BAT,sw00579683000bevshsp_uf.evt.gz,GRB131128A,2013-11-28T15:06:24.575040,355.308375,31.3056944,1.490008325236709,21.60777349146336,0.0689570503793632,False,positive,consistent_with_zero,3.0,1.414214,1.0,1.0,long
Swift/BAT,sw00579975000bevshsp_uf.evt.gz,,2013-12-02T12:40:52.16,135.5256,-40.55264,-178694.32612838713,59.46814802942229,3004.8745765544413,True,negative,significant_negative,,,,,unknown
Swift/BAT,sw00579982000bevshsp_uf.evt.gz,GRB131202A,2013-12-02T15:12:09.327060,344.053875,-21.6626944,1.4948328445039116,26.7760086758164,0.0558273214877621,False,positive,consistent_with_zero,30.196,8.794466,12.764,5.840155,long
Swift/BAT,sw00580267000bevshsp_uf.evt.gz,GRB131205A,2013-12-05T09:18:38.948060,131.608992800002,-60.1740032566644,-121.97012172017064,33.0402674199986,3.6915597616000113,True,negative,significant_negative,20.344,0.9385947,18.908,18.85421,long
Swift/BAT,sw00580319000bevshsp_uf.evt.gz,,2013-12-05T17:58:32,274.547410071161,-13.9457693763322,3.290431934121902,449.0231536591552,0.0073279783176161,False,positive,consistent_with_zero,,,,,unknown
Swift/BAT,sw00581129000bevshsp_uf.evt.gz,,2013-12-15T03:26:54.399999,178.341830838294,47.9423038496901,8190.601910643508,24.83942348825429,329.7420294201499,True,positive,significant_positive,,,,,unknown
Swift/BAT,sw00582123000bevshsp_uf.evt.gz,GRB131226A,2013-12-26T05:47:39.664000,301.307357529942,-64.9622775984442,11.157711485945082,83.06870895007533,0.1343190670346269,False,positive,consistent_with_zero,7.228,0.156205,2.976,0.09208692,long
Swift/BAT,sw00582184000bevshsp_uf.evt.gz,GRB131227A,2013-12-27T04:44:51.212140,67.37994,28.88234,7.918338865813059,30.39652492994129,0.2605014515331425,False,positive,consistent_with_zero,17.988,1.550974,10.42,1.681875,long
Swift/BAT,sw00582374000bevshsp_uf.evt.gz,GRB131229A,2013-12-29T06:39:24.163760,85.23277,-4.396208,12.791007017760917,76.70513935539995,0.1667555410921816,False,positive,consistent_with_zero,48.0,16.0,16.0,16.0,long
Swift/BAT,sw00059024002bevshsp_uf.evt.gz,,2014-01-23T03:33:01,54.13,11.710139,-1.6639685081424302,16.067553624022356,0.1035607876020812,False,negative,consistent_with_zero,,,,,unknown
Swift/BAT,sw00582760000bevshsp_uf.evt.gz,GRB140102A,2014-01-02T21:17:37.841180,211.9192917,1.3331944,11.705337873945886,67.84480780957539,0.1725310786759106,False,positive,consistent_with_zero,55.08,15.41812,2.248,0.1162756,long
Swift/BAT,sw00582773000bevshsp_uf.evt.gz,GRB140103A,2014-01-03T00:30:43.312640,232.130810843826,37.7494585196999,-1.894303339726508,21.574459143329847,0.087803051151443,False,negative,consistent_with_zero,17.344,1.909304,4.608,1.69086,long
Swift/BAT,sw00582894000bevshsp_uf.evt.gz,,2014-01-04T14:19:28,54.19617,0.5870875,-67204.1980883494,19.775232453012716,3398.4024333484376,True,negative,significant_negative,,,,,unknown
Swift/BAT,sw00583105000bevshsp_uf.evt.gz,,2014-01-06T23:21:20,297.3972,30.21001,-1.69435339839807,20.758808290237056,0.0816209377103275,False,negative,consistent_with_zero,,,,,unknown
Swift/BAT,sw00583338000bevshsp_uf.evt.gz,GRB140108A,2014-01-08T17:18:42.521660,325.1131667,58.7440833,3.927137957394717,199.9054452211568,0.0196449774194499,False,positive,consistent_with_zero,95.232,3.224261,79.74,0.2774167,long
Swift/BAT,sw00583861000bevshsp_uf.evt.gz,GRB140114A,2014-01-14T11:57:40.482160,188.5212917,27.9512778,-18.242375792458017,95.14698568947688,0.1917283628090343,False,negative,consistent_with_zero,139.948,15.88016,52.784,3.212912,long
Swift/BAT,sw00584136000bevshsp_uf.evt.gz,GRB140118A,2014-01-18T01:32:02.739660,331.002867245394,-17.9476181313747,2.239957050153979,31.6757253845,0.0707152566504464,False,positive,consistent_with_zero,84.092,9.746598,23.212,16.20597,long
Swift/BAT,sw00584155000bevshsp_uf.evt.gz,,2014-01-18T08:39:31.199999,215.4047917,-61.6072778,-34109.72931065993,21.333978792259146,1598.8451869576415,True,negative,significant_negative,,,,,unknown
Swift/BAT,sw00584284000bevshsp_uf.evt.gz,,2014-01-19T20:11:28,266.135646072296,-28.7343346320723,-3657.1800207222777,21.03319625533151,173.8765699861357,True,negative,significant_negative,,,,,unknown
Swift/BAT,sw00585128000bevshsp_uf.evt.gz,GRB140129A,2014-01-29T03:23:59.430600,37.8907917,-1.5952778,-0.34402502139359,31.95615858733971,0.0107655311715058,False,negative,consistent_with_zero,3.0,1.414214,2.0,1.0,long
Swift/BAT,sw00585149000bevshsp_uf.evt.gz,GRB140129B,2014-01-29T12:51:09.445000,326.756875,26.2062778,-4.285782834707848,19.18241936097877,0.2234224345770516,False,negative,consistent_with_zero,1.36,0.2129413,0.8439999,0.2336494,short
Swift/BAT,sw00585834000bevshsp_uf.evt.gz,GRB140206A,2014-02-06T07:17:20.165420,145.3342917,66.7606944,52.55087451864693,282.96743810153254,0.1857135042505878,False,positive,consistent_with_zero,94.188,18.36108,11.384,19.64622,long
Swift/BAT,sw00586071000bevshsp_uf.evt.gz,GRB140209A,2014-02-09T07:30:57.881180,81.3347420112946,32.477013277617,40.52150001250904,31.2766976804938,1.2955811520274696,False,positive,consistent_with_zero,20.432,9.627082,0.5920001,0.0815843,long
Swift/BAT,sw00586289000bevshsp_uf.evt.gz,GRB140211A,2014-02-11T12:23:03.824220,124.230447244537,20.2436200277782,7.424537713611357,67.18795180713656,0.1105040042733188,False,positive,consistent_with_zero,109.532,26.24938,48.24,6.602012,long
Swift/BAT,sw00586363000bevshsp_uf.evt.gz,,2014-02-11T22:25:00.736,266.141,-28.73762,2.9898287144713347,22.685574453843387,0.1317942695502162,False,positive,consistent_with_zero,,,,,unknown
Swift/BAT,sw00586480000bevshsp_uf.evt.gz,,2014-02-12T17:15:44,266.1353,-28.73995,-16442.568608233953,25.10924193506848,654.8412991022905,True,negative,significant_negative,,,,,unknown
Swift/BAT,sw00586482000bevshsp_uf.evt.gz,,2014-02-12T17:36:19.712,266.1383,-28.74074,-42824.132370176565,22.54301848720018,1899.662744565104,True,negative,significant_negative,,,,,unknown
Swift/BAT,sw00586569000bevshsp_uf.evt.gz,GRB140213A,2014-02-13T19:21:37.734900,105.1544583,-73.137,-3.2613790841730674,143.16026596149604,0.0227813147891904,False,negative,consistent_with_zero,59.932,2.707028,6.504,0.2649679,long
Swift/BAT,sw00586680000bevshsp_uf.evt.gz,GRB140215A,2014-02-15T04:07:10.273340,104.1491667,41.7864722,-6.862318856147846,113.97249018929796,0.0602103090381736,False,negative,consistent_with_zero,25.632,5.641815,8.784,0.8408758,long
Swift/BAT,sw00586863000bevshsp_uf.evt.gz,,2014-02-17T14:09:01.759999,266.1382,-28.74114,-80504.232466276,33.428426573579934,2408.2567059827547,True,negative,significant_negative,,,,,unknown
Swift/BAT,sw00586998000bevshsp_uf.evt.gz,,2014-02-18T00:10:36.223999,266.1398,-28.74053,-58303.67868103895,26.77250311045253,2177.744771958809,True,negative,significant_negative,,,,,unknown
Swift/BAT,sw00589505000bevshsp_uf.evt.gz,,2014-02-28T23:51:12,266.1378,-28.7402,0.4101432345353445,476.66332400134246,0.0008604463861251,False,positive,consistent_with_zero,,,,,unknown
Swift/BAT,sw00589512000bevshsp_uf.evt.gz,,2014-03-01T01:27:28,266.1371,-28.74009,16.656439364676785,29.487356082532347,0.5648671694422848,False,positive,consistent_with_zero,,,,,unknown
Swift/BAT,sw00589590000bevshsp_uf.evt.gz,GRB140301A,2014-03-01T15:24:49.478320,69.558375,-34.2565,-3.6770317862400574,31.158166813346067,0.1180118139898097,False,negative,consistent_with_zero,27.804,8.388573,16.64,6.699799,long
Swift/BAT,sw00589685000bevshsp_uf.evt.gz,GRB140302A,2014-03-02T08:12:58.819460,253.8592917,-12.8787778,5.319705261785883,54.70174101057777,0.0972492861014643,False,positive,consistent_with_zero,98.724,11.40405,40.7,6.241297,long
Swift/BAT,sw00590206000bevshsp_uf.evt.gz,GRB140304A,2014-03-04T13:22:31.098380,30.6411667,33.4743889,4.012577374650991,37.90881993206384,0.1058481214092632,False,positive,consistent_with_zero,14.784,1.401371,9.176,0.8858894,long
Swift/BAT,sw00590310000bevshsp_uf.evt.gz,,2014-03-04T17:33:18.015999,266.1384,-28.74219,-239868.85271832097,47.71896818471058,5026.698225951504,True,negative,significant_negative,,,,,unknown
Swift/BAT,sw00590446000bevshsp_uf.evt.gz,GRB140305A,2014-03-05T15:00:20.662000,344.533063618552,15.4414554624558,-3.660906747160236,19.70460281000133,0.1857894210027971,False,negative,consistent_with_zero,20.304,5.354152,8.184,4.244734,long
Swift/BAT,sw00590503000bevshsp_uf.evt.gz,,2014-03-05T23:18:48.832,59.26841,-48.72899,-0.7750528969703012,255.70074302932383,0.0030310936440314,False,negative,consistent_with_zero,,,,,unknown
Swift/BAT,sw00591237000bevshsp_uf.evt.gz,,2014-03-10T21:05:12,283.2694,-8.708129,-57788.49462637089,21.60332000411601,2674.982114571308,True,negative,significant_negative,,,,,unknown
Swift/BAT,sw00591390000bevshsp_uf.evt.gz,GRB140311A,2014-03-11T21:05:16.252360,209.300638813478,0.611516972213103,-9.290764987977042,25.997446243294995,0.3573722165258145,False,negative,consistent_with_zero,70.48,7.5877,41.104,10.98534,long
Swift/BAT,sw00591392000bevshsp_uf.evt.gz,GRB140311B,2014-03-11T21:14:29.724340,252.3240833,52.7238889,-4.088238229952914,69.57587727766689,0.0587594205048593,False,negative,consistent_with_zero,129.6,1.6,70.4,1.6,long
Swift/BAT,sw00591551000bevshsp_uf.evt.gz,,2014-03-13T08:28:32,274.616869986968,-17.0460144184706,4.5859695635702655,16.96134881162749,0.2703776459350008,False,positive,consistent_with_zero,,,,,unknown
Swift/BAT,sw00592204000bevshsp_uf.evt.gz,GRB140318A,2014-03-18T00:09:07.971300,184.0907,20.20802,1.3674862566240795,29.06035177418684,0.0470567688667404,False,positive,consistent_with_zero,7.604,1.276033,4.756,1.665409,long
Swift/BAT,sw00592544000bevshsp_uf.evt.gz,GRB140320A,2014-03-20T02:12:45.946760,281.856830560698,-11.172835071369,138110.28921870978,34.99288909522446,3946.8101317063847,True,positive,significant_positive,0.512,0.2307553,0.192,0.1431084,short
Swift/BAT,sw00592558000bevshsp_uf.evt.gz,,2014-03-20T06:11:12,190.635960716797,11.5788935716526,-2.204617273780524,28.682872214775124,0.0768618030046824,False,negative,consistent_with_zero,,,,,unknown
Swift/BAT,sw00592916000bevshsp_uf.evt.gz,GRB140323A,2014-03-23T10:23:11.917100,356.9591667,-79.905,10.467740593760237,177.0065930268614,0.0591375745657774,False,positive,consistent_with_zero,106.488,3.256028,72.972,1.881633,long
Swift/BAT,sw00593433000bevshsp_uf.evt.gz,,2014-03-27T04:44:56,266.97936413303,-64.710707686308,3.072041118249863,18.01911200628029,0.1704879306582449,False,positive,consistent_with_zero,,,,,unknown
Swift/BAT,sw00593744000bevshsp_uf.evt.gz,,2014-03-29T15:18:56,24.7638912239798,-17.9613528389166,8.1528853448211,33.01195818617348,0.2469676381765139,False,positive,consistent_with_zero,,,,,unknown
Swift/BAT,sw00594081000bevshsp_uf.evt.gz,GRB140331A,2014-03-31T05:49:48.173160,134.8642917,2.7173889,-7229.803714053695,30.59131065595165,236.3352062735864,True,negative,significant_negative,209.656,32.75182,75.332,61.63665,long
Swift/BAT,sw00594286000bevshsp_uf.evt.gz,,2014-04-01T18:22:08,59.6402611501549,-44.4530102886671,2.613917235341014,17.798528930807645,0.1468614201489742,False,positive,consistent_with_zero,,,,,unknown
Swift/BAT,sw00595141000bevshsp_uf.evt.gz,GRB140408A,2014-04-08T13:15:54.794960,290.7161667,-12.5954722,-169858.6981617535,47.66101407595086,3563.8918192355886,True,negative,significant_negative,3.628,0.6061551,1.824,0.5798896,long
Swift/BAT,sw00595162000bevshsp_uf.evt.gz,,2014-04-08T17:21:52,113.599147353267,-50.4076924518858,6.346543287984993,17.659473097487542,0.3593846346915034,False,positive,consistent_with_zero,,,,,unknown
Swift/BAT,sw00595345000bevshsp_uf.evt.gz,,2014-04-10T17:20:40,187.132260568424,3.47989197156627,21782.302570763608,26.77397911400489,813.562394966154,True,positive,significant_positive,,,,,unknown
Swift/BAT,sw00595608000bevshsp_uf.evt.gz,GRB140412A,2014-04-12T22:20:49.752900,144.9712917,-65.8225,-0.4508901273694359,32.540061448843296,0.0138564620745503,False,negative,consistent_with_zero,48.0,22.62742,16.0,16.0,long
Swift/BAT,sw00595616000bevshsp_uf.evt.gz,GRB140413A,2014-04-13T00:09:40.120580,65.45445,-51.18312,0.1452749957169076,82.00805410349807,0.0017714722938501,False,positive,consistent_with_zero,132.976,14.36711,61.12,6.699894,long
Swift/BAT,sw00596426000bevshsp_uf.evt.gz,GRB140419A,2014-04-19T04:06:51.071220,126.9896667,46.2402778,5.322639762802285,218.35953997733787,0.0243755769193994,False,positive,consistent_with_zero,80.076,3.775044,38.804,0.8498941,long
Swift/BAT,sw00596641000bevshsp_uf.evt.gz,,2014-04-21T00:37:36,336.363285424354,3.63626678930699,11765.329680161114,21.61888667631422,544.2153361695207,True,positive,significant_positive,,,,,unknown
Swift/BAT,sw00596901000bevshsp_uf.evt.gz,GRB140423A,2014-04-23T08:31:53.262020,197.2896667,49.8422778,0.7199073444749151,100.88675442162736,0.0071357964541734,False,positive,consistent_with_zero,134.144,23.10331,53.824,2.911121,long
Swift/BAT,sw00596958000bevshsp_uf.evt.gz,,2014-04-23T21:07:20,202.9436,29.27636,-6.77775370094303,24.771751713003145,0.2736081718994972,False,negative,consistent_with_zero,,,,,unknown
Swift/BAT,sw00597320000bevshsp_uf.evt.gz,,2014-04-27T08:21:12,266.1386,-28.74031,-0.9549308688994442,20.61939705384115,0.0463122595877046,False,negative,consistent_with_zero,,,,,unknown
Swift/BAT,sw00597519000bevshsp_uf.evt.gz,GRB140428A,2014-04-28T22:40:50.007020,194.30789595948,28.3219605402312,1.9638409627581328,27.056043069255168,0.0725841897032505,False,positive,consistent_with_zero,17.424,5.897145,8.176,2.67455,long
Swift/BAT,sw00597570000bevshsp_uf.evt.gz,,2014-04-29T13:13:40.16,272.159291950148,-20.4036481092704,2.142129295284456,14.586937344865978,0.1468525739598381,False,positive,consistent_with_zero,,,,,unknown
Swift/BAT,sw00597722000bevshsp_uf.evt.gz,GRB140430A,2014-04-30T20:33:36.527160,102.9357917,23.0235833,-8.294408032320417,64.31126768690298,0.1289728585774647,False,negative,consistent_with_zero,173.588,3.70742,151.608,8.964039,long
Swift/BAT,sw00597841000bevshsp_uf.evt.gz,GRB140502A,2014-05-02T08:30:20.489000,319.1875,48.9700833,1.9978756912287627,25.529463455981755,0.0782576451194725,False,positive,consistent_with_zero,15.12,1.888115,7.132,1.162955,long
Swift/BAT,sw00597860000bevshsp_uf.evt.gz,,2014-05-02T14:14:08,199.68129915543,-35.6309687712649,-7.087494059705005,26.07741752671725,0.271786654197779,False,negative,consistent_with_zero,,,,,unknown
Swift/BAT,sw00598284000bevshsp_uf.evt.gz,GRB140506A,2014-05-06T21:07:36.822400,276.7749583,-55.6356944,1.855555300255442,53.203713942262674,0.0348764242712287,False,positive,consistent_with_zero,111.104,9.546715,60.356,6.51707,long
Swift/BAT,sw00598497000bevshsp_uf.evt.gz,GRB140509A,2014-05-09T02:22:13.613280,46.5944583,-62.6392778,3.9412208702552634,16.184382758305556,0.2435199988231057,False,positive,consistent_with_zero,23.216,5.171157,9.12,2.60171,long
Swift/BAT,sw00598819000bevshsp_uf.evt.gz,GRB140512A,2014-05-12T19:31:49.213860,289.369875,-15.0941944,12.342919156212057,198.90398320342112,0.0620546605323073,False,positive,consistent_with_zero,154.112,4.652795,87.008,39.49645,long
Swift/BAT,sw00599037000bevshsp_uf.evt.gz,GRB140515A,2014-05-15T09:12:36.691200,186.0637917,15.1042778,2.826260247285861,20.425834420342717,0.1383669420364586,False,positive,consistent_with_zero,23.416,2.036035,7.968,5.359538,long
Swift/BAT,sw00599041000bevshsp_uf.evt.gz,,2014-05-15T09:52:56,252.039389922467,-45.200136287036,14.020388338947264,555.3430294046079,0.0252463569300198,False,positive,consistent_with_zero,,,,,unknown
Swift/BAT,sw00599188000bevshsp_uf.evt.gz,GRB140516A,2014-05-16T20:30:54.797080,252.989,39.9625833,3.739181585250615,19.53839374687218,0.1913760994733359,False,positive,consistent_with_zero,0.256,0.1431083,0.06400001,0.09050968,short
Swift/BAT,sw00599287000bevshsp_uf.evt.gz,GRB140518A,2014-05-18T09:17:46.630720,227.252,42.41741,9.422719213486474,33.446341620134795,0.2817264536882554,False,positive,consistent_with_zero,60.524,2.482379,48.404,3.518671,long
Swift/BAT,sw00599546000bevshsp_uf.evt.gz,GRB140521A,2014-05-21T17:34:18.488820,320.012929795079,67.6017447960794,-1.0092740050885651,28.6716409328927,0.0352011246043021,False,negative,consistent_with_zero,9.876,1.092381,5.42,0.604053,long
Swift/BAT,sw00599860000bevshsp_uf.evt.gz,,2014-05-24T13:26:00,53.405124688329,-36.0963504806705,-3.4299090169089275,28.160617994953427,0.1217980733776364,False,negative,consistent_with_zero,,,,,unknown
Swift/BAT,sw00599954000bevshsp_uf.evt.gz,,2014-05-25T22:26:00,268.605,-26.33222,-6.020197626537836,815.2723727572428,0.007384277730616,False,negative,consistent_with_zero,,,,,unknown
Swift/BAT,sw00600114000bevshsp_uf.evt.gz,,2014-05-27T21:24:40,10.4023587912387,41.5564938016988,1.29034151549904,22.15118724908222,0.0582515736510918,False,positive,consistent_with_zero,,,,,unknown
Swift/BAT,sw00600914000bevshsp_uf.evt.gz,,2014-06-05T23:07:04,29.3933238102915,44.9767806908176,-80586.57146193997,24.7852509972342,3251.3921876737368,True,negative,significant_negative,,,,,unknown
Swift/BAT,sw00600951000bevshsp_uf.evt.gz,GRB140606A,2014-06-06T10:58:13.495520,201.807613565882,37.5788694571298,-5.63670034621096,18.63099975217957,0.3025441694588366,False,negative,consistent_with_zero,0.34,0.09440341,0.128,0.09507892,short
Swift/BAT,sw00601051000bevshsp_uf.evt.gz,GRB140607A,2014-06-07T17:13:31.890280,86.3799003443427,18.9168424555503,-1.2343781004861416,25.902970687625853,0.0476539202924635,False,negative,consistent_with_zero,94.768,16.23545,47.072,16.52174,long
Swift/BAT,sw00601259000bevshsp_uf.evt.gz,GRB140610A,2014-06-10T16:31:29.445940,286.2682917,3.9070833,-0.906023492656428,181.9016159828619,0.0049808435607399,False,negative,consistent_with_zero,93.252,3.352321,54.868,2.059592,long
Swift/BAT,sw00601646000bevshsp_uf.evt.gz,GRB140614A,2014-06-14T01:04:59.863980,231.1722917,-79.129,27778.41066385511,20.330470499920484,1366.3437186052215,True,positive,significant_positive,77.392,15.89091,37.24,10.03197,long
Swift/BAT,sw00601662000bevshsp_uf.evt.gz,GRB140614B,2014-06-14T06:38:11.799000,322.6312917,14.9297778,4.939643353316115,22.95037381634005,0.2152314987479298,False,positive,consistent_with_zero,49.872,7.994274,24.252,8.854752,long
Swift/BAT,sw00601928000bevshsp_uf.evt.gz,,2014-06-17T06:37:44,324.8793,56.98661,2.0809686304080124,19.198101857807664,0.1083944988843626,False,positive,consistent_with_zero,,,,,unknown
Swift/BAT,sw00602080000bevshsp_uf.evt.gz,GRB140619A,2014-06-19T11:38:35.841160,27.1077917,-39.2592778,-1.8680944914540236,384.5696189844789,0.0048576236895338,False,negative,consistent_with_zero,233.048,13.54655,66.204,2.150118,long
Swift/BAT,sw00602278000bevshsp_uf.evt.gz,GRB140622A,2014-06-22T09:36:04.716920,317.173,-14.4191944,4.18784105060332,18.9807256677696,0.2206365090516283,False,positive,consistent_with_zero,0.132,0.03577711,0.05199999,0.03417601,short
Swift/BAT,sw00602604000bevshsp_uf.evt.gz,GRB140626A,2014-06-26T00:33:01.797720,77.3751667,-82.632,5.454173746155726,21.06001078541493,0.2589824763970683,False,positive,consistent_with_zero,16.16,1.234162,8.992,2.407383,long
Swift/BAT,sw00602668000bevshsp_uf.evt.gz,,2014-06-26T15:27:52,183.900321502936,6.46779079524877,46146.36540671586,22.67129226690213,2035.4536858088609,True,positive,significant_positive,,,,,unknown
Swift/BAT,sw00602803000bevshsp_uf.evt.gz,GRB140628A,2014-06-28T13:35:37.371060,40.6610673055839,-0.366404468200361,-1.5903152610794302,101.00913538875506,0.0157442715944331,False,negative,consistent_with_zero,10.54,0.8737689,4.932,0.6161169,long
Swift/BAT,sw00602884000bevshsp_uf.evt.gz,GRB140629A,2014-06-29T14:17:30.326760,248.976875,41.8767778,-3.911662489258056,48.90908524686331,0.0799782385933894,False,negative,consistent_with_zero,38.272,11.62265,11.648,2.48531,long
Swift/BAT,sw00603243000bevshsp_uf.evt.gz,GRB140703A,2014-07-03T00:37:17.064400,12.99589,45.10152,2.914047845444699,43.42453420326354,0.0671060242535818,False,positive,consistent_with_zero,68.644,66.45644,25.128,9.052439,long
Swift/BAT,sw00603488000bevshsp_uf.evt.gz,,2014-07-05T09:33:00.8,293.732,21.8972778,1.9019856089325016,12.34873435375846,0.1540227163728413,False,positive,consistent_with_zero,,,,,unknown
Swift/BAT,sw00603587000bevshsp_uf.evt.gz,GRB140706A,2014-07-06T19:33:33.176540,49.2931667,-38.0521944,5.810769114551396,51.857491529738375,0.1120526454932578,False,positive,consistent_with_zero,47.844,3.941705,29.536,1.158074,long
Swift/BAT,sw00603810000bevshsp_uf.evt.gz,GRB140709A,2014-07-09T01:13:41.167180,304.6639583,51.2228889,1.5611485031277974,101.2290069907687,0.0154219482096684,False,positive,consistent_with_zero,105.192,7.385089,24.632,1.785116,long
Swift/BAT,sw00603866000bevshsp_uf.evt.gz,GRB140709B,2014-07-09T15:15:45.004740,146.0551667,63.529,-6.2108813330026935,90.18590879216352,0.0688675361393305,False,negative,consistent_with_zero,156.732,26.22964,93.044,4.5027,long
Swift/BAT,sw00603954000bevshsp_uf.evt.gz,GRB140710A,2014-07-10T10:16:40.041420,41.0676667,35.4993889,-8.497587915542288,24.68992806884692,0.3441722426994153,False,negative,consistent_with_zero,3.0,2.236068,1.0,1.0,long
Swift/BAT,sw00604111000bevshsp_uf.evt.gz,,2014-07-12T02:58:42.944,355.2459,-62.81775,-5.783265813227967,835.5401726133293,0.0069215891740304,False,negative,consistent_with_zero,,,,,unknown
Swift/BAT,sw00604232000bevshsp_uf.evt.gz,GRB140713A,2014-07-13T18:43:45.115400,281.1051667,59.6331944,9.269055127378117,27.75012724733124,0.3340184729520305,False,positive,consistent_with_zero,6.016,0.728066,3.42,0.70014,long
Swift/BAT,sw00604675000bevshsp_uf.evt.gz,,2014-07-15T21:14:24,51.64748,28.71443,-1606.1213885400257,23.2049310949981,69.21465881388592,True,negative,significant_negative,,,,,unknown
Swift/BAT,sw00605612000bevshsp_uf.evt.gz,GRB140719A,2014-07-19T05:53:55.204500,171.6016667,-50.1346944,0.9136204994827786,19.074249654965183,0.0478981095460788,False,positive,consistent_with_zero,48.0,22.62742,16.0,16.0,long
Swift/BAT,sw00605700000bevshsp_uf.evt.gz,GRB140719B,2014-07-19T20:49:35.681860,39.7382664338233,-2.37796842981903,8.542974952882995,30.219932736789517,0.2826933807990526,False,positive,consistent_with_zero,54.0,12.53994,17.0,7.28011,long
Swift/BAT,sw00607399000bevshsp_uf.evt.gz,,2014-07-29T02:41:36,272.172118721435,-20.4373566980691,0.1264963155698792,14.117487058550315,0.0089602572359551,False,positive,consistent_with_zero,,,,,unknown
Swift/BAT,sw00607506000bevshsp_uf.evt.gz,,2014-07-29T19:54:40,150.766349571682,-26.0278547178017,-0.1527434158627023,395.786446422332,0.0003859238163494,False,negative,consistent_with_zero,,,,,unknown
Swift/BAT,sw00607742000bevshsp_uf.evt.gz,GRB140730A,2014-07-30T19:43:51.315580,56.3981667,-66.5455,-1.2489635109723949,23.75430170188721,0.0525784140761825,False,negative,consistent_with_zero,40.896,3.37763,19.072,14.23651,long
Swift/BAT,sw00607945000bevshsp_uf.evt.gz,,2014-08-01T12:03:04,124.350137358482,-27.3324846783609,-4.582076120793308,16.824922247695078,0.2723386208468825,False,negative,consistent_with_zero,,,,,unknown
Swift/BAT,sw00609139000bevshsp_uf.evt.gz,,2014-08-10T13:42:24,282.0701667,-2.4236944,-0.3844543277339289,760.3537582245604,0.0005056256033134,False,negative,consistent_with_zero,,,,,unknown
Swift/BAT,sw00609694000bevshsp_uf.evt.gz,,2014-08-16T18:34:24,244.997959508782,-59.3895563984315,-5.046095423634615,48.72132348600991,0.1035705736746575,False,negative,consistent_with_zero,,,,,unknown
Swift/BAT,sw00609736000bevshsp_uf.evt.gz,GRB140817A,2014-08-17T07:02:01.353900,127.2645833,58.1900833,24.37243013361484,70.02309693979888,0.3480627278534768,False,positive,consistent_with_zero,258.344,17.06827,215.052,2.336921,long
Swift/BAT,sw00609878000bevshsp_uf.evt.gz,,2014-08-18T17:10:16,258.1547,-37.64442,15.69812576999138,911.918987683767,0.0172143863457256,False,positive,consistent_with_zero,,,,,unknown
Swift/BAT,sw00609879000bevshsp_uf.evt.gz,,2014-08-18T17:17:12,258.1518,-37.64463,7.372980282395487,729.765185778598,0.0101032228257492,False,positive,consistent_with_zero,,,,,unknown
Swift/BAT,sw00609885000bevshsp_uf.evt.gz,GRB140818B,2014-08-18T18:44:16.515620,271.135375,-1.3862778,5.0993676632985565,22.914638107737243,0.2225375604590818,False,positive,consistent_with_zero,31.552,16.04614,9.6,5.560639,long
Swift/BAT,sw00610501000bevshsp_uf.evt.gz,GRB140824A,2014-08-24T08:40:28.076080,206.6167917,33.2935,-17.75937340323065,24.265211427814325,0.7318862007884147,False,negative,consistent_with_zero,3.084,0.4906159,1.584,0.3320542,long
Swift/BAT,sw00610953000bevshsp_uf.evt.gz,GRB140828A,2014-08-28T06:54:14.043420,142.011386710826,14.5900409767357,-6.956588032682307,36.618480126135175,0.189974788924057,False,negative,consistent_with_zero,19.148,4.15047,6.972,1.236317,long
Swift/BAT,sw00611599000bevshsp_uf.evt.gz,GRB140903A,2014-09-03T15:00:30.220440,238.015875,27.6032778,11.634760475525772,12.742012375722553,0.9131022739935152,False,positive,consistent_with_zero,0.2959999,0.03417603,0.1399999,0.01788855,short
Swift/BAT,sw00611933000bevshsp_uf.evt.gz,GRB140907A,2014-09-07T16:07:08.847220,48.1456667,46.6047778,4.523770927545451,73.68289645566665,0.0613951289261179,False,positive,consistent_with_zero,80.0,35.77709,16.0,16.0,long
Swift/BAT,sw00612804000bevshsp_uf.evt.gz,GRB140916A,2014-09-16T10:43:47.465980,40.3996667,-39.6865,-2.8691759984485907,61.54139463538683,0.0466218878439064,False,negative,consistent_with_zero,68.976,9.45079,42.32,19.25551,long
Swift/BAT,sw00612974000bevshsp_uf.evt.gz,,2014-09-17T13:30:48,256.6459,23.9711,-6534.947886076639,37.67488978825681,173.45632390180393,True,negative,significant_negative,,,,,unknown
Swift/BAT,sw00613160000bevshsp_uf.evt.gz,GRB140919A,2014-09-19T15:15:15.516440,221.5371667,-32.176,-0.0918842056816118,41.98386209479124,0.0021885601061225,False,negative,consistent_with_zero,152.304,21.27984,67.664,10.0445,long
Swift/BAT,sw00613516000bevshsp_uf.evt.gz,,2014-09-24T01:36:08,135.4194,-40.47344,1.55115402412687,27.94521092950213,0.0555069714105931,False,positive,consistent_with_zero,,,,,unknown
Swift/BAT,sw00613581000bevshsp_uf.evt.gz,,2014-09-24T19:05:29.023999,135.499129971589,-40.5547432458479,-1.4637126541391383,19.67506741727609,0.0743942891323409,False,negative,consistent_with_zero,,,,,unknown
Swift/BAT,sw00613775000bevshsp_uf.evt.gz,GRB140927A,2014-09-27T05:15:11.388280,291.792375,-65.3925833,1.2372132073403612,108.12600608954676,0.0114423278181174,False,positive,consistent_with_zero,6.256,1.426034,3.828,1.439903,long
Swift/BAT,sw00614094000bevshsp_uf.evt.gz,GRB140930B,2014-09-30T19:41:42.028940,6.3477917,24.295,-2.819784596590694,23.41291056183911,0.1204371660303817,False,negative,consistent_with_zero,0.8439999,0.1198833,0.3839999,0.09879272,short
Swift/BAT,sw00614193000bevshsp_uf.evt.gz,,2014-10-02T04:44:56,161.6171667,-60.5642778,5.29411990066701,21.87625651758836,0.2420030088973666,False,positive,consistent_with_zero,,,,,unknown
Swift/BAT,sw00614390000bevshsp_uf.evt.gz,GRB141004A,2014-10-04T23:20:54.395160,76.733875,12.8197778,6.590910465583305,17.450152149223015,0.3776993122593932,False,positive,consistent_with_zero,3.924,1.11246,1.136,0.1736663,long
Swift/BAT,sw00614415000bevshsp_uf.evt.gz,GRB141005A,2014-10-05T05:13:06.554120,291.093,36.0948889,9.41283329629975,24.54525382951236,0.383488936870642,False,positive,consistent_with_zero,3.472,0.5902677,1.632,0.3683477,long
Swift/BAT,sw00614903000bevshsp_uf.evt.gz,,2014-10-10T15:04:32,268.6055,-26.32821,-17794.35198490169,44.43589536394944,400.449947934168,True,negative,significant_negative,,,,,unknown
Swift/BAT,sw00615399000bevshsp_uf.evt.gz,GRB141015A,2014-10-15T09:12:59.342640,87.5070360636474,18.3158336047902,-6.152087651982475,27.11040604593816,0.22692716743371,False,negative,consistent_with_zero,11.0,4.123106,5.0,2.236068,long
Swift/BAT,sw00615672000bevshsp_uf.evt.gz,GRB141017A,2014-10-17T18:25:28.004480,93.6284,-58.58361,44.03985202824881,446.33113653097655,0.0986708038577369,False,positive,consistent_with_zero,55.808,2.864162,4.024,0.286803,long
Swift/BAT,sw00615873000bevshsp_uf.evt.gz,GRB141020A,2014-10-20T07:48:39.289560,224.996375,55.3128889,-2.411776783169332,24.91995239990096,0.0967809546529839,False,negative,consistent_with_zero,14.896,2.165387,9.02,2.114427,long
Swift/BAT,sw00616061000bevshsp_uf.evt.gz,GRB141022A,2014-10-22T01:27:42.770160,241.8696667,-72.1252778,-14.55215865549274,69.86330316581505,0.2082947412456914,False,negative,consistent_with_zero,8.716,1.559595,4.792,1.5817,long
Swift/BAT,sw00616502000bevshsp_uf.evt.gz,GRB141026A,2014-10-26T02:36:51.296880,44.08397,26.9263,-6713.23147157991,37.42824765525879,179.36269775207282,True,negative,significant_negative,139.476,14.83812,72.768,12.45891,long
Swift/BAT,sw00617110000bevshsp_uf.evt.gz,GRB141031A,2014-10-31T07:18:26.698680,128.6080833,-59.1685,-120.41013859325746,31.6040318878296,3.809961305589817,True,negative,significant_negative,464.0,472.2711,448.0,930.892,long
Swift/BAT,sw00617149000bevshsp_uf.evt.gz,GRB141031B,2014-10-31T14:56:45.065320,356.9055,41.3518889,-2935.1645061581453,23.525994603344287,124.76261070555984,True,negative,significant_negative,15.624,2.554846,8.372,3.797655,long
Swift/BAT,sw00618024000bevshsp_uf.evt.gz,GRB141109A,2014-11-09T05:49:55.236180,144.5334,-0.6093352,-4.862074490208473,109.616429433428,0.0443553444984385,False,negative,consistent_with_zero,200.188,48.1482,48.344,11.39448,long
Swift/BAT,sw00618032000bevshsp_uf.evt.gz,GRB141109B,2014-11-09T07:47:39.235840,222.3032917,73.1305833,-4.288141212365614,27.5940236606528,0.1554010848544792,False,negative,consistent_with_zero,220.504,11.3443,48.892,111.7328,long
Swift/BAT,sw00618134000bevshsp_uf.evt.gz,,2014-11-10T03:44:08,135.603777938225,-40.3467837768642,137278.21866674037,22.665731473010787,6056.64188822692,True,positive,significant_positive,,,,,unknown
Swift/BAT,sw00618391000bevshsp_uf.evt.gz,,2014-11-12T04:22:08,244.919706335918,-15.8391561040742,-7.174773771757982,19.107318715522865,0.3754987226925338,False,negative,consistent_with_zero,,,,,unknown
Swift/BAT,sw00618402000bevshsp_uf.evt.gz,,2014-11-12T09:06:40,189.7926,15.3906,-4.515320123635001,20.83103267127813,0.2167593030498547,False,negative,consistent_with_zero,,,,,unknown
Swift/BAT,sw00618556000bevshsp_uf.evt.gz,,2014-11-14T07:32:16,271.716588039566,-24.585441998152,-4.866373029954047,632.9320869706042,0.0076886179894053,False,negative,consistent_with_zero,,,,,unknown
Swift/BAT,sw00618634000bevshsp_uf.evt.gz,,2014-11-14T21:11:25.12,135.5254,-40.55585,-9274.583809583512,26.25518709124486,353.24767549176005,True,negative,significant_negative,,,,,unknown
Swift/BAT,sw00618673000bevshsp_uf.evt.gz,,2014-11-15T09:10:48,233.023653384413,32.69382955479,19005.531753475025,23.441892236945996,810.750751746953,True,positive,significant_positive,,,,,unknown
Swift/BAT,sw00619182000bevshsp_uf.evt.gz,GRB141121A,2014-11-21T03:50:43.185060,122.67,22.21776,3.0819729000946445,24.69488497878307,0.1248020755206011,False,positive,consistent_with_zero,481.004,38.0626,146.884,210.3924,long
Swift/BAT,sw00620090000bevshsp_uf.evt.gz,GRB141130A,2014-11-30T23:10:56.070920,222.8216667,47.3185833,-1.404170400136994,26.194871138965343,0.0536047836497376,False,negative,consistent_with_zero,62.856,11.37204,26.552,2.804505,long
Swift/BAT,sw00621229000bevshsp_uf.evt.gz,GRB141212A,2014-12-12T12:14:01.076940,39.1245833,18.146,3.41407983707497,16.270449094748525,0.2098331654641852,False,positive,consistent_with_zero,0.288,0.09732416,0.08000004,0.03200001,short
Swift/BAT,sw00621234000bevshsp_uf.evt.gz,GRB141212B,2014-12-12T13:23:48.244720,250.868604999012,31.7493121278424,3.393225948237913,32.84769293114722,0.1033018043413438,False,positive,consistent_with_zero,10.508,0.6856238,2.248,0.5992128,long
Swift/BAT,sw00621278000bevshsp_uf.evt.gz,,2014-12-13T01:56:24,256.6412,23.97345,-12490.80918538118,23.35135614680421,534.907227950897,True,negative,significant_negative,,,,,unknown
Swift/BAT,sw00621915000bevshsp_uf.evt.gz,GRB141220A,2014-12-20T06:02:52.659420,195.0676667,32.1315833,-0.0598718557318588,33.82273655178221,0.0017701659249302,False,negative,consistent_with_zero,7.232,0.4790157,3.064,1.300831,long
Swift/BAT,sw00622006000bevshsp_uf.evt.gz,GRB141221A,2014-12-21T08:07:10.958720,198.2865833,8.2051944,-1.7279154995199342,39.29598454925684,0.0439718082989884,False,negative,consistent_with_zero,36.816,4.103726,14.616,3.165729,long
Swift/BAT,sw00622476000bevshsp_uf.evt.gz,GRB141225A,2014-12-25T23:01:07.034720,138.7780833,33.7917778,1335.9457203729482,58.651154701555775,22.77782470218802,True,positive,significant_positive,86.148,45.22258,15.96,10.26149,long
Swift/BAT,sw00059028002bevshsp_uf.evt.gz,,2015-01-16T14:39:01,116.248333,25.064694,-0.770908926697137,14.480367532507234,0.053238215464249,False,negative,consistent_with_zero,,,,,unknown
Swift/BAT,sw00623158000bevshsp_uf.evt.gz,GRB150101A,2015-01-01T06:28:53.699400,312.6036667,36.7333889,1.7305937416419364,15.751766695531476,0.1098666438560747,False,positive,consistent_with_zero,0.05999994,0.01131373,0.03199995,0.01788858,short
Swift/BAT,sw00623368000bevshsp_uf.evt.gz,GRB150103A,2015-01-03T20:02:18.996300,131.6662917,-48.8863889,-3.8992869203156526,26.470355401437256,0.1473076904779273,False,negative,consistent_with_zero,49.088,9.807099,21.888,6.182877,long
Swift/BAT,sw00623434000bevshsp_uf.evt.gz,,2015-01-04T15:39:20,256.6423,23.97121,23879.2548216852,22.74009209469527,1050.094903848506,True,positive,significant_positive,,,,,unknown
Swift/BAT,sw00624606000bevshsp_uf.evt.gz,GRB150110B,2015-01-10T22:08:30.037560,289.374875,32.5231944,2.337776688219092,27.97668044583803,0.0835616181392554,False,positive,consistent_with_zero,10.58,0.9501663,6.452,1.432988,long
Swift/BAT,sw00625898000bevshsp_uf.evt.gz,,2015-01-15T09:08:56,348.3494,2.675354,-4.398745353816354,18.042553803086943,0.2437983780912302,False,negative,consistent_with_zero,,,,,unknown
Swift/BAT,sw00626581000bevshsp_uf.evt.gz,,2015-01-18T00:35:04,152.370111218417,-58.275395728891,71041.70322878734,26.52811030438258,2677.978280912489,True,positive,significant_positive,,,,,unknown
Swift/BAT,sw00627137000bevshsp_uf.evt.gz,GRB150120A,2015-01-20T02:57:46.413400,10.3185833,33.9942778,9.174376773641464,18.267734654982902,0.5022175407577952,False,positive,consistent_with_zero,1.196,0.1536749,0.5599999,0.1120714,short
Swift/BAT,sw00627170000bevshsp_uf.evt.gz,GRB150120B,2015-01-20T07:21:55.628600,39.2926667,8.0778889,-7.1156982313023285,14.492576819944407,0.4909891677448168,False,negative,consistent_with_zero,24.336,3.277924,14.012,6.950712,long
Swift/BAT,sw00628458000bevshsp_uf.evt.gz,,2015-01-27T11:26:08,189.211116194227,7.32963189728959,0.8549645833827186,15.575270794290317,0.0548924378057129,False,positive,consistent_with_zero,,,,,unknown
Swift/BAT,sw00629206000bevshsp_uf.evt.gz,,2015-01-31T21:14:32,271.03275566555,-34.3120529473439,-2.8802851069530595,549.5804012068317,0.0052408803163799,False,negative,consistent_with_zero,,,,,unknown
Swift/BAT,sw00050100035bevshsp_uf.evt.gz,,2015-02-01T17:07:01,83.633333,22.014472,6.439285419919509,24.99220039550038,0.2576518000823506,False,positive,consistent_with_zero,,,,,unknown
Swift/BAT,sw00629302000bevshsp_uf.evt.gz,GRB150201A,2015-02-01T13:46:59.703120,11.83254,-37.61937,4.106086217908542,67.29779097950055,0.0610136849686387,False,positive,consistent_with_zero,26.592,4.788166,6.784,0.8799454,long
Swift/BAT,sw00629547000bevshsp_uf.evt.gz,GRB150202A,2015-02-02T23:10:02.353060,39.227375,-33.1483889,0.9468782857762844,25.799384631337336,0.0367015841387997,False,positive,consistent_with_zero,25.472,4.820012,16.192,1.384532,long
Swift/BAT,sw00629578000bevshsp_uf.evt.gz,GRB150203A,2015-02-03T04:09:07.504140,98.3995833,6.9531944,3.484827596161056,23.91880328216684,0.1456940614900763,False,positive,consistent_with_zero,24.436,2.767821,13.256,1.490246,long
Swift/BAT,sw00629693000bevshsp_uf.evt.gz,,2015-02-04T00:12:56,207.805758727013,-8.68588100341644,6.071977164320702,19.028857663755407,0.3190930991031638,False,positive,consistent_with_zero,,,,,unknown
Swift/BAT,sw00630019000bevshsp_uf.evt.gz,GRB150206A,2015-02-06T14:30:02.849200,10.0734583,-63.1820833,14.493776279624768,239.59638799447865,0.0604924656875827,False,positive,consistent_with_zero,75.0,12.68542,18.124,0.4822779,long
Swift/BAT,sw00630047000bevshsp_uf.evt.gz,,2015-02-06T20:45:28,271.034875,-34.3474722,0.2143733088704419,16.263641452159995,0.0131811384000949,False,positive,consistent_with_zero,,,,,unknown
Swift/BAT,sw00630714000bevshsp_uf.evt.gz,GRB150211A,2015-02-11T11:52:11.531900,254.8584583,55.3923889,6.485458340814552,65.98882084508637,0.0982811672910422,False,positive,consistent_with_zero,13.608,2.016032,6.46,0.3141974,long
Swift/BAT,sw00630876000bevshsp_uf.evt.gz,GRB150212A,2015-02-12T10:57:19.047700,285.480875,47.3659722,-2.203942913858801,187.2379449496,0.0117708134131254,False,negative,consistent_with_zero,15.488,3.318294,5.216,0.7693322,long
Swift/BAT,sw00631051000bevshsp_uf.evt.gz,GRB150213B,2015-02-13T22:31:30.817240,253.4526667,34.1886944,1.9528074662074315,66.95548008880023,0.0291657600485801,False,positive,consistent_with_zero,209.0,74.24284,74.0,15.23155,long
Swift/BAT,sw00631747000bevshsp_uf.evt.gz,,2015-02-19T16:42:36.927999,94.28087,9.136992,-2.5345755470125773,19.10110576581064,0.1326926083802568,False,negative,consistent_with_zero,,,,,unknown
Swift/BAT,sw00631946000bevshsp_uf.evt.gz,,2015-02-20T23:39:04,267.216,-20.35724,-3.68964419167794,937.032755670788,0.0039375829386419,False,negative,consistent_with_zero,,,,,unknown
Swift/BAT,sw00632158000bevshsp_uf.evt.gz,,2015-02-22T12:16:39.36,293.7305,21.8971944,6.326287780016503,103.18846745886248,0.0613080893224677,False,positive,consistent_with_zero,,,,,unknown
Swift/BAT,sw00632159000bevshsp_uf.evt.gz,,2015-02-22T12:31:24.48,293.723658080581,21.8916627473002,-3.1211021183841474,12.620033487345674,0.2473132992486692,False,negative,consistent_with_zero,,,,,unknown
Swift/BAT,sw00632180000bevshsp_uf.evt.gz,GRB150222A,2015-02-22T16:56:40.858780,198.7862917,-12.1515833,3.4821903950448494,41.77436415899541,0.0833571130320847,False,positive,consistent_with_zero,15.836,6.851308,4.016,0.4598609,long
Swift/BAT,sw00632888000bevshsp_uf.evt.gz,,2015-02-28T04:53:38.24,26.59664,61.75192,-0.9094681993696206,7.391537095521096,0.1230418230493239,False,negative,consistent_with_zero,,,,,unknown
Swift/BAT,sw00632995000bevshsp_uf.evt.gz,GRB150301A,2015-03-01T01:04:28.634980,244.3047,-48.71313,0.9618683273663664,16.70037564212049,0.0575956103011486,False,positive,consistent_with_zero,0.484,0.1440555,0.1799999,0.1160689,short
Swift/BAT,sw00633105000bevshsp_uf.evt.gz,,2015-03-01T06:21:07.392,11.3318427849221,41.8571401016604,0.1365175401361353,18.603190784719818,0.0073383938118974,False,positive,consistent_with_zero,,,,,unknown
Swift/BAT,sw00633173000bevshsp_uf.evt.gz,,2015-03-01T17:59:04,139.479621092628,-22.4372801335003,1.111897751594114,15.321083036568709,0.0725730517183551,False,positive,consistent_with_zero,,,,,unknown
Swift/BAT,sw00633180000bevshsp_uf.evt.gz,GRB150301B,2015-03-01T19:38:04.027580,89.1659583,-57.9694722,-9.13217132867459,85.50412514299406,0.1068038683911714,False,negative,consistent_with_zero,17.136,4.635059,5.296,0.6329613,long
Swift/BAT,sw00633237000bevshsp_uf.evt.gz,GRB150302A,2015-03-02T05:42:36.665740,175.5314,36.81108,-5.884666394721633,58.75471186834582,0.1001565016250552,False,negative,consistent_with_zero,23.872,8.729609,8.704,5.526373,long
Swift/BAT,sw00634200000bevshsp_uf.evt.gz,GRB150309A,2015-03-09T23:03:06.711860,277.0920833,86.4295833,10.0979153247502,38.68848037424865,0.2610057367740773,False,positive,consistent_with_zero,242.04,5.996356,24.392,2.815602,long
Swift/BAT,sw00634795000bevshsp_uf.evt.gz,GRB150314A,2015-03-14T04:54:52.869200,126.6756,63.83214,8.402924395563282,115.35348439745728,0.0728449984797208,False,positive,consistent_with_zero,14.78,2.629217,5.356,0.1494524,long
Swift/BAT,sw00635148000bevshsp_uf.evt.gz,GRB150317A,2015-03-17T04:22:41.976060,138.935547486144,55.4522389164227,-2.2691950171149684,26.73678571125809,0.0848716461889237,False,negative,consistent_with_zero,23.284,0.8501294,17.196,3.149555,long
Swift/BAT,sw00635289000bevshsp_uf.evt.gz,GRB150318A,2015-03-18T07:04:53.299140,325.0057,-61.45592,5.72272030132239,20.495410561043155,0.2792195981767696,False,positive,consistent_with_zero,87.444,20.83833,42.572,4.029785,long
Swift/BAT,sw00635306000bevshsp_uf.evt.gz,,2015-03-18T10:54:40,183.006498806264,12.0365853714023,0.6752196282049164,22.593717937924072,0.0298852818318823,False,positive,consistent_with_zero,,,,,unknown
Swift/BAT,sw00635788000bevshsp_uf.evt.gz,,2015-03-22T08:10:16,288.8643,11.20836,3.864131201493611,78.3387934197151,0.0493258963128368,False,positive,consistent_with_zero,,,,,unknown
Swift/BAT,sw00635792000bevshsp_uf.evt.gz,,2015-03-22T08:44:08,83.9676941762152,21.7341972098307,-4.293138513416589,20.640819547167343,0.2079926382577072,False,negative,consistent_with_zero,,,,,unknown
Swift/BAT,sw00635794000bevshsp_uf.evt.gz,,2015-03-22T09:03:52,83.8554676556244,21.5399692891845,31487.436606577798,20.465288669808817,1538.5776919447646,True,positive,significant_positive,,,,,unknown
Swift/BAT,sw00635795000bevshsp_uf.evt.gz,,2015-03-22T09:19:44,245.2393,-15.00566,0.0829504239582528,25.498106954705257,0.0032531993102705,False,positive,consistent_with_zero,,,,,unknown
Swift/BAT,sw00635797000bevshsp_uf.evt.gz,,2015-03-22T09:33:20,271.3384,-33.45054,-6.507751872813337,14.149350316225895,0.459932910513249,False,negative,consistent_with_zero,,,,,unknown
Swift/BAT,sw00635802000bevshsp_uf.evt.gz,,2015-03-22T09:54:48,245.3873,-14.82924,0.3170980261179913,367.0056743454653,0.0008640139602296,False,positive,consistent_with_zero,,,,,unknown
Swift/BAT,sw00635887000bevshsp_uf.evt.gz,GRB150323A,2015-03-23T02:49:14.653860,128.179,45.4636944,504.5725127867871,362.3197737508861,1.392616548534575,False,positive,consistent_with_zero,149.728,9.122436,12.74,1.041998,long
Swift/BAT,sw00636005000bevshsp_uf.evt.gz,GRB150323C,2015-03-23T17:05:21.499240,192.6166667,50.1917778,-1.4638215886649102,23.43854227370017,0.0624536104494616,False,negative,consistent_with_zero,159.664,44.61752,32.8,97.92076,long
Swift/BAT,sw00637044000bevshsp_uf.evt.gz,GRB150403A,2015-04-03T21:54:16.809780,311.5046667,-62.7112778,10.599582276255967,246.2377443128082,0.043046131314421,False,positive,consistent_with_zero,37.296,11.71655,8.904,0.5158759,long
Swift/BAT,sw00637212000bevshsp_uf.evt.gz,,2015-04-05T18:15:20,267.0201,-24.78019,-24196.35594493613,19.23262049426346,1258.0893982779526,True,negative,significant_negative,,,,,unknown
Swift/BAT,sw00637765000bevshsp_uf.evt.gz,,2015-04-11T19:36:38.656,272.1136,-36.97749,-173221.65916681083,42.54037846418845,4071.935074875583,True,negative,significant_negative,,,,,unknown
Swift/BAT,sw00637807000bevshsp_uf.evt.gz,,2015-04-12T08:32:24,273.35576922583,-33.9397380410332,1.2214871451771825,173.80447817321323,0.0070279382787815,False,positive,consistent_with_zero,,,,,unknown
Swift/BAT,sw00637899000bevshsp_uf.evt.gz,GRB150413A,2015-04-13T13:54:58.559120,190.38502276655,71.8238536834753,-7.33881521832398,26.56270939985705,0.276282630203509,False,negative,consistent_with_zero,243.596,40.82853,108.396,11.2392,long
Swift/BAT,sw00638217000bevshsp_uf.evt.gz,,2015-04-17T04:53:04,186.581957706617,15.4327880408579,3.801992713153367,149.98339826902352,0.0253494237164421,False,positive,consistent_with_zero,,,,,unknown
Swift/BAT,sw00638589000bevshsp_uf.evt.gz,,2015-04-20T17:00:24,87.8153793256478,-10.4224915475194,1.021548918834328,131.53460331562036,0.0077663891712441,False,positive,consistent_with_zero,,,,,unknown
Swift/BAT,sw00638808000bevshsp_uf.evt.gz,GRB150423A,2015-04-23T06:28:04.692100,221.5785833,12.2832778,-0.6590335894539029,16.453150641824028,0.0400551604857148,False,negative,consistent_with_zero,0.2159999,0.02828424,0.1199999,0.0304631,short
Swift/BAT,sw00638946000bevshsp_uf.evt.gz,GRB150424A,2015-04-24T07:42:57.075440,152.306,-26.631,-1.4175100128505942,7.238554583473316,0.195827771484514,False,negative,consistent_with_zero,81.056,17.48003,12.752,18.39203,long
Swift/BAT,sw00639199000bevshsp_uf.evt.gz,,2015-04-27T14:18:16,250.461368094959,-45.5329329651203,0.6042646165944521,17.417180551741435,0.034693595487476,False,positive,consistent_with_zero,,,,,unknown
Swift/BAT,sw00639275000bevshsp_uf.evt.gz,GRB150428A,2015-04-28T01:30:40.830840,188.542964551214,6.98089967772161,135.04861979354317,149.63490248376598,0.9025208527682552,False,positive,consistent_with_zero,53.2,15.37787,21.632,1.836309,long
Swift/BAT,sw00639278000bevshsp_uf.evt.gz,GRB150428B,2015-04-28T03:12:03.518520,292.6379,4.125333,6.670203783685999,54.151213646787085,0.1231773645405961,False,positive,consistent_with_zero,130.948,15.55052,65.344,4.03606,long
Swift/BAT,sw00639433000bevshsp_uf.evt.gz,GRB150430A,2015-04-30T00:21:15.254160,326.4795833,-27.9020833,9.276330529786922,58.24045191777469,0.1592764174097322,False,positive,consistent_with_zero,106.88,7.027553,45.6,12.15126,long
Swift/BAT,sw00639636000bevshsp_uf.evt.gz,,2015-05-02T11:30:56,350.78766874796,7.8971282821733,-19.042899350938345,19.96277139239993,0.9539206243772452,False,negative,consistent_with_zero,,,,,unknown
Swift/BAT,sw00640584000bevshsp_uf.evt.gz,GRB150513A,2015-05-13T20:31:19.736540,49.0579234177396,-22.9128777277239,-7.884747404815458,52.26374364729965,0.1508645736904238,False,negative,consistent_with_zero,161.564,4.780453,91.96,4.754324,long
Swift/BAT,sw00641332000bevshsp_uf.evt.gz,,2015-05-23T08:49:20,353.475695770042,-35.9873500211324,-2545.8517474095283,34.81268303185933,73.13000681618408,True,negative,significant_negative,,,,,unknown
Swift/BAT,sw00641698000bevshsp_uf.evt.gz,GRB150527A,2015-05-27T06:48:55.804620,288.959875,4.2011944,12.09368902329607,30.4436012545044,0.3972489628344052,False,positive,consistent_with_zero,108.8,84.10581,13.088,1.68,long
Swift/BAT,sw00642018000bevshsp_uf.evt.gz,GRB150530A,2015-05-30T11:42:18.222320,327.5107917,57.5162778,7.075053668506392,20.8153010956892,0.3398967728586746,False,positive,consistent_with_zero,6.896,0.8172539,3.056,0.5724334,long
Swift/BAT,sw00642296000bevshsp_uf.evt.gz,,2015-06-02T10:37:52,243.471760614953,-16.2925372502415,8628.801206408792,22.71883319990389,379.8082907904485,True,positive,significant_positive,,,,,unknown
Swift/BAT,sw00642298000bevshsp_uf.evt.gz,,2015-06-02T10:51:36,296.514,36.19795,4.888575136305144,1450.3499502042362,0.0033706176468767,False,positive,consistent_with_zero,,,,,unknown
Swift/BAT,sw00642300000bevshsp_uf.evt.gz,,2015-06-02T10:58:40,296.509624926011,36.1900100197011,-7.040002464850376,20.088619980284143,0.350447291638736,False,negative,consistent_with_zero,,,,,unknown
Swift/BAT,sw00642453000bevshsp_uf.evt.gz,,2015-06-04T03:00:24,238.343220351472,-46.6223945171144,-12.03607725825806,32.06697579793787,0.3753418262483007,False,negative,consistent_with_zero,,,,,unknown
Swift/BAT,sw00642620000bevshsp_uf.evt.gz,GRB150607A,2015-06-07T07:55:09.579340,139.9881667,68.4360833,10.29890693310852,46.92143152103893,0.2194925985685375,False,positive,consistent_with_zero,25.988,0.8887407,13.752,5.368355,long
Swift/BAT,sw00643078000bevshsp_uf.evt.gz,,2015-06-10T11:41:28,266.77090974322,-32.0263161123219,0.7903516522886371,21.21161810019069,0.0372603187816931,False,positive,consistent_with_zero,,,,,unknown
Swift/BAT,sw00643833000bevshsp_uf.evt.gz,GRB150615A,2015-06-15T04:42:27.048040,107.564375,-22.4495833,-1479.0868265561496,20.916724446940005,70.713119078859,True,negative,significant_negative,32.684,7.489407,13.836,5.337412,long
Swift/BAT,sw00643949000bevshsp_uf.evt.gz,,2015-06-15T18:31:52,306.0161667,33.8672778,7.001886995121011,25.111791455846895,0.2788286533611973,False,positive,consistent_with_zero,,,,,unknown
Swift/BAT,sw00644259000bevshsp_uf.evt.gz,GRB150616A,2015-06-16T22:49:19.264160,314.7166667,-53.3928889,34.41501435422689,109.13781137721476,0.315335390365102,False,positive,consistent_with_zero,608.408,104.2196,108.548,12.5895,long
Swift/BAT,sw00644520000bevshsp_uf.evt.gz,,2015-06-18T00:44:18.751999,306.0164,33.86456,4.507420085032559,46.63463240488183,0.0966539211867082,False,positive,consistent_with_zero,,,,,unknown
Swift/BAT,sw00644596000bevshsp_uf.evt.gz,,2015-06-18T08:52:40,305.99840917009,33.8635961415285,-219644.0429070819,125.42270153550186,1751.230361155233,True,negative,significant_negative,,,,,unknown
Swift/BAT,sw00644627000bevshsp_uf.evt.gz,,2015-06-18T13:09:34.143999,306.0154,33.86668,3.1070852483168365,41.42070633215063,0.0750128504183697,False,positive,consistent_with_zero,,,,,unknown
Swift/BAT,sw00645172000bevshsp_uf.evt.gz,,2015-06-20T13:03:52,244.981,-15.64051,28165.09792264876,43.2565041074672,651.118219185603,True,positive,significant_positive,,,,,unknown
Swift/BAT,sw00645176000bevshsp_uf.evt.gz,,2015-06-20T13:28:40,306.001831563682,33.8592953111613,-10.477933957017951,55.24850772865844,0.1896509858416112,False,negative,consistent_with_zero,,,,,unknown
Swift/BAT,sw00645340000bevshsp_uf.evt.gz,,2015-06-21T11:29:12,244.9805,-15.64043,-6.967220693339627,17.89858010347452,0.389261084011191,False,negative,consistent_with_zero,,,,,unknown
Swift/BAT,sw00645944000bevshsp_uf.evt.gz,,2015-06-23T22:42:22.399999,267.231935988733,-20.3954418239554,12.920586422326997,28.888736703662985,0.4472534245739002,False,positive,consistent_with_zero,,,,,unknown
Swift/BAT,sw00646423000bevshsp_uf.evt.gz,,2015-06-25T14:16:08,209.511563841611,-64.7342105267556,0.0002799975564513,15.91266879549786,1.7595889165405818e-05,False,positive,consistent_with_zero,,,,,unknown
Swift/BAT,sw00646603000bevshsp_uf.evt.gz,GRB150626A,2015-06-26T02:12:49.527100,111.3362917,-37.7803889,-0.5625296698692952,17.883576494511935,0.0314550990425166,False,negative,consistent_with_zero,97.264,34.93727,18.752,24.58338,long
Swift/BAT,sw00646721000bevshsp_uf.evt.gz,,2015-06-26T12:49:52.319999,306.006321847485,33.8682418815014,-17.097691838682323,446.66909420010575,0.0382782065307223,False,negative,consistent_with_zero,,,,,unknown
Swift/BAT,sw00646786000bevshsp_uf.evt.gz,GRB150626B,2015-06-26T20:22:52.787720,187.6340833,66.7720833,-0.896344831907555,19.49306554802853,0.0459827536976711,False,negative,consistent_with_zero,48.0,22.62742,16.0,16.0,long
Swift/BAT,sw00647642000bevshsp_uf.evt.gz,,2015-07-02T06:59:20,161.248330563731,55.9895486079891,6.539453112134444,16.12129001617971,0.4056408082461945,False,positive,consistent_with_zero,,,,,unknown
Swift/BAT,sw00648422000bevshsp_uf.evt.gz,,2015-07-09T21:42:32,188.823656409597,12.6721354772285,-1.9837683278030096,139.81464675600844,0.0141885587370892,False,negative,consistent_with_zero,,,,,unknown
Swift/BAT,sw00648437000bevshsp_uf.evt.gz,GRB150710A,2015-07-10T00:28:02.736460,194.471,14.3182778,5.4028785069948135,10.576005222271302,0.5108619363781377,False,positive,consistent_with_zero,0.152,0.06013319,0.04799998,0.01442218,short
Swift/BAT,sw00648601000bevshsp_uf.evt.gz,GRB150711A,2015-07-11T18:23:03.688560,221.6270833,-35.4565833,2.775871379680168,48.04928222068954,0.0577713391623757,False,positive,consistent_with_zero,70.956,14.21344,14.484,3.431863,long
Swift/BAT,sw00649113000bevshsp_uf.evt.gz,,2015-07-15T18:12:52.8,280.330403306656,-4.92993454447609,0.888110119315738,10.652778971620432,0.0833688675679567,False,positive,consistent_with_zero,,,,,unknown
Swift/BAT,sw00649143000bevshsp_uf.evt.gz,,2015-07-16T01:54:40,244.969747241854,-49.8100970422826,1.4235927346591946,22.387326728921494,0.063589224023791,False,positive,consistent_with_zero,,,,,unknown
Swift/BAT,sw00649157000bevshsp_uf.evt.gz,GRB150716A,2015-07-16T07:06:43.060080,278.4874,-12.97878,2.306318466643169,687.201162877326,0.0033561038473604,False,positive,consistent_with_zero,42.568,5.589477,17.804,2.147259,long
Swift/BAT,sw00649706000bevshsp_uf.evt.gz,GRB150720A,2015-07-20T14:02:09.120700,119.581,-28.2621944,-4.925854591128944,20.123888942634675,0.2447764746252886,False,negative,consistent_with_zero,238.536,44.41951,138.076,56.82552,long
Swift/BAT,sw00649916000bevshsp_uf.evt.gz,GRB150722A,2015-07-22T09:57:53.112440,218.2776667,-35.1962778,-3.0431224694538,27.50376284146446,0.1106438594237008,False,negative,consistent_with_zero,67.312,11.76489,40.0,18.34254,long
Swift/BAT,sw00650140000bevshsp_uf.evt.gz,,2015-07-24T05:23:52,7.19980543439795,59.5651763370823,-9.7900945898528,22.59329580319071,0.4333185682661759,False,negative,consistent_with_zero,,,,,unknown
Swift/BAT,sw00650141000bevshsp_uf.evt.gz,GRB150724A,2015-07-24T05:46:35.984200,97.5596667,-19.1643889,-8.592426648165198,30.67442940366921,0.2801169187237559,False,negative,consistent_with_zero,280.008,43.96185,199.86,5.434739,long
Swift/BAT,sw00650221000bevshsp_uf.evt.gz,,2015-07-25T02:12:19.839999,7.2626667,59.5718889,6.3502696010064135,17.36931422851677,0.365602781863466,False,positive,consistent_with_zero,,,,,unknown
Swift/BAT,sw00650408000bevshsp_uf.evt.gz,,2015-07-27T01:40:00,245.320906396755,-15.5982117287738,-1.961269772054357,30.280282436102716,0.0647705243896921,False,negative,consistent_with_zero,,,,,unknown
Swift/BAT,sw00650411000bevshsp_uf.evt.gz,,2015-07-27T01:58:56,54.4329,53.23756,-4.378629783588293,37.04126851556191,0.1182094987310903,False,negative,consistent_with_zero,,,,,unknown
Swift/BAT,sw00650413000bevshsp_uf.evt.gz,,2015-07-27T02:12:40,54.4192371141044,53.2844131817431,5.576143618507687,19.381647740274225,0.2877022476742626,False,positive,consistent_with_zero,,,,,unknown
Swift/BAT,sw00650416000bevshsp_uf.evt.gz,,2015-07-27T02:24:56,54.4335015759481,53.331361524527,9.806413184463556,469.9522315330331,0.0208668297041042,False,positive,consistent_with_zero,,,,,unknown
Swift/BAT,sw00650530000bevshsp_uf.evt.gz,GRB150727A,2015-07-27T19:02:02.432140,203.9687917,-18.3252778,0.5151507000755123,97.70058704636898,0.0052727492807286,False,positive,consistent_with_zero,87.956,10.98515,30.316,3.71549,long
Swift/BAT,sw00650617000bevshsp_uf.evt.gz,GRB150728A,2015-07-28T12:51:11.036780,292.226875,33.9163889,-4.269501087977466,16.262642465346357,0.2625342773829797,False,negative,consistent_with_zero,0.832,0.2307553,0.448,0.1810194,short
Swift/BAT,sw00650977000bevshsp_uf.evt.gz,GRB150801B,2015-08-01T22:41:48.648820,82.966875,-5.3883889,-2.4500958550540166,28.176467693312677,0.0869553941864585,False,negative,consistent_with_zero,408.708,29.61914,364.888,6.82124,long
Swift/BAT,sw00651882000bevshsp_uf.evt.gz,GRB150811A,2015-08-11T04:06:09.022920,291.3390833,-15.4252778,-10.055038292259452,33.042598113327365,0.3043053169660973,False,negative,consistent_with_zero,31.52,7.318875,16.372,4.58666,long
Swift/BAT,sw00652046000bevshsp_uf.evt.gz,,2015-08-13T04:54:43.199999,216.66067442462,-7.54127008420654,29433.74728657276,20.048721091120505,1468.1109659213546,True,positive,significant_positive,,,,,unknown
Swift/BAT,sw00652334000bevshsp_uf.evt.gz,GRB150817A,2015-08-17T02:05:13.380060,249.633,-12.053,5.403411236031384,342.4684654353155,0.0157778358634072,False,positive,consistent_with_zero,37.996,2.130807,15.944,2.597935,long
Swift/BAT,sw00652603000bevshsp_uf.evt.gz,GRB150818A,2015-08-18T11:36:32.925720,230.3622,68.34467,-58.9136008873787,94.61705887652576,0.6226530562978112,False,negative,consistent_with_zero,143.056,21.80262,42.368,7.071707,long
Swift/BAT,sw00652643000bevshsp_uf.evt.gz,GRB150819A,2015-08-19T00:50:08.987220,42.3332917,9.8072778,-4.839989698002844,19.72010370693364,0.2454342923308811,False,negative,consistent_with_zero,51.664,13.6032,23.12,8.107916,long
Swift/BAT,sw00652824000bevshsp_uf.evt.gz,,2015-08-21T02:17:44,10.2408427066456,41.0807680221844,-6.416166937452737,41.86061077084255,0.1532745657385829,False,negative,consistent_with_zero,,,,,unknown
Swift/BAT,sw00652847000bevshsp_uf.evt.gz,GRB150821A,2015-08-21T09:44:00.976460,341.9131667,-57.8938889,4.154386812144287,311.6366987153534,0.0133308651685431,False,positive,consistent_with_zero,168.944,102.3371,48.576,13.88927,long
Swift/BAT,sw00653838000bevshsp_uf.evt.gz,GRB150831A,2015-08-31T10:34:12.898960,221.024375,-25.6355833,5.833959231904391,32.67765536879751,0.1785305330527167,False,positive,consistent_with_zero,0.92,0.1162755,0.4679999,0.07353909,short
Swift/BAT,sw00653978000bevshsp_uf.evt.gz,GRB150831B,2015-08-31T22:19:27.264720,271.038875,-27.2588889,3.993200553145414,28.270367095156853,0.1412503962083149,False,positive,consistent_with_zero,6.176,1.032961,3.2,0.6435899,long
Swift/BAT,sw00654042000bevshsp_uf.evt.gz,GRB150901A,2015-09-01T15:26:35.677500,183.585766451719,25.0385495735529,2.574220107119032,32.176844115621066,0.0800022555931553,False,positive,consistent_with_zero,64.0,35.77709,64.0,16.0,long
Swift/BAT,sw00654803000bevshsp_uf.evt.gz,GRB150907B,2015-09-07T23:26:27.776600,255.3079583,-63.7858889,-9.819640758703605,39.12639035146938,0.2509723148620284,False,negative,consistent_with_zero,62.02,11.12464,31.644,9.635838,long
Swift/BAT,sw00654954000bevshsp_uf.evt.gz,,2015-09-08T21:38:24,288.7982,10.94512,19.65921847658477,51.10331990796273,0.3846955249089706,False,positive,consistent_with_zero,,,,,unknown
Swift/BAT,sw00655097000bevshsp_uf.evt.gz,GRB150910A,2015-09-10T09:04:48.885620,5.6671667,33.4726944,2.252398976433312,75.46874783084507,0.0298454531335516,False,positive,consistent_with_zero,112.272,36.48014,44.88,7.843673,long
Swift/BAT,sw00655262000bevshsp_uf.evt.gz,GRB150911A,2015-09-11T18:40:21.487220,67.4330833,5.7353889,4.30603649281511,60.77847161028836,0.0708480548906432,False,positive,consistent_with_zero,7.136,0.5997466,3.592,0.1768163,long
Swift/BAT,sw00655449000bevshsp_uf.evt.gz,,2015-09-13T11:22:00,244.9255,-15.81876,-5.51466707450744,49.17839739962117,0.1121359655072843,False,negative,consistent_with_zero,,,,,unknown
Swift/BAT,sw00655450000bevshsp_uf.evt.gz,,2015-09-13T11:28:48,244.94012680964,-15.8746803269467,2.6272059889543105,19.183207433775237,0.1369534264811564,False,positive,consistent_with_zero,,,,,unknown
Swift/BAT,sw00655451000bevshsp_uf.evt.gz,,2015-09-13T11:37:52,256.0058,-38.04648,-8693.77575701232,24.84164671999361,349.9677720646112,True,negative,significant_negative,,,,,unknown
Swift/BAT,sw00655452000bevshsp_uf.evt.gz,,2015-09-13T11:47:52,256.041810055141,-38.0781799354451,-12.404748268112984,28.72595933224821,0.431830600490589,False,negative,consistent_with_zero,,,,,unknown
Swift/BAT,sw00655721000bevshsp_uf.evt.gz,GRB150915A,2015-09-15T21:18:24.860420,319.6587917,-34.9130833,-0.4964053850758952,52.63304462304527,0.0094314396712392,False,negative,consistent_with_zero,160.0,57.68882,64.0,45.25483,long
Swift/BAT,sw00656604000bevshsp_uf.evt.gz,GRB150925A,2015-09-25T04:09:28.817940,227.533875,-19.6325,-8.521011036814299,44.79897939814253,0.1902054723409078,False,negative,consistent_with_zero,122.132,26.69568,41.816,26.22436,long
Swift/BAT,sw00657286000bevshsp_uf.evt.gz,GRB151001A,2015-10-01T15:04:22.932420,233.7286667,10.9671944,-2.3302741398971456,19.248739260791844,0.1210611307226613,False,negative,consistent_with_zero,9.828,3.199572,4.696,0.5690975,long
Swift/BAT,sw00657321000bevshsp_uf.evt.gz,GRB151001B,2015-10-01T18:29:36.787760,336.8382917,64.6936944,-3.9888202966739352,18.793820481656244,0.2122410555409547,False,negative,consistent_with_zero,131.52,26.85292,63.6,18.03765,long
Swift/BAT,sw00657564000bevshsp_uf.evt.gz,GRB151004A,2015-10-04T18:09:04.774100,213.584663525959,-64.9473172592527,-1.7655322893382508,33.87519955374593,0.0521187273461542,False,negative,consistent_with_zero,137.272,17.02453,69.196,20.65519,long
Swift/BAT,sw00657750000bevshsp_uf.evt.gz,GRB151006A,2015-10-06T09:55:01.886520,147.425875,70.5026944,-1.7058014280666416,137.9196272334932,0.0123680832255932,False,negative,consistent_with_zero,211.056,39.07355,56.432,3.09297,long
Swift/BAT,sw00658045000bevshsp_uf.evt.gz,,2015-10-08T05:48:02.495999,117.8871,-53.94787,1.9548230421537236,721.3719017165811,0.002709868567797,False,positive,consistent_with_zero,,,,,unknown
Swift/BAT,sw00659734000bevshsp_uf.evt.gz,,2015-10-16T01:26:14.527999,267.59991952892,-29.0181886127176,-1.7593868968347528,19.2169589103642,0.0915538668236351,False,negative,consistent_with_zero,,,,,unknown
Swift/BAT,sw00660671000bevshsp_uf.evt.gz,GRB151021A,2015-10-21T01:29:12.571160,337.6460833,-33.1989722,-2.5853370716618795,406.9148573856013,0.0063535086633908,False,negative,consistent_with_zero,110.056,3.593864,36.372,1.130833,long
Swift/BAT,sw00661036000bevshsp_uf.evt.gz,GRB151022A,2015-10-22T14:06:32.116140,349.1971667,55.8118889,4.110844927989001,21.245291641353816,0.1934943985418053,False,positive,consistent_with_zero,117.68,18.77789,67.072,23.35602,long
Swift/BAT,sw00661253000bevshsp_uf.evt.gz,GRB151023A,2015-10-23T13:43:04.815600,270.9845833,-8.3163889,0.6927055362410561,55.29086514328775,0.0125283902584249,False,positive,consistent_with_zero,10.76,4.372265,3.236,1.225365,long
Swift/BAT,sw00661775000bevshsp_uf.evt.gz,GRB151027A,2015-10-27T03:58:24.159080,272.4886,61.35152,-5.398284845695425,140.99526761014653,0.0382869931537116,False,negative,consistent_with_zero,129.58,5.465449,94.776,6.785149,long
Swift/BAT,sw00661869000bevshsp_uf.evt.gz,GRB151027B,2015-10-27T22:40:40.667480,76.21889,-6.449612,-0.760687797201437,36.96568968888147,0.0205782119474491,False,negative,consistent_with_zero,80.0,35.77709,16.0,35.77709,long
Swift/BAT,sw00662086000bevshsp_uf.evt.gz,GRB151029A,2015-10-29T07:49:38.965140,38.527875,-35.3855,-5.0916595416858845,20.20086457420509,0.2520515655645516,False,negative,consistent_with_zero,8.952,3.955078,3.716,1.454252,long
Swift/BAT,sw00662330000bevshsp_uf.evt.gz,GRB151031A,2015-10-31T05:50:30.348300,83.1965833,-39.1213889,2.370306750464945,36.805540811044885,0.0644008129817683,False,positive,consistent_with_zero,5.0,2.236068,2.0,1.0,long
Swift/BAT,sw00662757000bevshsp_uf.evt.gz,GRB151107A,2015-11-07T17:19:36.617900,217.139076700173,-59.6797006612809,-0.6714273498070462,16.108590341816218,0.0416813225465229,False,negative,consistent_with_zero,,,,,unknown
Swift/BAT,sw00663074000bevshsp_uf.evt.gz,GRB151111A,2015-11-11T08:33:23.417180,56.8450833,-44.1613889,4.516540705503781,30.179837142996103,0.1496542437954124,False,positive,consistent_with_zero,76.044,12.75371,26.864,3.246389,long
Swift/BAT,sw00663164000bevshsp_uf.evt.gz,,2015-11-12T10:28:27.328,187.486,16.60262,-0.091696868518472,738.1145777011888,0.000124231211913,False,negative,consistent_with_zero,,,,,unknown
Swift/BAT,sw00663179000bevshsp_uf.evt.gz,GRB151112A,2015-11-12T13:44:48.083580,2.056875,-61.6628889,11.767052631893996,34.733661955567314,0.3387795000408214,False,positive,consistent_with_zero,58.864,22.72541,12.224,7.48352,long
Swift/BAT,sw00663490000bevshsp_uf.evt.gz,GRB151114A,2015-11-14T09:59:34.155100,120.9429583,-61.0276944,3.424748973678082,16.235949757497213,0.210936164796682,False,positive,consistent_with_zero,4.856,0.9766965,2.556,1.266188,long
Swift/BAT,sw00664078000bevshsp_uf.evt.gz,GRB151118A,2015-11-18T03:06:30.010020,57.171875,65.9011944,-16.922922563080814,24.79697867734604,0.6824590520998115,False,negative,consistent_with_zero,23.568,10.67949,5.6,2.984504,long
Swift/BAT,sw00664610000bevshsp_uf.evt.gz,,2015-11-22T08:49:20,184.205046519105,17.5986474910626,1.0117958053232643,28.29489182481316,0.0357589564783552,False,positive,consistent_with_zero,,,,,unknown
Swift/BAT,sw00664624000bevshsp_uf.evt.gz,,2015-11-22T12:09:53.6,274.741929928568,-15.978148313293,2.6345075936805262,19.214945648211152,0.1371072102889757,False,positive,consistent_with_zero,,,,,unknown
Swift/BAT,sw00665268000bevshsp_uf.evt.gz,GRB151127A,2015-11-27T09:08:49.807240,19.4786667,-82.7702778,1.9238670077797004,16.03287938690252,0.1199951026483324,False,positive,consistent_with_zero,0.1879999,0.04252059,0.09599996,0.04252059,short
Swift/BAT,sw00666352000bevshsp_uf.evt.gz,GRB151205A,2015-12-05T15:46:00.936900,229.2890833,35.7437778,-3.135308913867972,60.37697978557173,0.051928879599526,False,negative,consistent_with_zero,64.0,35.77709,16.0,16.0,long
Swift/BAT,sw00666378000bevshsp_uf.evt.gz,GRB151205B,2015-12-05T21:43:14.535740,41.1585655544286,-43.4806088350113,4.214152855193263,25.93980588813443,0.1624589202157804,False,positive,consistent_with_zero,1.436,0.2375879,0.8519999,0.3054701,short
Swift/BAT,sw00666827000bevshsp_uf.evt.gz,,2015-12-09T06:08:48,282.088497848896,-2.42140587685968,3.0007629055681107,21.295311368389388,0.1409119056142293,False,positive,consistent_with_zero,,,,,unknown
Swift/BAT,sw00666931000bevshsp_uf.evt.gz,GRB151210A,2015-12-10T03:12:56.468160,65.1187917,-71.251,0.7258011434353604,21.30438992175179,0.0340681496208589,False,positive,consistent_with_zero,86.96,10.67124,60.54,4.922993,long
Swift/BAT,sw00667392000bevshsp_uf.evt.gz,GRB151215A,2015-12-15T03:01:28.957040,93.584,35.5158889,-0.3293221534384895,20.107412393648666,0.0163781468739613,False,negative,consistent_with_zero,17.848,1.013714,13.436,12.65244,long
Swift/BAT,sw00668097000bevshsp_uf.evt.gz,,2015-12-23T05:20:08,306.024531148319,33.8741695771756,1.3229691067352325,18.07732516498756,0.0731838972116062,False,positive,consistent_with_zero,,,,,unknown
Swift/BAT,sw00668543000bevshsp_uf.evt.gz,GRB151228A,2015-12-28T03:05:12.384680,214.003951052387,-17.6890004436844,6.614180515929482,17.26409059030121,0.3831178063700188,False,positive,consistent_with_zero,0.276,0.04,0.168,0.04326665,short
Swift/BAT,sw00668641000bevshsp_uf.evt.gz,GRB151228B,2015-12-28T22:47:14.940840,344.4242917,8.0815833,-7.234669991170057,56.64207355425001,0.1277260795235703,False,negative,consistent_with_zero,48.0,16.0,16.0,16.0,long
Swift/BAT,sw00668689000bevshsp_uf.evt.gz,GRB151229A,2015-12-29T06:50:27.963280,329.3701667,-20.7325,-3.851037370907588,21.209683608505514,0.1815697698273652,False,negative,consistent_with_zero,1.44,0.4471465,0.608,0.08049842,short
Swift/BAT,sw00668877000bevshsp_uf.evt.gz,,2015-12-30T22:26:16,305.94544097376,33.8496900052084,4.226821956800485,16.61254911537774,0.2544354829258469,False,positive,consistent_with_zero,,,,,unknown
Swift/BAT,sw00668879000bevshsp_uf.evt.gz,,2015-12-30T22:45:07.135999,306.1144,33.8841,7.468406698258203,48.13944333074666,0.1551411105223174,False,positive,consistent_with_zero,,,,,unknown
Swift/BAT,sw00668949000bevshsp_uf.evt.gz,,2015-12-31T17:18:13.952,305.995955581828,33.8595250209549,8.554309235162142,25.89694406080709,0.3303211844253234,False,positive,consistent_with_zero,,,,,unknown
Swift/BAT,sw00669319000bevshsp_uf.evt.gz,GRB160104A,2016-01-04T11:24:10.846420,76.796375,11.3238889,253.45385833507683,21.850023409972216,11.599706489074151,True,positive,significant_positive,16.564,2.787651,10.316,3.988506,long
Swift/BAT,sw00670793000bevshsp_uf.evt.gz,GRB160117A,2016-01-17T10:12:32.290060,20.4077880570371,-0.627234283991377,1.0051111297996205,42.66345123061841,0.023559067558001,False,positive,consistent_with_zero,137.0,20.39608,31.0,11.18034,long
Swift/BAT,sw00670800000bevshsp_uf.evt.gz,GRB160117B,2016-01-17T13:59:27.649320,132.1947917,-16.3665833,10.922598202897568,34.2991212747451,0.3184512546372441,False,positive,consistent_with_zero,11.536,2.608028,3.052,2.280393,long
Swift/BAT,sw00671014000bevshsp_uf.evt.gz,GRB160119A,2016-01-19T03:06:08.282120,211.921375,20.4617778,-17.190366581814207,299.0143459045391,0.0574901064690129,False,negative,consistent_with_zero,120.14,14.98463,21.228,1.257814,long
Swift/BAT,sw00671231000bevshsp_uf.evt.gz,GRB160121A,2016-01-21T13:50:37.710700,109.0890833,-23.5917778,-118.89825077841677,26.0215715161563,4.569218684759108,True,negative,significant_negative,10.5,2.395617,4.304,0.9678037,long
Swift/BAT,sw00671447000bevshsp_uf.evt.gz,GRB160123A,2016-01-23T08:58:20.166340,150.311875,-33.7748889,-7.700801401831554,24.620024801945657,0.3127860943999934,False,negative,consistent_with_zero,3.952,0.6232464,2.116,0.4590773,long
Swift/BAT,sw00671828000bevshsp_uf.evt.gz,GRB160127A,2016-01-27T08:43:07.315740,225.9812917,0.0721944,-5.36919532414246,39.31719455410185,0.1365609979306701,False,negative,consistent_with_zero,6.156,0.9366579,3.572,0.6720595,long
Swift/BAT,sw00672236000bevshsp_uf.evt.gz,GRB160131A,2016-01-31T08:20:31.969040,78.168,-7.0496944,-6.775872440664815,263.44511179729625,0.025720243562076,False,negative,consistent_with_zero,327.752,71.02902,64.388,5.02698,long
Swift/BAT,sw00672525000bevshsp_uf.evt.gz,GRB160203A,2016-02-03T02:13:10.612140,161.9509583,-24.7885833,2626.4951951162825,28.994290322955845,90.58663501885368,True,positive,significant_positive,17.44,2.285985,8.432,2.58374,long
Swift/BAT,sw00672897000bevshsp_uf.evt.gz,,2016-02-07T23:50:08,156.058699134501,19.7705673189114,-11.656176777762166,19.44467886189168,0.5994532931375032,False,negative,consistent_with_zero,,,,,unknown
Swift/BAT,sw00673978000bevshsp_uf.evt.gz,GRB160216A,2016-02-16T19:10:31.443760,311.6857917,-71.5478889,11.795395068834058,73.72833710297876,0.1599845531896243,False,positive,consistent_with_zero,11.0,1.0,3.0,1.0,long
Swift/BAT,sw00674670000bevshsp_uf.evt.gz,GRB160220A,2016-02-20T01:25:25.700460,236.9515833,-18.565,199037.8813490383,52.76091414356946,3772.449446335024,True,positive,significant_positive,8.26,1.166424,4.5,1.213952,long
Swift/BAT,sw00674734000bevshsp_uf.evt.gz,GRB160220B,2016-02-20T11:10:53.826540,259.854260978407,-18.1230465541461,0.5997019702030093,143.87797540592507,0.0041681290587462,False,positive,consistent_with_zero,31.116,3.016923,8.24,0.5544006,long
Swift/BAT,sw00674752000bevshsp_uf.evt.gz,,2016-02-20T13:35:12,267.195736392093,-32.9391756217063,3.721602452390878,22.14196793748284,0.1680791184820928,False,positive,consistent_with_zero,,,,,unknown
Swift/BAT,sw00675361000bevshsp_uf.evt.gz,GRB160223A,2016-02-23T01:44:25.270300,147.583623924545,9.37258061929805,-2.688382929988297,77.16222711511472,0.0348406601325493,False,negative,consistent_with_zero,134.864,17.45236,21.124,5.594148,long
Swift/BAT,sw00675784000bevshsp_uf.evt.gz,,2016-02-24T13:44:32,294.956450826085,-10.3222732546401,-1.4763170397870558,18.868031819624065,0.0782443581768599,False,negative,consistent_with_zero,,,,,unknown
Swift/BAT,sw00675998000bevshsp_uf.evt.gz,GRB160225A,2016-02-25T14:20:56.426440,164.228375,53.6698889,-4.154827836306458,24.57741572466781,0.1690506391254288,False,negative,consistent_with_zero,157.456,70.49155,38.336,11.20712,long
Swift/BAT,sw00676423000bevshsp_uf.evt.gz,GRB160227A,2016-02-27T19:32:08.096040,194.8075833,78.6790833,-5.927306930906904,45.43474014006674,0.130457595061271,False,negative,consistent_with_zero,316.348,75.75925,175.112,14.12247,long
Swift/BAT,sw00676595000bevshsp_uf.evt.gz,GRB160228A,2016-02-28T17:34:32.475720,107.3160833,26.9315833,0.9702497319383686,59.7808048304033,0.0162301216032628,False,positive,consistent_with_zero,98.908,23.89074,47.596,4.790873,long
Swift/BAT,sw00677495000bevshsp_uf.evt.gz,GRB160303A,2016-03-03T10:54:42.058240,168.7005,22.7423889,5.971004647510305,18.041493671679664,0.3309595511419983,False,positive,consistent_with_zero,4.976,1.006252,1.572,1.492146,long
Swift/BAT,sw00677582000bevshsp_uf.evt.gz,,2016-03-03T22:40:24,257.21734079521,-36.4009142002776,-5.718197733740842,17.92372524901094,0.31902953511611,False,negative,consistent_with_zero,,,,,unknown
Swift/BAT,sw00677890000bevshsp_uf.evt.gz,,2016-03-05T20:42:48,279.9882,5.034316,6.338456658514517,21.81921348313033,0.2904988607135237,False,positive,consistent_with_zero,,,,,unknown
Swift/BAT,sw00677981000bevshsp_uf.evt.gz,,2016-03-06T09:41:52,257.250230239272,-36.4483358823612,109762.54729465408,20.29539290467192,5408.249439181203,True,positive,significant_positive,,,,,unknown
Swift/BAT,sw00678197000bevshsp_uf.evt.gz,,2016-03-07T16:01:44,75.1553666430309,45.0788117010882,-3.16809863814538,16.002720394065896,0.1979725046824019,False,negative,consistent_with_zero,,,,,unknown
Swift/BAT,sw00678929000bevshsp_uf.evt.gz,GRB160313A,2016-03-13T02:37:15.804900,183.7962917,57.2838889,-6.815879299315813,23.94173143745665,0.2846861479973175,False,negative,consistent_with_zero,41.536,6.183212,22.368,5.979797,long
Swift/BAT,sw00679120000bevshsp_uf.evt.gz,GRB160314A,2016-03-14T11:32:51.798460,112.7890833,16.9986944,-3.4097419610578936,23.89113882126791,0.1427199425932153,False,negative,consistent_with_zero,8.732,1.516381,3.112,1.43,long
Swift/BAT,sw00679432000bevshsp_uf.evt.gz,,2016-03-16T22:41:40.16,118.9265,-29.5640833,-5.038718476373225,20.28695807758288,0.248372301904691,False,negative,consistent_with_zero,,,,,unknown
Swift/BAT,sw00680017000bevshsp_uf.evt.gz,GRB160321A,2016-03-21T15:55:27.220500,99.4191667,5.7472778,-5.674674659865367,21.79831479630825,0.2603263010416946,False,negative,consistent_with_zero,33.476,4.828278,16.888,5.195218,long
Swift/BAT,sw00680331000bevshsp_uf.evt.gz,,2016-03-24T03:26:56,186.6532,-62.76931,46652.24334288819,39.97320337366111,1167.0879340540416,True,positive,significant_positive,,,,,unknown
Swift/BAT,sw00680436000bevshsp_uf.evt.gz,GRB160325A,2016-03-25T07:00:03.619340,15.6522917,-72.6965,7.579565481524565,69.45473661832173,0.1091295691347438,False,positive,consistent_with_zero,61.724,12.05326,26.536,4.86102,long
Swift/BAT,sw00680457000bevshsp_uf.evt.gz,,2016-03-25T13:16:51.135999,292.701782051049,-0.667679244979147,-3.4680624730781267,842.3455587158873,0.0041171493541973,False,negative,consistent_with_zero,,,,,unknown
Swift/BAT,sw00680655000bevshsp_uf.evt.gz,GRB160327A,2016-03-27T09:16:07.705440,146.7017917,54.0130833,-5.5929514246141085,51.09892485976629,0.1094534070915027,False,negative,consistent_with_zero,33.744,9.37472,9.824,1.283695,long
Swift/BAT,sw00682059000bevshsp_uf.evt.gz,GRB160408A,2016-04-08T06:25:43.777280,122.6235,71.1282778,-1.5494603088094168,15.888646200946592,0.097519970500514,False,negative,consistent_with_zero,0.3199999,0.03687817,0.1799999,0.04326662,short
Swift/BAT,sw00682269000bevshsp_uf.evt.gz,GRB160410A,2016-04-10T05:09:48.056060,150.684875,3.4784722,0.4307066801862213,31.83638755775536,0.0135287547748582,False,positive,consistent_with_zero,96.0,50.59644,32.0,16.0,long
Swift/BAT,sw00682339000bevshsp_uf.evt.gz,GRB160411A,2016-04-11T01:28:51.924060,349.355,-40.2421944,-4.445681080489856,17.416634530801,0.2552548870809541,False,negative,consistent_with_zero,0.3559999,0.0756042,0.196,0.06511525,short
Swift/BAT,sw00682522000bevshsp_uf.evt.gz,GRB160412A,2016-04-12T04:23:54.702760,33.04821,-67.62663,4.702462549691111,47.44182440804212,0.0991206094699421,False,positive,consistent_with_zero,32.18,3.930079,12.456,1.376895,long
Swift/BAT,sw00682614000bevshsp_uf.evt.gz,,2016-04-12T20:39:39.008,58.9583287781641,-8.34582114153904,-1.7714036398761688,122.34076704799,0.0144792588980687,False,negative,consistent_with_zero,,,,,unknown
Swift/BAT,sw00683076000bevshsp_uf.evt.gz,GRB160417A,2016-04-17T04:23:41.047080,120.2567917,7.6627778,2.5403843249102693,16.490669342791065,0.154049800654138,False,positive,consistent_with_zero,14.552,2.317058,7.796,1.623083,long
Swift/BAT,sw00683383000bevshsp_uf.evt.gz,GRB160419A,2016-04-19T15:16:37.419400,16.4243148860276,-27.3425780118945,-2.143183540586504,26.109285852859628,0.0820851076764235,False,negative,consistent_with_zero,9.416,1.587331,3.516,0.4386342,long
Swift/BAT,sw00683906000bevshsp_uf.evt.gz,GRB160424A,2016-04-24T11:49:07.348300,319.485,-60.4146944,4.893220780723215,31.80212742544428,0.1538645737520139,False,positive,consistent_with_zero,6.464,0.9516974,1.984,0.3541751,long
Swift/BAT,sw00684098000bevshsp_uf.evt.gz,GRB160425A,2016-04-25T23:26:11.341240,280.3272917,-54.3599722,-1.5817779923330704,34.30530560249583,0.046108844231313,False,negative,consistent_with_zero,304.596,15.02803,117.584,104.6581,long
Swift/BAT,sw00684679000bevshsp_uf.evt.gz,GRB160501A,2016-05-01T00:40:31.797220,286.383375,-17.2406944,13.986736626032712,41.709639073268605,0.3353358345168876,False,positive,consistent_with_zero,,,,,unknown
Swift/BAT,sw00685124000bevshsp_uf.evt.gz,GRB160504A,2016-05-04T19:30:37.347200,170.072375,56.0012778,5.153289851962532,35.072029828470164,0.1469344625094748,False,positive,consistent_with_zero,53.96,5.68137,28.076,5.862731,long
Swift/BAT,sw00685245000bevshsp_uf.evt.gz,GRB160506A,2016-05-06T03:29:15.868860,265.848375,-46.134,-1.194030544172061,41.1123294400229,0.0290431255157648,False,negative,consistent_with_zero,260.528,78.31821,105.236,71.07852,long
Swift/BAT,sw00686443000bevshsp_uf.evt.gz,,2016-05-16T20:50:03.199999,293.704102098376,21.8799242647327,-5.157344542080422,17.639592945558874,0.2923732173411001,False,negative,consistent_with_zero,,,,,unknown
Swift/BAT,sw00686761000bevshsp_uf.evt.gz,,2016-05-18T09:09:40.16,293.722461595314,21.8910956484575,2.0059323243493927,4.540326385125653,0.4418035520355832,False,positive,consistent_with_zero,,,,,unknown
Swift/BAT,sw00686818000bevshsp_uf.evt.gz,GRB160519A,2016-05-19T00:17:33.535660,71.1133226475316,31.1966191090885,4.052384446385968,19.4191574174196,0.2086797258644626,False,positive,consistent_with_zero,35.616,6.069317,24.544,7.463979,long
Swift/BAT,sw00686842000bevshsp_uf.evt.gz,,2016-05-19T05:41:42.079999,293.749942771204,21.8766926255863,-0.5004723021259636,105.64062396857229,0.004737498542936,False,negative,consistent_with_zero,,,,,unknown
Swift/BAT,sw00686845000bevshsp_uf.evt.gz,,2016-05-19T06:16:16,320.760610417157,-5.68930996312992,0.3644927046591174,26.02142569794835,0.0140074071609326,False,positive,consistent_with_zero,,,,,unknown
Swift/BAT,sw00687123000bevshsp_uf.evt.gz,,2016-05-21T20:02:03.519999,293.749746391611,21.9107592491394,-3.0430969910461245,16.907490228496723,0.1799851397173743,False,negative,consistent_with_zero,,,,,unknown
Swift/BAT,sw00687124000bevshsp_uf.evt.gz,,2016-05-21T20:23:58.399999,293.730319051045,21.9048472561028,0.40237170054494,10.245866377446488,0.039271613128847,False,positive,consistent_with_zero,,,,,unknown
Swift/BAT,sw00687492000bevshsp_uf.evt.gz,GRB160525A,2016-05-25T01:33:59.682820,103.530165020782,-0.17351014677238,3.761310020202973,16.992765739992574,0.2213477239523586,False,positive,consistent_with_zero,,,,,unknown
Swift/BAT,sw00687522000bevshsp_uf.evt.gz,GRB160525B,2016-05-25T09:25:07.649260,149.3845,51.2063889,-3.983647895274567,16.018896428129715,0.2486842906530782,False,negative,consistent_with_zero,0.2919999,0.04560698,0.112,0.0636553,short
Swift/BAT,sw00688452000bevshsp_uf.evt.gz,GRB160601A,2016-06-01T14:43:02.422720,234.9354583,64.5404722,15.930805149703222,30.68958628505128,0.5190948161286562,False,positive,consistent_with_zero,0.1199999,0.02262742,0.05599993,0.02000004,short
Swift/BAT,sw00689353000bevshsp_uf.evt.gz,,2016-06-06T12:38:00,266.41131583894,-29.0071154363649,-41020.332544372686,22.752712317881205,1802.8765964809863,True,negative,significant_negative,,,,,unknown
Swift/BAT,sw00689597000bevshsp_uf.evt.gz,GRB160607A,2016-06-07T11:14:00.834700,13.6662917,-4.9485,28.774573487866537,215.92921180268308,0.1332592901518153,False,positive,consistent_with_zero,33.492,0.4464437,8.492,0.2374532,long
Swift/BAT,sw00689956000bevshsp_uf.evt.gz,,2016-06-09T02:21:20,266.42190704556,-29.0084813194078,-0.1318868106774831,26.440512704796507,0.0049880579907801,False,negative,consistent_with_zero,,,,,unknown
Swift/BAT,sw00690197000bevshsp_uf.evt.gz,,2016-06-09T20:28:16,266.4209,-29.01848,10.303187977579528,34.19633088400187,0.3012951305369339,False,positive,consistent_with_zero,,,,,unknown
Swift/BAT,sw00690589000bevshsp_uf.evt.gz,,2016-06-11T20:08:40,266.583404251709,-28.9996980890775,42237.13153648195,20.6357082914624,2046.7982460266076,True,positive,significant_positive,,,,,unknown
Swift/BAT,sw00690598000bevshsp_uf.evt.gz,GRB160611A,2016-06-11T21:40:34.413540,164.4225833,-70.393,7.517456414776998,99.21280753008274,0.075771027974363,False,positive,consistent_with_zero,35.124,6.0016,10.776,2.075333,long
Swift/BAT,sw00690638000bevshsp_uf.evt.gz,,2016-06-12T02:24:48,244.9807,-15.64042,5253.758864501269,29.63434917717821,177.2861227047718,True,positive,significant_positive,,,,,unknown
Swift/BAT,sw00690738000bevshsp_uf.evt.gz,,2016-06-12T16:24:48,244.9792,-15.64062,-4.439590256090027,20.344658201622615,0.2182189650026138,False,negative,consistent_with_zero,,,,,unknown
Swift/BAT,sw00700791000bevshsp_uf.evt.gz,,2016-06-22T02:03:30.24,244.373401861109,-51.0451809905403,-4.80463009417274,24.868089279710595,0.193204634265679,False,negative,consistent_with_zero,,,,,unknown
Swift/BAT,sw00701182000bevshsp_uf.evt.gz,,2016-06-23T19:24:56.319999,293.71550324118,21.8936538877306,-0.458239134312938,6.981649258051567,0.0656347973631696,False,negative,consistent_with_zero,,,,,unknown
Swift/BAT,sw00701288000bevshsp_uf.evt.gz,GRB160624A,2016-06-24T11:27:01.297540,330.1926667,29.6442778,-0.8320005070562175,25.229572910921743,0.0329771934702885,False,negative,consistent_with_zero,0.192,0.1431084,0.128,0.06400001,short
Swift/BAT,sw00701454000bevshsp_uf.evt.gz,,2016-06-25T16:13:04,299.5898,35.1993,-3.5621187621741357,16.693134445877174,0.2133882509437224,False,negative,consistent_with_zero,,,,,unknown
Swift/BAT,sw00701503000bevshsp_uf.evt.gz,GRB160625A,2016-06-25T22:40:31.466540,176.9140833,-65.1435833,2.030434106801078,248.574379246523,0.0081683161110799,False,positive,consistent_with_zero,53.92,3.099135,31.952,0.7921312,long
Swift/BAT,sw00701590000bevshsp_uf.evt.gz,,2016-06-26T13:54:47.36,293.730196159552,21.8843548581057,3.5058626943135893,8.34044900524077,0.4203445992069084,False,positive,consistent_with_zero,,,,,unknown
Swift/BAT,sw00701668000bevshsp_uf.evt.gz,,2016-06-26T23:30:32,186.443755724593,12.7469721198798,-1.3208933984705502,23.290260828089988,0.0567144098651502,False,negative,consistent_with_zero,,,,,unknown
Swift/BAT,sw00702252000bevshsp_uf.evt.gz,GRB160630A,2016-06-30T04:04:09.942380,198.2582917,-56.042,5.107839701269998,50.178146019437285,0.101794109716437,False,positive,consistent_with_zero,29.552,5.608428,10.752,2.282174,long
Swift/BAT,sw00702473000bevshsp_uf.evt.gz,,2016-07-01T20:30:00,299.5908,35.1996,-0.2413024839602072,14.995844312595304,0.016091290288839,False,negative,consistent_with_zero,,,,,unknown
Swift/BAT,sw00702630000bevshsp_uf.evt.gz,,2016-07-02T23:38:49.088,299.5915,35.19979,-5.894067857465624,19.528291674787887,0.3018219901475147,False,negative,consistent_with_zero,,,,,unknown
Swift/BAT,sw00702699000bevshsp_uf.evt.gz,GRB160703A,2016-07-03T12:10:05.126360,287.392582646627,36.9010907591217,4.5615378444813794,168.897936736804,0.027007658782651,False,positive,consistent_with_zero,45.008,3.024024,20.416,0.3917959,long
Swift/BAT,sw00703176000bevshsp_uf.evt.gz,GRB160705B,2016-07-05T21:02:07.482980,168.1092917,46.7008889,1.1631715800125424,29.60971720883273,0.0392834410342008,False,positive,consistent_with_zero,54.58,12.57402,28.152,11.1539,long
Swift/BAT,sw00704155000bevshsp_uf.evt.gz,GRB160712A,2016-07-12T19:53:36.025560,304.1597917,-26.9583889,-3.332528755974303,42.878887474182925,0.0777195713853535,False,negative,consistent_with_zero,44.528,6.373164,21.12,2.480826,long
Swift/BAT,sw00704310000bevshsp_uf.evt.gz,GRB160714A,2016-07-14T02:19:15.539440,234.461473411661,63.8313767687476,-40189.23301629453,23.36527840449913,1720.0408366867928,True,negative,significant_negative,0.3479999,0.112641,0.1839999,0.1039999,short
Swift/BAT,sw00704327000bevshsp_uf.evt.gz,,2016-07-14T05:21:22.879999,272.612931989463,72.0565484537899,-7.568746982144519,63.45925352264424,0.1192693982674056,False,negative,consistent_with_zero,,,,,unknown
Swift/BAT,sw00704444000bevshsp_uf.evt.gz,,2016-07-15T01:02:24,193.77437969534,13.1450733592021,9.49426999904206,18.6663816840833,0.5086293722975652,False,positive,consistent_with_zero,,,,,unknown
Swift/BAT,sw00704572000bevshsp_uf.evt.gz,GRB160716A,2016-07-16T01:08:30.026020,190.4362917,-61.3510833,-1.746971654814494,22.601963700647023,0.0772929148083041,False,negative,consistent_with_zero,6.392,0.5750131,4.34,1.340324,long
Swift/BAT,sw00706052000bevshsp_uf.evt.gz,GRB160726A,2016-07-26T01:34:07.673500,98.8207862266102,-6.64457301434871,-8.116568315906752,19.40764121740487,0.4182150847176509,False,negative,consistent_with_zero,0.7279999,0.04308133,0.1799999,0.1687602,short
Swift/BAT,sw00706396000bevshsp_uf.evt.gz,,2016-07-28T01:28:07.68,169.827639693415,-61.4775075128405,0.8746336148292518,18.5069343417918,0.0472597783444976,False,positive,consistent_with_zero,,,,,unknown
Swift/BAT,sw00706871000bevshsp_uf.evt.gz,GRB160801A,2016-08-01T09:28:30.522860,212.762875,13.4893889,4.515254120055579,22.5251262703504,0.2004541091518303,False,positive,consistent_with_zero,2.852,0.4154275,1.316,0.4049494,long
Swift/BAT,sw00707231000bevshsp_uf.evt.gz,GRB160804A,2016-08-04T01:32:47.341920,221.6291,9.995992,1.1074274055530986,139.46360688378272,0.0079406192790921,False,positive,consistent_with_zero,152.744,19.20321,50.6,2.709429,long
Swift/BAT,sw00707517000bevshsp_uf.evt.gz,,2016-08-06T05:18:48,98.2076020223504,-22.785764751044,-4.310747956256585,24.265427841256106,0.1776497815928655,False,negative,consistent_with_zero,,,,,unknown
Swift/BAT,sw00707545000bevshsp_uf.evt.gz,,2016-08-06T10:58:40,282.0696667,-2.4238889,4.932574462288061,16.045269832847293,0.3074161116437116,False,positive,consistent_with_zero,,,,,unknown
Swift/BAT,sw00708598000bevshsp_uf.evt.gz,GRB160815A,2016-08-15T11:45:11.734540,288.536375,84.3137778,-4.734048417760031,26.855636793889584,0.1762776453261074,False,negative,consistent_with_zero,8.568,1.834296,2.872,0.2912044,long
Swift/BAT,sw00709351000bevshsp_uf.evt.gz,GRB160821A,2016-08-21T20:34:30.167540,171.247515998307,42.3431631317135,3.689917877299292,324.13148999037566,0.0113840154111803,False,positive,consistent_with_zero,112.636,1.0967,67.872,2.056272,long
Swift/BAT,sw00709357000bevshsp_uf.evt.gz,GRB160821B,2016-08-21T22:29:13.303140,279.978,62.392,0.53721989520725,15.441216539868648,0.0347912934074959,False,positive,consistent_with_zero,0.48,0.07299317,0.276,0.05059649,short
Swift/BAT,sw00709765000bevshsp_uf.evt.gz,GRB160824A,2016-08-24T23:22:25.352360,80.0875833,40.0285,9.780374243341594,35.32518276191709,0.2768669113266553,False,positive,consistent_with_zero,99.332,7.877792,41.672,14.69168,long
Swift/BAT,sw00709907000bevshsp_uf.evt.gz,GRB160826A,2016-08-26T06:12:38.274100,183.1133,-67.66364,5051.241310886345,21.589440899264275,233.96813907573127,True,positive,significant_positive,52.616,14.3925,14.952,12.69939,long
Swift/BAT,sw00710022000bevshsp_uf.evt.gz,,2016-08-27T07:36:56,270.759892663473,-20.2484847422294,-17154.779623109673,20.968115249721585,818.1364618995717,True,negative,significant_negative,,,,,unknown
Swift/BAT,sw00710050000bevshsp_uf.evt.gz,GRB160827A,2016-08-27T15:46:45.243300,179.296328377896,-29.1593372498433,4.040817465677889,17.748096433242374,0.2276761049207167,False,positive,consistent_with_zero,14.048,5.579305,6.48,2.896663,long
Swift/BAT,sw00711084000bevshsp_uf.evt.gz,GRB160905A,2016-09-05T11:18:58.384380,162.2464583,-50.8011944,19.298281714384807,329.09851007963846,0.0586398331299489,False,positive,consistent_with_zero,64.0,16.0,16.0,16.0,long
Swift/BAT,sw00711158000bevshsp_uf.evt.gz,,2016-09-06T02:08:40,135.3727,-40.53579,-1.0087867140971565,50.027685419925824,0.0201645689907404,False,negative,consistent_with_zero,,,,,unknown
Swift/BAT,sw00711914000bevshsp_uf.evt.gz,GRB160912A,2016-09-12T16:07:43.149340,301.4975,57.5655833,0.7555070965531737,66.91365679966894,0.0112907757950677,False,positive,consistent_with_zero,207.308,16.02694,22.436,105.8304,long
Swift/BAT,sw00712505000bevshsp_uf.evt.gz,GRB160917A,2016-09-17T11:30:19.349940,295.668,46.4031944,2.018590698919416,26.81293201710053,0.0752842209733726,False,positive,consistent_with_zero,14.52,1.815709,7.852,1.59885,long
Swift/BAT,sw00713668000bevshsp_uf.evt.gz,,2016-09-26T19:46:32,244.9496,-15.71811,2.130546852168532,23.673973485849427,0.0899953213786446,False,positive,consistent_with_zero,,,,,unknown
Swift/BAT,sw00713782000bevshsp_uf.evt.gz,GRB160927A,2016-09-27T18:04:49.891880,256.242875,17.3313889,13.351157371688616,30.23460955149774,0.441585241871504,False,positive,consistent_with_zero,0.4879999,0.1024499,0.2359999,0.04816631,short
Swift/BAT,sw00714404000bevshsp_uf.evt.gz,GRB161001A,2016-10-01T01:05:16.687760,71.9192917,-57.2607778,-0.8102590709410731,30.235968010114306,0.0267978544847656,False,negative,consistent_with_zero,2.6,0.3853518,1.248,0.139714,long
Swift/BAT,sw00715084000bevshsp_uf.evt.gz,GRB161004A,2016-10-04T12:58:28.674640,263.152375,-0.9505833,4.841039922519438,21.09024508440802,0.2295392918927438,False,positive,consistent_with_zero,1.32,0.2997866,0.66,0.1870187,short
Swift/BAT,sw00715209000bevshsp_uf.evt.gz,,2016-10-04T20:32:40,245.004510881698,-15.7181996033977,2.0677448379249834,28.577657284829108,0.0723552955134176,False,positive,consistent_with_zero,,,,,unknown
Swift/BAT,sw00715246000bevshsp_uf.evt.gz,GRB161004B,2016-10-04T23:07:59.296560,112.151375,-39.898,9.50223640254607,138.76257620346226,0.0684783798523119,False,positive,consistent_with_zero,15.72,0.7521914,6.316,0.1376372,long
Swift/BAT,sw00716127000bevshsp_uf.evt.gz,GRB161007A,2016-10-07T21:25:43.026220,103.409375,23.3066944,-1.1430797322653736,23.797867752864487,0.0480328634538186,False,negative,consistent_with_zero,157.692,40.52403,73.484,30.86103,long
Swift/BAT,sw00716876000bevshsp_uf.evt.gz,GRB161011A,2016-10-11T05:54:54.113800,245.728375,8.3115,0.9453278079800216,30.377367256081293,0.0311194778668903,False,positive,consistent_with_zero,4.276,1.263095,1.896,1.389054,long
Swift/BAT,sw00717500000bevshsp_uf.evt.gz,GRB161014A,2016-10-14T12:31:22.705760,332.628404737304,7.48598860616531,7.3875525377601505,26.05515758856407,0.2835351316778309,False,positive,consistent_with_zero,23.0,4.472136,9.0,2.236068,long
Swift/BAT,sw00718023000bevshsp_uf.evt.gz,GRB161017A,2016-10-17T17:51:51.169980,142.7690833,43.1266944,-2.402907904855234,108.55473285439788,0.0221354504006582,False,negative,consistent_with_zero,217.048,6.863246,126.004,3.471097,long
Swift/BAT,sw00718655000bevshsp_uf.evt.gz,GRB161022A,2016-10-22T02:43:40.140580,129.0017917,54.3488889,1913.7358140363465,26.330111483569077,72.6824045249708,True,positive,significant_positive,7.248,1.06949,4.16,0.8611806,long
Swift/BAT,sw00718766000bevshsp_uf.evt.gz,,2016-10-22T20:45:52,255.9876,-37.8447,0.969101221938612,16.6905603797489,0.0580628331158041,False,positive,consistent_with_zero,,,,,unknown
Swift/BAT,sw00718919000bevshsp_uf.evt.gz,,2016-10-23T17:11:20,197.821885912884,43.9359283194799,-4.347170639731229,15.8261488799087,0.2746827843411711,False,negative,consistent_with_zero,,,,,unknown
Swift/BAT,sw00719854000bevshsp_uf.evt.gz,,2016-10-30T09:44:16,288.803232375459,10.9413134909882,-3.9232870954060433,23.083305731720312,0.1699620990599623,False,negative,consistent_with_zero,,,,,unknown
Swift/BAT,sw00720568000bevshsp_uf.evt.gz,GRB161104A,2016-11-04T09:42:26.875480,77.8922917,-51.4588889,1.4114721058935005,453.26716491144185,0.0031139959281393,False,positive,consistent_with_zero,0.09999996,0.01788853,0.04399997,0.01788853,short
Swift/BAT,sw00720697000bevshsp_uf.evt.gz,GRB161105A,2016-11-05T04:53:02.375560,120.1837917,-44.7752778,1.3256315754887895,62.44070799479086,0.0212302457492855,False,positive,consistent_with_zero,177.696,25.07348,62.82,2.380971,long
Swift/BAT,sw00721234000bevshsp_uf.evt.gz,GRB161108A,2016-11-08T03:32:33.177140,180.7874583,24.8678889,0.9004114362891537,24.71646520248864,0.0364296200493302,False,positive,consistent_with_zero,115.836,11.66004,79.48,11.34513,long
Swift/BAT,sw00722063000bevshsp_uf.evt.gz,GRB161113A,2016-11-13T17:30:26.749800,179.7934583,-5.3083889,19.690136977207544,74.48141846511756,0.2643630771670812,False,positive,consistent_with_zero,43.464,5.282643,16.772,2.347987,long
Swift/BAT,sw00722604000bevshsp_uf.evt.gz,GRB161117A,2016-11-17T01:35:36.685460,322.0520833,-29.6134722,327.97740461379937,432.15900852062737,0.7589276126316008,False,positive,consistent_with_zero,125.7,1.093376,74.544,0.5563452,long
Swift/BAT,sw00722642000bevshsp_uf.evt.gz,GRB161117B,2016-11-17T09:49:43.723760,298.824375,-67.7027778,7.09577621351225,112.49418739104884,0.063076825372729,False,positive,consistent_with_zero,152.312,3.153553,34.732,0.9241731,long
Swift/BAT,sw00722681000bevshsp_uf.evt.gz,,2016-11-17T15:14:16,140.040455710658,-51.1443218374962,3.722922736554794,15.827434231317104,0.235219599218956,False,positive,consistent_with_zero,,,,,unknown
Swift/BAT,sw00723124000bevshsp_uf.evt.gz,,2016-11-21T02:17:52,176.394550776426,-6.89646435298575,-4.323666460783695,17.279558784826257,0.2502185683456482,False,negative,consistent_with_zero,,,,,unknown
Swift/BAT,sw00723365000bevshsp_uf.evt.gz,,2016-11-22T05:35:20,299.5929,35.20033,-6.935606347071428,19.33511078439573,0.3587052809994118,False,negative,consistent_with_zero,,,,,unknown
Swift/BAT,sw00723539000bevshsp_uf.evt.gz,,2016-11-23T13:34:54.72,299.5933,35.20131,2.0945179476013926,16.627698285960314,0.1259655973773538,False,positive,consistent_with_zero,,,,,unknown
Swift/BAT,sw00724438000bevshsp_uf.evt.gz,GRB161129A,2016-11-29T07:11:39.857180,316.2286667,32.1356944,3.217230471406418,52.00429669034599,0.0618647049601126,False,positive,consistent_with_zero,35.544,2.095133,15.332,2.171216,long
Swift/BAT,sw00725036000bevshsp_uf.evt.gz,GRB161202A,2016-12-02T23:12:52.703120,356.903,19.6476944,15.880386740168792,107.13537507648054,0.1482272940084663,False,positive,consistent_with_zero,118.496,0.7124746,79.78,15.60037,long
Swift/BAT,sw00725626000bevshsp_uf.evt.gz,,2016-12-06T07:56:16,299.5914,35.20055,-4.780106552103418,23.597530788546795,0.20256808201405,False,negative,consistent_with_zero,,,,,unknown
Swift/BAT,sw00725983000bevshsp_uf.evt.gz,,2016-12-09T02:19:44,135.740009430608,-40.4094613142785,-2.3905447796146824,17.626384854420586,0.1356230900073164,False,negative,consistent_with_zero,,,,,unknown
Swift/BAT,sw00726885000bevshsp_uf.evt.gz,GRB161214B,2016-12-14T17:20:10.661200,3.8516667,7.3527778,-7.700800090932532,59.42076814177416,0.1295977876381354,False,negative,consistent_with_zero,24.896,3.182645,8.8,1.155275,long
Swift/BAT,sw00727167000bevshsp_uf.evt.gz,GRB161217A,2016-12-17T01:27:34.681680,150.6516667,52.3591944,-78282.34217586335,28.38545958837104,2757.832471662149,True,negative,significant_negative,12.036,2.449433,6.588,2.368494,long
Swift/BAT,sw00727288000bevshsp_uf.evt.gz,GRB161218A,2016-12-18T03:47:36.148280,245.25705184263,-4.11356983789782,14.741956381509636,93.05139717770528,0.1584281034851752,False,positive,consistent_with_zero,7.2,0.5458938,2.98,0.08236507,long
Swift/BAT,sw00727422000bevshsp_uf.evt.gz,,2016-12-19T07:32:40,119.852294516257,-38.8202100509903,4.744494190107196,16.700266893119302,0.2840969081794723,False,positive,consistent_with_zero,,,,,unknown
Swift/BAT,sw00727541000bevshsp_uf.evt.gz,GRB161219B,2016-12-19T18:48:39.308260,91.713875,-26.7913889,10.871570831701574,58.580769415112606,0.1855825886250127,False,positive,consistent_with_zero,6.932,0.7931809,2.452,0.3739091,long
Swift/BAT,sw00727610000bevshsp_uf.evt.gz,GRB161220A,2016-12-20T08:33:30.249440,350.8487,-47.49787,-1.6356101606503235,24.727387404264203,0.0661456923818917,False,negative,consistent_with_zero,7.22,1.754254,3.536,0.8124063,long
Swift/BAT,sw00728094000bevshsp_uf.evt.gz,,2016-12-23T19:01:44,259.877380991834,-25.0103709585701,38014.18766409968,19.94205795924224,1906.231931618764,True,positive,significant_positive,,,,,unknown
Swift/BAT,sw00728268000bevshsp_uf.evt.gz,GRB161224A,2016-12-24T22:13:34.642820,204.824756188297,-18.0284612983687,3.473617348173823,23.10793972915391,0.1503213782313689,False,positive,consistent_with_zero,47.376,11.5829,17.76,5.085106,long
Swift/BAT,sw00729293000bevshsp_uf.evt.gz,GRB170101A,2017-01-01T02:26:00.951240,267.102656576912,11.6542661795857,12.664057163298375,29.725473592669683,0.4260338232734276,False,positive,consistent_with_zero,3.104,0.848,0.976,0.07155419,long
Swift/BAT,sw00729410000bevshsp_uf.evt.gz,,2017-01-01T19:47:04,259.889321778484,-25.0252159272683,74238.83994472414,31.24485397719588,2376.0341462599736,True,positive,significant_positive,,,,,unknown
Swift/BAT,sw00729600000bevshsp_uf.evt.gz,,2017-01-03T06:32:18.751999,155.756619087021,-68.4705765858717,-2.7309720195388216,734.0370164912454,0.0037204826979885,False,negative,consistent_with_zero,,,,,unknown
Swift/BAT,sw00730513000bevshsp_uf.evt.gz,,2017-01-06T08:31:20,325.782901344549,43.4215071867016,7.021604061363711,17.55257886827171,0.4000326170905895,False,positive,consistent_with_zero,,,,,unknown
Swift/BAT,sw00730874000bevshsp_uf.evt.gz,,2017-01-07T13:37:44,40.0381428109793,39.1324567670486,5.98379067909323,16.249188169460112,0.3682516699720171,False,positive,consistent_with_zero,,,,,unknown
Swift/BAT,sw00731183000bevshsp_uf.evt.gz,,2017-01-09T11:11:04,259.882394312664,-24.9935284069051,20996.09628649217,18.288825430647787,1148.0286892184797,True,positive,significant_positive,,,,,unknown
Swift/BAT,sw00731257000bevshsp_uf.evt.gz,,2017-01-09T14:41:04,259.901375085413,-24.9976730621702,36043.10220382546,64.51458177287985,558.6814827493307,True,positive,significant_positive,,,,,unknown
Swift/BAT,sw00731535000bevshsp_uf.evt.gz,,2017-01-10T08:02:32,259.888854995834,-25.0149956632395,7160.856462608343,20.89744987038695,342.6665218494312,True,positive,significant_positive,,,,,unknown
Swift/BAT,sw00731725000bevshsp_uf.evt.gz,,2017-01-10T17:40:32,259.901957633053,-25.0040461806935,3.33311385327356,18.91840886610664,0.1761836250005683,False,positive,consistent_with_zero,,,,,unknown
Swift/BAT,sw00731887000bevshsp_uf.evt.gz,GRB170111A,2017-01-11T00:33:28.182060,20.6977917,-32.5657778,0.1639600474380914,17.875254245885138,0.0091724596015653,False,positive,consistent_with_zero,29.876,9.71117,10.48,2.515011,long
Swift/BAT,sw00732188000bevshsp_uf.evt.gz,GRB170112A,2017-01-12T02:02:00.112820,15.2313721880538,-17.1902816690652,170379.98576891248,37.81509597360061,4505.607651712897,True,positive,significant_positive,0.05599993,0.01788858,0.02799994,0.01442218,short
Swift/BAT,sw00732526000bevshsp_uf.evt.gz,GRB170113A,2017-01-13T10:04:05.482200,61.7326667,-71.9428889,0.7452862718897505,26.037602181307435,0.0286234602825599,False,positive,consistent_with_zero,20.296,4.332635,10.576,0.8731094,long
Swift/BAT,sw00733103000bevshsp_uf.evt.gz,GRB170115A,2017-01-15T20:50:08.094080,332.1391,13.72832,-2.632445593889353,292.5272885548712,0.0089989744440391,False,negative,consistent_with_zero,32.044,9.16922,18.656,6.7734,long
Swift/BAT,sw00735188000bevshsp_uf.evt.gz,GRB170126A,2017-01-26T11:30:42.281540,263.6330833,-64.7601944,-1.8814418182540849,670.9189599370902,0.002804275822568,False,negative,consistent_with_zero,9.536,1.580683,3.904,0.8914168,long
Swift/BAT,sw00735326000bevshsp_uf.evt.gz,GRB170127A,2017-01-27T14:21:15.684000,174.36,-45.8356944,2.6990830626774427,23.18731106853213,0.1164034525046938,False,positive,consistent_with_zero,67.376,12.0329,36.252,11.37123,long
Swift/BAT,sw00735331000bevshsp_uf.evt.gz,GRB170127B,2017-01-27T15:13:28.675820,19.978375,-30.3573889,-6.431097687772259,68.05007448453593,0.0945053732341424,False,negative,consistent_with_zero,0.512,0.1448862,0.256,0.08158436,short
Swift/BAT,sw00735413000bevshsp_uf.evt.gz,,2017-01-28T03:24:08,172.245751050275,-60.4204369858033,-15812.688968751258,18.276382790276426,865.1979524725252,True,negative,significant_negative,,,,,unknown
Swift/BAT,sw00736407000bevshsp_uf.evt.gz,GRB170202A,2017-02-02T18:28:02.373380,152.5144583,5.0115833,-0.2060810122387927,59.680117251404894,0.0034530932868423,False,negative,consistent_with_zero,37.76,11.71811,14.94,1.144902,long
Swift/BAT,sw00736432000bevshsp_uf.evt.gz,GRB170203A,2017-02-03T00:03:41.060220,332.860488803399,25.1734109087689,7.140534618931,26.93373916043837,0.2651148649059235,False,positive,consistent_with_zero,45.904,5.961554,12.436,12.92559,long
Swift/BAT,sw00736843000bevshsp_uf.evt.gz,GRB170205A,2017-02-05T12:39:09.951640,262.1695,-0.0630833,-0.2992095755831557,209.2073779609335,0.0014302056576562,False,negative,consistent_with_zero,26.128,3.183611,17.116,0.6218681,long
Swift/BAT,sw00737125000bevshsp_uf.evt.gz,GRB170206B,2017-02-06T21:57:25.488720,271.785667508088,11.2228219729964,7.778924859428701,19.727615003597855,0.3943165384163269,False,positive,consistent_with_zero,13.36,2.677025,7.44,2.972945,long
Swift/BAT,sw00737438000bevshsp_uf.evt.gz,GRB170208A,2017-02-08T18:11:16.327540,166.5640833,-46.7671944,-1.2574814062909,28.69951109251892,0.0438154295464178,False,negative,consistent_with_zero,7.448,0.5432937,4.972,1.078378,long
Swift/BAT,sw00737463000bevshsp_uf.evt.gz,GRB170208B,2017-02-08T22:33:38.918640,127.1436667,-9.0299722,218.16159758609925,392.425801455973,0.5559308199834949,False,positive,consistent_with_zero,128.136,5.718968,7.7,0.4820125,long
Swift/BAT,sw00738728000bevshsp_uf.evt.gz,,2017-02-16T19:22:16,181.473749705816,47.6499008227623,8.94471420423208,19.610271677825395,0.4561239309267932,False,positive,consistent_with_zero,,,,,unknown
Swift/BAT,sw00739517000bevshsp_uf.evt.gz,,2017-02-22T02:24:49.727999,230.4842,-55.83872,1.324886170386747,788.9688737108902,0.0016792629145877,False,positive,consistent_with_zero,,,,,unknown
Swift/BAT,sw00741220000bevshsp_uf.evt.gz,GRB170306A,2017-03-06T07:06:12.520600,263.0687917,-44.7479722,114486.1811141907,28.515439478527117,4014.883978919625,True,positive,significant_positive,21.008,6.527453,9.356,2.708603,long
Swift/BAT,sw00741528000bevshsp_uf.evt.gz,GRB170307A,2017-03-07T20:24:21.280840,13.5352800445089,9.53652894499694,8.000567971690083,173.60643610134204,0.0460845124832801,False,positive,consistent_with_zero,29.92,28.17616,13.216,6.534207,long
Swift/BAT,sw00741567000bevshsp_uf.evt.gz,,2017-03-08T03:31:12,260.077,-24.88924,-8.82234069452787,20.66885244604814,0.4268423086166397,False,negative,consistent_with_zero,,,,,unknown
Swift/BAT,sw00741569000bevshsp_uf.evt.gz,,2017-03-08T03:44:48,260.069099596068,-24.8410041548402,-9.230566142702305,18.641137891019326,0.4951718181940642,False,negative,consistent_with_zero,,,,,unknown
Swift/BAT,sw00741570000bevshsp_uf.evt.gz,,2017-03-08T04:21:52,83.8258891611408,21.7801489831598,-0.5985038070980934,29.783532981577192,0.0200951246270313,False,negative,consistent_with_zero,,,,,unknown
Swift/BAT,sw00741965000bevshsp_uf.evt.gz,GRB170311A,2017-03-11T08:08:42.959380,280.589375,-30.0456944,3.662903644905396,28.136428516300292,0.1301836742635393,False,positive,consistent_with_zero,9.0,2.828427,3.0,2.828427,long
Swift/BAT,sw00742866000bevshsp_uf.evt.gz,GRB170317A,2017-03-17T09:45:59.089020,93.0614583,50.493,6.432809629236462,36.95806136076749,0.1740570092798524,False,positive,consistent_with_zero,11.952,4.874961,4.288,0.7297123,long
Swift/BAT,sw00743065000bevshsp_uf.evt.gz,GRB170318A,2017-03-18T12:11:56.523520,305.6665833,28.4065,1.8595298720504083,68.7417262597051,0.0270509626864058,False,positive,consistent_with_zero,116.916,31.52705,36.216,5.374443,long
Swift/BAT,sw00743086000bevshsp_uf.evt.gz,GRB170318B,2017-03-18T15:27:52.554820,284.3060833,6.2993889,-9.040383291473075,41.86658846127607,0.2159331252852105,False,negative,consistent_with_zero,1.072,0.2218468,0.5559999,0.2976173,short
Swift/BAT,sw00744773000bevshsp_uf.evt.gz,GRB170330A,2017-03-30T22:29:51.341320,283.3307917,-13.4311944,7.453506559783084,38.7950088734721,0.192125399019557,False,positive,consistent_with_zero,144.468,2.18785,109.768,2.905933,long
Swift/BAT,sw00744791000bevshsp_uf.evt.gz,GRB170331A,2017-03-31T01:40:46.444640,323.7925833,-24.3859722,1.3592483920824874,78.00133787213962,0.0174259625432396,False,positive,consistent_with_zero,17.616,2.476901,9.6,2.443617,long
Swift/BAT,sw00745022000bevshsp_uf.evt.gz,,2017-04-01T19:01:12,271.6327,-22.23863,0.1166467091610355,24.93895933500927,0.0046772885586002,False,positive,consistent_with_zero,,,,,unknown
Swift/BAT,sw00745090000bevshsp_uf.evt.gz,,2017-04-02T10:34:00,202.405543818573,47.3575226263738,-0.3149790384510619,18.069830319859417,0.0174312117421981,False,negative,consistent_with_zero,,,,,unknown
Swift/BAT,sw00745797000bevshsp_uf.evt.gz,GRB170405A,2017-04-05T18:39:48.432100,219.828,-25.2430833,20.690978467963355,197.9735682054691,0.1045138432141051,False,positive,consistent_with_zero,165.312,32.89292,47.52,2.540929,long
Swift/BAT,sw00745966000bevshsp_uf.evt.gz,,2017-04-06T12:29:20,282.037560306037,-2.43867721564144,32833.86684020708,34.01877628588042,965.1689574099952,True,positive,significant_positive,,,,,unknown
Swift/BAT,sw00748858000bevshsp_uf.evt.gz,,2017-04-19T07:43:52,199.853016115085,15.4710556087952,0.7320258412370497,16.710929520054858,0.0438052138487295,False,positive,consistent_with_zero,,,,,unknown
Swift/BAT,sw00748898000bevshsp_uf.evt.gz,GRB170419A,2017-04-19T13:26:40.202980,79.854875,-21.4241944,2.3750618750832584,39.18026732425735,0.0606188277233322,False,positive,consistent_with_zero,7.776,1.751105,2.976,1.959722,long
Swift/BAT,sw00748947000bevshsp_uf.evt.gz,GRB170419B,2017-04-19T21:33:46.057280,60.4979072457145,-15.1426180694188,0.1199034008904449,436.1588438961069,0.0002749076456168,False,positive,consistent_with_zero,65.856,11.26015,29.22,7.636553,long
Swift/BAT,sw00750044000bevshsp_uf.evt.gz,,2017-04-26T13:42:00,255.043891882312,-60.1119294489334,-14469.850125911098,39.76256827278548,363.9063258349596,True,negative,significant_negative,,,,,unknown
Swift/BAT,sw00750096000bevshsp_uf.evt.gz,,2017-04-26T22:44:40,184.879938135627,5.65587280404081,1.7308241069531376,77.33574825669025,0.0223806473198945,False,positive,consistent_with_zero,,,,,unknown
Swift/BAT,sw00750298000bevshsp_uf.evt.gz,GRB170428A,2017-04-28T09:13:42.238600,330.062855519899,26.9175780247122,2.411949690967988,17.685332928139815,0.1363813562780173,False,positive,consistent_with_zero,0.1999999,0.07375638,0.09999996,0.02262742,short
Swift/BAT,sw00750337000bevshsp_uf.evt.gz,,2017-04-28T14:51:12,187.78150086864,-7.97217563786495,8.303893822344259,39.088838524524775,0.2124364431328473,False,positive,consistent_with_zero,,,,,unknown
Swift/BAT,sw00751253000bevshsp_uf.evt.gz,,2017-05-03T20:33:12,83.8483631818705,21.9569700762437,4.105158748443682,15.07955519001436,0.2722334111792705,False,positive,consistent_with_zero,,,,,unknown
Swift/BAT,sw00751928000bevshsp_uf.evt.gz,,2017-05-08T12:23:20,170.362858513274,-60.6306597869344,-0.3781683779651075,17.601718978726105,0.0214847412586334,False,negative,consistent_with_zero,,,,,unknown
Swift/BAT,sw00752193000bevshsp_uf.evt.gz,,2017-05-10T06:12:34.495999,297.661024030469,48.1775855809173,-0.3923578005412336,699.7626964376261,0.0005607012241988,False,negative,consistent_with_zero,,,,,unknown
Swift/BAT,sw00753085000bevshsp_uf.evt.gz,,2017-05-16T07:09:20.959999,251.7905,-45.8717778,3.191598151231402,23.41242708504339,0.1363206872845019,False,positive,consistent_with_zero,,,,,unknown
Swift/BAT,sw00753110000bevshsp_uf.evt.gz,GRB170516A,2017-05-16T12:49:20.579320,41.56633,-55.90929,-5.0567742464111,19.337499353058146,0.2615009393968715,False,negative,consistent_with_zero,36.768,11.61786,15.568,1.639356,long
Swift/BAT,sw00753445000bevshsp_uf.evt.gz,GRB170519A,2017-05-19T05:10:02.805780,163.426875,25.3741944,-2.6531168262759626,21.95300296006079,0.1208543920438944,False,negative,consistent_with_zero,220.252,143.8385,17.828,140.0665,long
Swift/BAT,sw00754322000bevshsp_uf.evt.gz,GRB170524A,2017-05-24T19:49:15.509460,319.4867917,48.6063889,-1.2173587721044614,17.219708974044632,0.0706956647141594,False,negative,consistent_with_zero,0.1039999,0.01788858,0.05999994,0.02154063,short
Swift/BAT,sw00754549000bevshsp_uf.evt.gz,GRB170526A,2017-05-26T13:35:08.944680,4.7072917,1.2772778,8.239177852553967,17.70011193934425,0.4654873302942066,False,positive,consistent_with_zero,8.312,2.4456,3.772,1.805454,long
Swift/BAT,sw00755343000bevshsp_uf.evt.gz,GRB170531A,2017-05-31T20:07:32.854060,121.2522917,-14.0226944,6.381420808560911,283.59131342005185,0.0225021730447322,False,positive,consistent_with_zero,32.304,7.928195,16.556,5.745706,long
Swift/BAT,sw00755354000bevshsp_uf.evt.gz,GRB170531B,2017-05-31T22:02:09.205660,286.8835,-16.4191944,-1.3763522825257826,109.6533260743084,0.012551851656493,False,negative,consistent_with_zero,170.296,9.106015,134.256,5.275462,long
Swift/BAT,sw00755848000bevshsp_uf.evt.gz,,2017-06-04T13:12:08,170.3152,-60.62355,1.8401440712666537,18.615478185441635,0.0988502177024789,False,positive,consistent_with_zero,,,,,unknown
Swift/BAT,sw00755867000bevshsp_uf.evt.gz,GRB170604A,2017-06-04T19:08:50.402040,342.645334010525,-15.4143151566099,-0.8310220705541205,24.55536069846457,0.0338427963147812,False,negative,consistent_with_zero,26.528,2.839763,8.816,1.087058,long
Swift/BAT,sw00755873000bevshsp_uf.evt.gz,,2017-06-04T21:31:11.68,200.808261928358,64.1979042702086,-1.3363442487222992,56.69265883978809,0.0235717335554638,False,negative,consistent_with_zero,,,,,unknown
Swift/BAT,sw00756284000bevshsp_uf.evt.gz,GRB170607A,2017-06-07T23:21:33.713940,7.3657917,9.2432778,7.075530413345565,79.18863604448553,0.0893503255867517,False,positive,consistent_with_zero,320.0,172.3253,192.0,150.9437,long
Swift/BAT,sw00756953000bevshsp_uf.evt.gz,,2017-06-12T20:55:28,262.731390156754,-5.97861054422321,5.94660103736088,33.95678732872931,0.1751226044970905,False,positive,consistent_with_zero,,,,,unknown
Swift/BAT,sw00758005000bevshsp_uf.evt.gz,,2017-06-21T11:07:13.856,12.4644150151791,40.7774517491441,-2.151093929103847,687.8422836495768,0.003127306913571,False,negative,consistent_with_zero,,,,,unknown
Swift/BAT,sw00758168000bevshsp_uf.evt.gz,,2017-06-22T10:33:04,232.220929460489,64.8706298535904,6.788160164980988,25.46039213894818,0.2666164813147854,False,positive,consistent_with_zero,,,,,unknown
Swift/BAT,sw00758766000bevshsp_uf.evt.gz,GRB170626A,2017-06-26T09:37:23.124540,165.3934583,56.4765833,12.036042242073924,74.46003780661462,0.161644320854813,False,positive,consistent_with_zero,12.948,0.3465948,6.94,0.1679048,long
Swift/BAT,sw00759159000bevshsp_uf.evt.gz,GRB170629A,2017-06-29T12:53:33.156640,129.9873,-46.57124,9.025939689761842,85.01526620321478,0.106168457653086,False,positive,consistent_with_zero,34.428,12.76203,7.452,2.165696,long
Swift/BAT,sw00760064000bevshsp_uf.evt.gz,GRB170705A,2017-07-05T02:45:47.080260,191.704,18.3071944,10.078041422062796,151.65401422318027,0.0664541685473062,False,positive,consistent_with_zero,223.204,15.55201,90.52,55.60828,long
Swift/BAT,sw00760835000bevshsp_uf.evt.gz,,2017-07-08T02:34:24,259.916172690703,-25.0266022608835,15.541552026761098,1262.0649515054354,0.0123143836679899,False,positive,consistent_with_zero,,,,,unknown
Swift/BAT,sw00761119000bevshsp_uf.evt.gz,GRB170710A,2017-07-10T00:45:44.623200,231.8196667,-38.4850833,-3.4419669036873604,59.68816757999704,0.0576658162453096,False,negative,consistent_with_zero,33.12,10.86116,15.968,7.838926,long
Swift/BAT,sw00761622000bevshsp_uf.evt.gz,GRB170711A,2017-07-11T22:20:25.381520,45.8015833,47.8486944,-1.973858888838524,42.938373771762194,0.0459695772208449,False,negative,consistent_with_zero,31.212,7.390577,3.248,0.5098862,long
Swift/BAT,sw00762535000bevshsp_uf.evt.gz,GRB170714A,2017-07-14T12:25:32.632340,34.34984,1.990147,-96387.49490637632,30.77022340687161,3132.4925279824606,True,negative,significant_negative,459.216,94.60989,258.192,65.43963,long
Swift/BAT,sw00763539000bevshsp_uf.evt.gz,,2017-07-20T04:41:28,185.366742233104,5.02952326900781,-5.651595899336302,17.853179748029095,0.3165596257417511,False,negative,consistent_with_zero,,,,,unknown
Swift/BAT,sw00764204000bevshsp_uf.evt.gz,GRB170724A,2017-07-24T00:48:44.583880,150.081345377704,-1.04756718482438,-5.860339850275153,16.979775530237642,0.3451364736735794,False,negative,consistent_with_zero,98.98,20.75716,43.876,21.2042,long
Swift/BAT,sw00765008000bevshsp_uf.evt.gz,GRB170728A,2017-07-28T06:53:28.786200,58.888375,12.1829722,70.14012622127214,304.72965156522025,0.2301716484136112,False,positive,consistent_with_zero,1.248,0.2468684,0.52,0.2061553,short
Swift/BAT,sw00765081000bevshsp_uf.evt.gz,,2017-07-28T16:58:17.407999,274.345875,-16.7164722,1.5979486357525208,33.47508169984793,0.0477354663412152,False,positive,consistent_with_zero,,,,,unknown
Swift/BAT,sw00765130000bevshsp_uf.evt.gz,GRB170728B,2017-07-28T23:03:19.438780,237.9809583,70.1218889,5.923851209670487,16.199977147783848,0.3656703435832234,False,positive,consistent_with_zero,47.68,26.4967,19.2,26.39315,long
Swift/BAT,sw00765783000bevshsp_uf.evt.gz,,2017-08-01T17:03:36,290.480824023386,-17.3077662846383,-6835.943646406895,22.10985320826135,309.1808698147595,True,negative,significant_negative,,,,,unknown
Swift/BAT,sw00766081000bevshsp_uf.evt.gz,GRB170803A,2017-08-03T17:30:27.173280,174.9337917,-16.3105,18.94161985377295,61.92553049089118,0.3058773934372533,False,positive,consistent_with_zero,3.82,0.2368121,1.612,0.0809938,long
Swift/BAT,sw00766161000bevshsp_uf.evt.gz,,2017-08-04T05:08:56,230.833563887997,-19.5473832952482,11.960740013655922,22.77219694603704,0.5252343479199272,False,positive,consistent_with_zero,,,,,unknown
Swift/BAT,sw00766194000bevshsp_uf.evt.gz,GRB170804A,2017-08-04T12:01:37.389340,6.3935,-64.7840833,0.3238675299789441,29.32076499475576,0.0110456712175439,False,positive,consistent_with_zero,56.48,18.68044,17.972,4.816832,long
Swift/BAT,sw00766821000bevshsp_uf.evt.gz,GRB170807A,2017-08-07T21:56:09.115840,143.379449689179,-17.3293730191527,0.627314431302051,27.348156394749,0.0229380884856464,False,positive,consistent_with_zero,36.324,7.972911,28.412,7.538346,long
Swift/BAT,sw00767284000bevshsp_uf.evt.gz,GRB170810A,2017-08-10T22:01:41.068460,187.9387917,3.6607778,5.11844575852975,55.18028872335316,0.0927585896512995,False,positive,consistent_with_zero,152.42,21.49788,75.364,8.120831,long
Swift/BAT,sw00767563000bevshsp_uf.evt.gz,GRB170813A,2017-08-13T01:13:16.481520,201.0570833,-5.4907778,-4.890474267593567,75.28442907049809,0.0649599701820679,False,negative,consistent_with_zero,72.544,12.10174,26.852,7.168068,long
Swift/BAT,sw00768939000bevshsp_uf.evt.gz,GRB170822A,2017-08-22T09:11:51.057700,94.3867917,55.0038889,-11.061571999905958,45.71534179959638,0.2419662976249172,False,negative,consistent_with_zero,64.0,16.0,32.0,16.0,long
Swift/BAT,sw00769177000bevshsp_uf.evt.gz,GRB170823A,2017-08-23T22:16:48.329780,188.719342821074,35.5820017497756,1.6033413907761742,43.934789175931634,0.0364936630139679,False,positive,consistent_with_zero,69.408,12.03175,39.44,10.30806,long
Swift/BAT,sw00769567000bevshsp_uf.evt.gz,GRB170827A,2017-08-27T05:12:28.408920,276.1508,-40.20161,-7.9172888483591795,397.8771983949212,0.0198988252664348,False,negative,consistent_with_zero,98.624,31.70298,49.46,17.80736,long
Swift/BAT,sw00770431000bevshsp_uf.evt.gz,,2017-09-02T20:00:56,233.8331,-57.23133,-2622.6257521655552,18.24912024237162,143.71244845415757,True,negative,significant_negative,,,,,unknown
Swift/BAT,sw00770502000bevshsp_uf.evt.gz,,2017-09-03T09:00:08,233.8301,-57.2303,-199305.1257781139,52.0562382207852,3828.65017892389,True,negative,significant_negative,,,,,unknown
Swift/BAT,sw00770528000bevshsp_uf.evt.gz,GRB170903A,2017-09-03T12:49:07.219440,254.5250833,34.9792778,13.573110740924362,61.21833719500735,0.2217164229353049,False,positive,consistent_with_zero,27.724,4.506508,10.356,1.76041,long
Swift/BAT,sw00770656000bevshsp_uf.evt.gz,,2017-09-04T13:45:36,233.8342,-57.22953,-14.970824667444742,22.653667866973983,0.6608565445276171,False,negative,consistent_with_zero,,,,,unknown
Swift/BAT,sw00770957000bevshsp_uf.evt.gz,GRB170906A,2017-09-06T00:43:11.622660,203.954875,-47.1004722,22.9424213528779,703.610264922053,0.0326067178048056,False,positive,consistent_with_zero,88.112,1.444798,42.384,0.4402181,long
Swift/BAT,sw00770981000bevshsp_uf.evt.gz,GRB170906C,2017-09-06T07:26:17.605220,128.6497917,70.8118889,4.6206687262251975,95.39883542379197,0.0484352739286461,False,positive,consistent_with_zero,45.076,4.800244,12.616,0.9888013,long
Swift/BAT,sw00771371000bevshsp_uf.evt.gz,,2017-09-08T08:14:08,233.846937958456,-57.2333693221856,-4.340077501621763,17.883990054255396,0.2426794853080935,False,negative,consistent_with_zero,,,,,unknown
Swift/BAT,sw00772006000bevshsp_uf.evt.gz,GRB170912A,2017-09-12T01:34:16.935740,167.3729583,-54.3265,3.853065853041008,91.88360184433232,0.0419342056221175,False,positive,consistent_with_zero,21.184,5.435481,8.896,3.835331,long
Swift/BAT,sw00772052000bevshsp_uf.evt.gz,GRB170912B,2017-09-12T06:33:46.838680,215.4585833,-61.9967778,4.239399841404151,76.4213543990817,0.0554740212960043,False,positive,consistent_with_zero,17.884,7.833112,7.592,0.318044,long
Swift/BAT,sw00773082000bevshsp_uf.evt.gz,,2017-09-18T20:27:52,237.01802344869,-45.6340057026754,-0.2387776614171579,17.71553404613587,0.0134784342823263,False,negative,consistent_with_zero,,,,,unknown
Swift/BAT,sw00773509000bevshsp_uf.evt.gz,GRB170921A,2017-09-21T14:28:48.502900,26.848375,30.9068889,1215.713259647429,25.802294114532494,47.116479420436846,True,positive,significant_positive,28.8,5.925533,7.744,5.949591,long
Swift/BAT,sw00773893000bevshsp_uf.evt.gz,,2017-09-24T10:10:16,233.5138,-57.33855,105850.92103342868,36.42109803761448,2906.3077923710434,True,positive,significant_positive,,,,,unknown
Swift/BAT,sw00773898000bevshsp_uf.evt.gz,,2017-09-24T10:42:40,255.0358,-41.94147,61450.66560975375,18.367641265712045,3345.593738509436,True,positive,significant_positive,,,,,unknown
Swift/BAT,sw00773900000bevshsp_uf.evt.gz,,2017-09-24T11:00:00,83.5553356024732,22.4329836606417,3.547665881211067,20.64853903213861,0.1718119560754041,False,positive,consistent_with_zero,,,,,unknown
Swift/BAT,sw00775553000bevshsp_uf.evt.gz,GRB171001A,2017-10-01T18:25:40.226640,22.077375,-11.894,-1.1105985795618925,24.83234892605422,0.0447238633312149,False,negative,consistent_with_zero,20.916,1.351077,14.844,2.281228,long
Swift/BAT,sw00775946000bevshsp_uf.evt.gz,,2017-10-03T02:37:20,40.91866,61.43232,12990.308897767867,27.0944754479053,479.44493048940575,True,positive,significant_positive,,,,,unknown
Swift/BAT,sw00776347000bevshsp_uf.evt.gz,GRB171004A,2017-10-04T07:55:32.213440,139.1714,52.69373,8.82022265246473,54.65509158235566,0.1613797067593272,False,positive,consistent_with_zero,105.54,14.30644,44.808,7.64174,long
Swift/BAT,sw00777215000bevshsp_uf.evt.gz,GRB171007A,2017-10-07T11:57:38.277120,135.6005,42.8193889,-5.665883836257115,17.85288001812518,0.317365255942168,False,negative,consistent_with_zero,68.424,19.32885,46.168,28.62699,long
Swift/BAT,sw00778154000bevshsp_uf.evt.gz,GRB171011A,2017-10-11T18:32:47.183100,236.760536734419,-10.0707462179219,-0.5085229563993136,475.99504842236337,0.0010683366519982,False,negative,consistent_with_zero,2.28,0.2329979,1.152,0.09903534,long
Swift/BAT,sw00778435000bevshsp_uf.evt.gz,,2017-10-13T00:22:40.319999,84.085228409175,34.449265719154,7.729383854473753,21.671843480694037,0.3566555776096913,False,positive,consistent_with_zero,,,,,unknown
Swift/BAT,sw00779171000bevshsp_uf.evt.gz,,2017-10-15T19:14:42.431999,78.4847045669015,62.382994964026,-0.6272531453241794,27.422484210061537,0.0228736806089229,False,negative,consistent_with_zero,,,,,unknown
Swift/BAT,sw00779351000bevshsp_uf.evt.gz,,2017-10-16T07:53:49.375999,40.91751,61.43281,5.361175615367055,48.2593699921991,0.1110908745023746,False,positive,consistent_with_zero,,,,,unknown
Swift/BAT,sw00779762000bevshsp_uf.evt.gz,,2017-10-17T17:38:29.695999,135.5274,-40.55447,2.6866214311550505,22.20472853077247,0.1209932122084622,False,positive,consistent_with_zero,,,,,unknown
Swift/BAT,sw00780203000bevshsp_uf.evt.gz,,2017-10-19T04:49:07.839999,251.7922917,-45.8717778,-5.245109344973008,23.856545285623334,0.219860389766236,False,negative,consistent_with_zero,,,,,unknown
Swift/BAT,sw00780207000bevshsp_uf.evt.gz,,2017-10-19T05:20:59.519999,251.803894225799,-45.884152200453,0.3674973149220076,4.319531956705006,0.0850780405389891,False,positive,consistent_with_zero,,,,,unknown
Swift/BAT,sw00780845000bevshsp_uf.evt.gz,GRB171020A,2017-10-20T23:07:10.751760,39.251875,15.2036944,-8.328753274008305,98.81149005980076,0.0842893196830423,False,negative,consistent_with_zero,41.856,9.191579,17.728,4.113587,long
Swift/BAT,sw00781740000bevshsp_uf.evt.gz,,2017-10-23T08:34:18.56,10.6330848310285,41.1650551179965,3.790851256474896,43.50911234090293,0.0871277544522809,False,positive,consistent_with_zero,,,,,unknown
Swift/BAT,sw00782859000bevshsp_uf.evt.gz,,2017-10-26T03:24:24.255999,40.91422,61.43399,-3.774716792349593,56.099273857114376,0.0672863752561904,False,negative,consistent_with_zero,,,,,unknown
Swift/BAT,sw00783479000bevshsp_uf.evt.gz,GRB171027A,2017-10-27T08:23:06.622860,61.6907917,-2.6222778,2.786366769985253,219.40709561605303,0.0126995289836077,False,positive,consistent_with_zero,96.772,4.90697,29.568,1.313834,long
Swift/BAT,sw00783893000bevshsp_uf.evt.gz,,2017-10-29T06:28:44.544,335.757649933822,67.8594938723684,-2.961101200200628,58.50307595867972,0.0506144532005809,False,negative,consistent_with_zero,,,,,unknown
Swift/BAT,sw00784149000bevshsp_uf.evt.gz,,2017-10-29T18:45:20,245.179330429619,-15.8644393314112,-3.2316882725719887,244.6427540104814,0.0132098262449805,False,negative,consistent_with_zero,,,,,unknown
Swift/BAT,sw00784154000bevshsp_uf.evt.gz,,2017-10-29T19:06:48,83.9423460045622,22.1976241360044,8.63196384894373,41.202581533883965,0.2095005586444873,False,positive,consistent_with_zero,,,,,unknown
Swift/BAT,sw00784159000bevshsp_uf.evt.gz,,2017-10-29T19:21:24.032,40.9309716071647,61.6626894101486,0.7588156609278383,65.94279416938949,0.0115071808904342,False,positive,consistent_with_zero,,,,,unknown
Swift/BAT,sw00784918000bevshsp_uf.evt.gz,,2017-11-01T00:48:16,244.897205441858,-15.8345062755353,-2177.9350389924857,19.529001500798422,111.52311288948609,True,negative,significant_negative,,,,,unknown
Swift/BAT,sw00785510000bevshsp_uf.evt.gz,GRB171102B,2017-11-02T15:20:29.598440,288.0771667,22.4443889,-5.16478145966796,53.02351636176939,0.0974054874902983,False,negative,consistent_with_zero,18.88,3.915107,10.16,3.843632,long
Swift/BAT,sw00785850000bevshsp_uf.evt.gz,GRB171103A,2017-11-03T23:10:32.067600,249.535607366346,-10.2151202797463,-2.150479762166736,14.393599421083907,0.1494052807261461,False,negative,consistent_with_zero,4.268,1.105854,0.3279999,1.076743,long
Swift/BAT,sw00785917000bevshsp_uf.evt.gz,,2017-11-04T05:50:57.279999,40.91865,61.43209,-1.8231968674648416,69.60610871849454,0.0261930583540926,False,negative,consistent_with_zero,,,,,unknown
Swift/BAT,sw00790053000bevshsp_uf.evt.gz,GRB171115A,2017-11-15T18:51:20.858340,278.3885,9.125,13.806705138293603,43.00530873968976,0.3210465299032103,False,positive,consistent_with_zero,36.772,5.180241,19.652,3.967988,long
Swift/BAT,sw00791201000bevshsp_uf.evt.gz,GRB171120A,2017-11-20T13:20:02.497620,163.7910833,22.4583889,15.802885630446989,95.53054367393275,0.1654223353358669,False,positive,consistent_with_zero,64.0,16.0,32.0,16.0,long
Swift/BAT,sw00791922000bevshsp_uf.evt.gz,GRB171123A,2017-11-23T14:14:47.601920,186.2419583,32.5030833,5.366372475998172,18.472668476829107,0.2905033716557732,False,positive,consistent_with_zero,58.464,27.05325,17.84,33.17597,long
Swift/BAT,sw00794972000bevshsp_uf.evt.gz,GRB171205A,2017-12-05T07:20:43.893380,167.4145,-12.58579,3.818731024690773,20.644461274484883,0.1849760559947601,False,positive,consistent_with_zero,190.472,33.88084,88.988,18.89955,long
Swift/BAT,sw00796098000bevshsp_uf.evt.gz,,2017-12-09T14:30:05.759999,12.1767342269333,40.635246236599,9.02519371196771,78.48359184540733,0.1149946568417133,False,positive,consistent_with_zero,,,,,unknown
Swift/BAT,sw00796100000bevshsp_uf.evt.gz,GRB171209A,2017-12-09T14:46:16.223100,139.4013,-30.51885,7.409008946208818,83.74629083706337,0.0884696966534765,False,positive,consistent_with_zero,161.648,30.75877,70.104,4.369297,long
Swift/BAT,sw00796115000bevshsp_uf.evt.gz,,2017-12-09T17:57:36,134.821278843895,-55.2257345116493,-10753.54613102524,20.40114166851156,527.1051152800413,True,negative,significant_negative,,,,,unknown
Swift/BAT,sw00796469000bevshsp_uf.evt.gz,GRB171211A,2017-12-11T09:27:32.949900,98.1336667,-58.6918889,13.100282981908208,21.730444661644267,0.6028538847633942,False,positive,consistent_with_zero,2.176,0.455368,0.768,0.3896255,long
Swift/BAT,sw00796778000bevshsp_uf.evt.gz,GRB171212A,2017-12-12T11:57:21.680200,293.9180833,20.5914722,444.5358314270966,58.745928392447965,7.567091772852866,True,positive,significant_positive,304.0,64.0,80.0,16.0,long
Swift/BAT,sw00797070000bevshsp_uf.evt.gz,,2017-12-14T04:15:49.311999,41.1958194987679,15.3172018899938,-7.4056082543607715,70.97003404410887,0.1043483824420611,False,negative,consistent_with_zero,,,,,unknown
Swift/BAT,sw00797441000bevshsp_uf.evt.gz,GRB171216A,2017-12-16T03:06:59.453420,211.992375,-50.4850833,141319.16360131904,24.02866883050165,5881.273099154394,True,positive,significant_positive,30.08,7.586093,13.568,8.566741,long
Swift/BAT,sw00799669000bevshsp_uf.evt.gz,GRB171222A,2017-12-22T16:24:59.803500,148.2777917,35.6265833,3.12178785258612,57.83845508653183,0.0539742606872128,False,positive,consistent_with_zero,173.872,23.86951,99.94,18.7911,long
Swift/BAT,sw00802999000bevshsp_uf.evt.gz,GRB180102A,2018-01-02T15:49:44.290400,203.0672917,62.1716944,-9.499575937997683,27.605720249053665,0.3441162140416653,False,negative,consistent_with_zero,11.56,1.731802,3.912,1.990996,long
Swift/BAT,sw00804692000bevshsp_uf.evt.gz,GRB180111A,2018-01-11T16:42:06.387380,149.7779583,48.2674722,0.419366835604774,138.39128410548838,0.0030302980300776,False,positive,consistent_with_zero,50.892,1.880136,22.264,0.3944008,long
Swift/BAT,sw00804999000bevshsp_uf.evt.gz,GRB180113A,2018-01-13T02:47:06.667980,19.2146943402261,68.6820023929715,6.799950631569712,421.6541420764865,0.0161268441431229,False,positive,consistent_with_zero,64.0,16.0,16.0,16.0,long
Swift/BAT,sw00805318000bevshsp_uf.evt.gz,GRB180115A,2018-01-15T04:16:03.681260,12.0385,-15.6304722,-3.599044992977095,18.15499139560978,0.1982399723883874,False,negative,consistent_with_zero,39.144,2.992023,30.724,2.904441,long
Swift/BAT,sw00808483000bevshsp_uf.evt.gz,GRB180204A,2018-02-04T02:36:16.941560,330.1335833,30.8380833,0.0056322531920637,17.78365589672178,0.0003167095238894,False,positive,consistent_with_zero,1.164,0.1170982,0.916,0.02332383,short
Swift/BAT,sw00808625000bevshsp_uf.evt.gz,GRB180205A,2018-02-05T04:25:29.331960,126.8195833,11.5417778,2.0400513586015547,16.403838449726916,0.1243642678421718,False,positive,consistent_with_zero,15.536,3.146993,6.112,0.5982642,long
Swift/BAT,sw00808755000bevshsp_uf.evt.gz,,2018-02-05T19:27:32.159999,251.7916667,-45.8711944,0.74042638959183,16.091036963641294,0.0460148336782066,False,positive,consistent_with_zero,,,,,unknown
Swift/BAT,sw00809217000bevshsp_uf.evt.gz,,2018-02-08T22:59:20,20.73717,7.420035,-3.602339475659751,27.92392854544324,0.1290054681882359,False,negative,consistent_with_zero,,,,,unknown
Swift/BAT,sw00809374000bevshsp_uf.evt.gz,,2018-02-10T00:09:36,299.747375379412,35.0383948710055,-19905.609934114003,22.809870762055528,872.6752615901361,True,negative,significant_negative,,,,,unknown
Swift/BAT,sw00810300000bevshsp_uf.evt.gz,,2018-02-16T05:37:44,254.544985834946,-42.7088023980622,5.735982101855939,1132.4691112346034,0.0050650230058837,False,positive,consistent_with_zero,,,,,unknown
Swift/BAT,sw00811074000bevshsp_uf.evt.gz,GRB180221A,2018-02-21T06:30:44.832320,326.772376374209,-72.8682959674159,5.012659342359791,223.3799192940169,0.0224400624648898,False,positive,consistent_with_zero,11.0,3.162278,7.0,3.605551,long
Swift/BAT,sw00811167000bevshsp_uf.evt.gz,,2018-02-22T00:20:48,273.3917,-9.530542,7.382135464591091,20.68079271090332,0.3569561170979236,False,positive,consistent_with_zero,,,,,unknown
Swift/BAT,sw00811235000bevshsp_uf.evt.gz,GRB180222A,2018-02-22T13:10:03.545680,256.5412917,-36.8092778,-8.086400665184199,41.00307687613832,0.1972144844059268,False,negative,consistent_with_zero,42.304,12.74307,17.28,6.947243,long
Swift/BAT,sw00811561000bevshsp_uf.evt.gz,GRB180224A,2018-02-24T22:21:07.725300,202.6835833,38.079,-1.01772935228578,28.929688686281988,0.0351794090604359,False,negative,consistent_with_zero,10.92,3.568276,4.584,0.7657049,long
Swift/BAT,sw00811686000bevshsp_uf.evt.gz,,2018-02-25T20:31:12,185.608944295945,29.2927479190389,-13634.155106370295,24.59623221458457,554.3188480016786,True,negative,significant_negative,,,,,unknown
Swift/BAT,sw00813449000bevshsp_uf.evt.gz,,2018-03-09T18:20:56,255.432992532495,-40.8553448343492,-54022.68894189644,23.410048139692528,2307.670988950217,True,negative,significant_negative,,,,,unknown
Swift/BAT,sw00813721000bevshsp_uf.evt.gz,GRB180311A,2018-03-11T18:03:49.248040,3.3875,-54.4912778,-7.789257820712874,19.75301149554468,0.3943326728924221,False,negative,consistent_with_zero,23.04,8.712467,8.64,8.987615,long
Swift/BAT,sw00813771000bevshsp_uf.evt.gz,,2018-03-12T00:12:00,275.0896,7.183296,21564.40339786179,19.476987866432317,1107.1734266994663,True,positive,significant_positive,,,,,unknown
Swift/BAT,sw00813772000bevshsp_uf.evt.gz,,2018-03-12T00:50:16,275.099800193325,7.1762644238348,-4.089814053216727,77.6283124563672,0.0526845673157651,False,negative,consistent_with_zero,,,,,unknown
Swift/BAT,sw00814090000bevshsp_uf.evt.gz,,2018-03-13T17:49:15.519999,275.091196628569,7.18817513469049,41.02332950125308,40.8044343777013,1.005364493513759,False,positive,consistent_with_zero,,,,,unknown
Swift/BAT,sw00814129000bevshsp_uf.evt.gz,GRB180314A,2018-03-14T00:43:31.380160,99.2652917,-24.4960833,2.181163141393541,61.387531153692194,0.0355310451552889,False,positive,consistent_with_zero,50.464,21.83587,10.688,0.6223569,long
Swift/BAT,sw00814259000bevshsp_uf.evt.gz,,2018-03-14T19:11:52,275.0899,7.183163,-2.965710323294493,27.864656885058157,0.106432687670552,False,negative,consistent_with_zero,,,,,unknown
Swift/BAT,sw00814305000bevshsp_uf.evt.gz,GRB180314B,2018-03-14T22:23:36.943440,297.8865,23.6239722,-5.328598965427256,42.08179017241847,0.1266248166628558,False,negative,consistent_with_zero,55.424,6.539602,23.392,18.91698,long
Swift/BAT,sw00814329000bevshsp_uf.evt.gz,,2018-03-15T00:05:34.72,275.07144888619,7.19769698504676,8.566938306075244,18.83371041243685,0.4548725725557541,False,positive,consistent_with_zero,,,,,unknown
Swift/BAT,sw00814677000bevshsp_uf.evt.gz,GRB180316A,2018-03-16T04:57:25.096800,265.428875,0.7481944,-1.6888423931558971,50.293127801562505,0.0335799833293213,False,negative,consistent_with_zero,87.0,20.59126,16.0,4.242641,long
Swift/BAT,sw00815603000bevshsp_uf.evt.gz,,2018-03-19T01:12:31.679999,275.0919583,7.1870833,-0.3287068516917521,28.577239102499185,0.0115024005822523,False,negative,consistent_with_zero,,,,,unknown
Swift/BAT,sw00817345000bevshsp_uf.evt.gz,GRB180324A,2018-03-24T04:37:09.631100,76.5275833,56.7135,18.478327760363108,20.806981792332422,0.8880830456232991,False,positive,consistent_with_zero,7.216,1.302287,0.5439999,0.1997198,long
Swift/BAT,sw00817564000bevshsp_uf.evt.gz,GRB180325A,2018-03-25T01:53:02.842480,157.427375,24.4633889,24.135289199959978,161.8788006967441,0.1490948110319513,False,positive,consistent_with_zero,92.828,1.519991,5.048,0.4880164,long
Swift/BAT,sw00818110000bevshsp_uf.evt.gz,,2018-03-26T16:22:08,135.5307,-40.55537,43977.430969876594,20.00267703951105,2198.5772645835605,True,positive,significant_positive,,,,,unknown
Swift/BAT,sw00819301000bevshsp_uf.evt.gz,GRB180329A,2018-03-29T00:58:00.805800,329.297998471192,-15.0707756964668,0.3936267667552971,17.975987593680685,0.0218973652882177,False,positive,consistent_with_zero,36.0,7.28011,19.0,11.18034,long
Swift/BAT,sw00819490000bevshsp_uf.evt.gz,GRB180329B,2018-03-29T14:08:23.970940,82.9036667,-23.6905,-4.91166239249962,58.65118007814237,0.0837436243559924,False,negative,consistent_with_zero,213.536,49.42257,144.112,3.45923,long
Swift/BAT,sw00819863000bevshsp_uf.evt.gz,,2018-03-30T03:09:22.944,95.61526,-64.86707,0.4894711108334973,697.6148606858212,0.0007016351548937,False,positive,consistent_with_zero,,,,,unknown
Swift/BAT,sw00820347000bevshsp_uf.evt.gz,GRB180331A,2018-03-31T04:14:55.706640,66.0240833,13.3977778,5.746878278282815,29.45786807793683,0.1950880580725757,False,positive,consistent_with_zero,48.0,22.62742,32.0,16.0,long
Swift/BAT,sw00820513000bevshsp_uf.evt.gz,GRB180331B,2018-03-31T15:38:39.320160,196.782875,61.7270833,-1.622394033450051,19.74736306545149,0.0821575026535299,False,negative,consistent_with_zero,78.032,4.738945,20.432,7.357565,long
Swift/BAT,sw00821103000bevshsp_uf.evt.gz,GRB180402A,2018-04-02T09:44:59.279000,251.9335833,-14.9676944,-5.905373069272214,26.068221527509664,0.2265353262799421,False,negative,consistent_with_zero,0.1799999,0.0312411,0.0999999,0.02262738,short
Swift/BAT,sw00821881000bevshsp_uf.evt.gz,GRB180404A,2018-04-04T00:45:35.686520,83.548375,-37.1676944,-4.3913335200867705,25.19013055056426,0.1743275411483885,False,negative,consistent_with_zero,36.28,5.351026,10.196,1.756729,long
Swift/BAT,sw00821902000bevshsp_uf.evt.gz,GRB180404B,2018-04-04T02:11:44.070200,53.3925833,-50.215,1734.398938879429,426.4903540459214,4.066677997347347,True,positive,significant_positive,111.708,6.988862,46.88,1.474069,long
Swift/BAT,sw00823001000bevshsp_uf.evt.gz,GRB180407A,2018-04-07T01:54:49.782600,35.2408716342746,33.4989446062235,1.364097147555222,26.024412926151516,0.0524160583920209,False,positive,consistent_with_zero,100.628,33.93973,31.528,8.550097,long
Swift/BAT,sw00823014000bevshsp_uf.evt.gz,,2018-04-07T04:05:39.008,209.937846998469,48.6535260416956,0.6823814620650401,803.1933174463098,0.0008495855820048,False,positive,consistent_with_zero,,,,,unknown
Swift/BAT,sw00824063000bevshsp_uf.evt.gz,GRB180410A,2018-04-10T08:02:59.237600,95.956875,12.8108889,-1.998394979431386,29.802344414437663,0.0670549588864985,False,negative,consistent_with_zero,114.8,14.42931,50.272,10.10998,long
Swift/BAT,sw00824451000bevshsp_uf.evt.gz,GRB180411A,2018-04-11T12:27:43.711420,356.8546,66.77846,26.703067940016425,284.9766889167581,0.0937026394738427,False,positive,consistent_with_zero,77.976,1.006229,47.436,0.9580814,long
Swift/BAT,sw00826428000bevshsp_uf.evt.gz,GRB180418A,2018-04-18T06:44:06.012000,170.1205833,24.9325,10.995990550296368,182.40639375080303,0.0602829227867894,False,positive,consistent_with_zero,4.408,2.491104,0.788,0.1885099,long
Swift/BAT,sw00827924000bevshsp_uf.evt.gz,,2018-04-23T01:30:48,275.075327495063,7.1934875314008,-3.299720179425358,18.961977842235683,0.17401772150981,False,negative,consistent_with_zero,,,,,unknown
Swift/BAT,sw00828672000bevshsp_uf.evt.gz,GRB180425A,2018-04-25T06:46:21.783300,64.4516667,-32.9518889,-0.9224530946719454,34.066430934383085,0.0270780668643781,False,negative,consistent_with_zero,11.904,2.712271,4.544,1.295901,long
Swift/BAT,sw00828953000bevshsp_uf.evt.gz,,2018-04-26T05:56:08,244.9774,-15.64117,-2.805714185251001,70.11040213267295,0.0400185150834198,False,negative,consistent_with_zero,,,,,unknown
Swift/BAT,sw00829046000bevshsp_uf.evt.gz,,2018-04-26T13:18:56,57.4586368896646,-48.7816496589733,-2.30382837399583,30.95224489602167,0.074431705413779,False,negative,consistent_with_zero,,,,,unknown
Swift/BAT,sw00830822000bevshsp_uf.evt.gz,GRB180504A,2018-05-04T19:46:13.285300,331.1429,-14.65991,6.331784611521103,41.88013601284421,0.151188253294574,False,positive,consistent_with_zero,115.264,48.69505,24.832,5.467413,long
Swift/BAT,sw00831810000bevshsp_uf.evt.gz,GRB180510A,2018-05-10T19:24:34.309920,276.3304,-31.90697,-3.206722575830547,92.89444548510448,0.0345200680092841,False,negative,consistent_with_zero,64.0,16.0,16.0,16.0,long
Swift/BAT,sw00831816000bevshsp_uf.evt.gz,GRB180510B,2018-05-10T20:15:42.277740,77.9692917,-62.3238889,-15.22222541910563,43.022847054909256,0.3538172496970688,False,negative,consistent_with_zero,134.016,52.92255,28.864,7.809787,long
Swift/BAT,sw00831888000bevshsp_uf.evt.gz,,2018-05-11T07:16:00,214.508076499655,-62.4570554155501,-7.786894054085912,17.98796097463949,0.4328947602824102,False,negative,consistent_with_zero,,,,,unknown
Swift/BAT,sw00832119000bevshsp_uf.evt.gz,GRB180512A,2018-05-12T22:01:47.066860,201.938375,21.4026944,1.7417408221053547,19.90054928512054,0.0875222486148982,False,positive,consistent_with_zero,24.0,7.071068,9.0,3.605551,long
Swift/BAT,sw00832368000bevshsp_uf.evt.gz,GRB180514A,2018-05-14T13:25:33.490260,197.3711667,36.972,1.687194120893461,28.98455421555474,0.0582101110938603,False,positive,consistent_with_zero,31.16,4.105078,15.648,2.216772,long
Swift/BAT,sw00834937000bevshsp_uf.evt.gz,,2018-05-31T04:02:32,210.507655601767,11.9852077526474,-7860.192256497933,25.26821326357164,311.07036237618416,True,negative,significant_negative,,,,,unknown
Swift/BAT,sw00835200000bevshsp_uf.evt.gz,GRB180602A,2018-06-02T08:14:50.959800,142.3315833,32.0663889,-3.3553493916546566,18.461420306118765,0.1817492552586853,False,negative,consistent_with_zero,53.204,10.1975,17.6,3.314921,long
Swift/BAT,sw00840853000bevshsp_uf.evt.gz,GRB180613A,2018-06-13T15:36:18.900460,211.5202917,-43.0721944,2.7892912125567912,26.50695901636477,0.1052286386693678,False,positive,consistent_with_zero,50.816,8.359981,24.064,7.526487,long
Swift/BAT,sw00841548000bevshsp_uf.evt.gz,GRB180614A,2018-06-14T19:16:13.646380,3.077875,46.953,5.214678705679502,19.042314626389278,0.2738468935101451,False,positive,consistent_with_zero,7.092,0.9411482,3.568,1.063009,long
Swift/BAT,sw00841583000bevshsp_uf.evt.gz,,2018-06-14T20:29:28,244.9812,-15.6385,-60480.49165844936,20.378186234512523,2967.9035691615927,True,negative,significant_negative,,,,,unknown
Swift/BAT,sw00842475000bevshsp_uf.evt.gz,GRB180618A,2018-06-18T00:43:13.101380,169.9406667,73.837,-4.379967388357027,16.987143704899086,0.2578401327760503,False,negative,consistent_with_zero,47.424,11.20165,20.608,11.34263,long
Swift/BAT,sw00843122000bevshsp_uf.evt.gz,GRB180620A,2018-06-20T08:34:58.033100,279.8960833,23.2442778,-4.246802748160236,96.49589914030577,0.0440101888888081,False,negative,consistent_with_zero,22.948,4.987643,7.204,0.2375879,long
Swift/BAT,sw00843211000bevshsp_uf.evt.gz,GRB180620B,2018-06-20T15:50:37.167500,357.5211667,-57.9621944,2.7415867035581685,80.39328073237772,0.0341021871303482,False,positive,consistent_with_zero,223.968,26.13269,43.416,4.589234,long
Swift/BAT,sw00844015000bevshsp_uf.evt.gz,GRB180623A,2018-06-23T16:41:56.383500,214.5295,-60.2538889,12.937159920977315,211.17234598568427,0.0612635137455656,False,positive,consistent_with_zero,114.88,6.81987,57.968,1.198145,long
Swift/BAT,sw00844192000bevshsp_uf.evt.gz,GRB180624A,2018-06-24T13:49:40.378860,318.0952,-2.339721,6.836209455547418,43.755594664207,0.1562362369431944,False,positive,consistent_with_zero,466.652,35.75626,325.676,9.277618,long
Swift/BAT,sw00844615000bevshsp_uf.evt.gz,GRB180626A,2018-06-26T08:21:16.945520,243.5755,14.7569722,1.1030548361496872,94.01039762049018,0.011733328058058,False,positive,consistent_with_zero,30.104,1.411388,13.7,0.7586092,long
Swift/BAT,sw00845443000bevshsp_uf.evt.gz,GRB180630A,2018-06-30T11:11:51.803800,48.983375,-87.4783889,3.752511916988887,50.1269803687568,0.0748601230192544,False,positive,consistent_with_zero,18.96,6.314562,3.232,0.616078,long
Swift/BAT,sw00846088000bevshsp_uf.evt.gz,GRB180704A,2018-07-04T05:36:42.855940,32.6581667,69.9638889,6.001982922787216,22.632716441442096,0.2651905677480747,False,positive,consistent_with_zero,19.656,1.404706,14.584,0.8155808,long
Swift/BAT,sw00846299000bevshsp_uf.evt.gz,GRB180705A,2018-07-05T15:41:14.784440,212.6131667,-11.6483889,-6.37691542186603,407.68759447571176,0.0156416714863908,False,negative,consistent_with_zero,106.784,16.20255,61.448,25.67909,long
Swift/BAT,sw00846395000bevshsp_uf.evt.gz,GRB180706A,2018-07-06T08:24:40.412760,181.643,66.0370833,-6.092179919084514,107.80437668608285,0.0565114340099977,False,negative,consistent_with_zero,42.444,7.162597,20.736,10.50577,long
Swift/BAT,sw00846740000bevshsp_uf.evt.gz,,2018-07-08T13:34:00,198.918909891462,41.8972108811188,1.690909016745164,26.93663836115967,0.0627735723394241,False,positive,consistent_with_zero,,,,,unknown
Swift/BAT,sw00846868000bevshsp_uf.evt.gz,GRB180709A,2018-07-09T10:52:00.268380,38.1177917,60.3488889,-1.5772063032470076,32.37484212358238,0.0487170345797036,False,negative,consistent_with_zero,194.808,31.21534,98.32,67.63981,long
Swift/BAT,sw00848048000bevshsp_uf.evt.gz,GRB180715A,2018-07-15T18:07:05.003060,235.068817047237,-0.924663860513124,10.58637760003157,73.9229588020937,0.1432082504756524,False,positive,consistent_with_zero,0.684,0.0877269,0.4079999,0.08637128,short
Swift/BAT,sw00848584000bevshsp_uf.evt.gz,,2018-07-18T14:04:56,248.070082686342,-47.8094525873492,5.246447000769351,23.09921143498632,0.2271266712084822,False,positive,consistent_with_zero,,,,,unknown
Swift/BAT,sw00848621000bevshsp_uf.evt.gz,,2018-07-18T21:54:56,190.39528288158,11.7980569737009,-3.618202654191701,381.7310381296126,0.0094784083367179,False,negative,consistent_with_zero,,,,,unknown
Swift/BAT,sw00848890000bevshsp_uf.evt.gz,GRB180720B,2018-07-20T14:21:44.593440,0.5279941,-2.917082,10.889414189384466,162.52859121513575,0.0669999912505878,False,positive,consistent_with_zero,108.4,3.688453,20.068,1.06385,long
Swift/BAT,sw00848932000bevshsp_uf.evt.gz,GRB180720C,2018-07-20T22:23:57.647680,265.6350833,-26.6301944,-9.393777483423122,51.46781660793416,0.1825175051621482,False,negative,consistent_with_zero,122.988,31.67005,40.804,29.54995,long
Swift/BAT,sw00849018000bevshsp_uf.evt.gz,GRB180721A,2018-07-21T11:06:48.396880,347.709875,4.8551944,9.637569889091584,27.565274653640035,0.3496272034357883,False,positive,consistent_with_zero,47.6,2.98665,14.628,26.9649,long
Swift/BAT,sw00850231000bevshsp_uf.evt.gz,GRB180727A,2018-07-27T14:15:28.684460,346.6652917,-63.0504722,-5.010421191067088,460.3019649991156,0.0108850745207588,False,negative,consistent_with_zero,1.056,0.2291201,0.452,0.07076724,short
Swift/BAT,sw00850471000bevshsp_uf.evt.gz,GRB180728A,2018-07-28T17:29:00.710460,253.5649,-54.04377,-92.34294834263665,337.9554134404771,0.2732400330640085,False,negative,consistent_with_zero,8.684,0.2973214,2.464,0.03577716,long
Swift/BAT,sw00851829000bevshsp_uf.evt.gz,GRB180805A,2018-08-05T09:04:49.021980,167.5645833,-45.3306944,-4.46207510801869,23.339045979892298,0.1911849829621562,False,negative,consistent_with_zero,1.676,0.4088031,0.864,0.3782275,short
Swift/BAT,sw00851855000bevshsp_uf.evt.gz,GRB180805B,2018-08-05T13:02:36.477100,25.7815833,-17.4925833,1.9103372960976084,18.30511737552348,0.1043608329248955,False,positive,consistent_with_zero,122.24,18.01056,64.972,32.58223,long
Swift/BAT,sw00852553000bevshsp_uf.evt.gz,GRB180809B,2018-08-09T20:28:48.102240,299.6997917,-15.2990833,24.72864051551069,592.000904333408,0.0417712884127349,False,positive,consistent_with_zero,233.244,1.124455,37.596,1.167568,long
Swift/BAT,sw00852625000bevshsp_uf.evt.gz,,2018-08-10T10:11:44,144.435660197179,-42.7669318754979,-2.161824151909843,17.61629688596616,0.1227172864935103,False,negative,consistent_with_zero,,,,,unknown
Swift/BAT,sw00852903000bevshsp_uf.evt.gz,GRB180812A,2018-08-12T08:22:30.233000,245.836,74.6645833,-3.2808366448995288,27.192104012269944,0.1206540193954506,False,negative,consistent_with_zero,16.528,0.9701546,13.664,6.08508,long
Swift/BAT,sw00853790000bevshsp_uf.evt.gz,,2018-08-17T20:58:40,192.884720915457,25.9207662805478,1.588043722479954,927.0990277269286,0.0017129170401284,False,positive,consistent_with_zero,,,,,unknown
Swift/BAT,sw00853824000bevshsp_uf.evt.gz,GRB180818A,2018-08-18T03:12:04.026320,169.636375,-48.3443889,-2.39978380088186,21.686803800398145,0.110656407600174,False,negative,consistent_with_zero,13.712,4.050537,5.92,2.404742,long
Swift/BAT,sw00853882000bevshsp_uf.evt.gz,GRB180818B,2018-08-18T12:30:18.552260,104.2252917,39.3152778,-4.17540368995778,27.42953520960833,0.1522229107438602,False,negative,consistent_with_zero,137.46,9.700067,110.44,4.472767,long
Swift/BAT,sw00854578000bevshsp_uf.evt.gz,GRB180821A,2018-08-21T16:40:34.535440,7.7882917,-38.6265833,-130181.72161137956,27.21548352788935,4783.369785731512,True,negative,significant_negative,64.0,22.62742,32.0,16.0,long
Swift/BAT,sw00855434000bevshsp_uf.evt.gz,GRB180823A,2018-08-23T19:04:32.988300,210.3561667,14.8901944,7.445600807439775,327.58682669150284,0.0227286331463245,False,positive,consistent_with_zero,80.296,6.893024,30.896,1.70346,long
Swift/BAT,sw00856977000bevshsp_uf.evt.gz,GRB180828A,2018-08-28T18:57:34.785720,268.7185,-25.79916,-1.3835467673551975,167.1015904897494,0.008279674438168,False,negative,consistent_with_zero,13.0,9.0,4.0,1.0,long
Swift/BAT,sw00859282000bevshsp_uf.evt.gz,GRB180904A,2018-09-04T21:28:32.411820,274.2504583,46.6297778,0.9667058242618785,32.63249220576109,0.0296240268186201,False,positive,consistent_with_zero,4.632,1.031591,3.32,1.306147,long
Swift/BAT,sw00859421000bevshsp_uf.evt.gz,GRB180905A,2018-09-05T13:57:46.456140,91.06024,-4.572474,3.427174555253813,608.3300383055138,0.005633742112752,False,positive,consistent_with_zero,165.344,28.8995,55.068,10.51491,long
Swift/BAT,sw00863053000bevshsp_uf.evt.gz,,2018-09-24T00:01:52,267.574443124814,-31.7671018206847,-13.080152301348658,19.701755324952018,0.6639079658441811,False,negative,consistent_with_zero,,,,,unknown
Swift/BAT,sw00863186000bevshsp_uf.evt.gz,GRB180924A,2018-09-24T15:22:22.386320,49.2001667,-58.5319722,9.604009185743047,24.81056089079513,0.387093594055191,False,positive,consistent_with_zero,94.816,11.84242,50.956,4.499049,long
Swift/BAT,sw00863421000bevshsp_uf.evt.gz,GRB180925A,2018-09-25T14:37:31.949140,315.2037917,-64.4568889,8.148216200199464,34.69871872242752,0.234827581542164,False,positive,consistent_with_zero,82.632,23.64131,42.236,11.03035,long
Swift/BAT,sw00864584000bevshsp_uf.evt.gz,GRB180930A,2018-09-30T12:43:49.266800,76.8635,-25.117,1.3813781456192271,19.29921648750687,0.0715769029542441,False,positive,consistent_with_zero,6.804,0.9557908,2.716,1.953606,long
Swift/BAT,sw00864595000bevshsp_uf.evt.gz,,2018-09-30T14:31:12,83.8588155211045,21.9444079956025,24186.903787470743,24.96580001701853,968.8014712519994,True,positive,significant_positive,,,,,unknown
Swift/BAT,sw00864882000bevshsp_uf.evt.gz,,2018-10-01T22:39:36,83.6451806043689,22.0022693804837,1.4860875769133362,19.964706024252617,0.0744357354978367,False,positive,consistent_with_zero,,,,,unknown
Swift/BAT,sw00865036000bevshsp_uf.evt.gz,GRB181002A,2018-10-02T11:26:43.208360,64.7462917,15.2134722,-2237.5992302637296,22.74351001230208,98.38407655869304,True,negative,significant_negative,63.408,12.34832,27.088,7.661983,long
Swift/BAT,sw00865179000bevshsp_uf.evt.gz,GRB181003A,2018-10-03T05:11:03.236400,52.529,-33.9643889,2.083046871534808,26.93879941224585,0.0773251561681659,False,positive,consistent_with_zero,25.492,4.762363,10.6,3.677064,long
Swift/BAT,sw00866434000bevshsp_uf.evt.gz,GRB181010A,2018-10-10T05:55:51.710680,52.5702917,-23.0375833,9.989247743993754,33.05074381244098,0.3022397256982034,False,positive,consistent_with_zero,15.564,2.192793,8.032,0.9648959,long
Swift/BAT,sw00866757000bevshsp_uf.evt.gz,,2018-10-12T19:06:50.304,264.742839674306,-12.4731537437648,-1.8164785588320604,852.174456865205,0.0021315806220173,False,negative,consistent_with_zero,,,,,unknown
Swift/BAT,sw00866783000bevshsp_uf.evt.gz,GRB181013A,2018-10-13T02:39:29.679300,207.600644048683,40.1787286370108,6.659744715017388,21.672388269693204,0.3072916852606602,False,positive,consistent_with_zero,104.208,53.69581,76.72,97.83353,long
Swift/BAT,sw00866993000bevshsp_uf.evt.gz,,2018-10-14T08:15:56.48,272.166007718439,-20.380370164253,1.7793990919450613,26.68734711220569,0.066675757783779,False,positive,consistent_with_zero,,,,,unknown
Swift/BAT,sw00867252000bevshsp_uf.evt.gz,GRB181016A,2018-10-16T00:55:00.927600,231.267907712346,-35.2789249317542,-4290.892927916552,23.572273470078454,182.0313570247355,True,negative,significant_negative,111.344,25.6273,51.32,12.61122,long
Swift/BAT,sw00867343000bevshsp_uf.evt.gz,,2018-10-16T15:40:37.12,272.129681485609,-20.3759663211205,19.393924498204967,385.8755400264608,0.0502595331564033,False,positive,consistent_with_zero,,,,,unknown
Swift/BAT,sw00867743000bevshsp_uf.evt.gz,,2018-10-19T08:49:20,244.967300380166,-15.848390688462,-0.3078617220830031,19.005229886027124,0.0161987896978476,False,negative,consistent_with_zero,,,,,unknown
Swift/BAT,sw00867987000bevshsp_uf.evt.gz,GRB181020A,2018-10-20T19:00:33.510100,13.982375,-47.381,7.655879956869285,196.5245834122218,0.0389563474652462,False,positive,consistent_with_zero,238.016,11.59881,16.072,4.867336,long
Swift/BAT,sw00868312000bevshsp_uf.evt.gz,GRB181022A,2018-10-22T17:30:13.147700,56.792,-29.3795833,7.469065035258869,32.60248986832833,0.2290949269649091,False,positive,consistent_with_zero,7.936,2.584365,3.736,2.071839,long
Swift/BAT,sw00868427000bevshsp_uf.evt.gz,GRB181023A,2018-10-23T02:04:02.201780,248.3290833,19.57,-2.282806533828477,107.55296243457148,0.0212249526387261,False,negative,consistent_with_zero,56.984,8.033103,35.6,8.242358,long
Swift/BAT,sw00868839000bevshsp_uf.evt.gz,,2018-10-26T01:42:08,244.815388994994,-15.7824760628516,5565.2522144824825,18.071057502553742,307.96494414873166,True,positive,significant_positive,,,,,unknown
Swift/BAT,sw00868846000bevshsp_uf.evt.gz,,2018-10-26T02:58:08,135.2172917,-40.2887778,-15.72597074844011,28.565396466533954,0.5505252050978536,False,negative,consistent_with_zero,,,,,unknown
Swift/BAT,sw00868849000bevshsp_uf.evt.gz,,2018-10-26T03:31:36,244.793202416147,-16.0004710572437,-13771.513171519027,23.216249153724245,593.1842426540234,True,negative,significant_negative,,,,,unknown
Swift/BAT,sw00868851000bevshsp_uf.evt.gz,,2018-10-26T03:50:40,244.794626082559,-16.0636294274481,-53812.50870817858,24.98611328467736,2153.696659223061,True,negative,significant_negative,,,,,unknown
Swift/BAT,sw00868853000bevshsp_uf.evt.gz,,2018-10-26T03:58:16,307.7256,40.68354,-7546.631886297056,26.873325037140177,280.8224094289509,True,negative,significant_negative,,,,,unknown
Swift/BAT,sw00868984000bevshsp_uf.evt.gz,GRB181027A,2018-10-27T01:48:59.396380,225.382612995229,30.8911164541395,1.9358591747726743,64.3497386438188,0.0300834038423655,False,positive,consistent_with_zero,81.304,12.10597,39.904,8.003353,long
Swift/BAT,sw00869494000bevshsp_uf.evt.gz,GRB181030A,2018-10-30T01:27:22.164360,146.9251,14.65825,6794.433901415399,60.50364735327548,112.29792249950316,True,positive,significant_positive,303.196,78.59816,95.192,12.14756,long
Swift/BAT,sw00870201000bevshsp_uf.evt.gz,GRB181103A,2018-11-03T04:22:30.430260,197.1156667,52.2253889,-7.26177649317622,22.16168414600217,0.3276725922694011,False,negative,consistent_with_zero,9.168,2.872936,3.488,1.340018,long
Swift/BAT,sw00871103000bevshsp_uf.evt.gz,,2018-11-08T19:37:36,187.8844,13.19806,-34880.925495521034,19.631091856808546,1776.82045145255,True,negative,significant_negative,,,,,unknown
Swift/BAT,sw00871316000bevshsp_uf.evt.gz,GRB181110A,2018-11-10T08:43:31.319640,302.3177917,-36.8965833,6.874349947078474,321.6100106361676,0.0213748009071002,False,positive,consistent_with_zero,138.424,10.92778,47.2,1.641,long
Swift/BAT,sw00872470000bevshsp_uf.evt.gz,,2018-11-18T17:33:56.351999,299.270012949475,-15.6652366429685,-10.313127375593622,392.8921166680127,0.0262492601354688,False,negative,consistent_with_zero,,,,,unknown
Swift/BAT,sw00872556000bevshsp_uf.evt.gz,,2018-11-19T08:15:52,9.40092208474874,43.0648266446963,67395.38140041754,28.514380680856107,2363.5576081673494,True,positive,significant_positive,,,,,unknown
Swift/BAT,sw00873178000bevshsp_uf.evt.gz,,2018-11-23T04:19:44,284.650701554987,-8.23728308797485,30268.115466115407,19.252889300137717,1572.1336675373136,True,positive,significant_positive,,,,,unknown
Swift/BAT,sw00873186000bevshsp_uf.evt.gz,GRB181123B,2018-11-23T05:33:03.090320,184.366875,14.598,10.894777232110265,17.74502472055063,0.6139623586713265,False,positive,consistent_with_zero,0.26,0.04560707,0.124,0.04525484,short
Swift/BAT,sw00873433000bevshsp_uf.evt.gz,GRB181125A,2018-11-25T08:54:39.910800,268.412921582668,-2.61324691311512,-3.332317504026645,30.00210178840807,0.1110694686501648,False,negative,consistent_with_zero,10.512,4.78725,3.192,2.037508,long
Swift/BAT,sw00873539000bevshsp_uf.evt.gz,GRB181126A,2018-11-26T09:54:08.097180,152.347375,-29.6875,3.724327632137806,19.68384298737522,0.1892073430237432,False,positive,consistent_with_zero,2.092,0.1189285,1.616,1.094468,long
Swift/BAT,sw00874334000bevshsp_uf.evt.gz,GRB181202A,2018-12-02T06:36:24.513620,280.7347917,27.9596944,-6.47403168774665,26.72846063887896,0.2422149099873558,False,negative,consistent_with_zero,6.56,0.6153373,4.464,0.7049652,long
Swift/BAT,sw00874475000bevshsp_uf.evt.gz,GRB181203A,2018-12-03T12:08:47.866980,108.3490833,-39.8015833,1539.3298927269527,30.425764291645265,50.59297370385676,True,positive,significant_positive,15.06,1.762989,8.392,0.9506966,long
Swift/BAT,sw00874754000bevshsp_uf.evt.gz,,2018-12-04T20:28:40,188.082656362467,16.3088812829625,-1.823460276501224,19.517116690461883,0.0934287735950443,False,negative,consistent_with_zero,,,,,unknown
Swift/BAT,sw00876016000bevshsp_uf.evt.gz,GRB181213A,2018-12-13T12:57:38.436940,248.2701667,78.4967778,828.1023948718814,29.287331156786085,28.275106066808828,True,positive,significant_positive,15.296,1.381014,11.152,2.294034,long
Swift/BAT,sw00878504000bevshsp_uf.evt.gz,,2018-12-22T21:42:32,131.375298977042,-5.48787400777241,-10.238754335785456,13.759785043026667,0.7441071429363907,False,negative,consistent_with_zero,,,,,unknown
Swift/BAT,sw00878548000bevshsp_uf.evt.gz,,2018-12-23T02:47:44,247.818270329542,-47.8175494276217,3526.137558001457,21.206693845829108,166.27474247688878,True,positive,significant_positive,,,,,unknown
Swift/BAT,sw00878911000bevshsp_uf.evt.gz,GRB181224A,2018-12-24T13:36:51.593320,125.931158144386,6.20566865282203,2.530156662546992,24.44719234813917,0.1034947746357294,False,positive,consistent_with_zero,12.488,4.203418,4.396,1.821035,long
Swift/BAT,sw00879909000bevshsp_uf.evt.gz,GRB181228A,2018-12-28T02:53:17.622120,49.8112917,13.1998889,-13.03984002709548,139.5732731795545,0.0934264829507891,False,negative,consistent_with_zero,255.152,138.0249,10.576,0.5939428,long
Swift/BAT,sw00880127000bevshsp_uf.evt.gz,,2018-12-28T23:50:50.559999,18.1589928953243,-60.9510462205385,-1.3248982200693435,378.45483421954697,0.0035008093444005,False,negative,consistent_with_zero,,,,,unknown
Swift/BAT,sw00881709000bevshsp_uf.evt.gz,GRB190103B,2019-01-03T21:03:51.185580,212.567875,35.2607778,-0.0402425383548693,110.87473536321474,0.0003629549890066,False,negative,consistent_with_zero,19.52,2.716798,9.312,0.486621,long
Swift/BAT,sw00882252000bevshsp_uf.evt.gz,GRB190106A,2019-01-06T13:34:44.611040,29.879875,23.8455,-3.280055892296589,272.938418909009,0.0120175675722298,False,negative,consistent_with_zero,78.096,2.085136,62.088,0.6393622,long
Swift/BAT,sw00882561000bevshsp_uf.evt.gz,,2019-01-08T01:22:16,247.80962762682,-47.7246694926881,4.498691533448179,19.39582757679056,0.2319412005307473,False,positive,consistent_with_zero,,,,,unknown
Swift/BAT,sw00882747000bevshsp_uf.evt.gz,GRB190109A,2019-01-09T05:12:41.780680,33.201875,38.1078889,-8.527941543303088,38.19505058991309,0.2232734716040729,False,negative,consistent_with_zero,115.008,33.89175,45.388,3.694871,long
Swift/BAT,sw00882809000bevshsp_uf.evt.gz,GRB190109B,2019-01-09T11:56:09.203160,55.487,63.5918889,-3.6017129028420425,23.3836960816903,0.1540266726979155,False,negative,consistent_with_zero,6.512,0.790706,2.816,0.8622297,long
Swift/BAT,sw00883012000bevshsp_uf.evt.gz,GRB190110A,2019-01-10T17:24:48.300500,276.881511087457,-53.6765232636808,-1.6069901851228383,517.9677910975959,0.0031024905655186,False,negative,consistent_with_zero,9.304,0.8390948,3.1,0.2898067,long
Swift/BAT,sw00883600000bevshsp_uf.evt.gz,GRB190114A,2019-01-14T03:10:49.754020,65.5436667,2.1910833,0.5102723216308678,21.02548297982357,0.0242692318707034,False,positive,consistent_with_zero,67.096,9.829423,37.024,7.784375,long
Swift/BAT,sw00883818000bevshsp_uf.evt.gz,GRB190114B,2019-01-14T19:31:12.086340,174.873375,18.8922778,960.0620674189094,32.42742441870308,29.60648539404741,True,positive,significant_positive,26.492,6.690422,13.048,4.128615,long
Swift/BAT,sw00883832000bevshsp_uf.evt.gz,GRB190114C,2019-01-14T20:57:03.190000,54.50686,-26.94677,12.591991957716402,86.0181424753654,0.1463876293460138,False,positive,consistent_with_zero,361.46,11.73603,49.072,1.473391,long
Swift/BAT,sw00884906000bevshsp_uf.evt.gz,,2019-01-21T10:07:20,247.8088,-47.80657,119110.88390506648,48.16934246834903,2472.752954502784,True,positive,significant_positive,,,,,unknown
Swift/BAT,sw00885314000bevshsp_uf.evt.gz,GRB190123A,2019-01-23T12:19:13.191160,53.2206667,45.5241944,6.522298712762536,25.72105668310639,0.2535781788874322,False,positive,consistent_with_zero,25.124,4.068661,11.432,5.610542,long
Swift/BAT,sw00885456000bevshsp_uf.evt.gz,,2019-01-24T03:17:44,247.8092,-47.80663,0.4322532753689362,18.68724997364136,0.0231309195295528,False,positive,consistent_with_zero,,,,,unknown
Swift/BAT,sw00885807000bevshsp_uf.evt.gz,,2019-01-26T10:38:16,207.0475,-63.25299,13760.351489669518,57.66316321402018,238.6333097717372,True,positive,significant_positive,,,,,unknown
Swift/BAT,sw00885845000bevshsp_uf.evt.gz,,2019-01-26T12:09:36,207.004268706186,-63.2702643390262,-4.204480662460722,25.409416849124597,0.1654693882754564,False,negative,consistent_with_zero,,,,,unknown
Swift/BAT,sw00885960000bevshsp_uf.evt.gz,,2019-01-27T00:56:32,207.053375,-63.2745,-8.439819101106945,38.13367590276697,0.2213219392388698,False,negative,consistent_with_zero,,,,,unknown
Swift/BAT,sw00886157000bevshsp_uf.evt.gz,,2019-01-28T01:22:48,262.232204192715,-36.2373715963624,2.366733528711606,20.181695247031037,0.1172712945935391,False,positive,consistent_with_zero,,,,,unknown
Swift/BAT,sw00886266000bevshsp_uf.evt.gz,,2019-01-28T13:54:32,207.053375,-63.2745,-14.74780817883144,561.3963041914177,0.0262698704439687,False,negative,consistent_with_zero,,,,,unknown
Swift/BAT,sw00886486000bevshsp_uf.evt.gz,,2019-01-29T09:20:32,247.8087,-47.80711,-212218.14134562752,43.80985304517646,4844.073344112555,True,negative,significant_negative,,,,,unknown
Swift/BAT,sw00886496000bevshsp_uf.evt.gz,,2019-01-29T10:22:08,207.0535,-63.2745833,-9.60379872627697,33.31652190836864,0.2882593432979158,False,negative,consistent_with_zero,,,,,unknown
Swift/BAT,sw00887217000bevshsp_uf.evt.gz,GRB190202A,2019-02-02T01:39:30.355340,166.5025833,9.3767778,-0.2523266701029254,75.17077015445484,0.0033567125836873,False,negative,consistent_with_zero,16.0,5.274955,6.528,2.033952,long
Swift/BAT,sw00887512000bevshsp_uf.evt.gz,GRB190203A,2019-02-03T15:44:08.426720,22.5965833,55.7223889,0.7066007685030561,40.93350427628724,0.017262161669173,False,positive,consistent_with_zero,86.56,64.57987,33.856,2.723809,long
Swift/BAT,sw00887541000bevshsp_uf.evt.gz,,2019-02-03T21:18:40,262.2442,-36.24216,-26817.22793310928,20.68828640613367,1296.2517729432873,True,negative,significant_negative,,,,,unknown
Swift/BAT,sw00887580000bevshsp_uf.evt.gz,,2019-02-04T05:46:28.416,351.514342317199,54.8784731126214,-4.563801810236083,272.83572917746454,0.0167272879691925,False,negative,consistent_with_zero,,,,,unknown
Swift/BAT,sw00888312000bevshsp_uf.evt.gz,,2019-02-09T14:29:04,285.97172123146,3.24167223441573,-121.49171218963016,20.701858604719032,5.868637908769015,True,negative,significant_negative,,,,,unknown
Swift/BAT,sw00888648000bevshsp_uf.evt.gz,GRB190211A,2019-02-11T16:54:44.735040,196.6590833,41.9672778,-2.1217243281335185,21.442358992327964,0.0989501355187956,False,negative,consistent_with_zero,10.896,1.543399,7.28,3.109161,long
Swift/BAT,sw00889443000bevshsp_uf.evt.gz,,2019-02-17T23:34:24,299.5911,35.20214,-10.057433079045882,20.84131581044732,0.4825718860804509,False,negative,consistent_with_zero,,,,,unknown
Swift/BAT,sw00889483000bevshsp_uf.evt.gz,,2019-02-18T08:54:32,284.645375,-8.2373889,6908.250172044138,23.65047398218508,292.09774726915987,True,positive,significant_positive,,,,,unknown
Swift/BAT,sw00889748000bevshsp_uf.evt.gz,GRB190219A,2019-02-19T19:38:58.002900,189.626,76.6126944,8.097591517452683,68.57314821153055,0.1180869149025168,False,positive,consistent_with_zero,167.74,12.79419,62.508,2.452613,long
Swift/BAT,sw00889785000bevshsp_uf.evt.gz,GRB190220A,2019-02-20T02:59:34.673220,330.163,-76.6805833,11.464551403368157,35.11634739181043,0.326473345176037,False,positive,consistent_with_zero,10.0,2.0,4.0,1.0,long
Swift/BAT,sw00890732000bevshsp_uf.evt.gz,,2019-02-26T06:13:12,247.8174,-47.80667,-562.5146846563289,26.854642341186267,20.94664592846261,True,negative,significant_negative,,,,,unknown
Swift/BAT,sw00891843000bevshsp_uf.evt.gz,,2019-03-05T23:12:16,267.496487760738,-21.3921117198239,1.499676623539666,18.717866034811674,0.0801200639405449,False,positive,consistent_with_zero,,,,,unknown
Swift/BAT,sw00892030000bevshsp_uf.evt.gz,,2019-03-07T05:33:20,299.5887,35.2014,17213.304160408123,21.169875615024747,813.1036985494353,True,positive,significant_positive,,,,,unknown
Swift/BAT,sw00892607000bevshsp_uf.evt.gz,GRB190311A,2019-03-11T14:23:33.671280,212.0652917,53.5007778,-702.4837563485961,25.998539604055285,27.02012370875716,True,negative,significant_negative,13.952,5.315565,5.44,1.088,long
Swift/BAT,sw00893808000bevshsp_uf.evt.gz,GRB190320A,2019-03-20T01:14:36.601140,117.8491667,-45.8879722,-10112.645582714293,21.945594627230776,460.8052665916925,True,negative,significant_negative,63.0,12.08305,24.0,9.848858,long
Swift/BAT,sw00894268000bevshsp_uf.evt.gz,,2019-03-22T10:56:48,314.6998,41.77969,47876.514716239006,26.55540941772069,1802.8912287938797,True,positive,significant_positive,,,,,unknown
Swift/BAT,sw00894557000bevshsp_uf.evt.gz,,2019-03-23T20:31:09.824,40.1528246982427,61.245816597833,-2.242944491589125,18.089467625472704,0.1239917358557705,False,negative,consistent_with_zero,,,,,unknown
Swift/BAT,sw00894718000bevshsp_uf.evt.gz,GRB190324A,2019-03-24T22:44:01.630420,49.6154583,-47.2145833,7.802659742543791,141.19679663276975,0.0552608835938201,False,positive,consistent_with_zero,22.784,10.14973,6.0,0.3298485,long
Swift/BAT,sw00895006000bevshsp_uf.evt.gz,GRB190326A,2019-03-26T07:35:28.910940,341.652491920313,39.9026483879093,11.686500258768248,13.767380287178693,0.8488543219548944,False,positive,consistent_with_zero,0.07599998,0.03224899,0.02799988,0.008944317,short
Swift/BAT,sw00895257000bevshsp_uf.evt.gz,,2019-03-27T09:00:40,314.6954,41.77724,-4.50137130049789,27.111615678445027,0.1660310972937214,False,negative,consistent_with_zero,,,,,unknown
Swift/BAT,sw00895479000bevshsp_uf.evt.gz,,2019-03-27T21:28:08,314.705126854701,41.7447121729859,-4204.187634931355,20.863334819053176,201.5108165302478,True,negative,significant_negative,,,,,unknown
Swift/BAT,sw00895503000bevshsp_uf.evt.gz,,2019-03-27T23:16:36.544,297.816485815913,39.0700161966286,8506.283749751525,19.3836060981624,438.8390739408359,True,positive,significant_positive,,,,,unknown
Swift/BAT,sw00895813000bevshsp_uf.evt.gz,GRB190331A,2019-03-31T02:14:37.572780,28.5761909565301,27.6194435216332,10.58886558670504,21.36362755261449,0.4956492318838038,False,positive,consistent_with_zero,4.336,0.2347765,1.176,1.068316,long
Swift/BAT,sw00896552000bevshsp_uf.evt.gz,,2019-04-04T05:57:52,164.406920557891,-52.3869463131394,2057.9208135645717,76.49221152517391,26.903664733072866,True,positive,significant_positive,,,,,unknown
Swift/BAT,sw00897653000bevshsp_uf.evt.gz,,2019-04-09T13:01:44,324.921589868799,-46.6073895633698,-42693.27311407619,25.680890322175763,1662.4529982595668,True,negative,significant_negative,,,,,unknown
Swift/BAT,sw00899979000bevshsp_uf.evt.gz,GRB190422A,2019-04-22T22:55:29.215560,182.0355,-60.2247778,-197.31627011467776,82.94155514705413,2.3789796292683323,True,negative,significant_negative,269.016,50.72131,88.16,22.5696,long
Swift/BAT,sw00900285000bevshsp_uf.evt.gz,GRB190424A,2019-04-24T10:00:43.191560,48.6808760446314,20.2334856376405,8.383073428253123,47.33218921902462,0.1771114661411783,False,positive,consistent_with_zero,9.836,3.917965,5.296,0.9853973,long
Swift/BAT,sw00900730000bevshsp_uf.evt.gz,GRB190427A,2019-04-27T04:34:15.072360,280.212789126915,40.3223823960134,4.327810926742427,19.13368238773856,0.2261880823064053,False,positive,consistent_with_zero,0.1919999,0.2023858,0.06399989,0.06400001,short
Swift/BAT,sw00903158000bevshsp_uf.evt.gz,GRB190511A,2019-05-11T07:14:48.282980,126.4453,-20.26018,19.966945313017003,45.0190354422021,0.4435222815613555,False,positive,consistent_with_zero,27.664,2.354176,15.776,1.75636,long
Swift/BAT,sw00903357000bevshsp_uf.evt.gz,GRB190512A,2019-05-12T14:40:09.107780,82.4400244290381,-7.57402254090285,-1.3014975685681265,23.331445879663704,0.0557829795581827,False,negative,consistent_with_zero,40.072,11.33085,15.544,2.339244,long
Swift/BAT,sw00903845000bevshsp_uf.evt.gz,GRB190515B,2019-05-15T16:04:21.314940,98.85118,52.31844,-1469.848070423443,23.97541107690451,61.30648044818494,True,negative,significant_negative,46.512,9.644513,14.368,2.801143,long
Swift/BAT,sw00904394000bevshsp_uf.evt.gz,GRB190519A,2019-05-19T07:25:39.438900,114.7674,-38.80386,7.956728025440918,38.5500535259129,0.206399921600433,False,positive,consistent_with_zero,44.48,2.585869,26.72,1.355569,long
Swift/BAT,sw00906654000bevshsp_uf.evt.gz,GRB190604B,2019-06-04T14:57:15.797160,297.5363,-32.97829,-14.155694350933246,260.4991414619993,0.0543406564470318,False,negative,consistent_with_zero,220.176,4.721114,132.56,3.089028,long
Swift/BAT,sw00907754000bevshsp_uf.evt.gz,GRB190610A,2019-06-10T11:27:45.716980,46.2887188080502,-7.66601686408089,2.4155215547669857,575.7376848815271,0.0041955244865794,False,positive,consistent_with_zero,0.632,0.1006578,0.364,0.09050968,short
Swift/BAT,sw00907950000bevshsp_uf.evt.gz,GRB190611A,2019-06-11T17:49:01.998020,324.7227917,-56.0745833,-2.765830888403697,20.100252432897594,0.1376017986658182,False,negative,consistent_with_zero,41.76,30.62172,8.928,47.74824,long
Swift/BAT,sw00908288000bevshsp_uf.evt.gz,GRB190613A,2019-06-13T04:07:18.310160,182.5290833,67.2351944,51268.97405247368,48.456198411922166,1058.047798480606,True,positive,significant_positive,17.632,3.113922,9.12,2.725125,long
Swift/BAT,sw00908329000bevshsp_uf.evt.gz,GRB190613B,2019-06-13T10:47:02.052640,305.4317917,-4.6465833,0.5385548655211565,21.54233953111879,0.0249998318308553,False,positive,consistent_with_zero,160.82,17.08426,119.76,25.0266,long
Swift/BAT,sw00911102000bevshsp_uf.evt.gz,,2019-06-24T20:41:04,144.523920853963,46.4760951265148,-2.2520053787176897,18.865011656089923,0.119374714406323,False,negative,consistent_with_zero,,,,,unknown
Swift/BAT,sw00911609000bevshsp_uf.evt.gz,GRB190627A,2019-06-27T11:18:31.127400,244.8378,-5.477448,4.080822379632651,49.281712536060006,0.0828060180872705,False,positive,consistent_with_zero,2.692,0.8809541,1.2,1.136803,long
Swift/BAT,sw00912102000bevshsp_uf.evt.gz,GRB190630B,2019-06-30T06:02:08.648040,223.669276535539,41.521090175186,-3.897931172415941,853.481532164515,0.0045670949229919,False,negative,consistent_with_zero,5.568,0.9029042,2.224,1.332528,long
Swift/BAT,sw00912239000bevshsp_uf.evt.gz,GRB190630C,2019-06-30T23:52:59.523940,293.879,-32.74325,1088.6664643003717,79.57140668662407,13.68162898750634,True,positive,significant_positive,38.384,9.308885,16.024,2.744278,long
Swift/BAT,sw00912310000bevshsp_uf.evt.gz,GRB190701A,2019-07-01T09:45:20.833660,28.0812917,58.9095,-22.70249872774287,40.49776786330251,0.5605864205744283,False,negative,consistent_with_zero,52.432,4.017561,43.312,31.98061,long
Swift/BAT,sw00913042000bevshsp_uf.evt.gz,,2019-07-05T01:56:00,154.464009616073,41.4814433056039,-1.440538443305926,19.655036172974203,0.0732910603994041,False,negative,consistent_with_zero,,,,,unknown
Swift/BAT,sw00913302000bevshsp_uf.evt.gz,GRB190706B,2019-07-06T12:40:50.085380,107.4615833,-29.5528889,7.058125729764412,20.96604163047214,0.3366456031216736,False,positive,consistent_with_zero,43.584,14.79785,18.88,10.46513,long
Swift/BAT,sw00915091000bevshsp_uf.evt.gz,GRB190718A,2019-07-18T04:41:15.172960,336.5760833,-41.204,-2.350162776551953,26.124626106909865,0.0899596712670404,False,negative,consistent_with_zero,704.0,995.6063,720.0,526.8472,long
Swift/BAT,sw00915381000bevshsp_uf.evt.gz,GRB190719C,2019-07-19T14:58:34.397080,240.2069583,12.9997778,15.322850596204493,104.57606271648427,0.1465234987642077,False,positive,consistent_with_zero,185.828,9.597204,99.52,6.172934,long
Swift/BAT,sw00916733000bevshsp_uf.evt.gz,GRB190727B,2019-07-27T20:18:17.019680,126.480723836389,-13.2677573048208,1.4507007119626794,146.24426555174662,0.0099197100583022,False,positive,consistent_with_zero,39.196,1.311341,12.84,0.1757271,long
Swift/BAT,sw00920783000bevshsp_uf.evt.gz,GRB190816A,2019-08-16T14:42:24.578600,341.193592693739,-29.7399634001357,5.543353922369009,43.29602272538877,0.1280337909449218,False,positive,consistent_with_zero,375.76,92.22019,150.448,10.78733,long
Swift/BAT,sw00921722000bevshsp_uf.evt.gz,GRB190821A,2019-08-21T17:10:03.878460,250.0545833,-34.0070833,3.7451603158449274,68.28241282317859,0.0548480957394291,False,positive,consistent_with_zero,57.096,2.596151,32.684,2.390036,long
Swift/BAT,sw00922107000bevshsp_uf.evt.gz,GRB190824A,2019-08-24T14:46:39.574480,215.304375,-41.8942778,0.5881094198849701,62.92553452874393,0.0093461171889819,False,positive,consistent_with_zero,169.36,5.85471,51.824,9.756511,long
Swift/BAT,sw00922808000bevshsp_uf.evt.gz,GRB190828B,2019-08-28T12:59:59.424820,251.8315,27.2807778,16.31654170465538,142.5678349926759,0.1144475659989758,False,positive,consistent_with_zero,715.856,451.9719,29.712,4.120427,long
Swift/BAT,sw00922968000bevshsp_uf.evt.gz,GRB190829A,2019-08-29T19:56:44.601720,44.5440833,-8.9581944,110.8759324525548,33.233800465082425,3.336239939487156,True,positive,significant_positive,56.896,47.0011,4.288,1.317841,long
Swift/BAT,sw00924641000bevshsp_uf.evt.gz,,2019-09-10T07:02:52.927999,272.031375,13.2515,-508.6201171356596,31.639456088854192,16.07550128887437,True,negative,significant_negative,,,,,unknown
Swift/BAT,sw00926515000bevshsp_uf.evt.gz,GRB190926A,2019-09-26T09:52:16.353280,100.5699,59.52926,10.736328053640126,23.59130390071773,0.455096848348153,False,positive,consistent_with_zero,362.34,19.60651,187.144,116.6394,long
Swift/BAT,sw00927345000bevshsp_uf.evt.gz,GRB191001B,2019-10-01T17:19:20.323880,86.3680994408955,-15.907114841062,2.0424679690597363,25.88720143055336,0.0788987552223051,False,positive,consistent_with_zero,107.136,9.354354,58.72,12.28568,long
Swift/BAT,sw00927825000bevshsp_uf.evt.gz,GRB191004A,2019-10-04T18:07:02.863100,31.669375,-36.9333889,4.610442355745399,23.338237644834745,0.1975488649103626,False,positive,consistent_with_zero,2.444,0.0823651,1.776,0.06511529,long
Swift/BAT,sw00927839000bevshsp_uf.evt.gz,GRB191004B,2019-10-04T21:33:41.682300,49.2045,-39.6341944,4.385383297393293,67.15381196421679,0.065303564594815,False,positive,consistent_with_zero,300.128,81.82884,31.924,27.76655,long
Swift/BAT,sw00928924000bevshsp_uf.evt.gz,GRB191011A,2019-10-11T04:35:56.431400,44.7282917,-27.8453889,4.006226003485185,21.28665585827548,0.1882036347164277,False,positive,consistent_with_zero,7.352,0.9371702,3.156,1.873862,long
Swift/BAT,sw00929744000bevshsp_uf.evt.gz,GRB191016A,2019-10-16T04:09:00.915720,30.2956005884388,24.5009472918732,7.990309808506351,68.10610564550181,0.1173214902360826,False,positive,consistent_with_zero,126.68,7.72798,46.108,3.498137,long
Swift/BAT,sw00929981000bevshsp_uf.evt.gz,GRB191017B,2019-10-17T14:36:06.891740,245.1261667,-73.5407778,9.265659107084067,59.983477135752345,0.154470189951049,False,positive,consistent_with_zero,4.328,0.5712057,2.04,0.574512,long
Swift/BAT,sw00930285000bevshsp_uf.evt.gz,GRB191019A,2019-10-19T15:12:33.632500,340.0241667,-17.3291944,-4.0113748716099895,223.2884805347221,0.0179649879922319,False,negative,consistent_with_zero,64.348,4.449649,30.476,1.030643,long
Swift/BAT,sw00931242000bevshsp_uf.evt.gz,GRB191024A,2019-10-24T04:42:52.615160,10.1140833,-67.1430833,14.347879053561222,24.50500289422793,0.5855081558444059,False,positive,consistent_with_zero,7.084,0.9782434,3.312,0.5393329,long
Swift/BAT,sw00931384000bevshsp_uf.evt.gz,,2019-10-25T02:47:10.72,320.755210305284,-48.3297080251716,-9.079187319580114,22.6652045249962,0.4005782215451522,False,negative,consistent_with_zero,,,,,unknown
Swift/BAT,sw00931484000bevshsp_uf.evt.gz,,2019-10-25T18:16:36.799999,139.770966566081,1.38387357342258,7.678974018218735,17.39468944874881,0.4414550797726992,False,positive,consistent_with_zero,,,,,unknown
Swift/BAT,sw00932058000bevshsp_uf.evt.gz,GRB191029A,2019-10-29T11:15:20.169860,352.1595833,-40.5001944,13.329333694447405,640.1913303538875,0.0208208594250708,False,positive,consistent_with_zero,41.0,8.246211,14.0,13.15295,long
Swift/BAT,sw00932435000bevshsp_uf.evt.gz,GRB191031A,2019-10-31T00:36:33.697220,233.470112879956,6.14378241270486,-11.079436979396554,27.571498892163227,0.4018438396378121,False,negative,consistent_with_zero,12.132,2.347513,5.92,1.820036,long
Swift/BAT,sw00932595000bevshsp_uf.evt.gz,GRB191031C,2019-10-31T18:43:54.909020,115.8712917,-62.325,2.840346356284435,51.65063471482688,0.0549915092421716,False,positive,consistent_with_zero,78.5,7.509189,18.264,2.561125,long
Swift/BAT,sw00932608000bevshsp_uf.evt.gz,GRB191031D,2019-10-31T21:23:31.132400,283.288875,47.6436944,-2.750778849082688,14.501544238138946,0.1896886844539053,False,negative,consistent_with_zero,0.288,0.04681884,0.1439999,0.02529827,short
Swift/BAT,sw00932742000bevshsp_uf.evt.gz,GRB191101A,2019-11-01T21:08:03.350920,251.8370833,43.7405833,0.2814544207458319,23.94204426134588,0.011755655351462,False,positive,consistent_with_zero,142.708,18.24723,68.008,29.49918,long
Swift/BAT,sw00933083000bevshsp_uf.evt.gz,,2019-11-04T06:34:24,293.743584088788,21.895687200237,5.57528968768603,17.334210190185743,0.3216350572951191,False,positive,consistent_with_zero,,,,,unknown
Swift/BAT,sw00933276000bevshsp_uf.evt.gz,,2019-11-05T00:09:21.919999,293.742937208376,21.9150374428366,3.614253257021833,11.339528986291551,0.318730457093159,False,positive,consistent_with_zero,,,,,unknown
Swift/BAT,sw00933285000bevshsp_uf.evt.gz,,2019-11-05T01:36:49.6,293.753346576888,21.8962482555867,0.7520866070793895,3.9175245518991897,0.1919800621836008,False,positive,consistent_with_zero,,,,,unknown
Swift/BAT,sw00933515000bevshsp_uf.evt.gz,GRB191106A,2019-11-06T14:15:23.900640,269.334875,46.0345,1.4427117378247185,18.79073669200346,0.0767778167227831,False,positive,consistent_with_zero,3.436,0.324863,1.648,0.7209882,long
Swift/BAT,sw00937114000bevshsp_uf.evt.gz,,2019-11-15T11:26:44.735999,292.179401558879,38.7305888139949,-33408.803138661,26.3062154619025,1269.9965598261251,True,negative,significant_negative,,,,,unknown
Swift/BAT,sw00938899000bevshsp_uf.evt.gz,GRB191122A,2019-11-22T13:32:56.419620,54.2701667,-32.1860833,-2.4073602279777497,47.76704552906903,0.0503979302323132,False,negative,consistent_with_zero,125.736,31.04972,33.512,4.284305,long
Swift/BAT,sw00939079000bevshsp_uf.evt.gz,GRB191123A,2019-11-23T10:38:44.318720,215.261875,22.8599722,2.399539823847151,37.25904412553501,0.0644015400868176,False,positive,consistent_with_zero,284.812,52.23177,147.7,117.1601,long
Swift/BAT,sw00944091000bevshsp_uf.evt.gz,GRB191213A,2019-12-13T04:06:23.920500,224.506862496787,-9.72629906539117,0.3021792656645699,39.62000334783191,0.0076269369038583,False,positive,consistent_with_zero,118.992,18.26491,66.752,12.29822,long
Swift/BAT,sw00944916000bevshsp_uf.evt.gz,GRB191218A,2019-12-18T02:42:43.860860,301.077639808073,-40.2740100040986,-13.830892590925949,108.49816962115476,0.1274758149305149,False,negative,consistent_with_zero,44.664,0.7391347,37.58,2.844788,long
Swift/BAT,sw00945344000bevshsp_uf.evt.gz,GRB191220A,2019-12-20T13:29:37.799160,281.379875,26.6556944,3.594829962320869,23.61105364236225,0.1522519925104541,False,positive,consistent_with_zero,175.584,125.9951,39.92,101.5955,long
Swift/BAT,sw00945521000bevshsp_uf.evt.gz,GRB191221B,2019-12-21T20:39:13.151900,154.8300833,-38.1575833,-9.368910072922668,111.25384030381709,0.0842120150399987,False,negative,consistent_with_zero,48.0,16.0,16.0,16.0,long
Swift/BAT,sw00946234000bevshsp_uf.evt.gz,,2019-12-26T00:31:29.536,17.1412637529961,-57.0848078296346,-1.5789162873187177,89.90690155889071,0.0175616805822687,False,negative,consistent_with_zero,,,,,unknown
Swift/BAT,sw00946256000bevshsp_uf.evt.gz,,2019-12-26T05:53:28,135.8533,-40.27681,102605.31973550658,113.85527833808064,901.1907153819556,True,positive,significant_positive,,,,,unknown
Swift/BAT,sw00946257000bevshsp_uf.evt.gz,,2019-12-26T06:00:21.376,135.920853858823,-40.2356723745026,-39987.127175667854,33.85024374515394,1181.2951031229277,True,negative,significant_negative,,,,,unknown
Swift/BAT,sw00946344000bevshsp_uf.evt.gz,GRB191227A,2019-12-27T01:39:37.570780,319.169545066939,-16.7044309198896,2.117080514380019,114.95624407826098,0.0184164029657991,False,positive,consistent_with_zero,55.888,16.28185,9.792,0.6335676,long
Swift/BAT,sw00946476000bevshsp_uf.evt.gz,GRB191228A,2019-12-28T00:01:19.837560,5.3466667,-8.6825833,-196.26252753144465,27.162783464422784,7.225420317785362,True,negative,significant_negative,193.816,29.87514,116.372,13.04974,long
Swift/BAT,sw00948219000bevshsp_uf.evt.gz,GRB200107B,2020-01-07T19:26:28.705120,106.933875,-83.7188889,-9.620792327040714,82.43047451064322,0.1167140233530804,False,negative,consistent_with_zero,86.676,11.66023,35.052,1.783812,long
Swift/BAT,sw00948244000bevshsp_uf.evt.gz,,2020-01-08T00:02:16,243.794634024531,-15.0314399709074,7103.870404252296,24.532849808329484,289.5656419761052,True,positive,significant_positive,,,,,unknown
Swift/BAT,sw00948361000bevshsp_uf.evt.gz,GRB200109A,2020-01-09T01:46:16.218040,307.1257917,52.9931944,-0.8810601233114538,32.51241628944836,0.0270991892902587,False,negative,consistent_with_zero,112.0,32.0,32.0,16.0,long
Swift/BAT,sw00949361000bevshsp_uf.evt.gz,GRB200115A,2020-01-15T11:50:23.734140,56.4539329277401,5.61281785041262,1.5916925518876257,94.50234512658282,0.0168428894516385,False,positive,consistent_with_zero,242.14,27.23407,64.068,6.304075,long
Swift/BAT,sw00950330000bevshsp_uf.evt.gz,GRB200122A,2020-01-22T01:41:00.369360,210.016875,27.5496944,18.815637259968693,144.9508463005249,0.1298070190011754,False,positive,consistent_with_zero,190.596,4.514513,18.8,1.1333,long
Swift/BAT,sw00952164000bevshsp_uf.evt.gz,GRB200125A,2020-01-25T11:31:39.198280,228.0471,-8.143621,26.08079302099694,153.42218467417595,0.1699936229977753,False,positive,consistent_with_zero,350.336,32.96678,203.568,97.49354,long
Swift/BAT,sw00952791000bevshsp_uf.evt.gz,GRB200127A,2020-01-27T14:44:31.666360,295.1940833,44.9002778,2.7353784045771814,18.797443521707905,0.1455186393521159,False,positive,consistent_with_zero,217.024,23.58849,90.048,19.8181,long
Swift/BAT,sw00953689000bevshsp_uf.evt.gz,GRB200131A,2020-01-31T22:41:15.994140,3.0939583,51.1166944,28.731319684567463,40.661877279265774,0.7065910776140698,False,positive,consistent_with_zero,32.74,0.8790541,1.728,0.05091171,long
Swift/BAT,sw00954304000bevshsp_uf.evt.gz,,2020-02-05T06:36:16,130.1717,-35.27158,-2.300281333720287,435.6185770146536,0.0052804941182361,False,negative,consistent_with_zero,,,,,unknown
Swift/BAT,sw00954519000bevshsp_uf.evt.gz,GRB200205B,2020-02-05T19:21:43.614940,107.7880833,-56.4874722,5.633398365124663,648.4048335163881,0.0086880881725911,False,positive,consistent_with_zero,453.912,4.498539,46.856,5.357338,long
Swift/BAT,sw00954520000bevshsp_uf.evt.gz,,2020-02-05T19:28:47.935999,107.860794319598,-56.5061613716509,4.555297556755924,137.0414622081852,0.0332402871609454,False,positive,consistent_with_zero,,,,,unknown
Swift/BAT,sw00954840000bevshsp_uf.evt.gz,,2020-02-07T03:02:42.496,163.62331031106,-49.5813151574992,-0.6685128509406397,764.6525614150037,0.0008742700733304,False,negative,consistent_with_zero,,,,,unknown
Swift/BAT,sw00956639000bevshsp_uf.evt.gz,GRB200215A,2020-02-15T14:39:31.975900,34.0792917,12.7703889,5.113998001900035,24.417109554603897,0.2094432181034212,False,positive,consistent_with_zero,11.148,2.154535,3.708,0.6279107,long
Swift/BAT,sw00956824000bevshsp_uf.evt.gz,GRB200216B,2020-02-16T13:32:33.858540,160.4341667,19.4755,3.7685766982061257,35.458054974069746,0.1062826683799227,False,positive,consistent_with_zero,67.448,6.568044,38.196,5.190732,long
Swift/BAT,sw00957271000bevshsp_uf.evt.gz,GRB200219A,2020-02-19T07:36:49.139100,342.6375833,-59.1198889,13.787403473788371,26.267331496812744,0.5248878621515598,False,positive,consistent_with_zero,288.0,50.59644,144.0,50.59644,long
Swift/BAT,sw00958141000bevshsp_uf.evt.gz,GRB200224A,2020-02-24T03:24:49.304000,248.767375,41.6117778,1.5870011439691838,24.021498927841936,0.0660658666112539,False,positive,consistent_with_zero,45.0,9.219544,30.0,20.09975,long
Swift/BAT,sw00958592000bevshsp_uf.evt.gz,GRB200227A,2020-02-27T07:20:08.006260,56.4330833,9.4822778,511.344782460042,145.25588967352348,3.520303263498219,True,positive,significant_positive,30.328,9.202282,8.888,0.4083331,long
Swift/BAT,sw00958733000bevshsp_uf.evt.gz,GRB200228B,2020-02-28T11:14:41.151740,252.0472917,16.9849722,-2.2761335629350805,606.6922331998519,0.0037517104033624,False,negative,consistent_with_zero,7.368,1.575558,3.768,1.594873,long
Swift/BAT,sw00959431000bevshsp_uf.evt.gz,GRB200303A,2020-03-03T02:34:57.451340,212.7191667,51.3591944,10.929965048761067,165.4867723568975,0.0660473637445108,False,positive,consistent_with_zero,94.22,6.395724,28.756,1.244521,long
Swift/BAT,sw00959917000bevshsp_uf.evt.gz,GRB200306A,2020-03-06T00:19:40.187060,101.103,-62.00534,-5.45656168381705,251.9746716192856,0.0216551991069225,False,negative,consistent_with_zero,32.964,1.109263,13.012,0.3089336,long
Swift/BAT,sw00960102000bevshsp_uf.evt.gz,GRB200306C,2020-03-06T22:50:39.061800,198.556,11.2697778,-8.669048958995841,34.681935672345226,0.2499586251729424,False,negative,consistent_with_zero,53.152,13.72531,19.056,3.822569,long
Swift/BAT,sw00960986000bevshsp_uf.evt.gz,,2020-03-12T21:17:11.679999,274.5005833,-16.1311944,-2.317449049152986,22.14016745232145,0.1046717037774705,False,negative,consistent_with_zero,,,,,unknown
Swift/BAT,sw00963260000bevshsp_uf.evt.gz,GRB200324A,2020-03-24T16:39:07.954400,222.6715,35.94149,1.1966858544513823,30.50834367430349,0.039224871308216,False,positive,consistent_with_zero,,,,,unknown
Swift/BAT,sw00965484000bevshsp_uf.evt.gz,GRB200409A,2020-04-09T03:19:59.771640,60.536375,-50.2244722,-6.891225216387738,21.71286191585515,0.3173798665092432,False,negative,consistent_with_zero,16.0,5.09902,11.0,4.472136,long
Swift/BAT,sw00965638000bevshsp_uf.evt.gz,GRB200410A,2020-04-10T02:25:10.422240,299.6452917,51.7810833,-3.649811854953599,23.185610297538723,0.1574171138096393,False,negative,consistent_with_zero,108.72,40.72945,36.56,22.6324,long
Swift/BAT,sw00965784000bevshsp_uf.evt.gz,GRB200411A,2020-04-11T04:29:02.456140,47.664,-52.3185833,3.1656536505451243,13.874872348646484,0.2281573171268807,False,positive,consistent_with_zero,0.2199999,0.04472132,0.1199999,0.01788847,short
Swift/BAT,sw00966554000bevshsp_uf.evt.gz,GRB200416A,2020-04-16T07:05:17.171400,335.6991667,-7.5182778,-2.828652367832224,18.84699445381053,0.1500850639482371,False,negative,consistent_with_zero,6.048,0.9786521,3.184,0.6092619,long
Swift/BAT,sw00967774000bevshsp_uf.evt.gz,GRB200425A,2020-04-25T00:16:21.762420,85.2197917,-13.4351944,-9.101696036523595,26.82469117320205,0.3393029197523891,False,negative,consistent_with_zero,81.0,21.66218,28.0,10.19804,long
Swift/BAT,sw00968211000bevshsp_uf.evt.gz,,2020-04-27T18:26:44.799999,293.735492190112,21.8954732560093,-0.8845067328517193,125.99371602906886,0.0070202448243343,False,negative,consistent_with_zero,,,,,unknown
Swift/BAT,sw00968212000bevshsp_uf.evt.gz,,2020-04-27T18:33:24.799999,293.727220878258,21.8919792132577,10.94501258241062,300.1634043184136,0.0364635142890375,False,positive,consistent_with_zero,,,,,unknown
Swift/BAT,sw00968731000bevshsp_uf.evt.gz,,2020-04-30T12:57:06.559999,272.131488929659,-20.3976033897298,108994.48276956576,18.97257421746044,5744.844190371292,True,positive,significant_positive,,,,,unknown
Swift/BAT,sw00969823000bevshsp_uf.evt.gz,,2020-05-06T17:37:14.879999,274.5007917,-16.1310833,-19.88428935984976,21.5043779431462,0.9246623832793645,False,negative,consistent_with_zero,,,,,unknown
Swift/BAT,sw00970886000bevshsp_uf.evt.gz,GRB200509A,2020-05-09T06:47:17.426340,116.4215833,-4.6302778,1.523557491282398,20.80973162725541,0.0732137020588448,False,positive,consistent_with_zero,828.228,13.38256,608.0,209.406,long
Swift/BAT,sw00971846000bevshsp_uf.evt.gz,GRB200512A,2020-05-12T20:33:15.934300,7.4147917,-2.2100833,-2.74153205499363,21.66838704482902,0.1265222025673514,False,negative,consistent_with_zero,74.0,14.31782,26.0,8.246211,long
Swift/BAT,sw00972010000bevshsp_uf.evt.gz,,2020-05-13T13:27:36,244.9983,-15.50903,12.11760349125896,568.089748384823,0.0213304385895211,False,positive,consistent_with_zero,,,,,unknown
Swift/BAT,sw00972011000bevshsp_uf.evt.gz,,2020-05-13T13:34:32,244.965921549293,-15.5472855803932,4.690044102404537,21.1170520651874,0.2220974825428558,False,positive,consistent_with_zero,,,,,unknown
Swift/BAT,sw00972030000bevshsp_uf.evt.gz,,2020-05-13T14:55:52,244.9788,-15.63949,235320.95720938357,28.098827138795208,8374.760841333586,True,positive,significant_positive,,,,,unknown
Swift/BAT,sw00972614000bevshsp_uf.evt.gz,,2020-05-16T15:03:53.6,274.500875,-16.1312778,-5.068675853797385,161.8013710744567,0.0313265321556818,False,negative,consistent_with_zero,,,,,unknown
Swift/BAT,sw00973140000bevshsp_uf.evt.gz,GRB200519A,2020-05-19T11:20:23.737180,255.3332917,-30.378,30.334686476901943,282.5104202877769,0.1073754605086841,False,positive,consistent_with_zero,71.696,1.204817,5.772,0.2497359,long
Swift/BAT,sw00973628000bevshsp_uf.evt.gz,GRB200522A,2020-05-22T11:41:34.120260,5.6821667,-0.2822778,1.0323535499755092,14.046544702910166,0.0734951955666097,False,positive,consistent_with_zero,0.6159999,0.0785875,0.3759999,0.05199997,short
Swift/BAT,sw00974827000bevshsp_uf.evt.gz,GRB200528A,2020-05-28T10:27:23.846900,176.6439,58.19214,30.350757987787457,350.9028968968724,0.0864933240967437,False,positive,consistent_with_zero,59.984,1.923817,24.632,0.4176124,long
Swift/BAT,sw00974942000bevshsp_uf.evt.gz,GRB200529A,2020-05-29T00:56:35.779500,238.7656667,-11.0720833,1.4995787253463535,82.12804356814462,0.0182590338232287,False,positive,consistent_with_zero,79.916,7.195824,36.58,5.168546,long
Swift/BAT,sw00975895000bevshsp_uf.evt.gz,,2020-06-03T19:29:20,245.179726952209,-15.5807046869375,-7.711806695535111,50.05556315909303,0.154064927229456,False,negative,consistent_with_zero,,,,,unknown
Swift/BAT,sw00975998000bevshsp_uf.evt.gz,,2020-06-04T11:19:06.24,257.19483619524,-40.127019493857,9.451559048164109,14.534088991388622,0.6503028193761653,False,positive,consistent_with_zero,,,,,unknown
Swift/BAT,sw00976692000bevshsp_uf.evt.gz,GRB200608A,2020-06-08T17:28:38.919540,309.628863589921,-31.1682990251738,-1532.4684731163636,20.5496554731726,74.57392534473331,True,negative,significant_negative,121.552,33.00627,53.376,17.76107,long
Swift/BAT,sw00977310000bevshsp_uf.evt.gz,GRB200612A,2020-06-12T04:39:37.140020,302.7018,-45.3344,1.541127625088336,65.3288429022176,0.0235903095267591,False,positive,consistent_with_zero,425.924,7.266132,362.324,20.30693,long
Swift/BAT,sw00980210000bevshsp_uf.evt.gz,GRB200630A,2020-06-30T01:49:34.479260,91.3302917,-60.7522778,-5.281866591403023,27.3577865654022,0.1930662986486886,False,negative,consistent_with_zero,14.844,2.787567,5.788,3.76133,long
Swift/BAT,sw00980421000bevshsp_uf.evt.gz,GRB200701A,2020-07-01T12:46:59.079040,123.554730695954,-14.4938413543113,835.9570953166119,23.960173347455733,34.889442709536155,True,positive,significant_positive,38.78,8.712849,14.272,4.494482,long
Swift/BAT,sw00980513000bevshsp_uf.evt.gz,,2020-07-02T07:10:04.159999,274.470700764515,-16.1666145541457,-2.648504900255088,21.946500506959616,0.1206800555475895,False,negative,consistent_with_zero,,,,,unknown
Swift/BAT,sw00981957000bevshsp_uf.evt.gz,GRB200711A,2020-07-11T11:04:36.495000,285.976650447479,-0.136296528746014,51.05678634245107,184.71433473682987,0.2764094428036339,False,positive,consistent_with_zero,29.36,3.071708,16.96,1.531013,long
Swift/BAT,sw00982201000bevshsp_uf.evt.gz,GRB200713A,2020-07-13T11:42:54.723580,76.9491667,-32.8142778,-9.109973065780787,44.431947582191306,0.2050320447675389,False,negative,consistent_with_zero,41.972,7.986744,20.748,9.168349,long
Swift/BAT,sw00982707000bevshsp_uf.evt.gz,GRB200716C,2020-07-16T22:57:41.424000,196.009875,29.6450833,10.44292449624128,20.55806956395572,0.5079720381212626,False,positive,consistent_with_zero,86.572,15.1708,27.392,4.822381,long
Swift/BAT,sw00984929000bevshsp_uf.evt.gz,GRB200729A,2020-07-29T19:38:05.095420,184.3774583,45.5937778,1.5699839272388867,18.24030475554285,0.0860722421187508,False,positive,consistent_with_zero,122.0,34.23449,57.0,24.82438,long
Swift/BAT,sw00985320000bevshsp_uf.evt.gz,,2020-08-01T20:12:12.799999,281.630174702872,-2.9903966858513,-2.4976022097863986,16.73591511807478,0.149236070580269,False,negative,consistent_with_zero,,,,,unknown
Swift/BAT,sw00987016000bevshsp_uf.evt.gz,GRB200806A,2020-08-06T15:28:49.915180,52.9316667,37.0783889,17.850751430988467,273.55663175763203,0.0652543179680762,False,positive,consistent_with_zero,38.688,1.004064,14.556,0.3314453,long
Swift/BAT,sw00989458000bevshsp_uf.evt.gz,,2020-08-16T04:07:47.776,202.461308436717,-22.5897102537619,15.174523019967037,24.827290648478268,0.6112033421132532,False,positive,consistent_with_zero,,,,,unknown
Swift/BAT,sw00990358000bevshsp_uf.evt.gz,,2020-08-17T01:53:46.559999,154.130522141224,-33.9213707601735,-32440.687393583565,19.0935813019158,1699.0362824353206,True,negative,significant_negative,,,,,unknown
Swift/BAT,sw00992099000bevshsp_uf.evt.gz,GRB200819A,2020-08-19T15:43:52.881500,21.423875,63.0612778,3.7608168988939097,26.695269160378658,0.140879527241319,False,positive,consistent_with_zero,26.944,7.060334,11.456,6.706272,long
Swift/BAT,sw00992444000bevshsp_uf.evt.gz,,2020-08-21T13:15:31.008,353.56993085405,-48.2773715855596,-5.435975448326527,27.01226941186327,0.2012409755523596,False,negative,consistent_with_zero,,,,,unknown
Swift/BAT,sw00993768000bevshsp_uf.evt.gz,GRB200829A,2020-08-29T13:59:34.457300,251.2042917,72.3291944,-3712.872607437465,37.381791673583,99.32302442478382,True,negative,significant_negative,13.1,3.079558,2.684,0.04882629,long
Swift/BAT,sw00994143000bevshsp_uf.evt.gz,GRB200901A,2020-09-01T03:47:31.562720,61.7575803016358,-59.8799948410037,-5.520876024083707,29.22732433107448,0.1888943360516211,False,negative,consistent_with_zero,20.352,7.586552,4.928,0.8384367,long
Swift/BAT,sw00994165000bevshsp_uf.evt.gz,GRB200901B,2020-09-01T07:09:26.441920,217.8573,-38.71174,3.843923984991384,51.15891719667152,0.0751369300920519,False,positive,consistent_with_zero,705.94,148.7064,222.8,86.50534,long
Swift/BAT,sw00994389000bevshsp_uf.evt.gz,GRB200903A,2020-09-03T00:44:22.432080,164.311253143984,50.500692051524,-12.581316016703632,56.54546695212866,0.222499109033001,False,negative,consistent_with_zero,22.912,7.358645,5.548,0.6878255,long
Swift/BAT,sw00994723000bevshsp_uf.evt.gz,,2020-09-05T09:30:08,83.6610057085695,22.2191792705523,-1.1897903709338475,101.21100092873137,0.0117555439627718,False,negative,consistent_with_zero,,,,,unknown
Swift/BAT,sw00994724000bevshsp_uf.evt.gz,,2020-09-05T09:36:56,83.6576953134638,22.2795380763127,6.197022217126615,47.14660104951511,0.1314415478354054,False,positive,consistent_with_zero,,,,,unknown
Swift/BAT,sw00994727000bevshsp_uf.evt.gz,,2020-09-05T10:05:36.511999,243.0117,-52.73006,-51326.13820016218,29.29215791450729,1752.2143076643154,True,negative,significant_negative,,,,,unknown
Swift/BAT,sw00994856000bevshsp_uf.evt.gz,GRB200906A,2020-09-06T13:11:04.076080,272.273,67.879,-0.6867645898558851,67.89282881179894,0.010115421641358,False,negative,consistent_with_zero,70.9,7.630306,34.14,8.420665,long
Swift/BAT,sw00995004000bevshsp_uf.evt.gz,GRB200907B,2020-09-07T18:51:11.173040,89.0287917,6.9061944,10.28024384446627,20.50700810232373,0.5013039343999368,False,positive,consistent_with_zero,0.832,0.1338806,0.448,0.1236931,short
Swift/BAT,sw00995288000bevshsp_uf.evt.gz,GRB200909B,2020-09-09T23:17:10.456620,175.17575805061,-31.1790605147067,2.8366589123110484,28.02661884072477,0.1012130263886549,False,positive,consistent_with_zero,13.704,2.167136,6.268,1.271881,long
Swift/BAT,sw00996184000bevshsp_uf.evt.gz,GRB200917A,2020-09-17T03:52:28.303740,235.7246667,-4.7010833,441.1276673890505,29.85039597032681,14.777950276691788,True,positive,significant_positive,21.0,4.242641,10.0,5.0,long
Swift/BAT,sw00996503000bevshsp_uf.evt.gz,GRB200919A,2020-09-19T01:52:20.932860,168.915726722106,32.4569651703903,9.417640664185257,22.171343531546395,0.4247663498960002,False,positive,consistent_with_zero,108.432,21.53486,27.84,9.028226,long
Swift/BAT,sw00997024000bevshsp_uf.evt.gz,GRB200922A,2020-09-22T12:06:46.589360,296.9541667,-55.2023889,14.051300003989107,53.12666758649042,0.2644867566954682,False,positive,consistent_with_zero,10.304,1.955444,2.824,0.1545056,long
Swift/BAT,sw00997453000bevshsp_uf.evt.gz,GRB200925B,2020-09-25T21:50:37.022000,246.7857917,78.3901944,317.97198442652905,30.75499735666291,10.338872110409794,True,positive,significant_positive,18.804,1.47852,4.304,2.049861,long
Swift/BAT,sw00998344000bevshsp_uf.evt.gz,GRB201001A,2020-10-01T09:58:51.646720,110.0805833,-2.2102778,4.807068224214443,22.77799221573955,0.2110400327950225,False,positive,consistent_with_zero,15.888,3.134632,8.448,2.325511,long
Swift/BAT,sw00998907000bevshsp_uf.evt.gz,GRB201006A,2020-10-06T01:17:52.036340,61.8931667,65.165,4.323598152769973,20.78629611560468,0.2080023361893783,False,positive,consistent_with_zero,0.4919999,0.08560366,0.256,0.08323456,short
Swift/BAT,sw00999571000bevshsp_uf.evt.gz,,2020-10-10T14:49:49.759999,277.6705,-6.7548889,69307.41460562118,32.628617709445884,2124.129658902372,True,positive,significant_positive,,,,,unknown
Swift/BAT,sw00999895000bevshsp_uf.evt.gz,,2020-10-12T22:06:48,244.836007496934,-15.8161582437486,-84864.6881004841,18.542653880706357,4576.728263734992,True,negative,significant_negative,,,,,unknown
Swift/BAT,sw00999948000bevshsp_uf.evt.gz,GRB201013A,2020-10-13T03:46:30.651960,107.394375,57.0346944,19.884054016815742,70.13023699064881,0.2835303981571757,False,positive,consistent_with_zero,7.316,0.1783929,5.388,0.05727124,long
Swift/BAT,sw01000255000bevshsp_uf.evt.gz,GRB201014A,2020-10-14T22:48:38.193780,20.8466176995543,27.6923730288515,-10.20149085526197,24.643609531076795,0.4139609030242664,False,negative,consistent_with_zero,36.196,8.107614,14.292,7.689204,long
Swift/BAT,sw01000452000bevshsp_uf.evt.gz,GRB201015A,2020-10-15T22:50:13.228080,354.342753807982,53.3932579228849,9.416555958054367,20.319809037914627,0.463417541989891,False,positive,consistent_with_zero,9.776,3.470783,5.616,3.545769,long
Swift/BAT,sw01000613000bevshsp_uf.evt.gz,GRB201017A,2020-10-17T09:46:31.267800,36.6185833,66.6786944,4.867980022518206,40.12210958193489,0.1213291143771271,False,positive,consistent_with_zero,22.08,6.252424,9.456,4.880105,long
Swift/BAT,sw01000631000bevshsp_uf.evt.gz,,2020-10-17T13:14:16,170.2333309798,-60.6136806155216,-8383.175635657182,24.86671004238165,337.1244375057775,True,negative,significant_negative,,,,,unknown
Swift/BAT,sw01000665000bevshsp_uf.evt.gz,,2020-10-17T21:14:00,135.6838,-40.43091,3.36696510541118,47.15730793633747,0.0713985859828257,False,positive,consistent_with_zero,,,,,unknown
Swift/BAT,sw01000668000bevshsp_uf.evt.gz,,2020-10-17T21:20:48,135.571786634863,-40.5106334066564,-7105.974113127723,35.182206268819535,201.97636438239635,True,negative,significant_negative,,,,,unknown
Swift/BAT,sw01000926000bevshsp_uf.evt.gz,GRB201020A,2020-10-20T05:47:26.163700,261.2276667,31.4282778,-2.9599514989055176,61.23390080993687,0.0483384442237784,False,negative,consistent_with_zero,14.36,4.750731,5.144,0.6678922,long
Swift/BAT,sw01001130000bevshsp_uf.evt.gz,GRB201021C,2020-10-21T20:27:18.666520,12.5284583,-55.8656944,139.03757747550102,47.71140379591192,2.91413721696896,True,positive,significant_positive,24.384,6.760978,9.708,2.433974,long
Swift/BAT,sw01001514000bevshsp_uf.evt.gz,GRB201024A,2020-10-24T02:48:59.133600,125.9521667,3.354,-18.16628532834247,28.19103580213124,0.6443993564425576,False,negative,consistent_with_zero,5.0,2.236068,3.0,1.0,long
Swift/BAT,sw01001628000bevshsp_uf.evt.gz,,2020-10-24T16:17:20,244.863807361974,-15.8219221419744,-1.6969014398935087,20.338356100690003,0.0834335593050187,False,negative,consistent_with_zero,,,,,unknown
Swift/BAT,sw01002103000bevshsp_uf.evt.gz,GRB201026A,2020-10-26T22:37:34.189480,196.7375,83.7830833,2.3137112415642,46.38254137630139,0.0498832356509547,False,positive,consistent_with_zero,271.784,10.68311,199.252,6.206149,long
Swift/BAT,sw01002158000bevshsp_uf.evt.gz,GRB201027A,2020-10-27T01:07:44.172880,155.969875,-5.5100833,-2.891892391216264,24.237344911483,0.1193155604204057,False,negative,consistent_with_zero,11.736,2.607163,4.084,2.048445,long
Swift/BAT,sw01002544000bevshsp_uf.evt.gz,,2020-10-28T04:53:04,244.921970324121,-15.7022280621029,78073.19218913364,36.84547114036604,2118.9359172992254,True,positive,significant_positive,,,,,unknown
Swift/BAT,sw01003002000bevshsp_uf.evt.gz,GRB201029A,2020-10-29T20:19:50.108920,229.581875,44.4597778,-5.710750113973142,40.22902662762191,0.1419559604768574,False,negative,consistent_with_zero,491.024,17.62968,375.688,72.09799,long
Swift/BAT,sw01003313000bevshsp_uf.evt.gz,,2020-10-31T14:20:21.12,254.276630580952,-9.1401823646386,2.242304743551123,45.16860521618027,0.0496429928004039,False,positive,consistent_with_zero,,,,,unknown
Swift/BAT,sw01004168000bevshsp_uf.evt.gz,GRB201104B,2020-11-04T17:32:54.779360,5.215276,7.842566,1.2794582526831488,19.297088601608863,0.0663031755254767,False,positive,consistent_with_zero,8.66,0.1618394,5.272,0.2113575,long
Swift/BAT,sw01004219000bevshsp_uf.evt.gz,,2020-11-05T02:22:29.12,277.6735833,-6.7548889,-0.797125338846935,21.941343110460423,0.0363298333576903,False,negative,consistent_with_zero,,,,,unknown
Swift/BAT,sw01004239000bevshsp_uf.evt.gz,GRB201105A,2020-11-05T05:31:10.392500,245.626275813377,12.7301449302437,11.65385381066856,166.47945338254107,0.0700017544140418,False,positive,consistent_with_zero,33.68,4.02718,8.68,0.3483906,long
Swift/BAT,sw01005428000bevshsp_uf.evt.gz,,2020-11-11T09:45:32.159999,277.701086911644,-6.74101176954741,2.0279661663827317,12.785582186581612,0.1586135176942563,False,positive,consistent_with_zero,,,,,unknown
Swift/BAT,sw01006906000bevshsp_uf.evt.gz,,2020-11-16T22:59:44,85.75926,25.2369,-9.778543279225614,163.2265329830693,0.0599078048189622,False,negative,consistent_with_zero,,,,,unknown
Swift/BAT,sw01006907000bevshsp_uf.evt.gz,,2020-11-16T23:06:43.904,85.7535530911431,25.2606185417606,-1.0724441309509285,43.113006729100334,0.0248751876130933,False,negative,consistent_with_zero,,,,,unknown
Swift/BAT,sw01006917000bevshsp_uf.evt.gz,,2020-11-17T00:13:01.824,85.86677,25.56334,-0.5251979615058506,46.20985911618892,0.0113654958390006,False,negative,consistent_with_zero,,,,,unknown
Swift/BAT,sw01007266000bevshsp_uf.evt.gz,,2020-11-18T07:08:32,84.7205635396726,26.3266571610648,0.3194298028695803,101.93931845291344,0.0031335289240444,False,positive,consistent_with_zero,,,,,unknown
Swift/BAT,sw01009679000bevshsp_uf.evt.gz,GRB201128A,2020-11-28T06:27:58.325240,223.108,26.6846944,-9.29497607481905,26.55375057781245,0.3500438119873606,False,negative,consistent_with_zero,8.524,3.21968,3.7,2.133528,long
Swift/BAT,sw01010946000bevshsp_uf.evt.gz,GRB201203A,2020-12-03T06:52:27.160660,38.0799197655575,-26.5375146309371,-2.0242071211166706,589.608577037845,0.0034331371692151,False,negative,consistent_with_zero,12.184,2.097451,8.096,2.116409,long
Swift/BAT,sw01011980000bevshsp_uf.evt.gz,GRB201209A,2020-12-09T05:44:52.534740,23.091,-1.7535833,0.723879771258789,96.18946530705568,0.0075255618580269,False,positive,consistent_with_zero,48.0,16.0,16.0,16.0,long
Swift/BAT,sw01013243000bevshsp_uf.evt.gz,GRB201216C,2020-12-16T23:07:31.722580,16.3710833,16.5165833,8.956988358956307,270.60248614445925,0.0331001702407666,False,positive,consistent_with_zero,48.0,16.0,16.0,16.0,long
Swift/BAT,sw01013852000bevshsp_uf.evt.gz,GRB201221A,2020-12-21T07:09:01.425800,214.4800833,-45.4165833,-3902.78744650568,20.312592123473323,192.13635673782872,True,negative,significant_negative,44.316,5.946339,19.872,4.851448,long
Swift/BAT,sw01014012000bevshsp_uf.evt.gz,,2020-12-21T18:42:00,278.204768723876,34.4108657935914,-5.092098708621391,15.413573448787444,0.3303645793456141,False,negative,consistent_with_zero,,,,,unknown
Swift/BAT,sw01014037000bevshsp_uf.evt.gz,GRB201221D,2020-12-21T23:06:34.286000,171.0585833,42.1436944,-1.3324497705137617,10.47119209622872,0.1272491000326174,False,negative,consistent_with_zero,0.164,0.03999991,0.06799996,0.01442218,short
Swift/BAT,sw01014316000bevshsp_uf.evt.gz,GRB201223A,2020-12-23T17:58:26.979800,132.7895833,71.1797778,-0.111118505176565,22.32949746433712,0.0049763101634523,False,negative,consistent_with_zero,29.0,6.708204,14.0,8.062258,long
Swift/BAT,sw01015088000bevshsp_uf.evt.gz,GRB201229A,2020-12-29T10:59:30.947160,210.6891667,48.1981944,-4.00151928133787,25.50460583567896,0.1568939864085277,False,negative,consistent_with_zero,53.248,4.613441,40.512,35.55417,long
Swift/BAT,sw01015615000bevshsp_uf.evt.gz,,2021-01-02T00:17:38.879999,234.9978,-84.40125,-1.4330427314325995,652.1124831182233,0.0021975391800202,False,negative,consistent_with_zero,,,,,unknown
Swift/BAT,sw01015728000bevshsp_uf.evt.gz,GRB210102C,2021-01-02T20:38:11.370000,235.736638732015,-37.2221994622346,2.119344104744077,72.84041243089398,0.0290957180775818,False,positive,consistent_with_zero,87.232,5.088934,10.648,1.453988,long
Swift/BAT,sw01015873000bevshsp_uf.evt.gz,GRB210104A,2021-01-04T11:26:59.104760,103.7708,64.67436,9.482768016272866,87.32352488706272,0.1085935093497098,False,positive,consistent_with_zero,32.048,0.4893915,17.108,1.352568,long
Swift/BAT,sw01015919000bevshsp_uf.evt.gz,GRB210104B,2021-01-04T21:10:10.846460,53.5537917,37.9300833,-6.755228312196967,47.92522098867423,0.1409535140963329,False,negative,consistent_with_zero,19.944,2.39839,7.632,3.407733,long
Swift/BAT,sw01016010000bevshsp_uf.evt.gz,,2021-01-05T11:55:28,244.97820193306,-15.8442266359617,16645.515877442274,22.173480794119342,750.6947615485275,True,positive,significant_positive,,,,,unknown
Swift/BAT,sw01016013000bevshsp_uf.evt.gz,,2021-01-05T12:20:24,307.7567,41.0252,-0.428505139086881,20.358573843303883,0.021047895711409,False,negative,consistent_with_zero,,,,,unknown
Swift/BAT,sw01016881000bevshsp_uf.evt.gz,GRB210112A,2021-01-12T01:37:03.797420,219.006,33.0541944,35.37584879297827,540.3294768815089,0.0654708845372431,False,positive,consistent_with_zero,107.6,13.01977,11.08,0.449177,long
Swift/BAT,sw01017711000bevshsp_uf.evt.gz,GRB210119A,2021-01-19T02:54:09.797180,282.804265797649,-61.8007488114657,-0.916345498671194,10.701358475417658,0.0856288947591235,False,negative,consistent_with_zero,0.06400001,0.02039607,0.028,0.008000016,short
Swift/BAT,sw01030629000bevshsp_uf.evt.gz,GRB210205A,2021-02-05T11:11:17.610200,347.221375,56.2941944,4.44820780017561,19.720920298938324,0.2255578204641433,False,positive,consistent_with_zero,22.864,4.013992,13.52,7.697152,long
Swift/BAT,sw01031297000bevshsp_uf.evt.gz,GRB210207B,2021-02-07T21:52:08.156240,270.6349583,53.6821944,13.47834900131046,90.43395635181528,0.1490407977825898,False,positive,consistent_with_zero,92.528,4.539089,34.284,6.555125,long
Swift/BAT,sw01031636000bevshsp_uf.evt.gz,GRB210209A,2021-02-09T21:39:44.528860,328.1237917,43.557,-3.7669942235471137,32.926614079448,0.1144057574355445,False,negative,consistent_with_zero,139.408,21.51339,70.0,6.484199,long
Swift/BAT,sw01031728000bevshsp_uf.evt.gz,GRB210210A,2021-02-10T02:00:27.919820,262.7707917,14.6626944,27.95329975128329,73.70652518556372,0.3792513577448942,False,positive,consistent_with_zero,6.604,0.5893182,4.348,0.216333,long
Swift/BAT,sw01032024000bevshsp_uf.evt.gz,GRB210211A,2021-02-11T08:43:18.344500,269.437375,-46.2658889,-7.221357239185522,30.151292166758992,0.2395040716413102,False,negative,consistent_with_zero,451.3,203.991,277.484,218.8437,long
Swift/BAT,sw01032183000bevshsp_uf.evt.gz,GRB210212A,2021-02-12T04:25:18.019800,72.2664583,7.2692778,-2.13017717650752,204.2342207869683,0.0104300697909458,False,negative,consistent_with_zero,80.0,35.77709,32.0,22.62742,long
Swift/BAT,sw01032350000bevshsp_uf.evt.gz,,2021-02-13T00:10:40.32,277.660026005282,-6.74816858168261,-2.5576162786345225,24.49713566516439,0.1044047072928417,False,negative,consistent_with_zero,,,,,unknown
Swift/BAT,sw01033144000bevshsp_uf.evt.gz,,2021-02-17T08:11:47.84,277.646217646378,-6.73509693154113,-1.242594977337956,18.18926738100097,0.0683147347999221,False,negative,consistent_with_zero,,,,,unknown
Swift/BAT,sw01033264000bevshsp_uf.evt.gz,GRB210217A,2021-02-17T23:25:42.306620,97.5829583,68.7250833,-1.207505765932599,18.5442855748869,0.0651147093834572,False,negative,consistent_with_zero,4.0,1.414214,1.0,1.0,long
Swift/BAT,sw01033328000bevshsp_uf.evt.gz,GRB210218A,2021-02-18T13:35:19.647260,47.2910601557218,35.287132551004,517.8394142986718,53.53594930194903,9.67274179407928,True,positive,significant_positive,215.928,30.25372,96.38,13.70692,long
Swift/BAT,sw01033716000bevshsp_uf.evt.gz,,2021-02-20T21:38:24,244.9799,-15.63891,49022.90790033765,23.261030889542013,2107.5122651755723,True,positive,significant_positive,,,,,unknown
Swift/BAT,sw01034325000bevshsp_uf.evt.gz,GRB210222B,2021-02-22T22:37:26.278200,154.6059583,-14.9320833,6.584732722726941,19.822037925431225,0.3321925196338606,False,positive,consistent_with_zero,12.112,0.9076387,7.28,3.82574,long
Swift/BAT,sw01034721000bevshsp_uf.evt.gz,GRB210226A,2021-02-26T04:43:57.235560,124.114375,57.5837778,7.423107598493521,33.04943864486361,0.224606162853758,False,positive,consistent_with_zero,20.804,1.675958,11.524,4.357917,long
Swift/BAT,sw01035744000bevshsp_uf.evt.gz,,2021-03-05T01:10:08,244.830942961012,-15.7857939410824,47670.781652535785,18.5459536582603,2570.414146985825,True,positive,significant_positive,,,,,unknown
Swift/BAT,sw01035922000bevshsp_uf.evt.gz,GRB210305A,2021-03-05T19:03:04.456060,319.8086,34.55447,6.422738263784431,130.16725605858622,0.049342196019663,False,positive,consistent_with_zero,67.524,4.210722,26.024,1.34563,long
Swift/BAT,sw01035994000bevshsp_uf.evt.gz,GRB210306A,2021-03-06T03:53:57.241940,129.9580833,60.2052778,13.493190933436262,43.34698075515876,0.3112832935159025,False,positive,consistent_with_zero,637.312,34.85352,410.844,26.75123,long
Swift/BAT,sw01036024000bevshsp_uf.evt.gz,GRB210306B,2021-03-06T09:32:14.276600,331.84758020164,10.1749633736152,249.240652459642,52.12166546696045,4.781901158120779,True,positive,significant_positive,23.84,2.226818,15.232,3.663266,long
Swift/BAT,sw01036139000bevshsp_uf.evt.gz,GRB210307A,2021-03-07T08:42:38.399080,119.2433,-66.96929,2.0834822335564187,37.10687739157672,0.0561481423394944,False,positive,consistent_with_zero,270.812,74.80052,50.628,61.5223,long
Swift/BAT,sw01036227000bevshsp_uf.evt.gz,GRB210308A,2021-03-08T06:37:56.857840,67.0737917,37.4337778,2.7569325183083087,54.0841125544874,0.0509749053482354,False,positive,consistent_with_zero,6.188,0.8128592,1.596,0.1742642,long
Swift/BAT,sw01036990000bevshsp_uf.evt.gz,,2021-03-15T05:22:16,299.6989,35.38956,30521.685908511037,22.39395030609508,1362.943361547238,True,positive,significant_positive,,,,,unknown
Swift/BAT,sw01036995000bevshsp_uf.evt.gz,,2021-03-15T06:19:12,187.3476,-62.71207,-2.0551264302884973,640.9654617115916,0.0032062982376626,False,negative,consistent_with_zero,,,,,unknown
Swift/BAT,sw01037335000bevshsp_uf.evt.gz,,2021-03-18T03:08:59.583999,264.2322,-35.82275,17.19202805433253,113.98838919351772,0.1508226247951068,False,positive,consistent_with_zero,,,,,unknown
Swift/BAT,sw01037339000bevshsp_uf.evt.gz,GRB210318A,2021-03-18T03:54:31.681240,33.9261667,-37.7771944,7.653155569998068,25.30133552553984,0.3024803003886008,False,positive,consistent_with_zero,80.0,50.59644,16.0,48.0,long
Swift/BAT,sw01037828000bevshsp_uf.evt.gz,GRB210321A,2021-03-21T07:13:51.023260,87.8946667,70.1304722,40.73834478428388,27.263237640527706,1.494259241012703,False,positive,consistent_with_zero,8.212,0.5039683,5.304,1.164137,long
Swift/BAT,sw01038247000bevshsp_uf.evt.gz,GRB210323A,2021-03-23T22:02:18.464260,317.9457917,25.3698889,2.7276226703952244,13.28380416398316,0.2053344536492583,False,positive,consistent_with_zero,1.12,0.3228931,0.2479999,0.1091788,short
Swift/BAT,sw01040123000bevshsp_uf.evt.gz,GRB210402A,2021-04-02T22:03:17.222860,198.2585,44.51257,17.97609563767948,162.13072449163744,0.1108740844404644,False,positive,consistent_with_zero,238.708,18.79081,132.704,7.478234,long
Swift/BAT,sw01040345000bevshsp_uf.evt.gz,GRB210403A,2021-04-03T08:27:13.956380,2.76672918535528,-32.9992877873351,-4.15270362932488,24.90257376921302,0.1667580093451567,False,negative,consistent_with_zero,167.66,7.821848,98.684,3.791943,long
Swift/BAT,sw01042031000bevshsp_uf.evt.gz,,2021-04-09T13:44:32,244.9461,-15.48311,-15.259847990167884,23.957640683652183,0.6369512003150062,False,negative,consistent_with_zero,,,,,unknown
Swift/BAT,sw01042032000bevshsp_uf.evt.gz,,2021-04-09T13:54:32,244.954244491528,-15.5734226576309,-2.148119454184635,292.4346659323964,0.0073456388877002,False,negative,consistent_with_zero,,,,,unknown
Swift/BAT,sw01042113000bevshsp_uf.evt.gz,GRB210410A,2021-04-10T00:53:16.478000,269.753,45.36216,-4.910550134380562,97.88485050142867,0.0501665999306898,False,negative,consistent_with_zero,52.876,4.145965,21.02,1.57035,long
Swift/BAT,sw01042398000bevshsp_uf.evt.gz,GRB210411C,2021-04-11T15:05:51.476880,296.6116667,-39.3976944,2.26759992434916,47.20003668751201,0.0480423339363444,False,positive,consistent_with_zero,12.8,0.5970595,6.868,0.3642637,long
Swift/BAT,sw01044032000bevshsp_uf.evt.gz,GRB210419A,2021-04-19T06:53:41.128920,86.8539583,-65.5032778,3.009744327773108,22.217782583371463,0.1354655585668437,False,positive,consistent_with_zero,71.076,13.78015,35.896,10.79513,long
Swift/BAT,sw01044236000bevshsp_uf.evt.gz,GRB210419C,2021-04-19T23:27:49.124960,212.9613,36.00506,706.5452456363658,34.442825280418226,20.51356820713712,True,positive,significant_positive,54.492,12.01047,16.792,10.55605,long
Swift/BAT,sw01044382000bevshsp_uf.evt.gz,GRB210420B,2021-04-20T18:34:37.120380,254.3212,42.56873,-7614.654287202521,24.86339202908409,306.25967198261753,True,negative,significant_negative,158.16,29.6897,74.064,19.77212,long
Swift/BAT,sw01044426000bevshsp_uf.evt.gz,GRB210421A,2021-04-21T00:27:30.302980,104.8755833,4.9215833,7.9119944295325055,19.151063579536007,0.4131360327155364,False,positive,consistent_with_zero,79.2,26.8282,15.808,3.317561,long
Swift/BAT,sw01044678000bevshsp_uf.evt.gz,GRB210422A,2021-04-22T17:47:10.517100,21.1388394372711,42.1100322338717,6.730289480497895,20.79210079676166,0.3236945389157659,False,positive,consistent_with_zero,39.0,7.28011,18.0,8.558621,long
Swift/BAT,sw01045571000bevshsp_uf.evt.gz,,2021-04-27T06:57:14.623999,263.109365767522,54.0584446228948,-1.3376759352415948,526.7539967119352,0.00253946993016,False,negative,consistent_with_zero,,,,,unknown
Swift/BAT,sw01046014000bevshsp_uf.evt.gz,GRB210430A,2021-04-30T10:42:09.864820,57.1977339845647,45.074287242736,963.262885325316,47.037581393624606,20.47858024978884,True,positive,significant_positive,13.932,2.814344,6.604,1.392167,long
Swift/BAT,sw01046414000bevshsp_uf.evt.gz,,2021-05-02T17:40:00,270.759,-29.83022,-6.389614210793025,25.58185271067772,0.2497713626552949,False,negative,consistent_with_zero,,,,,unknown
Swift/BAT,sw01046782000bevshsp_uf.evt.gz,GRB210504A,2021-05-04T13:54:53.041040,222.3916667,-30.5337778,119220.35065206351,45.98025284902992,2592.859831447812,True,positive,significant_positive,142.984,9.329086,66.624,18.26395,long
Swift/BAT,sw01047531000bevshsp_uf.evt.gz,GRB210509A,2021-05-09T14:32:20.436060,350.3742917,6.6712778,-0.3516306725541101,21.694516066326194,0.0162082745463912,False,negative,consistent_with_zero,10.816,1.4402,4.672,1.127858,long
Swift/BAT,sw01047857000bevshsp_uf.evt.gz,,2021-05-10T20:01:12,255.9845,-37.84311,1.963624332833486,19.01088101794066,0.1032894967350752,False,positive,consistent_with_zero,,,,,unknown
Swift/BAT,sw01048372000bevshsp_uf.evt.gz,GRB210514A,2021-05-14T18:23:46.806320,2.961262,-21.89547,5.543331205479908,111.33640990544453,0.0497890241852394,False,positive,consistent_with_zero,70.208,0.7405187,34.696,4.321328,long
Swift/BAT,sw01048618000bevshsp_uf.evt.gz,GRB210515C,2021-05-15T20:01:34.960160,1.092136,-14.95408,-13.009215839432326,32.36512484967712,0.4019516655614603,False,negative,consistent_with_zero,55.712,26.70112,15.904,16.8635,long
Swift/BAT,sw01048783000bevshsp_uf.evt.gz,GRB210517A,2021-05-17T05:28:01.576140,358.2245833,-39.1021944,9.407892191833865,20.21723281958728,0.4653402508536733,False,positive,consistent_with_zero,3.056,1.399429,0.992,0.3298484,long
Swift/BAT,sw01051453000bevshsp_uf.evt.gz,GRB210527A,2021-05-27T07:07:48.910100,172.3215833,31.6241944,6.2211416933508605,31.219528709663265,0.1992708394545768,False,positive,consistent_with_zero,64.464,10.62998,40.42,10.66173,long
Swift/BAT,sw01053220000bevshsp_uf.evt.gz,,2021-06-03T09:46:13.759999,238.818949031945,-54.0464837942575,2.949248410126569,453.450940663834,0.0065040077010513,False,positive,consistent_with_zero,,,,,unknown
Swift/BAT,sw01054627000bevshsp_uf.evt.gz,GRB210610A,2021-06-10T15:03:43.387320,204.2816667,14.4651944,-13.112610637591896,18.79369240105525,0.697713379455739,False,negative,consistent_with_zero,13.616,3.15131,4.256,1.25628,long
Swift/BAT,sw01054681000bevshsp_uf.evt.gz,GRB210610B,2021-06-10T19:51:27.514180,243.9182917,14.3989722,1.651242458220911,380.137435325244,0.0043438038582233,False,positive,consistent_with_zero,69.384,2.534148,25.44,0.6220097,long
Swift/BAT,sw01055000000bevshsp_uf.evt.gz,,2021-06-12T13:02:00,236.7908,-47.66937,33423.7306895199,21.032160847804438,1589.1724550503825,True,positive,significant_positive,,,,,unknown
Swift/BAT,sw01056426000bevshsp_uf.evt.gz,GRB210618A,2021-06-18T01:43:37.008340,235.820334978217,46.0433632334042,-0.7383245831309577,161.42398140919028,0.0045738221587992,False,negative,consistent_with_zero,2.132,0.4384883,1.256,0.5155036,long
Swift/BAT,sw01056757000bevshsp_uf.evt.gz,GRB210619B,2021-06-19T23:59:25.669220,319.7182917,33.8503889,73.85122047168394,312.2818834859908,0.2364889683874248,False,positive,consistent_with_zero,60.912,0.2734373,44.744,0.09138927,long
Swift/BAT,sw01057131000bevshsp_uf.evt.gz,,2021-06-21T17:05:04,238.7871667,-54.0612778,-39231.83617357374,19.52399892208276,2009.4160182113253,True,negative,significant_negative,,,,,unknown
Swift/BAT,sw01058804000bevshsp_uf.evt.gz,GRB210702A,2021-07-02T19:07:13.691440,168.5814,-36.74747,2.374192051993092,102.59087144782136,0.0231423324364744,False,positive,consistent_with_zero,219.472,107.8858,75.024,10.41797,long
Swift/BAT,sw01059460000bevshsp_uf.evt.gz,GRB210708A,2021-07-08T02:25:37.084880,173.7371667,-49.1511944,8.202222783651044,18.867258158647903,0.4347331612617763,False,positive,consistent_with_zero,2.772,0.7000486,1.14,0.5680141,long
Swift/BAT,sw01059494000bevshsp_uf.evt.gz,,2021-07-08T13:23:52,142.579045529825,14.4712178294586,3.298847976066992,55.91966227946296,0.0589926305273579,False,positive,consistent_with_zero,,,,,unknown
Swift/BAT,sw01059881000bevshsp_uf.evt.gz,GRB210712A,2021-07-12T09:43:11.908060,97.331875,-35.3715833,6.591637632760494,71.7311590980472,0.0918936444864996,False,positive,consistent_with_zero,121.284,18.71801,51.2,2.790963,long
Swift/BAT,sw01061223000bevshsp_uf.evt.gz,GRB210722A,2021-07-22T20:54:42.023740,27.0301667,-6.3470833,-8.953319060228008,44.10916774126098,0.2029809111962186,False,negative,consistent_with_zero,50.204,10.53831,15.692,4.346196,long
Swift/BAT,sw01061284000bevshsp_uf.evt.gz,GRB210723A,2021-07-23T14:46:10.915460,121.7210833,-32.8852778,14.780956808621337,124.67810699474362,0.1185529453799334,False,positive,consistent_with_zero,55.064,449.6802,18.972,4.091439,long
Swift/BAT,sw01061482000bevshsp_uf.evt.gz,GRB210724A,2021-07-24T20:14:09.244380,227.413875,-6.291,-0.8935409613860887,45.43748176230712,0.0196652835221015,False,negative,consistent_with_zero,44.176,5.377863,17.776,11.77327,long
Swift/BAT,sw01061511000bevshsp_uf.evt.gz,GRB210725A,2021-07-25T03:47:02.938560,215.3736667,-1.1930833,-7.120186135726774,34.9237269801802,0.2038781868775803,False,negative,consistent_with_zero,53.544,11.2535,23.016,11.55473,long
Swift/BAT,sw01061554000bevshsp_uf.evt.gz,GRB210725B,2021-07-25T12:00:48.024580,192.9217917,17.108,-17476.706398067035,17.42194543633378,1003.1432173825464,True,negative,significant_negative,417.908,158.7659,290.36,274.9044,long
Swift/BAT,sw01061687000bevshsp_uf.evt.gz,GRB210726A,2021-07-26T19:19:03.697060,193.2907917,19.1897778,21.284063451425308,26.719060333844094,0.7965872746080643,False,positive,consistent_with_zero,0.3839999,0.1112115,0.1799999,0.08653324,short
Swift/BAT,sw01062150000bevshsp_uf.evt.gz,GRB210730A,2021-07-30T04:57:29.213460,149.591375,69.6921944,-1.0583658954425763,47.002724434552746,0.0225171180644275,False,negative,consistent_with_zero,3.86,0.6578146,1.68,0.2687452,long
Swift/BAT,sw01062273000bevshsp_uf.evt.gz,,2021-07-31T14:33:36,255.9872,-37.8434,-1.9456696173256065,18.705228755679524,0.1040174190189915,False,negative,consistent_with_zero,,,,,unknown
Swift/BAT,sw01062336000bevshsp_uf.evt.gz,GRB210731A,2021-07-31T22:21:08.531520,300.3036,-28.05957,-7.850497400242899,354.15155094342794,0.0221670563896441,False,negative,consistent_with_zero,22.512,2.785228,10.52,1.678747,long
Swift/BAT,sw01064221000bevshsp_uf.evt.gz,GRB210807A,2021-08-07T10:03:40.494060,76.682875,58.2496944,11.550989155670784,77.30735179164186,0.1494164382554833,False,positive,consistent_with_zero,143.664,45.61776,62.16,5.158884,long
Swift/BAT,sw01064361000bevshsp_uf.evt.gz,,2021-08-07T17:51:04,83.7174134247296,22.2101923319245,2.042278806984825,25.16627858948664,0.0811514026487014,False,positive,consistent_with_zero,,,,,unknown
Swift/BAT,sw01064377000bevshsp_uf.evt.gz,,2021-08-07T18:42:08,245.1013,-15.90595,158209.60835072448,26.556520861098686,5957.467440039474,True,positive,significant_positive,,,,,unknown
Swift/BAT,sw01064380000bevshsp_uf.evt.gz,,2021-08-07T18:52:08,245.114521135169,-15.9365175815752,41980.58661232058,20.324587511394636,2065.5074347159507,True,positive,significant_positive,,,,,unknown
Swift/BAT,sw01064421000bevshsp_uf.evt.gz,GRB210807C,2021-08-07T22:57:08.490960,143.534375,-51.4023889,12.303012224122174,48.02424103560344,0.2561833765368861,False,positive,consistent_with_zero,89.972,6.255759,44.996,3.201365,long
Swift/BAT,sw01069169000bevshsp_uf.evt.gz,GRB210818A,2021-08-18T01:02:08.196640,148.8671667,-87.0245833,9.195527454452122,144.38343119013783,0.0636882457956174,False,positive,consistent_with_zero,73.56,1.6042,32.276,0.5209991,long
Swift/BAT,sw01069242000bevshsp_uf.evt.gz,,2021-08-18T16:17:28,299.593,35.19436,-0.2431987814071642,19.135522029797777,0.0127092838663327,False,negative,consistent_with_zero,,,,,unknown
Swift/BAT,sw01069551000bevshsp_uf.evt.gz,GRB210820A,2021-08-20T17:38:00.705080,20.6395,4.6077778,-2.1195094740829186,26.43824201540121,0.0801683210573618,False,negative,consistent_with_zero,151.74,20.5579,97.064,29.65455,long
Swift/BAT,sw01069788000bevshsp_uf.evt.gz,GRB210822A,2021-08-22T09:18:18.167540,304.4375,5.2832778,5.921940645859677,98.31289886210106,0.0602356426715288,False,positive,consistent_with_zero,185.676,46.63205,8.492,0.4882622,long
Swift/BAT,sw01070157000bevshsp_uf.evt.gz,GRB210824A,2021-08-24T04:10:01.645220,232.1050833,11.1515833,5.796527884781409,43.33862803214207,0.1337496858572084,False,positive,consistent_with_zero,77.632,16.68195,25.92,9.664636,long
Swift/BAT,sw01070298000bevshsp_uf.evt.gz,,2021-08-25T06:53:54.879999,238.7857917,-54.0616944,-10.729029147202038,23.9342052379872,0.4482717951366711,False,negative,consistent_with_zero,,,,,unknown
Swift/BAT,sw01071488000bevshsp_uf.evt.gz,GRB210901A,2021-09-01T15:04:36.348320,295.277375,-76.9260833,226.3119290139401,29.120350979591212,7.77160718881957,True,positive,significant_positive,46.784,7.716331,23.056,6.051639,long
Swift/BAT,sw01071762000bevshsp_uf.evt.gz,,2021-09-03T13:46:32,135.4377,-40.32071,-179401.85423614507,42.72212022587872,4199.27319354982,True,negative,significant_negative,,,,,unknown
Swift/BAT,sw01071767000bevshsp_uf.evt.gz,,2021-09-03T14:01:12,186.146840641779,-62.6917972571762,-5.451709302016838,1052.7901582074976,0.0051783437178962,False,negative,consistent_with_zero,,,,,unknown
Swift/BAT,sw01071768000bevshsp_uf.evt.gz,,2021-09-03T14:05:12,299.5362,34.97556,-2.040244190201031,18.394782690747128,0.1109142861050109,False,negative,consistent_with_zero,,,,,unknown
Swift/BAT,sw01071993000bevshsp_uf.evt.gz,GRB210905A,2021-09-05T00:12:41.320740,309.0480833,-44.4395,20.780404334041485,42.91978937947747,0.4841683669579665,False,positive,consistent_with_zero,778.4,388.4563,778.4,772.4519,long
Swift/BAT,sw01072706000bevshsp_uf.evt.gz,,2021-09-10T10:12:23.36,238.7884583,-54.0623889,-1.9734555348001075,20.22683693058659,0.0975661959194366,False,negative,consistent_with_zero,,,,,unknown
Swift/BAT,sw01072990000bevshsp_uf.evt.gz,GRB210912A,2021-09-12T11:01:11.549600,129.8851,79.22259,4.642575433016369,28.97221739403557,0.1602423235293037,False,positive,consistent_with_zero,20.696,3.605352,6.94,2.266491,long
Swift/BAT,sw01073821000bevshsp_uf.evt.gz,,2021-09-18T07:58:48,250.4669,-45.54216,5.407665365827065,18.0472833581327,0.299638746647716,False,positive,consistent_with_zero,,,,,unknown
Swift/BAT,sw01073893000bevshsp_uf.evt.gz,GRB210919A,2021-09-19T00:28:33.559600,80.2542917,1.3107778,0.7023228255928946,19.718538041606617,0.0356173882724457,False,positive,consistent_with_zero,0.1639999,0.03124102,0.07599998,0.0256125,short
Swift/BAT,sw01074326000bevshsp_uf.evt.gz,,2021-09-21T17:43:44,307.803427259369,37.6101682851044,-11788.814167984929,23.27913861537982,506.4110989139613,True,negative,significant_negative,,,,,unknown
Swift/BAT,sw01075565000bevshsp_uf.evt.gz,GRB210930A,2021-09-30T02:46:52.183340,197.4016667,48.6283889,-0.0543927853275869,21.690756470997147,0.0025076481495846,False,negative,consistent_with_zero,11.812,1.940826,5.54,1.234828,long
Swift/BAT,sw01076121000bevshsp_uf.evt.gz,,2021-10-01T00:43:47.519999,71.4703538943629,12.0405045830413,-637.2130397447305,23.271788190860796,27.38135267125602,True,negative,significant_negative,,,,,unknown
Swift/BAT,sw01078701000bevshsp_uf.evt.gz,,2021-10-10T10:43:03.679999,287.080395726662,29.8220019747643,-2.357799500348146,19.434728681876788,0.121318879154039,False,negative,consistent_with_zero,,,,,unknown
Swift/BAT,sw01079966000bevshsp_uf.evt.gz,,2021-10-17T23:45:44,244.978648668875,-15.8421742107669,-3.1948497644035254,21.226946056496427,0.1505091573653739,False,negative,consistent_with_zero,,,,,unknown
Swift/BAT,sw01080859000bevshsp_uf.evt.gz,GRB211023B,2021-10-23T21:05:52.141400,170.3095833,39.1356944,-10.056433593459913,19.05013575531643,0.5278930146549432,False,negative,consistent_with_zero,1.3,0.2656012,0.66,0.1807097,short
Swift/BAT,sw01081073000bevshsp_uf.evt.gz,GRB211024B,2021-10-24T22:20:36.039280,154.688128375659,24.5786815823873,-0.3102498731110318,74.03073267922736,0.0041908253759331,False,negative,consistent_with_zero,600.008,18.17655,470.972,76.98664,long
Swift/BAT,sw01081113000bevshsp_uf.evt.gz,GRB211025A,2021-10-25T05:10:20.037640,162.3811,31.51315,-17723.363835117605,26.664775667174307,664.6732774480441,True,negative,significant_negative,95.264,28.96553,43.984,15.92132,long
Swift/BAT,sw01082569000bevshsp_uf.evt.gz,,2021-11-05T10:27:51.36,271.07719808787,41.3987171816772,-9160.66579334092,20.22216713885884,453.0011907446763,True,negative,significant_negative,,,,,unknown
Swift/BAT,sw01085430000bevshsp_uf.evt.gz,GRB211129A,2021-11-29T09:51:06.232980,274.5835,31.78923,-21.514281662695705,84.13346438935886,0.2557161032039566,False,negative,consistent_with_zero,643.688,204.2677,170.7,131.5576,long
Swift/BAT,sw01086826000bevshsp_uf.evt.gz,,2021-12-03T09:03:06.559999,170.174129062455,16.2557010562344,-8850.398405357797,41.72565758464043,212.10926124782523,True,negative,significant_negative,,,,,unknown
Swift/BAT,sw01088376000bevshsp_uf.evt.gz,GRB211207A,2021-12-07T20:52:56.775700,149.6239583,-24.3585833,0.3639493205870084,16.42874579134405,0.0221532017848109,False,positive,consistent_with_zero,3.728,0.8713943,1.688,0.7099859,long
Swift/BAT,sw01088940000bevshsp_uf.evt.gz,GRB211211A,2021-12-11T13:09:59.634260,212.2912,27.88998,3.158075966967186,107.31480170614982,0.0294281489296756,False,positive,consistent_with_zero,50.712,0.9292406,21.176,0.1631687,long
Swift/BAT,sw01090472000bevshsp_uf.evt.gz,GRB211221A,2021-12-21T20:48:40.822240,78.8982917,0.9143889,-7.239186535811367,39.76173351296525,0.1820641580792965,False,negative,consistent_with_zero,136.528,13.88821,75.168,17.74033,long
Swift/BAT,sw01090656000bevshsp_uf.evt.gz,GRB211223C,2021-12-23T14:29:26.700140,227.163643811444,-26.8726512362331,-5.922499599802236,59.71514931469016,0.0991791809577754,False,negative,consistent_with_zero,11.076,0.7190773,5.056,0.6012254,long
Swift/BAT,sw01090853000bevshsp_uf.evt.gz,GRB211225B,2021-12-25T13:12:19.104820,258.568373830299,17.2625625868679,1851.3594828559644,348.6577133000436,5.309962786518777,True,positive,significant_positive,121.52,2.969466,27.836,0.810738,long
Swift/BAT,sw01091101000bevshsp_uf.evt.gz,GRB211227A,2021-12-27T23:32:06.866680,132.148875,-2.7355,-2.4985129015709564,122.73825513922752,0.0203564316499104,False,negative,consistent_with_zero,83.512,7.556661,28.884,1.216717,long
Swift/BAT,sw01091527000bevshsp_uf.evt.gz,GRB220101A,2022-01-01T05:10:11.514060,1.3532917,31.7689722,15.342103849547478,233.7092596639852,0.065646110349267,False,positive,consistent_with_zero,161.888,12.70973,36.92,1.023914,long
Swift/BAT,sw01093592000bevshsp_uf.evt.gz,GRB220117A,2022-01-17T16:18:51.546080,91.5729583,-28.4378889,-4.605907499872129,25.389967006335542,0.1814065965002168,False,negative,consistent_with_zero,50.56,2.881111,21.648,15.20171,long
Swift/BAT,sw01093611000bevshsp_uf.evt.gz,GRB220117B,2022-01-17T20:05:28.153160,191.9515,-28.74469,-4.794179859147819,22.177667342668148,0.2161715109651853,False,negative,consistent_with_zero,24.368,4.633444,12.816,7.213942,long
Swift/BAT,sw01093693000bevshsp_uf.evt.gz,,2022-01-18T12:03:52,245.1369,-15.82721,-43.83996972050176,263.9862157516426,0.1660691623450001,False,negative,consistent_with_zero,,,,,unknown
Swift/BAT,sw01093742000bevshsp_uf.evt.gz,GRB220118A,2022-01-18T18:20:38.099740,192.2687917,22.9155833,-2.457247137303198,33.2116769766935,0.0739874454104677,False,negative,consistent_with_zero,10.608,1.779528,4.864,0.8232229,long
Swift/BAT,sw01093860000bevshsp_uf.evt.gz,GRB220218A,2022-02-18T22:28:59.357780,133.830146896997,31.9839890538763,-265.5391593416569,36.7502354695639,7.225509059977949,True,negative,significant_negative,270.84,47.92474,131.94,14.97844,long
Swift/BAT,sw01094950000bevshsp_uf.evt.gz,GRB220302A,2022-03-02T07:40:19.483320,301.431936947381,49.3889348270439,116.23222211822504,25.693645226803746,4.523773138930515,True,positive,significant_positive,6.592,2.093265,2.736,1.326843,long
Swift/BAT,sw01095215000bevshsp_uf.evt.gz,GRB220305A,2022-03-05T16:13:08.615740,107.5982917,-37.6800833,195.2390377254371,49.15681115568989,3.971759622630408,True,positive,significant_positive,28.0,5.385165,11.0,3.605551,long
Swift/BAT,sw01095288000bevshsp_uf.evt.gz,GRB220306B,2022-03-06T18:15:37.473400,5.3869583,71.3631944,11.067909004894664,25.965664448887303,0.4262517150940442,False,positive,consistent_with_zero,12.336,3.2358,3.44,2.584532,long
Swift/BAT,sw01098132000bevshsp_uf.evt.gz,GRB220319A,2022-03-19T17:40:33.333640,218.2246667,61.2937778,3.246687820450612,19.56020681625788,0.1659843298666995,False,positive,consistent_with_zero,6.42,1.375034,2.688,0.806367,long
Swift/BAT,sw01098630000bevshsp_uf.evt.gz,,2022-03-21T16:07:04,244.977177105144,-15.4356257497743,16.5127003004423,23.547019818941937,0.7012649765198306,False,positive,consistent_with_zero,,,,,unknown
Swift/BAT,sw01098633000bevshsp_uf.evt.gz,,2022-03-21T16:23:12,299.6592,35.39215,-1.6851215422477357,16.797319944974607,0.1003208575991842,False,negative,consistent_with_zero,,,,,unknown
Swift/BAT,sw01099310000bevshsp_uf.evt.gz,GRB220325A,2022-03-25T17:16:23.058720,269.487375,-7.0368889,9.703477301436012,31.80932059591097,0.3050513849290882,False,positive,consistent_with_zero,3.504,0.5576414,1.38,0.4049692,long
Swift/BAT,sw01100848000bevshsp_uf.evt.gz,,2022-04-02T03:55:11.36,30.6924702697254,-61.3764117991001,-10.25214724978687,18.985479110330907,0.5399993958650317,False,negative,consistent_with_zero,,,,,unknown
Swift/BAT,sw01101053000bevshsp_uf.evt.gz,GRB220403B,2022-04-03T20:42:42.653340,191.472,89.1850833,-6.456696859960525,67.16448120214731,0.0961326097424556,False,negative,consistent_with_zero,26.968,3.276352,11.92,0.647716,long
Swift/BAT,sw01101133000bevshsp_uf.evt.gz,GRB220404A,2022-04-04T11:54:30.425640,50.4479028747465,10.0045665363642,3.016110005272928,24.78363372850319,0.1216976508898352,False,positive,consistent_with_zero,5.28,0.9467079,3.088,2.054054,long
Swift/BAT,sw01101675000bevshsp_uf.evt.gz,GRB220408A,2022-04-08T05:46:04.227800,202.415375,47.0692778,8.620321457954336,685.1280553420085,0.0125820587709711,False,positive,consistent_with_zero,17.244,1.109104,4.424,1.567086,long
Swift/BAT,sw01102281000bevshsp_uf.evt.gz,GRB220412A,2022-04-12T06:36:50.220220,123.9655,30.3422778,2.2726592359105253,17.706417563600276,0.1283522896569723,False,positive,consistent_with_zero,44.26,7.827425,21.46,6.708419,long
Swift/BAT,sw01102329000bevshsp_uf.evt.gz,GRB220412B,2022-04-12T17:06:49.033660,320.794376319468,-0.223218895688613,1.6336321316688995,524.5704502118278,0.0031142282814619,False,positive,consistent_with_zero,0.14,0.03999999,0.05999994,0.02039607,short
Swift/BAT,sw01104343000bevshsp_uf.evt.gz,GRB220427A,2022-04-27T21:00:34.960900,275.8887917,-56.255,0.2507370695666981,67.54194262936538,0.0037123165222328,False,positive,consistent_with_zero,57.216,12.31129,17.704,3.956542,long
Swift/BAT,sw01104692000bevshsp_uf.evt.gz,GRB220430A,2022-04-30T13:53:15.969080,97.6092917,9.5495,-39.90872435840499,1160.3551051009483,0.034393543996114,False,negative,consistent_with_zero,43.144,0.5641277,10.712,0.0848529,long
Swift/BAT,sw01104842000bevshsp_uf.evt.gz,GRB220501A,2022-05-01T19:51:51.225760,85.5770464780323,14.0334581384361,16.541958790905568,89.94493835549363,0.1839120587923025,False,positive,consistent_with_zero,202.24,20.60134,40.704,9.558095,long
Swift/BAT,sw01105560000bevshsp_uf.evt.gz,,2022-05-06T12:09:28,300.0608,34.88074,0.694297514569725,56.759344367377615,0.0122323032851798,False,positive,consistent_with_zero,,,,,unknown
Swift/BAT,sw01105561000bevshsp_uf.evt.gz,,2022-05-06T12:16:16,300.05406523391,34.8744103329766,-8.589833781839681,25.192816683285105,0.3409636123593457,False,negative,consistent_with_zero,,,,,unknown
Swift/BAT,sw01107050000bevshsp_uf.evt.gz,GRB220518A,2022-05-18T06:19:20.857560,55.343,-47.5838889,1.3453262581318006,22.16861724266043,0.0606860700153596,False,positive,consistent_with_zero,12.288,3.035787,5.376,1.558502,long
Swift/BAT,sw01107209000bevshsp_uf.evt.gz,,2022-05-19T20:10:40,244.9768,-15.6413,1928.4881491491265,25.172367793179248,76.61131304746282,True,positive,significant_positive,,,,,unknown
Swift/BAT,sw01107466000bevshsp_uf.evt.gz,GRB220521A,2022-05-21T23:20:21.443840,275.2296667,10.3723889,-258770.90780598417,123.6428488158832,2092.890209860179,True,negative,significant_negative,13.548,2.691501,9.032,3.119054,long
Swift/BAT,sw01108021000bevshsp_uf.evt.gz,,2022-05-26T11:29:20,244.9807,-15.64201,-182196.1571182228,62.20454286978728,2928.98474472538,True,negative,significant_negative,,,,,unknown
Swift/BAT,sw01108208000bevshsp_uf.evt.gz,,2022-05-27T22:25:07.136,244.9769,-15.64246,-27840.14704244439,21.71511381019416,1282.0631420948316,True,negative,significant_negative,,,,,unknown
Swift/BAT,sw01108515000bevshsp_uf.evt.gz,,2022-05-30T15:29:52,299.5895,35.19764,7.10392481429588,21.63829638752497,0.3283033325299802,False,positive,consistent_with_zero,,,,,unknown
Swift/BAT,sw01108538000bevshsp_uf.evt.gz,,2022-05-30T20:32:55.679999,293.71420400356,21.9012441525763,-5.601755372476707,4.961546594361305,1.1290341158627808,False,negative,consistent_with_zero,,,,,unknown
Swift/BAT,sw01110090000bevshsp_uf.evt.gz,GRB220611A,2022-06-11T18:01:51.178200,66.5140833,-37.2588889,3.721415279458968,22.59415059637622,0.1647070228900673,False,positive,consistent_with_zero,57.0,12.36932,28.0,17.26268,long
Swift/BAT,sw01110821000bevshsp_uf.evt.gz,GRB220618A,2022-06-18T09:10:29.923380,38.9876667,55.2152778,5.180100086622687,27.893824319714284,0.1857077762894488,False,positive,consistent_with_zero,106.368,50.87108,22.272,11.33199,long
Swift/BAT,sw01110865000bevshsp_uf.evt.gz,,2022-06-18T20:26:32,103.793142902859,-1.53069798997938,10754.186477677897,19.21182530250538,559.7691165906793,True,positive,significant_positive,,,,,unknown
Swift/BAT,sw01111002000bevshsp_uf.evt.gz,,2022-06-20T00:24:40,299.5894,35.19808,24966.949990091347,18.983196497105183,1315.2131672818457,True,positive,significant_positive,,,,,unknown
Swift/BAT,sw01111242000bevshsp_uf.evt.gz,,2022-06-21T15:20:00,103.828627396593,-1.47908571336157,86653.479674555,23.23619787202434,3729.245212655169,True,positive,significant_positive,,,,,unknown
Swift/BAT,sw01111672000bevshsp_uf.evt.gz,GRB220623A,2022-06-23T07:04:14.406620,145.3952917,75.8215,4.171132859804396,60.38449303417734,0.0690762255376318,False,positive,consistent_with_zero,56.796,4.030395,23.676,4.526799,long
Swift/BAT,sw01113743000bevshsp_uf.evt.gz,,2022-06-29T14:27:28,103.786471289097,-1.49292885263794,-0.8881109654582918,43.39633130189693,0.020465116262477,False,negative,consistent_with_zero,,,,,unknown
Swift/BAT,sw01114034000bevshsp_uf.evt.gz,GRB220701A,2022-07-01T04:52:58.072320,242.5055833,55.4066944,2.157332688831025,18.76813684861784,0.1149465557626675,False,positive,consistent_with_zero,13.524,2.596553,8.064,3.184211,long
Swift/BAT,sw01114077000bevshsp_uf.evt.gz,,2022-07-01T12:26:56,103.789281316002,-1.47527991985016,3.297303992148032,66.37450897577479,0.0496772638024557,False,positive,consistent_with_zero,,,,,unknown
Swift/BAT,sw01114148000bevshsp_uf.evt.gz,,2022-07-02T01:53:36,264.5741,-26.99339,-137598.51952684196,20.866437224349948,6594.250760080514,True,negative,significant_negative,,,,,unknown
Swift/BAT,sw01114937000bevshsp_uf.evt.gz,GRB220706A,2022-07-06T16:09:14.296300,0.6045,-16.411,0.1193594715754238,30.174143776642133,0.0039556871094324,False,positive,consistent_with_zero,85.996,18.3338,24.428,10.18361,long
Swift/BAT,sw01115156000bevshsp_uf.evt.gz,GRB220708A,2022-07-08T04:39:29.839400,103.118496522178,72.1912587827694,-1.6717072116114011,23.593710921461952,0.0708539329474761,False,negative,consistent_with_zero,4.0,1.414214,2.0,1.0,long
Swift/BAT,sw01115766000bevshsp_uf.evt.gz,GRB220711B,2022-07-11T18:16:28.698520,262.0200833,24.6798889,1.4800641290057834,36.15621329299661,0.0409352637957932,False,positive,consistent_with_zero,87.056,9.321645,29.536,15.12482,long
Swift/BAT,sw01116172000bevshsp_uf.evt.gz,,2022-07-14T05:56:32,171.903666227446,-59.3424468174658,0.3783240672525556,17.2597569651852,0.02191943189094,False,positive,consistent_with_zero,,,,,unknown
Swift/BAT,sw01116221000bevshsp_uf.evt.gz,GRB220714B,2022-07-14T13:58:04.554000,47.08037,-19.32692,-2.638361306715482,114.62158539243568,0.0230180144314213,False,negative,consistent_with_zero,49.04,7.735328,16.704,0.6672691,long
Swift/BAT,sw01116441000bevshsp_uf.evt.gz,GRB220730A,2022-07-15T22:24:42.178080,254.874375,-33.5978889,222209.68864485263,74.60010823868086,2978.6778315910647,True,positive,significant_positive,40.408,1.215409,15.16,3.216118,long
Swift/BAT,sw01118357000bevshsp_uf.evt.gz,,2022-07-30T15:49:24.48,225.020886217671,-69.4969465256892,279426.80449197965,17.88090222973896,15627.108794725453,True,positive,significant_positive,,,,,unknown
Swift/BAT,sw01119268000bevshsp_uf.evt.gz,GRB220806A,2022-08-06T18:08:39.809960,260.873417061978,-26.0230362270796,-7032.852054918239,30.899115737207325,227.60690353509355,True,negative,significant_negative,4.708,2.06526,1.756,0.8371475,long
Swift/BAT,sw01120270000bevshsp_uf.evt.gz,GRB220813A,2022-08-13T19:23:03.576540,81.5314583,-33.0162778,0.6073391943604243,17.018219737416395,0.0356875868176224,False,positive,consistent_with_zero,16.592,1.912302,6.568,3.851435,long
Swift/BAT,sw01121751000bevshsp_uf.evt.gz,GRB220826A,2022-08-26T11:55:21.742040,206.410375,-44.0385833,20.82575539838027,52.8548416889676,0.3940179316198242,False,positive,consistent_with_zero,11.14,1.019569,5.98,0.4757856,long
Swift/BAT,sw01123129000bevshsp_uf.evt.gz,GRB220907A,2022-09-07T14:05:25.767040,268.870001475522,-20.3153434089484,0.282952223548102,39.41741866865376,0.0071783549787118,False,positive,consistent_with_zero,8.88,1.473973,4.652,1.08462,long
Swift/BAT,sw01125106000bevshsp_uf.evt.gz,,2022-09-23T11:10:16,135.6514,-40.71712,-13701.229865588051,23.819342235723447,575.2144509280114,True,negative,significant_negative,,,,,unknown
Swift/BAT,sw01125350000bevshsp_uf.evt.gz,,2022-09-26T08:11:04,244.9398,-15.78141,-9141.97131504447,28.98995104473157,315.3496637830945,True,negative,significant_negative,,,,,unknown
Swift/BAT,sw01125354000bevshsp_uf.evt.gz,,2022-09-26T09:23:20,245.0022,-16.04387,-14795.936918127843,25.686510307170167,576.01973725476,True,negative,significant_negative,,,,,unknown
Swift/BAT,sw01125809000bevshsp_uf.evt.gz,GRB220930A,2022-09-30T11:11:52.128760,64.716875,13.3493889,-1.8268676815332296,43.95184607356262,0.0415652093082867,False,negative,consistent_with_zero,182.096,95.89012,60.864,22.93233,long
Swift/BAT,sw01126853000bevshsp_uf.evt.gz,GRB221009A,2022-10-09T14:10:17.995220,288.2644583,19.7733889,-124738.24587166889,49.01186641082659,2545.062145279057,True,negative,significant_negative,1104.752,7.636763,564.524,5.751816,long
Swift/BAT,sw01126854000bevshsp_uf.evt.gz,,2022-10-09T14:17:36,288.275175179698,19.7721721338671,-5.507181989450551,25.07412385356567,0.2196360687062412,False,negative,consistent_with_zero,,,,,unknown
Swift/BAT,sw01129775000bevshsp_uf.evt.gz,GRB221016A,2022-10-16T23:39:24.191840,38.9447917,-34.6105,1.1922426468335576,59.90562935112391,0.0199020135460973,False,positive,consistent_with_zero,21.984,5.775673,5.264,0.9042479,long
Swift/BAT,sw01131029000bevshsp_uf.evt.gz,GRB221024A,2022-10-24T13:00:27.123520,169.7412917,33.0418889,-0.8806737763403509,23.572930977054263,0.0373595365462866,False,negative,consistent_with_zero,122.176,108.8623,104.344,214.0036,long
Swift/BAT,sw01131397000bevshsp_uf.evt.gz,GRB221027B,2022-10-27T19:13:38.784400,225.620875,47.4418889,1.6994741054812592,30.20656354797904,0.056261749297694,False,positive,consistent_with_zero,8.848,1.536333,1.728,2.510318,long
Swift/BAT,sw01131910000bevshsp_uf.evt.gz,GRB221028A,2022-10-28T13:16:27.675980,314.2026667,41.0896944,120.15775267834772,35.41973922594583,3.3923951814509463,True,positive,significant_positive,68.324,14.88081,22.728,11.94502,long
Swift/BAT,sw01132968000bevshsp_uf.evt.gz,,2022-10-29T12:06:16,83.6554636575039,22.0253938402808,34680.969155071194,26.080856742336948,1329.7480791255496,True,positive,significant_positive,,,,,unknown
Swift/BAT,sw01136936000bevshsp_uf.evt.gz,GRB221110A,2022-11-10T02:28:17.554360,29.0987917,-27.2955833,3.638922020927123,44.8182191002954,0.0811929187276238,False,positive,consistent_with_zero,8.98,2.106938,3.84,0.7633191,long
Swift/BAT,sw01141030000bevshsp_uf.evt.gz,GRB221120A,2022-11-20T21:29:28.146920,41.3447019871665,43.2031229320889,2.5170731274571225,18.817326831808867,0.1337635866111574,False,positive,consistent_with_zero,0.7920001,0.1601,0.4719999,0.08246215,short
Swift/BAT,sw01142847000bevshsp_uf.evt.gz,GRB221201A,2022-12-01T12:25:05.684420,266.9226667,-68.2487778,14.549830761607549,36.16271299144636,0.4023434515283476,False,positive,consistent_with_zero,33.72,2.039019,12.692,0.8327424,long
Swift/BAT,sw01142997000bevshsp_uf.evt.gz,GRB221202A,2022-12-02T20:06:10.572660,77.0829583,-59.8320833,3777.2064605618607,19.37227229683265,194.98004171557253,True,positive,significant_positive,16.832,4.284177,8.064,3.319373,long
Swift/BAT,sw01143281000bevshsp_uf.evt.gz,,2022-12-04T10:45:36,299.5355,35.09781,48709.03679874797,19.705585313635854,2471.839127003364,True,positive,significant_positive,,,,,unknown
Swift/BAT,sw01144538000bevshsp_uf.evt.gz,,2022-12-15T03:35:54.751999,54.68403,-27.29548,0.9014586876634156,551.350774795347,0.001635000309917,False,positive,consistent_with_zero,,,,,unknown
Swift/BAT,sw01144698000bevshsp_uf.evt.gz,GRB221216A,2022-12-16T11:21:20.956420,326.0327,-34.42233,106.04680799855356,107.15293406958658,0.9896771275500988,False,positive,consistent_with_zero,228.532,44.2295,156.0,4.534298,long
Swift/BAT,sw01145959000bevshsp_uf.evt.gz,GRB221226B,2022-12-26T22:41:20.062800,22.9087917,-41.5263889,-4.894378748134037,31.024445477132574,0.1577587825620146,False,negative,consistent_with_zero,3.44,0.5524057,1.488,0.2004795,long
Swift/BAT,sw01148770000bevshsp_uf.evt.gz,,2023-01-13T00:28:20.095999,299.592,35.20105,-4.610846193430173,38.48086581456967,0.1198217892406258,False,negative,consistent_with_zero,,,,,unknown
Swift/BAT,sw01149250000bevshsp_uf.evt.gz,GRB230116C,2023-01-16T15:33:21.412960,223.46306794312,-16.8714844051089,-2.876611338271665,62.1735506746037,0.0462674450318419,False,negative,consistent_with_zero,315.872,53.42169,117.904,57.76234,long
Swift/BAT,sw01149293000bevshsp_uf.evt.gz,GRB230116D,2023-01-16T21:04:43.267620,98.617,49.8723889,-705.6535965920557,30.74564530775099,22.95133471842141,True,negative,significant_negative,41.0,11.18034,16.0,8.246211,long
Swift/BAT,sw01150107000bevshsp_uf.evt.gz,,2023-01-21T05:44:48,70.24937,44.53092,-48.15348326255673,37.75705341500733,1.2753506671528856,False,negative,consistent_with_zero,,,,,unknown
Swift/BAT,sw01150429000bevshsp_uf.evt.gz,GRB230123A,2023-01-23T10:19:44.925060,40.8596667,-65.6866944,1.1595935408608922,19.821254722586858,0.0585025295870651,False,positive,consistent_with_zero,5.368,1.028801,2.484,0.7459545,long
Swift/BAT,sw01150965000bevshsp_uf.evt.gz,,2023-01-26T11:53:44.768,70.257768236197,44.5538703832069,-5.9196526760703865,36.921976995455154,0.1603287027885602,False,negative,consistent_with_zero,,,,,unknown
Swift/BAT,sw01152509000bevshsp_uf.evt.gz,GRB230204A,2023-02-04T02:56:57.304260,238.1951,-50.91675,2761.112844448181,52.651846657431285,52.44094974318393,True,positive,significant_positive,186.192,23.75776,108.32,22.36251,long
Swift/BAT,sw01152764000bevshsp_uf.evt.gz,GRB230205A,2023-02-05T10:29:51.184520,202.0716667,46.7260833,-6.680992682042022,19.90597783723457,0.3356274550625229,False,negative,consistent_with_zero,2.3,0.3551057,1.328,0.4248671,long
Swift/BAT,sw01153670000bevshsp_uf.evt.gz,,2023-02-10T05:52:46.144,50.7449101340774,7.15309491256854,-8.875650828966748,22.38159685268645,0.3965602136159203,False,negative,consistent_with_zero,,,,,unknown
Swift/BAT,sw01154815000bevshsp_uf.evt.gz,GRB230216A,2023-02-16T14:48:34.830740,113.9591667,-8.0118889,-1.4958034362960215,22.352467126441383,0.0669189413336209,False,negative,consistent_with_zero,91.2,7.539243,55.616,28.91568,long
Swift/BAT,sw01154967000bevshsp_uf.evt.gz,GRB230217A,2023-02-17T21:53:10.903120,280.771001700138,-28.8556023658531,0.9052145049229248,18.08915731644356,0.0500418283222104,False,positive,consistent_with_zero,1.376,0.4402182,0.4480001,0.08158436,short
Swift/BAT,sw01155864000bevshsp_uf.evt.gz,,2023-02-23T23:55:31.84,272.159839955773,-20.4006430248859,-0.5560689097134405,15.089364757068086,0.0368517110339565,False,negative,consistent_with_zero,,,,,unknown
Swift/BAT,sw01156572000bevshsp_uf.evt.gz,GRB230228A,2023-02-28T05:50:50.250320,18.378,44.4829722,-17.584429272394427,26.964366085313856,0.652135830553487,False,negative,consistent_with_zero,2.184,0.3960808,0.936,0.2741678,long
Swift/BAT,sw01159108000bevshsp_uf.evt.gz,,2023-03-09T06:16:57.919999,45.8877140806812,0.625535733131049,51521.17527056926,21.391861113989016,2408.447539745733,True,positive,significant_positive,,,,,unknown
Swift/BAT,sw01159327000bevshsp_uf.evt.gz,,2023-03-10T21:01:06.24,272.154353442046,-20.4159979539366,-16.958416645150155,10.325801237567,1.642334212618057,False,negative,consistent_with_zero,,,,,unknown
Swift/BAT,sw01159434000bevshsp_uf.evt.gz,,2023-03-11T19:25:20,245.0524,-15.9022,12.075225399620017,78.73882378176425,0.1533579601479469,False,positive,consistent_with_zero,,,,,unknown
Swift/BAT,sw01159435000bevshsp_uf.evt.gz,,2023-03-11T19:32:08,245.044303078593,-15.9129605387498,33788.28586492844,22.632442754823987,1492.9137888894757,True,positive,significant_positive,,,,,unknown
Swift/BAT,sw01159437000bevshsp_uf.evt.gz,,2023-03-11T19:39:04,248.421711695159,-47.6423523657583,22.49317948283852,36.38948977204767,0.6181229696745156,False,positive,consistent_with_zero,,,,,unknown
Swift/BAT,sw01159439000bevshsp_uf.evt.gz,,2023-03-11T20:08:40,83.5142811851246,22.2365583752096,-2.7051244508442998,272.7848881318266,0.0099166946870495,False,negative,consistent_with_zero,,,,,unknown
Swift/BAT,sw01160641000bevshsp_uf.evt.gz,,2023-03-20T07:53:36,248.5016,-47.39262,-11139.496034852342,20.227701090541288,550.704995342318,True,negative,significant_negative,,,,,unknown
Swift/BAT,sw01161127000bevshsp_uf.evt.gz,GRB230322B,2023-03-22T21:10:37.893100,16.5534583,-47.7006944,8705.067191427896,20.288461061937284,429.0649332570262,True,positive,significant_positive,11.8,2.291292,5.236,1.722779,long
Swift/BAT,sw01161390000bevshsp_uf.evt.gz,GRB230325A,2023-03-25T03:15:35.863840,296.8492917,-46.0754722,-7.960889711299528,27.66906735296421,0.2877180358031356,False,negative,consistent_with_zero,38.288,11.34183,6.048,7.180168,long
Swift/BAT,sw01162001000bevshsp_uf.evt.gz,GRB230328B,2023-03-28T14:54:48.547340,291.0075833,80.0095,143689.63554587093,158.15328227032956,908.5466547590452,True,positive,significant_positive,22.336,5.710095,6.784,0.6872554,long
Swift/BAT,sw01163119000bevshsp_uf.evt.gz,GRB230405B,2023-04-05T19:58:03.507020,271.440875,-47.0695833,28.95582553554674,152.19448003515473,0.1902554253535237,False,positive,consistent_with_zero,14.136,5.592688,1.852,0.1674754,long
Swift/BAT,sw01163401000bevshsp_uf.evt.gz,GRB230409B,2023-04-09T04:56:56.799160,329.5149583,52.8321944,-0.3865324785432587,44.8578077505214,0.0086168383593994,False,negative,consistent_with_zero,9.792,2.58864,3.456,1.134083,long
Swift/BAT,sw01164180000bevshsp_uf.evt.gz,GRB230414B,2023-04-14T16:14:21.246980,181.0939583,53.1545833,-0.1510193719571699,18.428990373487636,0.0081946633481576,False,negative,consistent_with_zero,29.06,7.740739,12.54,8.641718,long
Swift/BAT,sw01164980000bevshsp_uf.evt.gz,GRB230420A,2023-04-20T10:19:01.085120,161.0485833,32.1076944,-5.567832028433571,36.355201495731016,0.153150905492502,False,negative,consistent_with_zero,111.948,11.92865,56.012,6.833734,long
Swift/BAT,sw01165354000bevshsp_uf.evt.gz,GRB230423A,2023-04-23T19:07:55.465280,122.604962807057,-21.9203287405549,4612.188758530373,26.38767065791976,174.7857481746352,True,positive,significant_positive,23.604,4.271545,13.576,5.710365,long
Swift/BAT,sw01165948000bevshsp_uf.evt.gz,GRB230427A,2023-04-27T10:31:51.987820,153.3126667,48.204,-3.5190537883656736,17.169189387966835,0.2049633042566372,False,negative,consistent_with_zero,6.336,2.572532,2.928,2.204287,long
Swift/BAT,sw01167266000bevshsp_uf.evt.gz,GRB230506B,2023-05-06T12:45:18.718180,326.9788,44.51108,1.2213364030068727,50.7188707929546,0.0240805125175722,False,positive,consistent_with_zero,61.54,10.89256,21.536,3.96879,long
Swift/BAT,sw01167288000bevshsp_uf.evt.gz,GRB230506C,2023-05-06T17:09:19.357100,134.373246151572,45.1256110571573,-510.980163910344,28.87959806785484,17.693465217547583,True,negative,significant_negative,31.0,6.324555,9.0,3.605551,long
Swift/BAT,sw01167973000bevshsp_uf.evt.gz,GRB230510A,2023-05-10T12:06:28.582740,318.1315,34.44244,-9.770800772042282,208.8655452591661,0.0467803378480562,False,negative,consistent_with_zero,178.368,6.931233,22.72,5.630909,long
Swift/BAT,sw01173731000bevshsp_uf.evt.gz,GRB230606A,2023-06-06T00:14:37.322360,166.816687835473,36.4846778033881,5.55035437827703,86.80124437303482,0.0639432581683272,False,positive,consistent_with_zero,16.256,1.307015,13.008,10.3558,long
Swift/BAT,sw01175438000bevshsp_uf.evt.gz,GRB230618A,2023-06-18T03:51:12.514680,196.6056,3.303026,-5.528488648474529,35.338464851182266,0.1564439392530536,False,negative,consistent_with_zero,104.052,22.8611,42.8,14.87095,long
Swift/BAT,sw01176135000bevshsp_uf.evt.gz,GRB230622A,2023-06-22T10:04:21.289560,292.532303762044,-32.9215292302855,-2.3090577984983933,29.127616695248538,0.0792738322073244,False,negative,consistent_with_zero,23.552,17.72985,13.184,12.06824,long
Swift/BAT,sw01177054000bevshsp_uf.evt.gz,GRB230628E,2023-06-28T22:26:10.691020,171.8485833,-11.464,8.306126255672686,26.817383833547023,0.3097291781789017,False,positive,consistent_with_zero,4.72,1.075695,2.032,1.258443,long
Swift/BAT,sw01178410000bevshsp_uf.evt.gz,,2023-07-09T08:54:38.399999,162.058436815731,-22.6263859697495,-59.15817898425883,97.62369166866638,0.6059817854977352,False,negative,consistent_with_zero,,,,,unknown
Swift/BAT,sw01180055000bevshsp_uf.evt.gz,,2023-07-20T07:18:56,245.9246,-12.74081,-3762.0125959053976,40.76615179634208,92.28275002996384,True,negative,significant_negative,,,,,unknown
Swift/BAT,sw01180060000bevshsp_uf.evt.gz,,2023-07-20T07:46:32,47.75997,59.82005,-10.937009533768167,181.20428415044043,0.060357345219763,False,negative,consistent_with_zero,,,,,unknown
Swift/BAT,sw01180410000bevshsp_uf.evt.gz,GRB230723B,2023-07-23T11:42:32.881800,250.378850607907,-5.3272728850738,-7.753529224156693,38.51064953151732,0.2013346780300644,False,negative,consistent_with_zero,5.756,0.8524812,2.672,0.3540396,long
Swift/BAT,sw01181187000bevshsp_uf.evt.gz,GRB230728A,2023-07-28T02:50:03.222400,343.515375,28.1743889,-5.311125635928205,24.260463211586725,0.2189210317052655,False,negative,consistent_with_zero,14.76,0.8923072,5.548,3.447074,long
Swift/BAT,sw01182085000bevshsp_uf.evt.gz,GRB230802A,2023-08-02T06:50:26.167840,76.239875,19.5614722,11.456906003886951,119.6706302103088,0.0957369906363208,False,positive,consistent_with_zero,175.152,17.29387,99.46,52.11548,long
Swift/BAT,sw01183217000bevshsp_uf.evt.gz,GRB230805B,2023-08-05T11:23:51.076980,207.7427917,31.1908889,3.138508687837904,65.3638725433033,0.0480159538552226,False,positive,consistent_with_zero,114.52,23.34909,38.536,18.59213,long
Swift/BAT,sw01185505000bevshsp_uf.evt.gz,GRB230815A,2023-08-15T10:49:55.945980,184.725,-58.05506,2.5800391823653936,53.7082706821772,0.0480380237455972,False,positive,consistent_with_zero,17.0,7.615773,2.0,1.0,long
Swift/BAT,sw01185673000bevshsp_uf.evt.gz,GRB230816A,2023-08-16T16:08:48.290780,328.4454583,37.8553889,-7.404698263139849,20.561575842557524,0.3601230917240254,False,negative,consistent_with_zero,19.448,3.218161,7.256,1.547462,long
Swift/BAT,sw01185685000bevshsp_uf.evt.gz,,2023-08-16T19:11:20,299.7491,35.32687,3.262999201194885,18.04154960510436,0.1808602516200554,False,positive,consistent_with_zero,,,,,unknown
Swift/BAT,sw01186032000bevshsp_uf.evt.gz,GRB230818A,2023-08-18T23:27:34.357180,285.8894583,40.8952778,4.634247897702398,28.05995821211925,0.1651551959796162,False,positive,consistent_with_zero,64.0,35.77709,16.0,16.0,long
Swift/BAT,sw01186280000bevshsp_uf.evt.gz,,2023-08-20T18:28:56,245.0077,-15.7934,10.03819952754272,29.882116682778268,0.3359266558693267,False,positive,consistent_with_zero,,,,,unknown
Swift/BAT,sw01186291000bevshsp_uf.evt.gz,,2023-08-20T19:10:08,84.3208600413091,22.9876882201213,-64570.67415830649,24.044481080501622,2685.4675691324755,True,negative,significant_negative,,,,,unknown
Swift/BAT,sw01186294000bevshsp_uf.evt.gz,,2023-08-20T19:29:04,132.8835,-42.08819,703.5843611788223,22.196546469053704,31.697920312051945,True,positive,significant_positive,,,,,unknown
Swift/BAT,sw01186295000bevshsp_uf.evt.gz,,2023-08-20T19:37:20,245.2986,-17.4373,8.510828842114648,658.0719826778208,0.0129329755196117,False,positive,consistent_with_zero,,,,,unknown
Swift/BAT,sw01186296000bevshsp_uf.evt.gz,,2023-08-20T19:44:08,245.305852343659,-17.4342370704185,-3.34060375325336,18.89598535528207,0.1767890739987024,False,negative,consistent_with_zero,,,,,unknown
Swift/BAT,sw01186302000bevshsp_uf.evt.gz,,2023-08-20T20:02:56,257.4968,-39.17457,-109751.71474520252,26.11577620019536,4202.506328124436,True,negative,significant_negative,,,,,unknown
Swift/BAT,sw01186304000bevshsp_uf.evt.gz,,2023-08-20T20:15:28,297.276944097455,36.0593276846844,-7.400299467925577,18.351790906311148,0.403246718846422,False,negative,consistent_with_zero,,,,,unknown
Swift/BAT,sw01186386000bevshsp_uf.evt.gz,,2023-08-21T14:52:32,299.7323,35.37258,4.2867649798993686,19.665953636682392,0.2179790036677081,False,positive,consistent_with_zero,,,,,unknown
Swift/BAT,sw01186390000bevshsp_uf.evt.gz,,2023-08-21T15:12:32,299.9223,35.52259,-3.459079078061986,17.161687839153732,0.2015582098032473,False,negative,consistent_with_zero,,,,,unknown
Swift/BAT,sw01186908000bevshsp_uf.evt.gz,,2023-08-24T02:24:56,83.5327921903189,21.6092510084638,-6.114083529343296,21.366114916945516,0.2861579446291475,False,negative,consistent_with_zero,,,,,unknown
Swift/BAT,sw01186959000bevshsp_uf.evt.gz,,2023-08-24T14:00:16,261.941273062356,-16.2149452687354,-10.366987233620677,23.699236619679123,0.4374397116661658,False,negative,consistent_with_zero,,,,,unknown
Swift/BAT,sw01186982000bevshsp_uf.evt.gz,,2023-08-24T18:55:04,261.937476571155,-16.212471239936,0.3401290966579551,16.718300577686808,0.0203447171605414,False,positive,consistent_with_zero,,,,,unknown
Swift/BAT,sw01187142000bevshsp_uf.evt.gz,,2023-08-25T09:04:08,261.941681607958,-16.2138321706453,-0.2831767877252839,27.5159360948576,0.0102913739423245,False,negative,consistent_with_zero,,,,,unknown
Swift/BAT,sw01187199000bevshsp_uf.evt.gz,,2023-08-25T18:00:08,83.8722656810887,22.2145435646669,-8.933684206481304,24.703154559016653,0.3616414326817426,False,negative,consistent_with_zero,,,,,unknown
Swift/BAT,sw01187203000bevshsp_uf.evt.gz,,2023-08-25T20:21:04,261.928347705924,-16.2056204636928,-5.709209013735258,87.11631607532695,0.0655354733870825,False,negative,consistent_with_zero,,,,,unknown
Swift/BAT,sw01187207000bevshsp_uf.evt.gz,,2023-08-25T20:27:52,261.942301998859,-16.2170733139057,-5.4986685388942105,89.78009574235236,0.0612459643023113,False,negative,consistent_with_zero,,,,,unknown
Swift/BAT,sw01187225000bevshsp_uf.evt.gz,,2023-08-25T23:32:24,261.947481520388,-16.2178211607624,-6.611382848388926,21.978940389625595,0.3008053496295755,False,negative,consistent_with_zero,,,,,unknown
Swift/BAT,sw01187463000bevshsp_uf.evt.gz,GRB230826A,2023-08-26T19:32:47.078920,83.0592,66.12506,-0.8022169824403698,81.96444440802618,0.0097873777859929,False,negative,consistent_with_zero,40.84,1.658322,12.188,0.8655725,long
Swift/BAT,sw01188089000bevshsp_uf.evt.gz,,2023-08-29T06:13:20,83.7172234488687,21.8245086865911,3.359023507118112,16.642620402778803,0.2018326096386395,False,positive,consistent_with_zero,,,,,unknown
Swift/BAT,sw01189514000bevshsp_uf.evt.gz,GRB230903A,2023-09-03T17:22:56.248260,9.9112917,-40.9490833,-9.591075728106668,20.66014869952226,0.4642307210658387,False,negative,consistent_with_zero,2.536,0.269429,1.58,0.5442499,long
Swift/BAT,sw01191188000bevshsp_uf.evt.gz,GRB230911C,2023-09-11T08:47:25.515160,226.798,-41.3296944,25.89804101035328,38.58489349133512,0.6711963845687202,False,positive,consistent_with_zero,14.488,2.858812,6.356,3.067904,long
Swift/BAT,sw01191903000bevshsp_uf.evt.gz,,2023-09-13T16:44:48,299.6544,35.41508,-3.3249926336913584,19.198085232293007,0.1731939718706115,False,negative,consistent_with_zero,,,,,unknown
Swift/BAT,sw01191994000bevshsp_uf.evt.gz,,2023-09-14T08:12:32,263.418507862967,-15.6322318104359,-1.7599429798767092,17.98657979466188,0.0978475619027376,False,negative,consistent_with_zero,,,,,unknown
Swift/BAT,sw01192088000bevshsp_uf.evt.gz,,2023-09-15T01:31:12,244.913,-15.4736,-1.4799627084395106,49.28786837276751,0.0300269165070489,False,negative,consistent_with_zero,,,,,unknown
Swift/BAT,sw01192233000bevshsp_uf.evt.gz,,2023-09-16T02:40:08,261.7911,-16.36683,-7.147327734567892,16.044692633446385,0.4454636743659858,False,negative,consistent_with_zero,,,,,unknown
Swift/BAT,sw01192235000bevshsp_uf.evt.gz,,2023-09-16T03:03:20,261.6582,-16.54075,-8.415421371766035,107.2230789832803,0.0784851680399728,False,negative,consistent_with_zero,,,,,unknown
Swift/BAT,sw01192251000bevshsp_uf.evt.gz,,2023-09-16T04:12:48,261.7583,-17.03292,-8.087030540825284,38.73724710903533,0.2087662687558149,False,negative,consistent_with_zero,,,,,unknown
Swift/BAT,sw01192253000bevshsp_uf.evt.gz,,2023-09-16T04:30:40,261.575898820722,-17.1172004697103,1.0385919435182047,16.66298659116201,0.0623292791983083,False,positive,consistent_with_zero,,,,,unknown
Swift/BAT,sw01192480000bevshsp_uf.evt.gz,,2023-09-18T02:16:24,244.7431,-15.58793,-3.223205245511123,21.33248626489813,0.1510937452618824,False,negative,consistent_with_zero,,,,,unknown
Swift/BAT,sw01192483000bevshsp_uf.evt.gz,,2023-09-18T02:41:04,261.5638,-15.87822,4.225847464159623,21.595083078958474,0.1956856312480291,False,positive,consistent_with_zero,,,,,unknown
Swift/BAT,sw01192486000bevshsp_uf.evt.gz,,2023-09-18T03:00:16,299.655789515405,35.5394197914106,9.393445954090094,25.603562188794243,0.3668804319033883,False,positive,consistent_with_zero,,,,,unknown
Swift/BAT,sw01192487000bevshsp_uf.evt.gz,,2023-09-18T03:09:20,83.3263501860542,21.3737634378702,-3.057471551285007,31.43043211074211,0.0972774265562846,False,negative,consistent_with_zero,,,,,unknown
Swift/BAT,sw01192488000bevshsp_uf.evt.gz,,2023-09-18T03:16:08,83.3362736922503,21.2895347997652,-4670.937887282339,23.638078403688464,197.60226730416,True,negative,significant_negative,,,,,unknown
Swift/BAT,sw01192490000bevshsp_uf.evt.gz,,2023-09-18T03:46:48,261.877,-15.1237,-3.3811392189346705,15.337189303770169,0.220453640622635,False,negative,consistent_with_zero,,,,,unknown
Swift/BAT,sw01192735000bevshsp_uf.evt.gz,,2023-09-26T21:51:44,83.7319973470793,22.2584442506932,-9.366000540715302,17.719563534917306,0.5285683545341915,False,negative,consistent_with_zero,,,,,unknown
Swift/BAT,sw01192737000bevshsp_uf.evt.gz,,2023-09-26T22:12:24,83.7707708572143,22.5020949358446,0.7465436245980677,17.553330021322758,0.0425300284157598,False,positive,consistent_with_zero,,,,,unknown
Swift/BAT,sw01192740000bevshsp_uf.evt.gz,,2023-09-26T22:31:28,245.1025,-16.23854,5.059054140023203,48.72522096724097,0.1038282441740903,False,positive,consistent_with_zero,,,,,unknown
Swift/BAT,sw01192743000bevshsp_uf.evt.gz,,2023-09-26T22:45:04,245.087457142605,-16.357820492806,-3.2447143926630173,16.76872457579523,0.193497983582281,False,negative,consistent_with_zero,,,,,unknown
Swift/BAT,sw01192745000bevshsp_uf.evt.gz,,2023-09-26T22:54:24,245.0058,-16.44793,2.0770659630105355,24.41384856500967,0.0850773673589267,False,positive,consistent_with_zero,,,,,unknown
Swift/BAT,sw01193078000bevshsp_uf.evt.gz,GRB231028A,2023-10-28T04:09:09.558200,214.028595171049,20.895108866395,-6.114193591644895,143.49685678365182,0.0426085541431975,False,negative,consistent_with_zero,37.112,0.9636763,14.884,1.293213,long
Swift/BAT,sw01194500000bevshsp_uf.evt.gz,GRB231104A,2023-11-04T01:47:39.917340,23.8080833,83.7925,6.68986311134436,77.96907046951867,0.0858014988643439,False,positive,consistent_with_zero,46.712,1.568418,22.004,0.227438,long
Swift/BAT,sw01195733000bevshsp_uf.evt.gz,GRB231110A,2023-11-10T21:19:34.821020,356.296023258114,82.6211432242904,0.7055385082943194,26.736577268770624,0.026388512680657,False,positive,consistent_with_zero,12.012,3.467468,4.948,1.047855,long
Swift/BAT,sw01195887000bevshsp_uf.evt.gz,GRB231111A,2023-11-11T14:17:19.712860,290.188375,52.4361944,-37.233450064032,59.63080341300597,0.6243996044485806,False,negative,consistent_with_zero,34.076,4.85034,11.612,0.8603069,long
Swift/BAT,sw01197027000bevshsp_uf.evt.gz,GRB231117A,2023-11-17T03:03:19.680140,332.391,13.5225833,6.326965908342896,4.888920005237569,1.2941438807680894,False,positive,consistent_with_zero,0.6679999,0.07299319,0.1999999,0.008944317,short
Swift/BAT,sw01197311000bevshsp_uf.evt.gz,GRB231118A,2023-11-18T17:16:33.206740,4.831375,-48.039,-8.159827149647864,36.08230715945393,0.2261448280895171,False,negative,consistent_with_zero,151.488,94.02678,6.944,7.222401,long
Swift/BAT,sw01197506000bevshsp_uf.evt.gz,,2023-11-20T00:17:04,299.8316,35.07802,-0.3785004112516069,414.637979555082,0.000912845493936,False,negative,consistent_with_zero,,,,,unknown
Swift/BAT,sw01197507000bevshsp_uf.evt.gz,,2023-11-20T00:25:12,299.87026948837,35.0640746037254,2.308666937329368,15.97242539116966,0.1445407870620395,False,positive,consistent_with_zero,,,,,unknown
Swift/BAT,sw01199764000bevshsp_uf.evt.gz,GRB231129A,2023-11-29T05:05:59.096760,317.5455833,41.5205833,-5.96119160025844,283.6158450113999,0.0210185421763682,False,negative,consistent_with_zero,106.324,2.018324,66.52,1.3367,long
Swift/BAT,sw01200559000bevshsp_uf.evt.gz,,2023-12-04T02:52:24,135.7576,-40.25451,127682.85154273309,40.36638583855034,3163.098426830042,True,positive,significant_positive,,,,,unknown
Swift/BAT,sw01200560000bevshsp_uf.evt.gz,,2023-12-04T02:59:12,135.652851131926,-40.210010845388,-1.6240563577780185,35.24066907131126,0.0460847197450099,False,negative,consistent_with_zero,,,,,unknown
Swift/BAT,sw01200562000bevshsp_uf.evt.gz,,2023-12-04T03:09:12,135.451441286992,-40.1473994693415,-2.3552735261665827,17.559535265767583,0.1341307438106407,False,negative,consistent_with_zero,,,,,unknown
Swift/BAT,sw01200812000bevshsp_uf.evt.gz,GRB231205B,2023-12-05T16:43:59.506460,54.1490833,27.1408889,-10.13355060756189,49.9739986657348,0.2027764613222769,False,negative,consistent_with_zero,64.0,16.0,16.0,16.0,long
Swift/BAT,sw01201696000bevshsp_uf.evt.gz,GRB231210B,2023-12-10T21:29:04.499760,95.794875,-48.3718889,2.036406827884478,286.241845024558,0.0071142876671639,False,positive,consistent_with_zero,7.472,0.6479506,4.048,0.8921345,long
Swift/BAT,sw01202386000bevshsp_uf.evt.gz,GRB231214A,2023-12-14T20:24:28.316380,305.6856667,-72.4325,3.912360958621621,480.997808877022,0.0081338436192791,False,positive,consistent_with_zero,27.636,4.568637,13.82,0.5367308,long
Swift/BAT,sw01202522000bevshsp_uf.evt.gz,GRB231215A,2023-12-15T09:47:25.273080,9.739875,57.6475,2.0984496163139688,55.39677064715064,0.0378803600245947,False,positive,consistent_with_zero,22.096,3.472525,7.04,1.432603,long
Swift/BAT,sw01202614000bevshsp_uf.evt.gz,,2023-12-16T00:02:08,245.133276442428,-15.4683115050855,-4.875935358882194,17.788726847008967,0.2741025482496542,False,negative,consistent_with_zero,,,,,unknown
Swift/BAT,sw01202749000bevshsp_uf.evt.gz,GRB231216A,2023-12-16T18:35:42.032980,39.772875,33.5762778,1.8434573580407083,44.80410299324503,0.0411448335059545,False,positive,consistent_with_zero,51.14,3.050031,43.148,2.643694,long
Swift/BAT,sw01202768000bevshsp_uf.evt.gz,,2023-12-16T22:11:04,245.092742782378,-15.4292711794308,10364.370290933924,20.410090442862487,507.8061912537186,True,positive,significant_positive,,,,,unknown
Swift/BAT,sw01203197000bevshsp_uf.evt.gz,,2023-12-19T16:59:12,245.292501749288,-15.7981697429747,-6.331670516560697,41.34949834382287,0.1531256912456974,False,negative,consistent_with_zero,,,,,unknown
Swift/BAT,sw01204595000bevshsp_uf.evt.gz,,2023-12-26T05:26:56,245.079749627924,-15.8827401392319,-86468.86654810622,48.15554777995515,1795.615885073559,True,negative,significant_negative,,,,,unknown
Swift/BAT,sw01205103000bevshsp_uf.evt.gz,,2023-12-28T08:13:12,245.539856394607,-15.6397610980204,-2.0075426832882703,252.47559991580596,0.0079514324709307,False,negative,consistent_with_zero,,,,,unknown
Swift/BAT,sw01205107000bevshsp_uf.evt.gz,,2023-12-28T08:37:04,300.4224,35.3187,2.514771966493581,27.09701622414027,0.0928062317154024,False,positive,consistent_with_zero,,,,,unknown
Swift/BAT,sw01205110000bevshsp_uf.evt.gz,,2023-12-28T08:56:24,300.3178,35.13796,2.8885388932403804,20.19087126761502,0.1430616269577939,False,positive,consistent_with_zero,,,,,unknown
Swift/BAT,sw01205319000bevshsp_uf.evt.gz,GRB231230A,2023-12-30T01:29:08.738220,245.2140833,58.1251944,3.671358915055832,30.96966435649857,0.1185469391206187,False,positive,consistent_with_zero,15.24,0.9222234,7.748,1.400206,long
Swift/BAT,sw01205400000bevshsp_uf.evt.gz,,2023-12-30T18:19:04,83.5302418258097,21.8214720121603,-379.7243983478695,37.79599594938845,10.046683221586427,True,negative,significant_negative,,,,,unknown
Swift/BAT,sw01205401000bevshsp_uf.evt.gz,,2023-12-30T18:25:52,83.5953571114216,21.7519343894387,-20169.467336316196,19.462372344828196,1036.3313875081574,True,negative,significant_negative,,,,,unknown
Swift/BAT,sw01205708000bevshsp_uf.evt.gz,GRB240101A,2024-01-01T14:20:17.331180,10.3487970738741,8.52564743491041,-21067.36147310888,24.240952635351565,869.0814173031093,True,negative,significant_negative,16.416,3.391132,7.888,2.479548,long
Swift/BAT,sw01205744000bevshsp_uf.evt.gz,GRB240101B,2024-01-01T20:25:39.377680,352.0967,51.63794,-2.4830430709926667,20.085700300378285,0.1236224295821989,False,negative,consistent_with_zero,134.016,39.00793,39.04,37.78304,long
Swift/BAT,sw01205899000bevshsp_uf.evt.gz,GRB240102A,2024-01-02T17:34:55.340440,96.84251,-20.03868,-2.9893054043119376,27.269685865796216,0.1096200894657668,False,negative,consistent_with_zero,114.304,35.97454,46.24,13.94294,long
Swift/BAT,sw01207446000bevshsp_uf.evt.gz,GRB240109A,2024-01-09T04:01:35.126280,301.317618087209,16.5775370553961,2.53214625061732,18.09500367044167,0.1399362109416755,False,positive,consistent_with_zero,0.08000004,0.03577705,0.04799998,0.02262746,short
Swift/BAT,sw01208389000bevshsp_uf.evt.gz,GRB240112C,2024-01-12T17:37:24.977140,270.6440833,24.4891944,15.686194506891844,60.458341835963175,0.2594545935356936,False,positive,consistent_with_zero,4.924,0.335452,2.54,0.0632456,long
Swift/BAT,sw01209369000bevshsp_uf.evt.gz,,2024-01-17T07:42:16,245.3954,-15.85576,12.15102368961168,69.14307051982772,0.1757374035931367,False,positive,consistent_with_zero,,,,,unknown
Swift/BAT,sw01209371000bevshsp_uf.evt.gz,,2024-01-17T07:58:00,245.7903,-15.97802,21117.79422975785,21.237067061404183,994.3837427597008,True,positive,significant_positive,,,,,unknown
Swift/BAT,sw01209373000bevshsp_uf.evt.gz,,2024-01-17T08:18:00,246.2298,-16.11896,-2.604816423486484,428.0139993333144,0.006085820621624,False,negative,consistent_with_zero,,,,,unknown
Swift/BAT,sw01209398000bevshsp_uf.evt.gz,,2024-01-17T15:42:08,186.220762248019,-62.7140619668172,2.960303882012046,19.98468911203705,0.1481285931152672,False,positive,consistent_with_zero,,,,,unknown
Swift/BAT,sw01209401000bevshsp_uf.evt.gz,,2024-01-17T16:10:00,299.3421,34.67163,0.8512480684488195,15.18597949303314,0.0560548675071862,False,positive,consistent_with_zero,,,,,unknown
Swift/BAT,sw01209403000bevshsp_uf.evt.gz,,2024-01-17T16:35:20,83.4599774478261,22.2873325073766,0.5332219413525972,19.83920167587283,0.0268771874022061,False,positive,consistent_with_zero,,,,,unknown
Swift/BAT,sw01209451000bevshsp_uf.evt.gz,,2024-01-18T04:58:48,299.5928,35.20335,-0.2790485309196592,17.78534364657605,0.0156898025961607,False,negative,consistent_with_zero,,,,,unknown
Swift/BAT,sw01209631000bevshsp_uf.evt.gz,,2024-01-19T11:57:12,245.2526,-15.6455,4.817534816667114,20.53482827779453,0.234603121657296,False,positive,consistent_with_zero,,,,,unknown
Swift/BAT,sw01209635000bevshsp_uf.evt.gz,,2024-01-19T12:20:56,256.3628982705,-37.846711347039,41911.890720410425,20.75959178936795,2018.9169009515715,True,positive,significant_positive,,,,,unknown
Swift/BAT,sw01209644000bevshsp_uf.evt.gz,,2024-01-19T13:19:36,84.1299834550994,22.1064347523534,1.441181849546959,21.50217089394904,0.0670249463021673,False,positive,consistent_with_zero,,,,,unknown
Swift/BAT,sw01210276000bevshsp_uf.evt.gz,GRB240123A,2024-01-23T11:05:46.865580,199.347875,60.6188889,970.8503894605532,46.49867253704929,20.879099047117904,True,positive,significant_positive,89.84,45.58216,31.616,18.27133,long
Swift/BAT,sw01210856000bevshsp_uf.evt.gz,,2024-01-25T10:51:36,299.5937,35.20223,4.776119460957088,24.086410293875947,0.1982910447295433,False,positive,consistent_with_zero,,,,,unknown
Swift/BAT,sw01211211000bevshsp_uf.evt.gz,,2024-01-26T19:55:36,245.5229,-15.65905,93191.12008533704,28.782351892510214,3237.78683664789,True,positive,significant_positive,,,,,unknown
Swift/BAT,sw01211212000bevshsp_uf.evt.gz,,2024-01-26T20:02:24,245.626904531816,-15.6719955460571,-10.815343700168562,23.38994382569065,0.4623928890453079,False,negative,consistent_with_zero,,,,,unknown
Swift/BAT,sw01212132000bevshsp_uf.evt.gz,,2024-01-31T05:43:52,244.9795,-15.63825,-3450.241978631976,18.853680819626245,183.00097533423576,True,negative,significant_negative,,,,,unknown
Swift/BAT,sw01212373000bevshsp_uf.evt.gz,,2024-02-01T13:20:00,244.7868,-15.60678,-1.436541297469336,25.4788209406454,0.0563817808059428,False,negative,consistent_with_zero,,,,,unknown
Swift/BAT,sw01212713000bevshsp_uf.evt.gz,,2024-02-03T09:37:04,245.122929983659,-15.8655394189542,-11.188436994920718,20.371357394064518,0.5492239313508205,False,negative,consistent_with_zero,,,,,unknown
Swift/BAT,sw01212786000bevshsp_uf.evt.gz,,2024-02-03T18:31:44,83.8328256895412,22.1321333890043,-3.3725433343331304,19.50811146305777,0.1728790273071623,False,negative,consistent_with_zero,,,,,unknown
Swift/BAT,sw01212789000bevshsp_uf.evt.gz,,2024-02-03T18:51:12,84.2941040061085,22.1596533376999,-6.753853164946144,23.398493405718725,0.2886447878432833,False,negative,consistent_with_zero,,,,,unknown
Swift/BAT,sw01212791000bevshsp_uf.evt.gz,,2024-02-03T19:23:28,300.1694,35.19152,-1.1393325136354648,20.21500625530897,0.056360730204387,False,negative,consistent_with_zero,,,,,unknown
Swift/BAT,sw01212898000bevshsp_uf.evt.gz,GRB240204A,2024-02-04T15:07:50.633620,104.280141711717,1.06112010114358,7.757037880836273,36.70546879693999,0.2113319386751151,False,positive,consistent_with_zero,16.304,1.85082,3.744,0.3375204,long
Swift/BAT,sw01213095000bevshsp_uf.evt.gz,GRB240205B,2024-02-05T22:13:06.785960,351.476523972014,-55.1321365645467,79.58758915855798,248.19159411986087,0.3206699624167053,False,positive,consistent_with_zero,47.304,0.2916711,23.716,0.4311473,long
Swift/BAT,sw01213829000bevshsp_uf.evt.gz,,2024-02-08T11:25:52,245.1153,-15.72005,18432.862955755503,21.7082746924412,849.116902052737,True,positive,significant_positive,,,,,unknown
Swift/BAT,sw01213872000bevshsp_uf.evt.gz,,2024-02-08T16:24:24,245.3912,-15.89506,39486.56520149589,19.990297529384883,1975.286518044683,True,positive,significant_positive,,,,,unknown
Swift/BAT,sw01215687000bevshsp_uf.evt.gz,,2024-02-16T17:27:03.935999,263.2943,-33.69613,2.5492567216704694,21.69631060986884,0.1174972449237939,False,positive,consistent_with_zero,,,,,unknown
Swift/BAT,sw01215690000bevshsp_uf.evt.gz,,2024-02-16T17:46:56,300.851493289519,35.0884227491367,-4.192533316992408,19.846628777118696,0.2112466234983951,False,negative,consistent_with_zero,,,,,unknown
Swift/BAT,sw01215857000bevshsp_uf.evt.gz,,2024-02-17T18:00:00,83.3800711888627,21.8556273697893,40514.42780042048,22.826974986186155,1774.848740358193,True,positive,significant_positive,,,,,unknown
Swift/BAT,sw01215859000bevshsp_uf.evt.gz,,2024-02-17T18:20:40,244.8236,-15.50599,4031.777268999404,59.38872317857731,67.88792641451747,True,positive,significant_positive,,,,,unknown
Swift/BAT,sw01215912000bevshsp_uf.evt.gz,GRB240218A,2024-02-18T02:00:00.666060,161.7972917,1.2792778,128.84336115741385,64.14476791783721,2.0086339905765787,True,positive,significant_positive,258.032,26.7354,46.664,20.15749,long
Swift/BAT,sw01216078000bevshsp_uf.evt.gz,,2024-02-18T21:32:08,135.720259452161,-40.7077816753341,11.661073695287756,656.0045644377793,0.0177759032900658,False,positive,consistent_with_zero,,,,,unknown
Swift/BAT,sw01216367000bevshsp_uf.evt.gz,,2024-02-20T17:38:32,244.9757,-15.64074,7.606063304532821,23.422682502939622,0.3247306666765531,False,positive,consistent_with_zero,,,,,unknown
Swift/BAT,sw01216743000bevshsp_uf.evt.gz,,2024-02-21T22:06:00,245.3427,-15.67613,28026.872338015917,21.74164264856115,1289.0871582727773,True,positive,significant_positive,,,,,unknown
Swift/BAT,sw01216745000bevshsp_uf.evt.gz,,2024-02-21T22:22:24,245.5529,-15.7165,-26880.12024459469,21.90765925808557,1226.973631821205,True,negative,significant_negative,,,,,unknown
Swift/BAT,sw01216748000bevshsp_uf.evt.gz,,2024-02-21T22:42:48,300.5416,35.02885,-5.73559798864937,21.143878423272515,0.2712651801069924,False,negative,consistent_with_zero,,,,,unknown
Swift/BAT,sw01216751000bevshsp_uf.evt.gz,,2024-02-21T23:05:52,84.6518450228076,22.1740318995959,2.069993853565681,19.935426775089866,0.1038349405266921,False,positive,consistent_with_zero,,,,,unknown
Swift/BAT,sw01216804000bevshsp_uf.evt.gz,GRB240222A,2024-02-22T08:51:31.328680,143.224875,-68.0306944,6.738977618256131,24.39412869863142,0.2762540815255355,False,positive,consistent_with_zero,3.944,2.334883,0.9799999,2.364474,long
Swift/BAT,sw01216864000bevshsp_uf.evt.gz,,2024-02-22T16:02:48,299.849,35.55027,-11.720816161336709,20.23158540846187,0.5793325596932444,False,negative,consistent_with_zero,,,,,unknown
Swift/BAT,sw01216907000bevshsp_uf.evt.gz,,2024-02-22T23:31:20,245.3081,-15.74275,0.7856970222204408,22.2790071837502,0.0352662493323989,False,positive,consistent_with_zero,,,,,unknown
Swift/BAT,sw01216909000bevshsp_uf.evt.gz,,2024-02-22T23:44:32,245.420075466376,-15.770993117981,15486.608732340428,22.16865230236456,698.5814257499358,True,positive,significant_positive,,,,,unknown
Swift/BAT,sw01216910000bevshsp_uf.evt.gz,,2024-02-22T23:51:28,245.4568,-15.75498,-0.1489699286635657,19.59604071057861,0.0076020422116773,False,negative,consistent_with_zero,,,,,unknown
Swift/BAT,sw01216911000bevshsp_uf.evt.gz,,2024-02-23T00:11:12,299.9364,35.33467,-4.295699920426529,18.618849990041117,0.2307177899131375,False,negative,consistent_with_zero,,,,,unknown
Swift/BAT,sw01217218000bevshsp_uf.evt.gz,,2024-02-24T21:07:04,245.1651,-15.73959,-13359.07156574809,48.52926284931982,275.2786830335159,True,negative,significant_negative,,,,,unknown
Swift/BAT,sw01217221000bevshsp_uf.evt.gz,,2024-02-24T21:33:12,245.270206737933,-15.7591205214719,-68410.78410996571,18.46563432542761,3704.7622033629495,True,negative,significant_negative,,,,,unknown
Swift/BAT,sw01217222000bevshsp_uf.evt.gz,,2024-02-24T21:49:12,299.9352,35.09931,-6.503255868619052,17.750721934243206,0.366365711361492,False,negative,consistent_with_zero,,,,,unknown
Swift/BAT,sw01217729000bevshsp_uf.evt.gz,,2024-02-27T04:47:20,245.3507,-15.66086,143681.84284616951,35.170659684838824,4085.275742158089,True,positive,significant_positive,,,,,unknown
Swift/BAT,sw01217732000bevshsp_uf.evt.gz,,2024-02-27T05:18:24,300.2966,35.27018,1.3346902196753974,19.628574740927945,0.067997306849407,False,positive,consistent_with_zero,,,,,unknown
Swift/BAT,sw01217733000bevshsp_uf.evt.gz,,2024-02-27T05:41:04,84.2434546252851,21.777190427483,4.038141026755863,19.924981871365045,0.2026672371812408,False,positive,consistent_with_zero,,,,,unknown
Swift/BAT,sw01217734000bevshsp_uf.evt.gz,,2024-02-27T05:47:52,84.0620794402806,21.7542716959761,-15421.921794542057,30.95620550800194,498.1851470961325,True,negative,significant_negative,,,,,unknown
Swift/BAT,sw01217799000bevshsp_uf.evt.gz,,2024-02-27T16:09:20,259.9215,-37.05059,3.180961399861057,28.91920726838096,0.1099947647368255,False,positive,consistent_with_zero,,,,,unknown
Swift/BAT,sw01218081000bevshsp_uf.evt.gz,,2024-02-29T18:15:52,244.6215,-15.66609,444.9917537871776,61.17816334862543,7.273702403443855,True,positive,significant_positive,,,,,unknown
Swift/BAT,sw01218293000bevshsp_uf.evt.gz,,2024-03-02T05:16:00,245.160067467731,-15.5262719806716,115204.36975583796,18.95273649924995,6078.50849192132,True,positive,significant_positive,,,,,unknown
Swift/BAT,sw01218297000bevshsp_uf.evt.gz,,2024-03-02T05:36:40,256.692602958305,-37.7804024625219,-62476.64233028362,57.01365787503384,1095.818873211466,True,negative,significant_negative,,,,,unknown
Swift/BAT,sw01218302000bevshsp_uf.evt.gz,,2024-03-02T06:00:32,83.8861086101572,21.8750747732497,-47541.30995286474,23.188326664716104,2050.225988285938,True,negative,significant_negative,,,,,unknown
Swift/BAT,sw01218395000bevshsp_uf.evt.gz,,2024-03-02T20:59:44,245.166690027153,-15.3852422041787,52093.84059393109,25.22041925177903,2065.5422129930066,True,positive,significant_positive,,,,,unknown
Swift/BAT,sw01218398000bevshsp_uf.evt.gz,,2024-03-02T21:22:00,298.5957,35.64662,150782.91519135924,36.07960829970601,4179.172732110505,True,positive,significant_positive,,,,,unknown
Swift/BAT,sw01218399000bevshsp_uf.evt.gz,,2024-03-02T21:28:48,298.52091140413,35.6979009657571,0.0228113159027479,18.537111062563728,0.001230575564108,False,positive,consistent_with_zero,,,,,unknown
Swift/BAT,sw01218404000bevshsp_uf.evt.gz,,2024-03-02T22:09:28,83.9211995347879,21.7069229314846,-11.743364839323185,235.77330462303203,0.0498078646269947,False,negative,consistent_with_zero,,,,,unknown
Swift/BAT,sw01218414000bevshsp_uf.evt.gz,,2024-03-02T22:39:36,245.997296045597,-15.4695037971712,10.788206664126408,18.834933251804333,0.572776474431781,False,positive,consistent_with_zero,,,,,unknown
Swift/BAT,sw01218417000bevshsp_uf.evt.gz,,2024-03-02T22:56:56,298.8182,36.89087,1.944897368996359,17.671830792209164,0.1100563598568287,False,positive,consistent_with_zero,,,,,unknown
Swift/BAT,sw01218452000bevshsp_uf.evt.gz,,2024-03-03T06:33:52,229.7375,-57.36338,29319.275750451547,25.093791746912817,1168.387625359909,True,positive,significant_positive,,,,,unknown
Swift/BAT,sw01218498000bevshsp_uf.evt.gz,,2024-03-03T16:03:52,299.6252,34.80848,13.487250443312467,20.51226729187105,0.6575211921432704,False,positive,consistent_with_zero,,,,,unknown
Swift/BAT,sw01218501000bevshsp_uf.evt.gz,,2024-03-03T16:39:20,300.0258,34.61995,-1.217380091802933,22.70150375453259,0.0536255265275046,False,negative,consistent_with_zero,,,,,unknown
Swift/BAT,sw01218505000bevshsp_uf.evt.gz,,2024-03-03T16:59:04,228.7185,-57.06159,-2.1022679591186395,23.454929170798582,0.0896301133041137,False,negative,consistent_with_zero,,,,,unknown
Swift/BAT,sw01218506000bevshsp_uf.evt.gz,,2024-03-03T17:09:12,186.123115016059,-62.0937061517606,-1.825293568195972,16.673706847777858,0.1094713721945539,False,negative,consistent_with_zero,,,,,unknown
Swift/BAT,sw01218507000bevshsp_uf.evt.gz,,2024-03-03T17:16:08,228.9021,-57.09414,-7.393040605854776,24.041435516278067,0.3075124445397226,False,negative,consistent_with_zero,,,,,unknown
Swift/BAT,sw01218604000bevshsp_uf.evt.gz,,2024-03-04T08:53:44,229.7358,-57.36178,3.174822329337692,20.873198613122995,0.1521004225649287,False,positive,consistent_with_zero,,,,,unknown
Swift/BAT,sw01218645000bevshsp_uf.evt.gz,,2024-03-04T18:27:28,229.7296,-57.36119,1.7181329930817253,18.02168737676169,0.0953369657991734,False,positive,consistent_with_zero,,,,,unknown
Swift/BAT,sw01218690000bevshsp_uf.evt.gz,,2024-03-05T02:41:20,186.792347177592,-61.9314649531261,-3.5079146900785583,33.47800022861055,0.1047826831389011,False,negative,consistent_with_zero,,,,,unknown
Swift/BAT,sw01218693000bevshsp_uf.evt.gz,,2024-03-05T03:00:48,301.0417,34.1828,-8.902646941239594,16.68213478491778,0.5336635302388532,False,negative,consistent_with_zero,,,,,unknown
Swift/BAT,sw01218695000bevshsp_uf.evt.gz,,2024-03-05T03:20:48,300.6184,34.43029,6.383942785177895,17.360748792076865,0.3677227786448596,False,positive,consistent_with_zero,,,,,unknown
Swift/BAT,sw01218696000bevshsp_uf.evt.gz,,2024-03-05T03:47:04,229.705297676087,-57.3461529617798,4.4722338389027,20.14857170002886,0.2219628222528694,False,positive,consistent_with_zero,,,,,unknown
Swift/BAT,sw01218701000bevshsp_uf.evt.gz,,2024-03-05T04:14:16,229.7318,-57.36412,28.347657233925386,110.67254818763062,0.2561399163400999,False,positive,consistent_with_zero,,,,,unknown
Swift/BAT,sw01218903000bevshsp_uf.evt.gz,,2024-03-06T01:10:40,299.2882,35.43476,-83002.51924691019,23.03172286030247,3603.8345785227175,True,negative,significant_negative,,,,,unknown
Swift/BAT,sw01218904000bevshsp_uf.evt.gz,,2024-03-06T01:17:28,299.269077804957,35.4414794651937,1.0947469833106305,16.866990134432992,0.0649047028892112,False,positive,consistent_with_zero,,,,,unknown
Swift/BAT,sw01218967000bevshsp_uf.evt.gz,,2024-03-06T12:19:36,299.3029,35.25834,12.341222606226635,19.10756680325916,0.6458814318587968,False,positive,consistent_with_zero,,,,,unknown
Swift/BAT,sw01218968000bevshsp_uf.evt.gz,,2024-03-06T12:26:24,298.9186,35.446,-4.052931598691021,568.7062977067193,0.0071265811808912,False,negative,consistent_with_zero,,,,,unknown
Swift/BAT,sw01219325000bevshsp_uf.evt.gz,,2024-03-09T14:30:24,299.8153,35.14312,-5.155779324756276,21.987554575168414,0.2344862548097523,False,negative,consistent_with_zero,,,,,unknown
Swift/BAT,sw01219542000bevshsp_uf.evt.gz,,2024-03-11T10:37:36,244.9386,-15.7819,40131.3622394684,54.06359215533973,742.2992191151458,True,positive,significant_positive,,,,,unknown
Swift/BAT,sw01219543000bevshsp_uf.evt.gz,,2024-03-11T10:44:24,244.841530809985,-15.782639110081,161921.51921872742,45.45299866183063,3562.394649105996,True,positive,significant_positive,,,,,unknown
Swift/BAT,sw01219546000bevshsp_uf.evt.gz,,2024-03-11T11:07:04,299.8957,34.57647,10.089510326968805,30.082773036438223,0.3353916314412812,False,positive,consistent_with_zero,,,,,unknown
Swift/BAT,sw01219563000bevshsp_uf.evt.gz,,2024-03-11T14:56:00,135.5318,-40.55447,5.982575451654702,18.223487099326828,0.3282892796009221,False,positive,consistent_with_zero,,,,,unknown
Swift/BAT,sw01219874000bevshsp_uf.evt.gz,,2024-03-12T20:50:32,85.4739969270021,21.0237073373362,-0.1008802950520057,54.7677929088438,0.001841963856749,False,negative,consistent_with_zero,,,,,unknown
Swift/BAT,sw01219905000bevshsp_uf.evt.gz,,2024-03-13T03:46:08,245.1566,-16.33338,104459.95337519934,21.72886683721921,4807.427564343607,True,positive,significant_positive,,,,,unknown
Swift/BAT,sw01219909000bevshsp_uf.evt.gz,,2024-03-13T04:37:44,135.7728,-39.32012,4410.026737169489,25.658400771472333,171.8745753660793,True,positive,significant_positive,,,,,unknown
Swift/BAT,sw01219916000bevshsp_uf.evt.gz,,2024-03-13T05:18:24,255.1971,-38.23816,19061.17648348279,19.189406946498256,993.3176432511448,True,positive,significant_positive,,,,,unknown
Swift/BAT,sw01219922000bevshsp_uf.evt.gz,,2024-03-13T06:56:56,299.917,35.3664,0.1632186303766288,19.579989576210348,0.0083359916889301,False,positive,consistent_with_zero,,,,,unknown
Swift/BAT,sw01219986000bevshsp_uf.evt.gz,,2024-03-13T21:51:28,84.5833008408023,21.7695238091282,-3.69911527730216,326.6056964117,0.0113259361913861,False,negative,consistent_with_zero,,,,,unknown
Swift/BAT,sw01219989000bevshsp_uf.evt.gz,,2024-03-13T22:10:24,85.9548043875493,21.7672209433153,-4.129438757566771,266.7524224732178,0.015480417082178,False,negative,consistent_with_zero,,,,,unknown
Swift/BAT,sw01219994000bevshsp_uf.evt.gz,,2024-03-14T00:12:24,244.7534,-16.19874,42.91199333621981,31.04711013886958,1.38215740995797,False,positive,consistent_with_zero,,,,,unknown
Swift/BAT,sw01220088000bevshsp_uf.evt.gz,,2024-03-14T22:22:24,244.2181,-15.44268,1.236372791947668,17.31374481897017,0.0714099003349645,False,positive,consistent_with_zero,,,,,unknown
Swift/BAT,sw01220092000bevshsp_uf.evt.gz,,2024-03-14T22:42:48,243.4595,-15.32482,-1.3451500269498984,15.627421029375254,0.0860762645622323,False,negative,consistent_with_zero,,,,,unknown
Swift/BAT,sw01220094000bevshsp_uf.evt.gz,,2024-03-14T22:59:52,81.6706623208907,21.8110006969329,7.555484832766457,34.06276136555986,0.2218106967806095,False,positive,consistent_with_zero,,,,,unknown
Swift/BAT,sw01220155000bevshsp_uf.evt.gz,,2024-03-15T09:18:24,244.6558,-15.73978,1515.793377551774,95.28068174956802,15.90871674843622,True,positive,significant_positive,,,,,unknown
Swift/BAT,sw01220158000bevshsp_uf.evt.gz,,2024-03-15T09:38:48,243.1511,-15.52696,107205.44160141876,19.701818435075374,5441.39831329273,True,positive,significant_positive,,,,,unknown
Swift/BAT,sw01220161000bevshsp_uf.evt.gz,,2024-03-15T09:52:24,242.1819,-15.39456,11.341768067936703,429.7246456601403,0.026393105870187,False,positive,consistent_with_zero,,,,,unknown
Swift/BAT,sw01220736000bevshsp_uf.evt.gz,,2024-04-08T15:14:27.84,236.976,-62.56562,3137.509958374809,32.10340679489897,97.73137095447888,True,positive,significant_positive,,,,,unknown
Swift/BAT,sw01221183000bevshsp_uf.evt.gz,GRB240411B,2024-04-11T15:32:53.852800,231.561347866817,-2.15328247773132,4.15009135635218,45.53108238015162,0.091148532813297,False,positive,consistent_with_zero,33.264,1.44222,29.824,21.17095,long
Swift/BAT,sw01221714000bevshsp_uf.evt.gz,GRB240414A,2024-04-14T02:20:36.430320,184.7856,56.73811,5.720472010498844,139.95927910385564,0.0408724026525887,False,positive,consistent_with_zero,156.524,170.2151,39.888,5.27947,long
Swift/BAT,sw01221874000bevshsp_uf.evt.gz,GRB240415A,2024-04-15T06:26:53.127400,129.165633407651,73.1465418206604,-3.674603443150407,62.042869132085706,0.0592268458012054,False,negative,consistent_with_zero,30.8,3.814885,3.904,0.6887438,long
Swift/BAT,sw01222885000bevshsp_uf.evt.gz,GRB240418A,2024-04-18T20:24:08.178240,239.373375,23.596,-0.3519653706040798,25.894642735173758,0.013592208017838,False,negative,consistent_with_zero,12.428,3.544425,5.848,2.921929,long
Swift/BAT,sw01222955000bevshsp_uf.evt.gz,GRB240419A,2024-04-19T01:48:01.136900,94.533375,-45.0000833,-3.0661117641786664,16.825089550535107,0.1822344989587976,False,negative,consistent_with_zero,114.256,33.13465,57.816,36.73541,long
Swift/BAT,sw01223072000bevshsp_uf.evt.gz,GRB240419B,2024-04-19T12:22:52.334300,325.8962917,4.2353889,-6.301964305828481,59.719644893292944,0.1055258167909208,False,negative,consistent_with_zero,144.552,12.22421,104.976,4.829165,long
Swift/BAT,sw01223470000bevshsp_uf.evt.gz,GRB240421B,2024-04-21T09:42:54.051140,299.7005833,-14.8596944,2.3954616878528805,44.8722537006212,0.0533840288886519,False,positive,consistent_with_zero,12.4,2.603874,3.424,0.4751758,long
Swift/BAT,sw01227767000bevshsp_uf.evt.gz,GRB240511A,2024-05-11T18:06:53.226840,336.6756667,8.5128889,3.1006233479388445,193.5041082117889,0.016023553073846,False,positive,consistent_with_zero,148.536,17.06579,59.988,2.395973,long
Swift/BAT,sw01228797000bevshsp_uf.evt.gz,GRB240516A,2024-05-16T03:36:28.304860,212.8072,-63.48787,0.6371244209946327,335.1374864260873,0.0019010837247391,False,positive,consistent_with_zero,85.12,31.14848,28.288,9.80287,long
Swift/BAT,sw01230423000bevshsp_uf.evt.gz,GRB240523A,2024-05-23T14:43:11.908720,33.5680833,-22.0331944,-0.3356639035728897,19.736184701821784,0.0170075376089232,False,negative,consistent_with_zero,41.932,8.651784,23.116,5.506006,long
Swift/BAT,sw01231488000bevshsp_uf.evt.gz,GRB240529A,2024-05-29T02:58:30.788060,335.3584583,51.5619722,7.758906343537856,106.6355005652768,0.0727610064416423,False,positive,consistent_with_zero,158.972,12.97622,65.24,1.35626,long
Swift/BAT,sw01232465000bevshsp_uf.evt.gz,,2024-06-01T21:30:53.759999,108.730984525015,-6.2059815177808,3.5122823591796544,19.530655464498995,0.1798343309861747,False,positive,consistent_with_zero,,,,,unknown
Swift/BAT,sw01232755000bevshsp_uf.evt.gz,,2024-06-03T06:58:17.215999,36.0537537680265,-50.9443994758644,-0.7411843113991162,10.398337520194188,0.0712791164895054,False,negative,consistent_with_zero,,,,,unknown
Swift/BAT,sw01235109000bevshsp_uf.evt.gz,,2024-06-06T03:34:20.48,12.1254526023864,-19.7472776557837,-6.21226687494883,21.072375970328725,0.294806190042172,False,negative,consistent_with_zero,,,,,unknown
Swift/BAT,sw01236151000bevshsp_uf.evt.gz,,2024-06-10T07:37:10.016,117.1415,-67.75527,19320.87663879025,26.507362846342787,728.8871680969934,True,positive,significant_positive,,,,,unknown
Swift/BAT,sw01238732000bevshsp_uf.evt.gz,GRB240624A,2024-06-24T06:01:09.993340,102.444139065186,-6.54353811645944,2.378238740756974,24.8959150491782,0.0955272676685759,False,positive,consistent_with_zero,5.888,2.000448,1.536,0.7491008,long
Swift/BAT,sw01242223000bevshsp_uf.evt.gz,GRB240712A,2024-07-12T03:27:12.831520,122.368929948927,-37.0767268156002,-1.424773219976008,25.07156824047917,0.0568282448991622,False,negative,consistent_with_zero,12.78,2.711059,6.732,3.548431,long
Swift/BAT,sw01242223000bevshsp_uf.evt.gz,GRB240712A,2024-07-12T03:27:12.831520,122.368929948927,-37.0767268156002,-1.424773219976008,25.07156824047917,0.0568282448991622,False,negative,consistent_with_zero,12.78,2.711059,6.732,3.548431,long
Swift/BAT,sw01243868000bevshsp_uf.evt.gz,GRB240720A,2024-07-20T00:24:51.280960,96.7003376506726,30.341801542182,3.4543315902766283,23.614314798907067,0.1462812543871272,False,positive,consistent_with_zero,183.476,71.4743,82.468,38.59075,long
Swift/BAT,sw01243868000bevshsp_uf.evt.gz,GRB240720A,2024-07-20T00:24:51.280960,96.7003376506726,30.341801542182,3.4543315902766283,23.614314798907067,0.1462812543871272,False,positive,consistent_with_zero,183.476,71.4743,82.468,38.59075,long
Swift/BAT,sw01244778000bevshsp_uf.evt.gz,,2024-07-25T02:38:10.559999,299.054090586922,-64.666788509082,-0.1973292959564764,19.75251610986686,0.0099900840408835,False,negative,consistent_with_zero,,,,,unknown
Swift/BAT,sw01244778000bevshsp_uf.evt.gz,,2024-07-25T02:38:10.559999,299.054090586922,-64.666788509082,-0.1973292959564764,19.75251610986686,0.0099900840408835,False,negative,consistent_with_zero,,,,,unknown
Swift/BAT,sw01245074000bevshsp_uf.evt.gz,GRB240727A,2024-07-27T03:46:14.118700,236.43375,8.6201944,2.1240434235654746,25.20669606725769,0.0842650467914558,False,positive,consistent_with_zero,177.884,35.4631,71.572,23.73673,long
Swift/BAT,sw01245074000bevshsp_uf.evt.gz,GRB240727A,2024-07-27T03:46:14.118700,236.43375,8.6201944,2.1240434235654746,25.20669606725769,0.0842650467914558,False,positive,consistent_with_zero,177.884,35.4631,71.572,23.73673,long
Swift/BAT,sw01245636000bevshsp_uf.evt.gz,GRB240730A,2024-07-30T07:52:06.099900,37.8292169789855,59.074165988813,-8.22906952820603,20.84933465867277,0.3946921886441568,False,negative,consistent_with_zero,50.116,7.96347,29.556,5.998959,long
Swift/BAT,sw01245636000bevshsp_uf.evt.gz,GRB240730A,2024-07-30T07:52:06.099900,37.8292169789855,59.074165988813,-8.22906952820603,20.84933465867277,0.3946921886441568,False,negative,consistent_with_zero,50.116,7.96347,29.556,5.998959,long
Swift/BAT,sw01246907000bevshsp_uf.evt.gz,GRB240805A,2024-08-05T02:02:22.641800,190.9205,-53.59753,7.269722789936205,93.95193276098404,0.0773770435189508,False,positive,consistent_with_zero,40.244,6.715023,6.924,0.6192253,long
Swift/BAT,sw01246989000bevshsp_uf.evt.gz,GRB240805B,2024-08-05T14:28:54.126720,254.2154,18.31753,7.111932755285548,113.33956612952603,0.0627488969488195,False,positive,consistent_with_zero,64.996,2.550536,30.3,1.067251,long
Swift/BAT,sw01247745000bevshsp_uf.evt.gz,GRB240809A,2024-08-09T08:30:29.592500,237.5437917,-2.3174722,7.849075425238156,149.1296876407258,0.0526325478810609,False,positive,consistent_with_zero,69.44,20.71389,9.408,0.7916363,long
Swift/BAT,sw01248132000bevshsp_uf.evt.gz,GRB240811A,2024-08-11T14:07:33.195260,226.3620833,28.896,14.221569554157458,158.22011792255933,0.0898847108755044,False,positive,consistent_with_zero,62.912,4.673577,14.54,2.169892,long
Swift/BAT,sw01249653000bevshsp_uf.evt.gz,,2024-08-20T19:01:52.639999,280.338704595927,-4.92789702107319,0.8037491387974948,11.21043048970998,0.0716965454212711,False,positive,consistent_with_zero,,,,,unknown
Swift/BAT,sw01249878000bevshsp_uf.evt.gz,,2024-08-21T20:29:58.399999,280.343770177038,-4.95039278835171,-0.097887874631243,4.915909328702643,0.0199124654435147,False,negative,consistent_with_zero,,,,,unknown
Swift/BAT,sw01250282000bevshsp_uf.evt.gz,GRB240824A,2024-08-24T01:03:25.505660,213.203243173578,63.7370123171326,6.83174131771769,38.32840671099871,0.1782422465204445,False,positive,consistent_with_zero,39.44,3.427533,23.604,2.921055,long
Swift/BAT,sw01250617000bevshsp_uf.evt.gz,GRB240825A,2024-08-25T15:52:59.832120,344.571875,1.0267778,27.096990119287383,75.16971453442532,0.3604774913290089,False,positive,consistent_with_zero,416.0,48.0,16.0,16.0,long
Swift/BAT,sw01251252000bevshsp_uf.evt.gz,GRB240829A,2024-08-29T03:56:28.451440,143.059023378014,-18.7280334116614,-0.4026909662272397,42.1343934660853,0.0095572982805928,False,negative,consistent_with_zero,42.976,8.639348,18.768,2.061207,long
Swift/BAT,sw01252402000bevshsp_uf.evt.gz,GRB240904A,2024-09-04T16:04:19.325020,136.440024834508,-30.5064390558512,-5.541394704036177,510.26215108243554,0.0108598975884866,False,negative,consistent_with_zero,126.288,11.53029,59.012,12.43708,long
Swift/BAT,sw01252695000bevshsp_uf.evt.gz,GRB240905E,2024-09-05T18:26:03.638540,345.803375,35.5236944,-3.251681342417663,64.98425095915529,0.0500379906580973,False,negative,consistent_with_zero,121.156,31.33573,51.06,10.99174,long
Swift/BAT,sw01253910000bevshsp_uf.evt.gz,GRB240912A,2024-09-12T01:46:39.185300,124.635,33.9988889,13.989157698444004,585.317893288335,0.0239001025918624,False,positive,consistent_with_zero,114.932,8.080113,25.208,0.4753945,long
Swift/BAT,sw01256950000bevshsp_uf.evt.gz,,2024-09-29T04:14:50.432,35.1758505862272,-54.5433928146944,0.8132250310183,710.9812653978181,0.0011438065538383,False,positive,consistent_with_zero,,,,,unknown
Swift/BAT,sw01257556000bevshsp_uf.evt.gz,GRB241002A,2024-10-02T00:50:22.875360,140.9501,39.83241,2.1317784910128927,30.22534392394861,0.0705295032002533,False,positive,consistent_with_zero,43.304,4.392307,14.456,2.001668,long
Swift/BAT,sw01258721000bevshsp_uf.evt.gz,GRB241006A,2024-10-06T21:51:58.270480,304.742375,-40.8050833,-8.687371943140352,111.3051931885986,0.0780500145075911,False,negative,consistent_with_zero,47.0,9.848858,17.0,7.615773,long
Swift/BAT,sw01259578000bevshsp_uf.evt.gz,GRB241010A,2024-10-10T10:05:14.409700,153.381375,11.5341944,21.854827224442705,126.32628020480236,0.1730030140126922,False,positive,consistent_with_zero,30.856,1.358358,23.224,0.6616947,long
Swift/BAT,sw01262165000bevshsp_uf.evt.gz,GRB241025A,2024-10-25T01:36:50.578960,333.6536667,83.5755833,6.559170853676762,73.09481220409747,0.0897351078126044,False,positive,consistent_with_zero,130.088,4.969774,70.18,4.391614,long
Swift/BAT,sw01262764000bevshsp_uf.evt.gz,GRB241026A,2024-10-26T22:42:32.007860,293.3990833,57.9852778,-3.51669575946764,25.74712335112177,0.1365859677413019,False,negative,consistent_with_zero,24.976,5.81496,9.088,1.859376,long
Swift/BAT,sw01263718000bevshsp_uf.evt.gz,GRB241030A,2024-10-30T05:48:03.124380,343.1397917,80.4498889,22.1827118344412,263.9470357221565,0.0840422843687163,False,positive,consistent_with_zero,173.432,5.190718,45.924,1.00024,long
Swift/BAT,sw01263840000bevshsp_uf.evt.gz,GRB241030B,2024-10-30T18:34:20.913240,50.7925833,34.4468889,-5.218957404206919,43.807481642398784,0.1191339289213052,False,negative,consistent_with_zero,6.624,1.545057,2.624,0.581749,long
Swift/BAT,sw01264304000bevshsp_uf.evt.gz,,2024-11-01T05:42:20.223999,204.332981941944,28.2635808935666,-9.518386704597631,23.92173668739838,0.3978969766694146,False,negative,consistent_with_zero,,,,,unknown
Swift/BAT,sw01267501000bevshsp_uf.evt.gz,GRB241113A,2024-11-13T07:48:13.793200,16.565,-22.6710833,8.673584771554799,813.4070944350666,0.0106632765203244,False,positive,consistent_with_zero,1.872,0.4749947,0.7799999,0.2450795,short
Swift/BAT,sw01267921000bevshsp_uf.evt.gz,GRB241115A,2024-11-15T13:18:25.044040,86.7700833,-0.6745833,19.36135352229471,57.39937789141366,0.3373094662963405,False,positive,consistent_with_zero,3.7,2.923577,1.324,0.1209297,long
Swift/BAT,sw01270788000bevshsp_uf.evt.gz,GRB241127A,2024-11-27T21:43:16.235160,327.8842,-56.66488,-10.345870688162677,379.4785451374892,0.0272633876690295,False,negative,consistent_with_zero,25.988,3.645852,8.424,4.932703,long
Swift/BAT,sw01270999000bevshsp_uf.evt.gz,GRB241128A,2024-11-28T16:14:34.246600,273.7247917,33.439,-1.183475329672304,21.691051085740504,0.0545605339729391,False,negative,consistent_with_zero,237.624,15.49667,215.976,208.1457,long
Swift/BAT,sw01273071000bevshsp_uf.evt.gz,GRB241209A,2024-12-09T05:35:44.072300,155.3969583,6.3281944,3.475073253828904,20.882121533992493,0.166413802743753,False,positive,consistent_with_zero,0.2559999,0.09050968,0.1279999,0.06400001,short
Swift/BAT,sw01273106000bevshsp_uf.evt.gz,GRB241209D,2024-12-09T10:59:46.438980,190.1138,-2.890113,-1.8162277589676588,147.96310046835833,0.01227486956693,False,negative,consistent_with_zero,64.0,16.0,16.0,16.0,long
Swift/BAT,sw01274039000bevshsp_uf.evt.gz,GRB241213A,2024-12-13T02:19:00.145500,116.171375,35.2793889,8.182254743869924,55.62799070347748,0.1470888061998332,False,positive,consistent_with_zero,8.132,1.735046,2.312,0.1388524,long
Swift/BAT,sw01275005000bevshsp_uf.evt.gz,GRB241218A,2024-12-18T00:08:51.156520,185.6814583,29.9727778,6.680255091078668,14.537085716019044,0.4595319324365959,False,positive,consistent_with_zero,23.352,4.450433,11.964,4.38963,long
Swift/BAT,sw01277277000bevshsp_uf.evt.gz,GRB241228A,2024-12-28T03:57:15.160580,344.8016667,18.6099722,20.05554197758756,49.42221645476455,0.4058001323340913,False,positive,consistent_with_zero,8.068,0.5332954,2.552,0.06997138,long
Swift/BAT,sw01277428000bevshsp_uf.evt.gz,GRB241229B,2024-12-29T01:36:15.955240,274.149125849278,74.7138330676705,-1.1049322875312213,24.95330872684052,0.0442799910675862,False,negative,consistent_with_zero,5.048,0.6487527,1.504,0.3924488,long
Swift/BAT,sw01278305000bevshsp_uf.evt.gz,GRB250101A,2025-01-01T13:22:50.046640,37.0686667,19.1943889,13434.451782683334,23.298245078279173,576.6293442937555,True,positive,significant_positive,34.216,6.197666,15.068,5.869903,long
Swift/BAT,sw01278865000bevshsp_uf.evt.gz,GRB250103B,2025-01-03T15:44:17.714260,54.664,-33.7495833,-2.72185966227013,595.3848373486842,0.0045715972116301,False,negative,consistent_with_zero,16.384,,16.384,,long
Swift/BAT,sw01280056000bevshsp_uf.evt.gz,GRB250108B,2025-01-08T10:23:06.198080,201.3265833,25.6146944,0.8527326820635966,21.592086581361723,0.0394928335828217,False,positive,consistent_with_zero,218.112,90.47834,47.488,32.35386,long
Swift/BAT,sw01281241000bevshsp_uf.evt.gz,GRB250114A,2025-01-14T07:33:19.475360,166.5766667,-15.1114722,-1.6373649850434655,32.03380974534922,0.0511136514220318,False,negative,consistent_with_zero,294.0,11.69131,247.8,13.31558,long
Swift/BAT,sw01282245000bevshsp_uf.evt.gz,,2025-01-16T21:32:09.664,339.7625,3.017387,2.62732293592555,784.4822813825308,0.0033491169887168,False,positive,consistent_with_zero,,,,,unknown
Swift/BAT,sw01285677000bevshsp_uf.evt.gz,GRB250128B,2025-01-28T16:22:53.718560,231.4252917,-0.5395833,3.571433963781644,15.636796316334804,0.2283993403463844,False,positive,consistent_with_zero,0.484,0.1098363,0.192,0.1374626,short
Swift/BAT,sw01285812000bevshsp_uf.evt.gz,GRB250129A,2025-01-29T04:45:09.019520,198.6765833,5.0306944,14.895995554048692,93.30273614039416,0.1596522907070425,False,positive,consistent_with_zero,272.184,22.67354,132.708,8.692337,long
Swift/BAT,sw01287821000bevshsp_uf.evt.gz,GRB250207A,2025-02-07T01:16:07.335260,16.0890833,-12.1645,18.090887361139536,112.4965876525326,0.1608127654237542,False,positive,consistent_with_zero,41.212,16.49658,10.344,0.8298916,long
Swift/BAT,sw01290305000bevshsp_uf.evt.gz,GRB250221A,2025-02-21T03:34:37.076040,59.462375,-15.1330833,-3.47176793279566,29.48259296223016,0.1177565330581101,False,negative,consistent_with_zero,1.8,0.3084153,0.8799999,0.235185,short
Swift/BAT,sw01291459000bevshsp_uf.evt.gz,GRB250225B,2025-02-25T19:39:13.824460,306.144929241132,-41.4845040533715,10.365874283120126,89.50766658372004,0.1158099040982653,False,positive,consistent_with_zero,110.552,1.824285,66.972,2.928003,long
Swift/BAT,sw01293340000bevshsp_uf.evt.gz,GRB250306A,2025-03-06T16:30:08.708060,354.730006688864,-47.9933965939604,3.98113105599554,634.9355909575293,0.0062701337154398,False,positive,consistent_with_zero,11.392,2.439567,4.032,0.2023858,long
Swift/BAT,sw01294765000bevshsp_uf.evt.gz,GRB250312A,2025-03-12T13:24:17.633320,29.5191667,-42.3958889,2.229788213897636,177.37088258188714,0.0125713317847883,False,positive,consistent_with_zero,222.212,13.46956,181.912,138.4686,long
Swift/BAT,sw01297508000bevshsp_uf.evt.gz,GRB250321A,2025-03-21T00:42:38.895220,295.077345921574,21.0409425585755,-5.191214704754827,26.89091315888181,0.1930471707704064,False,negative,consistent_with_zero,6.208,1.357645,2.624,1.055515,long
Swift/BAT,sw01297832000bevshsp_uf.evt.gz,GRB250322A,2025-03-22T16:06:12.837500,106.733611936176,7.19908023351788,-1.271252797045351,11.601677608742987,0.1095749114841235,False,negative,consistent_with_zero,0.624,0.04866208,0.36,0.04816643,short
Swift/BAT,sw01299088000bevshsp_uf.evt.gz,GRB250327A,2025-03-27T07:30:04.682040,248.197231340375,61.5954132033376,890.130612864154,46.25740572129438,19.24298604697553,True,positive,significant_positive,91.008,12.60495,34.624,9.414583,long
Swift/BAT,sw01299776000bevshsp_uf.evt.gz,GRB250330A,2025-03-30T06:07:38.168640,252.9515,-86.8796944,-4.939418735318719,74.44038560888804,0.0663540186542096,False,negative,consistent_with_zero,11.272,2.532809,2.752,0.3835206,long
Swift/BAT,sw01299965000bevshsp_uf.evt.gz,GRB250331B,2025-03-31T04:19:43.475160,71.3735833,43.8107778,11.867070076538637,23.35660497347961,0.5080819789525561,False,positive,consistent_with_zero,3.952,0.770631,2.116,1.006413,long
Swift/BAT,sw01299967000bevshsp_uf.evt.gz,GRB250331C,2025-03-31T04:37:40.659100,80.9561667,33.0630833,8.088548180260506,19.167591126306043,0.4219908556563269,False,positive,consistent_with_zero,70.1,11.70379,28.568,8.616117,long
Swift/BAT,sw01306404000bevshsp_uf.evt.gz,GRB250424A,2025-04-24T06:52:28.516940,217.5000833,-35.0250833,1.497958497829276,21.67328431686168,0.069115436125381,False,positive,consistent_with_zero,18.632,0.701313,5.7,0.1002397,long
Swift/BAT,sw01308754000bevshsp_uf.evt.gz,GRB250430A,2025-04-30T17:31:00.286960,233.3859583,-18.1176944,0.7673544592437634,33.577356297562666,0.0228533316453941,False,positive,consistent_with_zero,53.836,140.9234,6.948,39.49351,long
Swift/BAT,sw01310284000bevshsp_uf.evt.gz,GRB250504A,2025-05-04T23:25:57.477920,269.616875,-40.3661944,6.9579100836004,68.66716921879232,0.1013280460336234,False,positive,consistent_with_zero,51.376,2.265834,31.008,3.031335,long
Swift/BAT,sw01311764000bevshsp_uf.evt.gz,GRB250509A,2025-05-09T22:33:30.632640,46.4495,-38.8412778,1.1216859439570956,64.67657233603448,0.0173430023182003,False,positive,consistent_with_zero,54.328,11.54252,16.988,2.162606,long
Swift/BAT,sw01314210000bevshsp_uf.evt.gz,GRB250516A,2025-05-16T14:35:28.929340,334.6096667,-9.1193889,6.73080468026508,44.05927431242191,0.1527670345302855,False,positive,consistent_with_zero,30.036,6.009782,11.228,3.186123,long
Swift/BAT,sw01315630000bevshsp_uf.evt.gz,GRB250520A,2025-05-20T02:42:16.844680,282.2860833,-11.8689722,-0.04164663161021,21.439050997542584,0.0019425594731307,False,negative,consistent_with_zero,0.464,0.1475128,0.128,0.03577705,short
Swift/BAT,sw01319125000bevshsp_uf.evt.gz,GRB250530C,2025-05-30T18:58:42.893720,55.1700833,-22.4480833,767.7845768063466,35.10816230691105,21.86911892723044,True,positive,significant_positive,65.328,25.10668,26.8,5.675942,long
Swift/BAT,sw01320335000bevshsp_uf.evt.gz,GRB250603A,2025-06-03T01:10:23.098520,129.9370833,-39.2927778,-0.0783161269125196,23.81500363061152,0.0032885204691656,False,negative,consistent_with_zero,15.712,11.87498,1.936,7.638881,long
Swift/BAT,sw01321323000bevshsp_uf.evt.gz,GRB250605A,2025-06-05T18:52:31.274380,166.9571,-19.78828,-2.8523580608917465,127.86666647607204,0.0223072841382434,False,negative,consistent_with_zero,175.784,5.07888,65.184,3.237866,long
Swift/BAT,sw01323295000bevshsp_uf.evt.gz,,2025-06-12T01:02:41.6,250.903128202456,-38.9020184895632,2.597005958771409,17.320944401329342,0.1499344318992268,False,positive,consistent_with_zero,,,,,unknown
Swift/BAT,sw01324646000bevshsp_uf.evt.gz,,2025-06-15T22:25:55.391999,290.3855833,4.6851944,2.338319310589452,65.45248644766676,0.0357254466178161,False,positive,consistent_with_zero,,,,,unknown
Swift/BAT,sw01325580000bevshsp_uf.evt.gz,,2025-06-17T21:02:25.919999,332.8970833,32.7331944,-2.100269276697724,22.377314164848592,0.0938570760201835,False,negative,consistent_with_zero,,,,,unknown
Swift/BAT,sw01327910000bevshsp_uf.evt.gz,,2025-06-25T16:05:32.351999,261.5086667,22.2675833,9.52075168488362,30.446918484224945,0.3127000090277274,False,positive,consistent_with_zero,,,,,unknown
Swift/BAT,sw01328546000bevshsp_uf.evt.gz,,2025-06-28T00:56:32.575999,38.5522917,-38.079,-0.8001549385070682,23.95964023806854,0.0333959496284812,False,negative,consistent_with_zero,,,,,unknown
Swift/BAT,sw01329888000bevshsp_uf.evt.gz,,2025-07-02T21:07:19.167999,212.9378,16.74758,6.818090711826936,136.3785513559117,0.0499938637273946,False,positive,consistent_with_zero,,,,,unknown
Swift/BAT,sw01330958000bevshsp_uf.evt.gz,,2025-07-06T15:49:06.879999,284.0174583,32.3210833,20.20359398115763,38.09758416202972,0.5303116831563749,False,positive,consistent_with_zero,,,,,unknown
Swift/BAT,sw01334535000bevshsp_uf.evt.gz,,2025-07-18T00:14:38.72,241.99784819253,-11.9933284261445,-81664.09435992423,67.59480590074476,1208.141561643636,True,negative,significant_negative,,,,,unknown
Swift/BAT,sw01336720000bevshsp_uf.evt.gz,,2025-07-25T01:52:12.48,35.480375,-82.7907778,4.581048568284189,63.08999812729861,0.0726113283287925,False,positive,consistent_with_zero,,,,,unknown
Swift/BAT,sw01337165000bevshsp_uf.evt.gz,,2025-07-26T22:49:41.12,251.779059202639,-45.8709496590184,-15367.682133030976,24.105186596274876,637.525956152766,True,negative,significant_negative,,,,,unknown
Swift/BAT,sw01339848000bevshsp_uf.evt.gz,,2025-08-05T06:09:44.96,24.201,-81.4012778,3.3088582231324315,48.29598956797172,0.0685120701062672,False,positive,consistent_with_zero,,,,,unknown
Swift/BAT,sw01340514000bevshsp_uf.evt.gz,,2025-08-07T10:46:44.544,51.4481667,-47.8877778,25.00327619871737,182.8441850339484,0.1367463569819026,False,positive,consistent_with_zero,,,,,unknown
Swift/BAT,sw01340561000bevshsp_uf.evt.gz,,2025-08-07T15:43:44,15.637375,-59.1187778,-2.7791125387035027,23.82794061252276,0.1166325107106797,False,negative,consistent_with_zero,,,,,unknown
Swift/BAT,sw01340954000bevshsp_uf.evt.gz,,2025-08-09T16:53:55.648,233.000375,-53.2962778,-1.3901438880611685,21.3467109219886,0.0651221583100759,False,negative,consistent_with_zero,,,,,unknown
Swift/BAT,sw01342439000bevshsp_uf.evt.gz,,2025-08-14T07:35:36,306.3079583,48.399,63.92808838039279,27.424380370887448,2.331067740303665,True,positive,significant_positive,,,,,unknown
Swift/BAT,sw01343270000bevshsp_uf.evt.gz,,2025-08-18T01:31:58.911999,213.8003,-58.01342,8.369044240661802,318.65256246809616,0.026263853570924,False,positive,consistent_with_zero,,,,,unknown
Swift/BAT,sw01344131000bevshsp_uf.evt.gz,,2025-08-21T10:46:53.503999,358.4402917,-28.6536944,-3.1426876572849203,24.83995604871652,0.1265174403336878,False,negative,consistent_with_zero,,,,,unknown
Swift/BAT,sw01344586000bevshsp_uf.evt.gz,,2025-08-23T20:10:43.712,297.4777917,-24.9957778,2.0899703749236385,43.01638122502942,0.0485854531554033,False,positive,consistent_with_zero,,,,,unknown
Swift/BAT,sw01345836000bevshsp_uf.evt.gz,,2025-08-28T22:34:14.08,124.851735661913,-17.3884002792466,-9.41726620886419,20.05997180131554,0.4694556055281494,False,negative,consistent_with_zero,,,,,unknown
Swift/BAT,sw01347179000bevshsp_uf.evt.gz,,2025-09-04T17:37:39.327999,84.3800833,3.5845833,-0.1794058084535491,71.92824082311827,0.0024942332302375,False,negative,consistent_with_zero,,,,,unknown
Swift/BAT,sw01347265000bevshsp_uf.evt.gz,,2025-09-05T02:10:31.103999,233.0067917,0.7936944,-90889.42789135402,123.51739034124915,735.8431686440927,True,negative,significant_negative,,,,,unknown
Swift/BAT,sw01348587000bevshsp_uf.evt.gz,,2025-09-11T01:28:22.463999,263.762248030132,-16.8437337609845,6.719636595420148,177.38509434137416,0.037881630473913,False,positive,consistent_with_zero,,,,,unknown
Swift/BAT,sw01350381000bevshsp_uf.evt.gz,,2025-09-17T06:28:20.48,291.377759295369,11.1132662687865,9.629738879815894,28.61252411320668,0.3365567763862921,False,positive,consistent_with_zero,,,,,unknown
Swift/BAT,sw01351008000bevshsp_uf.evt.gz,,2025-09-20T08:47:06.944,187.316875,47.8372778,11.23078358176197,134.47124064438336,0.0835181078715738,False,positive,consistent_with_zero,,,,,unknown
Swift/BAT,sw01351039000bevshsp_uf.evt.gz,,2025-09-20T15:25:53.792,51.46442,-29.65664,4.680093855431463,65.39106703163968,0.0715708439681368,False,positive,consistent_with_zero,,,,,unknown
Swift/BAT,sw01351790000bevshsp_uf.evt.gz,,2025-09-24T08:19:05.664,51.8732917,74.6593889,4.945390417748602,35.55126817733789,0.1391058792355833,False,positive,consistent_with_zero,,,,,unknown
Swift/BAT,sw01352124000bevshsp_uf.evt.gz,,2025-09-25T17:05:02.911999,341.201363225776,46.5737856026786,-0.7047129897189441,54.28505722467884,0.0129817122012458,False,negative,consistent_with_zero,,,,,unknown
Swift/BAT,sw01400467000bevshsp_uf.evt.gz,,2025-10-01T14:17:56.991999,42.6506667,-23.0199722,-11.696869410186656,29.6026599478385,0.3951289995830502,False,negative,consistent_with_zero,,,,,unknown
Swift/BAT,sw01400964000bevshsp_uf.evt.gz,,2025-10-03T01:59:06.496,18.5285833,56.4906944,-0.4709879158922561,23.72054313475331,0.0198556969465933,False,negative,consistent_with_zero,,,,,unknown
Swift/BAT,sw01401726000bevshsp_uf.evt.gz,,2025-10-05T16:07:30.368,75.683375,16.8800833,12.435205143575844,22.714050428354984,0.5474675326093497,False,positive,consistent_with_zero,,,,,unknown
Swift/BAT,sw01402466000bevshsp_uf.evt.gz,,2025-10-07T19:37:34.527999,128.1765833,21.8126944,28.813125910515744,267.4720092657747,0.1077238922667435,False,positive,consistent_with_zero,,,,,unknown
Swift/BAT,sw01403191000bevshsp_uf.evt.gz,,2025-10-11T07:08:58.815999,13.23585,-62.03265,-4.403828446908517,79.01012068391448,0.0557375233550944,False,negative,consistent_with_zero,,,,,unknown
Swift/BAT,sw01403878000bevshsp_uf.evt.gz,,2025-10-14T00:29:06.687999,111.732320098319,6.41506468241977,15.135906297031504,25.821089529339115,0.5861838742255004,False,positive,consistent_with_zero,,,,,unknown
Swift/BAT,sw01404126000bevshsp_uf.evt.gz,,2025-10-14T21:55:17.055999,323.917918787263,-41.839344253606,-6.376703823780989,19.88269869205602,0.3207162127507747,False,negative,consistent_with_zero,,,,,unknown
Swift/BAT,sw01404295000bevshsp_uf.evt.gz,,2025-10-15T14:18:00.32,245.006810620226,-54.853005620314,-219964.5388213017,51.9096704791559,4237.448182408083,True,negative,significant_negative,,,,,unknown
Swift/BAT,sw01404904000bevshsp_uf.evt.gz,,2025-10-17T08:41:21.151999,335.400875,7.0398889,11.42277335571785,33.06761481789916,0.3454368698384263,False,positive,consistent_with_zero,,,,,unknown
Swift/BAT,sw01405083000bevshsp_uf.evt.gz,,2025-10-18T03:12:38.911999,282.045375,-37.0276944,1.9022845640787465,57.58561852806508,0.033034021561332,False,positive,consistent_with_zero,,,,,unknown
Swift/BAT,sw01406589000bevshsp_uf.evt.gz,,2025-10-24T17:47:38.815999,306.597375,-68.5722778,0.2610039419241777,29.77871684004172,0.0087647813479061,False,positive,consistent_with_zero,,,,,unknown
Swift/BAT,sw01409824000bevshsp_uf.evt.gz,,2025-11-03T16:47:12.96,105.8735,-24.8716944,5.289142492254808,89.34006933369118,0.0592023549086301,False,positive,consistent_with_zero,,,,,unknown
Swift/BAT,sw01413695000bevshsp_uf.evt.gz,,2025-11-12T21:29:32.544,274.018999550852,24.2255822810423,2.621969702014699,27.269065214095107,0.0961517999032628,False,positive,consistent_with_zero,,,,,unknown
Swift/BAT,sw01417793000bevshsp_uf.evt.gz,,2025-11-26T19:11:13.407999,99.9426667,54.9856944,18.487187788504485,51.76132331107512,0.3571621938140996,False,positive,consistent_with_zero,,,,,unknown
Swift/BAT,sw01418333000bevshsp_uf.evt.gz,,2025-11-29T11:05:45.151999,174.520294263025,-20.9275176998862,-3.579654095491831,471.9323794072222,0.00758509958564,False,negative,consistent_with_zero,,,,,unknown
Swift/BAT,sw01418729000bevshsp_uf.evt.gz,,2025-12-01T16:27:07.136,6.3940833,-44.2335833,-3.819533583320615,84.63064023705586,0.045131805367676,False,negative,consistent_with_zero,,,,,unknown
Swift/BAT,sw01420873000bevshsp_uf.evt.gz,,2025-12-05T23:40:24.064,200.2721667,29.9287778,-5.732280737148452,26.9595572562832,0.2126251808461166,False,negative,consistent_with_zero,,,,,unknown
Swift/BAT,sw01423875000bevshsp_uf.evt.gz,,2025-12-14T09:02:54.399999,330.2105,-9.1628889,-2.458564363129837,32.1386800444006,0.0764986103888912,False,negative,consistent_with_zero,,,,,unknown
Swift/BAT,sw01426088000bevshsp_uf.evt.gz,,2025-12-21T05:25:08.863999,101.4279583,0.7325,7.881660243948797,29.302957916240903,0.2689714897205124,False,positive,consistent_with_zero,,,,,unknown
Swift/BAT,sw01429020000bevshsp_uf.evt.gz,,2025-12-30T01:22:18.175999,179.8975833,11.4386944,14.12634902160158,140.17045842492146,0.1007797875553641,False,positive,consistent_with_zero,,,,,unknown
Swift/BAT,sw01429608000bevshsp_uf.evt.gz,,2026-01-01T00:57:07.264,86.4287917,63.5921944,13.32676035269096,168.23435692868367,0.0792154503752186,False,positive,consistent_with_zero,,,,,unknown
Swift/BAT,sw01430212000bevshsp_uf.evt.gz,,2026-01-04T05:37:39.84,337.3987917,-21.2955,-1.5948661310846268,26.24658456316499,0.0607647112044778,False,negative,consistent_with_zero,,,,,unknown
Swift/BAT,sw01434591000bevshsp_uf.evt.gz,,2026-01-09T12:47:52.064,123.727972756729,-35.2579746928706,117630.3904555138,29.47229508915721,3991.219214508671,True,positive,significant_positive,,,,,unknown
Swift/BAT,sw01436759000bevshsp_uf.evt.gz,,2026-01-11T09:02:00.256,338.484314041498,4.42650242969447,-28368.15934554865,41.23061923067602,688.0362185887919,True,negative,significant_negative,,,,,unknown
Swift/BAT,sw01439093000bevshsp_uf.evt.gz,,2026-01-13T10:14:43.583999,357.371763869581,9.04130343843944,-15.37276536217741,41.39420620478138,0.3713748075304733,False,negative,consistent_with_zero,,,,,unknown
Swift/BAT,sw01440319000bevshsp_uf.evt.gz,,2026-01-14T11:41:03.039999,74.5982917,-8.0146944,-11.097037140309864,23.002084184012823,0.482436158894795,False,negative,consistent_with_zero,,,,,unknown
Swift/BAT,sw01441823000bevshsp_uf.evt.gz,,2026-01-17T06:29:36,170.2403,-61.917,0.8000515090573097,175.41166918672872,0.004560993648636,False,positive,consistent_with_zero,,,,,unknown
Swift/BAT,sw01442056000bevshsp_uf.evt.gz,,2026-01-18T11:28:32,170.2387,-61.91612,0.976665187292954,94.12314660371293,0.0103764612907068,False,positive,consistent_with_zero,,,,,unknown
Swift/BAT,sw01442421000bevshsp_uf.evt.gz,,2026-01-20T14:23:28,210.355689448837,-64.169252726988,9468.265519264502,21.163327354282156,447.3902123594336,True,positive,significant_positive,,,,,unknown
Swift/BAT,sw01442454000bevshsp_uf.evt.gz,,2026-01-20T18:01:03.231999,284.66,61.9051944,-14.10663605815261,41.60977521391303,0.3390221645185861,False,negative,consistent_with_zero,,,,,unknown
Swift/BAT,sw01443066000bevshsp_uf.evt.gz,,2026-01-22T23:13:47.136,336.078646777855,-59.1675773421642,-1.945587966124689,232.92025025307709,0.0083530219635722,False,negative,consistent_with_zero,,,,,unknown
Swift/BAT,sw01444088000bevshsp_uf.evt.gz,,2026-01-27T17:51:12,231.8791667,6.7625833,3.9116315116887015,38.00162660842675,0.102933265251896,False,positive,consistent_with_zero,,,,,unknown
Swift/BAT,sw01500106000bevshsp_uf.evt.gz,,2026-03-12T02:57:37.6,351.609130777824,-3.53339619060139,2.255724116388812,32.3283188738534,0.0697754846204886,False,positive,consistent_with_zero,,,,,unknown
Swift/BAT,sw01500148000bevshsp_uf.evt.gz,,2026-03-12T10:34:40,351.952843219412,-3.406619250246,1.6364717999158027,55.6703140819547,0.0293957709221234,False,positive,consistent_with_zero,,,,,unknown
Swift/BAT,sw01500287000bevshsp_uf.evt.gz,,2026-03-13T11:10:24,352.882977707216,-2.98881362933404,5.984185521429583,25.38746163451556,0.2357142122981596,False,positive,consistent_with_zero,,,,,unknown
Swift/BAT,sw01500295000bevshsp_uf.evt.gz,,2026-03-13T12:39:44,353.407284579112,-2.8926199852004,-2.328309409339416,39.89622964982338,0.0583591339275771,False,negative,consistent_with_zero,,,,,unknown
