instrument,filename,grb_name,grb_time_utc,ra,dec,lag_ms,lag_error,lag_significance,lag_type,lag_class,t90_s,duration_class,lag_observed_ms,lag_model_ms,torus_radius_units,n_diffusive_windings,transport_product_ms
Swift/BAT,sw00060054000bevshsp_uf.evt.gz,,2004-11-27T11:08:17,7.33736862776623,-59.9701887811539,-101311.99997087863,9.595609539729937,10558.161996004896,negative,significant_negative,,unknown,101311.99997087863,101311.9999708786,20.600357111111823,3.278648663691724,101311.99997087863
Swift/BAT,sw00060062000bevshsp_uf.evt.gz,,2004-11-28T09:37:37.000499,87.6167881174172,-32.2893261556581,9919.99998689543,7.73426532276837,1282.6040448460728,positive,significant_positive,,unknown,9919.99998689543,9919.999986895431,6.446146040588028,1.0259360062518341,9919.99998689543
Swift/BAT,sw00060070000bevshsp_uf.evt.gz,,2004-11-29T08:03:22,323.828026427095,27.4983040441912,-45884.307864226685,19.41664284490177,2363.143218461916,negative,significant_negative,,unknown,45884.307864226685,45884.30786422669,13.863612059455354,2.206462388370731,45884.307864226685
Swift/BAT,sw00060078000bevshsp_uf.evt.gz,,2004-11-30T09:48:02,7.0883661469159,-59.9145742329356,-9742.170255277584,29.921710818015505,325.58867755021345,negative,significant_negative,,unknown,9742.170255277584,9742.170255277584,6.388106710025129,1.0166987598990043,9742.170255277584
Swift/BAT,sw00104039000bevshsp_uf.evt.gz,,2005-01-29T17:04:13.695999,256.588498803374,-43.0129976612919,-16505.032617282683,24.885129263757737,663.2488199014631,negative,significant_negative,,unknown,16505.032617282683,16505.032617282686,8.314813224417827,1.3233436255519582,16505.032617282683
Swift/BAT,sw00105362000bevshsp_uf.evt.gz,,2005-02-08T18:13:36.64,135.537122147072,-40.5633487853873,19268.22310717133,19.412969436063488,992.5438336793924,positive,significant_positive,,unknown,19268.22310717133,19268.223107171325,8.983904730959587,1.4298328461988823,19268.22310717133
Swift/BAT,sw00105363000bevshsp_uf.evt.gz,,2005-02-08T19:50:45.247999,135.558533789938,-40.5359117304603,-128122.05363950985,55.33408983050933,2315.427145037592,negative,significant_negative,,unknown,128122.05363950985,128122.05363950988,23.16627728622567,3.6870275431403146,128122.05363950985
Swift/BAT,sw00106276000bevshsp_uf.evt.gz,,2005-02-17T14:57:13.983999,256.576671503789,-43.0358919108633,-121212.51493386348,35.532791720502914,3411.285999909829,negative,significant_negative,,unknown,121212.51493386348,121212.51493386348,22.532949102425352,3.5862302320890813,121212.51493386348
Swift/BAT,sw00107523000bevshsp_uf.evt.gz,,2005-03-05T22:23:20.895999,84.8613357940223,3.63847157427012,101430.40120413722,37.20444446923764,2726.297963889894,positive,significant_positive,,unknown,101430.40120413722,101430.40120413722,20.612391201203312,3.2805639486153972,101430.40120413722
Swift/BAT,sw00107873000bevshsp_uf.evt.gz,,2005-03-09T10:43:20.959999,182.621936600974,77.5908875907898,177149.8584559407,79.39915141584498,2231.130374783684,positive,significant_positive,,unknown,177149.8584559407,177149.8584559407,27.24047708612204,4.335456580437833,177149.8584559407
Swift/BAT,sw00112189000bevshsp_uf.evt.gz,,2005-03-23T15:18:25.088,135.646788584126,-40.581787758314,29622.8116896018,22.062253020580123,1342.692047905036,positive,significant_positive,,unknown,29622.8116896018,29622.811689601796,11.13928828263439,1.7728727927068928,29622.8116896018
Swift/BAT,sw00113120000bevshsp_uf.evt.gz,GRB050401,2005-04-01T14:20:15.326620,247.8689,2.187158,-27905.84235195139,113.3218438388938,246.2529853610948,negative,significant_negative,32.092,long,27905.84235195139,27905.842351951385,10.811647381420057,1.7207271237195485,27905.84235195139
Swift/BAT,sw00113225000bevshsp_uf.evt.gz,,2005-04-02T06:09:54.047999,136.450075815848,16.5917585763815,10492.888615933942,19.58001278641578,535.897945031665,positive,significant_positive,,unknown,10492.888615933942,10492.888615933942,6.6296688495232345,1.0551445684639817,10492.888615933942
Swift/BAT,sw00115135000bevshsp_uf.evt.gz,GRB050421,2005-04-21T04:11:51.617220,307.2531,73.65281,-1469.3290233012822,30.2385297779386,48.59128516139941,negative,significant_negative,8.408,long,1469.3290233012822,1469.3290233012822,2.4808690050892985,0.3948425653234343,1469.3290233012822
Swift/BAT,sw00131177000bevshsp_uf.evt.gz,,2005-06-01T10:07:46.879999,134.906947573277,-40.9701915043352,-50752.98189857391,21.95041712473549,2312.164803528101,negative,significant_negative,,unknown,50752.98189857391,50752.98189857392,14.580589612236105,2.320572909981718,50752.98189857391
Swift/BAT,sw00147029000bevshsp_uf.evt.gz,,2005-07-21T11:14:30.4,262.943847888148,-33.7749882945236,7237.229902303451,30.17550568947368,239.83789954605675,positive,significant_positive,,unknown,7237.229902303451,7237.22990230345,5.505927508109407,0.8762955792212538,7237.229902303451
Swift/BAT,sw00147918000bevshsp_uf.evt.gz,,2005-07-27T06:31:44,238.256113857521,-21.7678288860753,-222784.07714390635,52.262044899170746,4262.827403208658,negative,significant_negative,,unknown,222784.07714390635,222784.07714390635,30.54825297988038,4.861905464569684,222784.07714390635
Swift/BAT,sw00148225000bevshsp_uf.evt.gz,GRB050730,2005-07-30T19:58:23.199020,212.065218990972,-3.76180048165143,4678.674468601373,57.66979421517043,81.12868326085713,positive,significant_positive,154.6,long,4678.674468601373,4678.674468601371,4.426961236046866,0.7045727635930656,4678.674468601373
Swift/BAT,sw00155535000bevshsp_uf.evt.gz,,2005-09-17T13:18:59.52,121.938047801988,-21.2422231183282,5628.721729117399,19.37794955417939,290.4704501051511,positive,significant_positive,,unknown,5628.721729117399,5628.721729117399,4.855670339345051,0.7728039365314657,5628.721729117399
Swift/BAT,sw00158261000bevshsp_uf.evt.gz,,2005-10-04T11:01:44,244.443493711151,-15.3465557326457,83464.31771118465,31.102241937728145,2683.5466677384247,positive,significant_positive,,unknown,83464.31771118465,83464.31771118462,18.697981615077854,2.975876199881021,83464.31771118465
Swift/BAT,sw00158262000bevshsp_uf.evt.gz,,2005-10-04T11:16:48,239.578782669113,-10.8689914897555,83196.33217694786,22.03617826844751,3775.44287232748,positive,significant_positive,,unknown,83196.33217694786,83196.33217694786,18.667939931790922,2.971094917487105,83196.33217694786
Swift/BAT,sw00160640000bevshsp_uf.evt.gz,,2005-10-21T14:45:03.615999,248.554746508044,-23.8229871544646,309.36465814784606,132.18612186438136,2.340371695488911,positive,significant_positive,,unknown,309.36465814784606,309.3646581478461,1.1383600703454018,0.1811756322139084,309.36465814784606
Swift/BAT,sw00173321000bevshsp_uf.evt.gz,,2005-12-18T19:06:48,246.657378485672,-51.93739381185,-4346.668402247386,23.28408404535663,186.6798107144872,negative,significant_negative,,unknown,4346.668402247386,4346.668402247386,4.26699918289052,0.6791140121261046,4346.668402247386
Swift/BAT,sw00201721000bevshsp_uf.evt.gz,,2006-03-15T18:50:24,255.200967013278,-46.1725011399409,50.04089340472086,24.29623774777164,2.0596149051640897,positive,significant_positive,,unknown,50.04089340472086,50.04089340472087,0.457832725056275,0.07286634130193881,50.04089340472086
Swift/BAT,sw00202505000bevshsp_uf.evt.gz,GRB060323,2006-03-23T14:32:36.031580,174.408567159494,49.9749559287599,1005.4123064060988,110.95384109947648,9.061536729536828,positive,significant_positive,23.872,long,1005.4123064060988,1005.4123064060987,2.0521844997089222,0.32661530726524324,1005.4123064060988
Swift/BAT,sw00207399000bevshsp_uf.evt.gz,GRB060428B,2006-04-28T08:54:38.839960,235.3569,62.02388,10559.131034445836,22.767830290676823,463.7741453461942,positive,significant_positive,96.0,long,10559.131034445836,10559.131034445836,6.650562731689907,1.058469933091187,10559.131034445836
Swift/BAT,sw00209755000bevshsp_uf.evt.gz,GRB060512,2006-05-12T23:13:20.730480,195.7746,41.19186,-18241.032494560342,23.72128995794421,768.9730418075961,negative,significant_negative,8.4,long,18241.032494560342,18241.03249456034,8.741158861295487,1.3911986411266999,18241.032494560342
Swift/BAT,sw00211117000bevshsp_uf.evt.gz,GRB060522,2006-05-22T02:11:18.792140,322.950749367837,2.87593922853813,135169.6562669693,40.34779496512768,3350.11259930798,positive,significant_positive,69.124,long,135169.6562669693,135169.6562669693,23.794901389907555,3.7870761765879983,135169.6562669693
Swift/BAT,sw00219136000bevshsp_uf.evt.gz,,2006-07-14T17:26:14.4,278.7532,-42.72778,-15876.62499559249,22.21752493437619,714.5991753126062,negative,significant_negative,,unknown,15876.62499559249,15876.62499559249,8.15498934803747,1.2979068656019161,15876.62499559249
Swift/BAT,sw00221627000bevshsp_uf.evt.gz,GRB060728,2006-07-28T22:24:30.654180,16.6935998159746,-41.3863114891152,13241.386116574644,21.25400256665537,623.0067054451463,positive,significant_positive,,unknown,13241.386116574644,13241.386116574644,7.447508876322496,1.1853078513874924,13241.386116574644
Swift/BAT,sw00223918000bevshsp_uf.evt.gz,,2006-08-11T02:59:56.863999,192.4162,-59.08781,-58228.60418387269,30.65001262015088,1899.7905451298325,negative,significant_negative,,unknown,58228.60418387269,58228.60418387268,15.617535235874762,2.4856079317013178,58228.60418387269
Swift/BAT,sw00231702000bevshsp_uf.evt.gz,GRB060929,2006-09-29T19:55:01.052660,263.164465019978,29.8148078195528,50683.18270393332,36.896650940192536,1373.6526598603218,positive,significant_positive,552.96,long,50683.18270393332,50683.18270393331,14.570560018668976,2.3189766505883065,50683.18270393332
Swift/BAT,sw00250908000bevshsp_uf.evt.gz,,2006-12-14T12:16:55.039999,7.7766114981453,-29.6401990420507,-4556.291992247452,20.222468537891867,225.30839811717823,negative,significant_negative,,unknown,4556.291992247452,4556.291992247452,4.3686784348670935,0.6952967676880627,4556.291992247452
Swift/BAT,sw00257741000bevshsp_uf.evt.gz,GRB070126,2007-01-26T02:33:26.277220,33.127,-73.5477,-17217.83721466103,22.0940296954353,779.2981838083749,negative,significant_negative,,unknown,17217.83721466103,17217.837214661027,8.492461826371592,1.3516172786862644,17217.83721466103
Swift/BAT,sw00276205000bevshsp_uf.evt.gz,GRB070419A,2007-04-19T09:59:26.099880,182.746,39.92489,2750.8604149626403,18.27067317720613,150.56152492479146,positive,significant_positive,160.0,long,2750.8604149626403,2750.86041496264,3.394521639484735,0.5402548983564003,2750.8604149626403
Swift/BAT,sw00285653000bevshsp_uf.evt.gz,GRB070721A,2007-07-21T10:00:56.330340,3.163347,-28.54926,1426.793423585967,33.24290136013933,42.92024357707829,positive,significant_positive,3.348,long,1426.793423585967,1426.793423585967,2.4446959559361443,0.3890854457440037,1426.793423585967
Swift/BAT,sw00287221000bevshsp_uf.evt.gz,,2007-08-07T21:01:04,255.635308504856,-37.8081933884638,105597.59126187034,25.76355015024665,4098.7205042026935,positive,significant_positive,,unknown,105597.59126187034,105597.59126187036,21.031551438891984,3.3472753723911235,105597.59126187034
Swift/BAT,sw00287421000bevshsp_uf.evt.gz,,2007-08-10T19:54:08,244.46,-15.4130833,97847.45395975043,36.50477903087503,2680.401212043853,positive,significant_positive,,unknown,97847.45395975043,97847.45395975042,20.245060056959325,3.2221013812573647,97847.45395975043
Swift/BAT,sw00292004000bevshsp_uf.evt.gz,GRB070923,2007-09-23T19:15:23.687760,184.626373075231,-38.2677479658261,209925.06494321732,103.27968332116396,2032.5881934632127,positive,significant_positive,0.03999999,short,209925.06494321732,209925.0649432173,29.653533613606584,4.719506454747162,209925.06494321732
Swift/BAT,sw00292421000bevshsp_uf.evt.gz,,2007-09-27T15:09:46.495999,272.596794303661,-26.1768473691333,-139968.07714198396,76.0507639122056,1840.4559000033937,negative,significant_negative,,unknown,139968.07714198396,139968.07714198393,24.213568727371193,3.853709152856459,139968.07714198396
Swift/BAT,sw00292886000bevshsp_uf.evt.gz,,2007-10-02T15:11:44,188.133865750616,-61.1386757374294,-192.41618689499225,17.43173203937448,11.038271266467728,negative,significant_negative,,unknown,192.41618689499225,192.41618689499228,0.8977700367622496,0.14288453911050464,192.41618689499225
Swift/BAT,sw00296491000bevshsp_uf.evt.gz,,2007-11-12T14:51:41.631999,297.6216667,-50.4922778,-3517.822131678889,84.4748267080433,41.64343708969028,negative,significant_negative,,unknown,3517.822131678889,3517.822131678889,3.8386741053855187,0.6109439587909645,3517.822131678889
Swift/BAT,sw00300172000bevshsp_uf.evt.gz,,2008-01-02T15:40:43.199999,37.824638567365,-46.3287972393259,-5121.366841852499,19.625219674600043,260.9584466705783,negative,significant_negative,,unknown,5121.366841852499,5121.366841852499,4.631666143222065,0.7371525614451662,5121.366841852499
Swift/BAT,sw00302777000bevshsp_uf.evt.gz,,2008-02-08T13:17:44,241.9445,-19.74182,-58499.643972941245,19.910712545813208,2938.098967494885,negative,significant_negative,,unknown,58499.643972941245,58499.643972941245,15.653840923471387,2.491386161344671,58499.643972941245
Swift/BAT,sw00302778000bevshsp_uf.evt.gz,,2008-02-08T13:32:48,242.006365844815,-19.822164576864,148479.88708643662,21.593988744038487,6875.982424850891,positive,significant_positive,,unknown,148479.88708643662,148479.88708643665,24.938947384271355,3.9691567517154795,148479.88708643662
Swift/BAT,sw00302888000bevshsp_uf.evt.gz,GRB080210,2008-02-10T07:50:05.435780,251.2665833,13.8266944,-177856.213312262,105.63017294868628,1683.7633447657252,negative,significant_negative,42.264,long,177856.213312262,177856.21331226203,27.294731436356027,4.344091428461811,177856.213312262
Swift/BAT,sw00303105000bevshsp_uf.evt.gz,GRB080212,2008-02-12T17:34:33.462080,231.1466,-22.74105,1533.1560309261176,31.50784283329641,48.659504842582585,positive,significant_positive,126.312,long,1533.1560309261176,1533.1560309261176,2.5341801366028625,0.40332729542564016,1533.1560309261176
Swift/BAT,sw00303436000bevshsp_uf.evt.gz,,2008-02-16T22:44:00,267.302893633731,-26.6213280868123,-13564.354341213391,18.91757946702956,717.0237801751531,negative,significant_negative,,unknown,13564.354341213391,13564.354341213391,7.5377871155085305,1.199676079407582,13564.354341213391
Swift/BAT,sw00306618000bevshsp_uf.evt.gz,,2008-03-18T00:02:16,244.3074,-14.86325,-5894.007181850871,20.219012192636903,291.5081669517601,negative,significant_negative,,unknown,5894.007181850871,5894.007181850871,4.968778476675889,0.7908056556915856,5894.007181850871
Swift/BAT,sw00306737000bevshsp_uf.evt.gz,,2008-03-18T22:32:55.168,272.585,-19.0700833,82427.95647053384,21.72891714361849,3793.4682122317295,positive,significant_positive,,unknown,82427.95647053384,82427.95647053384,18.581534292526307,2.957343032887126,82427.95647053384
Swift/BAT,sw00306793000bevshsp_uf.evt.gz,GRB080319D,2008-03-19T17:05:09.345180,99.4720833,23.9431944,-192273.02445940085,59.35982327724422,3239.110459634898,negative,significant_negative,26.94,long,192273.02445940085,192273.02445940085,28.379417920390694,4.516724644100895,192273.02445940085
Swift/BAT,sw00306829000bevshsp_uf.evt.gz,,2008-03-19T22:44:48,252.0263,-45.20261,-30014.187246098343,25.69061879714868,1168.2936671587502,negative,significant_negative,,unknown,30014.187246098343,30014.187246098343,11.212632765817373,1.7845459297539852,30014.187246098343
Swift/BAT,sw00308224000bevshsp_uf.evt.gz,,2008-03-31T20:50:48,268.6045,-26.33176,47551.66785662987,19.65083403861835,2419.8294974747664,positive,significant_positive,,unknown,47551.66785662987,47551.667856629865,14.113254781910056,2.246194261656315,47551.66785662987
Swift/BAT,sw00308797000bevshsp_uf.evt.gz,,2008-04-08T21:28:16,264.7964,-30.34278,-3137.3443405914363,17.461403177780124,179.6730943469509,negative,significant_negative,,unknown,3137.3443405914363,3137.344340591436,3.6251451340479357,0.5769597675092605,3137.3443405914363
Swift/BAT,sw00310319000bevshsp_uf.evt.gz,,2008-04-27T18:35:47.328,267.545651000519,-29.0098729599755,26099.56091004239,28.15304924432209,927.0598251557476,positive,significant_positive,,unknown,26099.56091004239,26099.560910042394,10.455887580172778,1.6641061927976537,26099.56091004239
Swift/BAT,sw00314975000bevshsp_uf.evt.gz,,2008-06-21T15:50:38.208,234.221689916356,-73.2694142137366,5686.127295209293,27.54617561265804,206.42165994891863,positive,significant_positive,,unknown,5686.127295209293,5686.127295209293,4.880368256324641,0.7767347321028408,5686.127295209293
Swift/BAT,sw00317393000bevshsp_uf.evt.gz,,2008-07-20T00:23:44,162.521270856645,-10.4954986010427,693.5854852747512,23.30438951733484,29.762010489862075,positive,significant_positive,,unknown,693.5854852747512,693.5854852747511,1.7044893918417015,0.2712779121593053,693.5854852747512
Swift/BAT,sw00321252000bevshsp_uf.evt.gz,,2008-08-22T17:29:32.8,75.2659467744855,45.2898284963173,30326.51090582373,46.941142130354045,646.0539631014512,positive,significant_positive,,unknown,30326.51090582373,30326.510905823732,11.27082037065901,1.7938067746912094,30326.51090582373
Swift/BAT,sw00325461000bevshsp_uf.evt.gz,,2008-09-21T07:55:12,130.1975,-45.05917,107537.96142457092,207.2264212194977,518.939432489957,positive,significant_positive,,unknown,107537.96142457092,107537.96142457092,21.223900665474748,3.3778887026016733,107537.96142457092
Swift/BAT,sw00325895000bevshsp_uf.evt.gz,,2008-09-25T13:55:04,299.5914,35.20061,19902.0388741612,22.633046118983543,879.3354093626971,positive,significant_positive,,unknown,19902.0388741612,19902.0388741612,9.130469072909912,1.4531592857012876,19902.0388741612
Swift/BAT,sw00330083000bevshsp_uf.evt.gz,,2008-10-02T01:20:24,266.463945081986,-32.2565297314636,-9226.099162138473,23.52374050003793,392.2037467690818,negative,significant_negative,,unknown,9226.099162138473,9226.099162138473,6.216606292725442,0.9894036207434361,9226.099162138473
Swift/BAT,sw00340919000bevshsp_uf.evt.gz,,2009-01-23T14:05:44,170.2408,-61.91682,44289.34076020638,35.51907844417307,1246.9169443632366,positive,significant_positive,,unknown,44289.34076020638,44289.34076020638,13.620527036528328,2.167774205380288,44289.34076020638
Swift/BAT,sw00340973000bevshsp_uf.evt.gz,,2009-01-24T01:06:24,170.2311,-61.9204,24005.55635884573,29.380335174342704,817.0620320155276,positive,significant_positive,,unknown,24005.55635884573,24005.556358845737,10.027673675204069,1.5959538331212006,24005.55635884573
Swift/BAT,sw00341001000bevshsp_uf.evt.gz,,2009-01-24T10:49:44,170.244020331404,-61.8794774044985,-37178.63459837387,93.36063102165186,398.226042299902,negative,significant_negative,,unknown,37178.63459837387,37178.63459837387,12.479322915647343,1.9861459284652383,37178.63459837387
Swift/BAT,sw00341076000bevshsp_uf.evt.gz,,2009-01-25T11:59:20,170.2375,-61.91708,12471.153193016704,22.03583695407526,565.9486961628801,positive,significant_positive,,unknown,12471.153193016704,12471.153193016702,7.2276582886367065,1.1503175436156408,12471.153193016704
Swift/BAT,sw00345368000bevshsp_uf.evt.gz,,2009-03-06T11:31:10.272,272.143309592095,58.3426900000616,-197189.8342906644,95.71198512283831,2060.241818593437,negative,significant_negative,,unknown,197189.8342906644,197189.83429066444,28.73998688865718,4.574110977726052,197189.8342906644
Swift/BAT,sw00345377000bevshsp_uf.evt.gz,,2009-03-06T12:14:51.52,322.395897894395,-47.6152735018818,1089.8215108586496,21.620215226148503,50.40752367444374,positive,significant_positive,,unknown,1089.8215108586496,1089.8215108586494,2.1365939412181754,0.3400494871250671,1089.8215108586496
Swift/BAT,sw00345551000bevshsp_uf.evt.gz,GRB090307A,2009-03-07T03:46:37.877980,244.9936667,-28.6337778,-17475.315470095466,24.31689394370309,718.6491626172814,negative,significant_negative,22.0,long,17475.315470095466,17475.315470095466,8.555724999477716,1.3616859254017821,17475.315470095466
Swift/BAT,sw00345777000bevshsp_uf.evt.gz,GRB090308A,2009-03-08T18:01:23.441660,183.5015833,-48.8167778,-11645.36447085673,22.834106959939607,509.9986827287565,negative,significant_negative,25.096,long,11645.36447085673,11645.364470856728,6.984267221884635,1.111580652237639,11645.36447085673
Swift/BAT,sw00345945000bevshsp_uf.evt.gz,GRB090309A,2009-03-09T23:29:13.262340,284.973,-25.2609722,307.9885262156712,35.15953096513667,8.759745018244557,positive,significant_positive,3.0,long,307.9885262156712,307.9885262156712,1.1358253923023556,0.1807722256742111,307.9885262156712
Swift/BAT,sw00346180000bevshsp_uf.evt.gz,,2009-03-11T18:08:05.439999,186.010124432556,-53.6461949431819,128826.20883875153,26.308710060139337,4896.71323847754,positive,significant_positive,,unknown,128826.20883875153,128826.20883875153,23.22985066037938,3.6971455598859078,128826.20883875153
Swift/BAT,sw00347398000bevshsp_uf.evt.gz,,2009-03-23T23:57:28.703999,186.092886778897,31.3423442002062,-17534.14963694378,100.00220180206227,175.33763578175723,negative,significant_negative,,unknown,17534.14963694378,17534.149636943785,8.570115182918428,1.3639761942283708,17534.14963694378
Swift/BAT,sw00348650000bevshsp_uf.evt.gz,GRB090407,2009-04-07T10:28:25.633160,68.9806667,-12.6791944,375.38586311289913,35.445888238571385,10.59039233510907,positive,significant_positive,315.472,long,375.38586311289913,375.3858631128991,1.2539587817877416,0.19957373855501043,375.38586311289913
Swift/BAT,sw00349121000bevshsp_uf.evt.gz,,2009-04-13T06:18:55.36,50.4106186132921,-35.975897766024,6074.429631018371,57.23607588869998,106.1293866971344,positive,significant_positive,,unknown,6074.429631018371,6074.429631018373,5.044255280819357,0.8028181621597973,6074.429631018371
Swift/BAT,sw00349271000bevshsp_uf.evt.gz,,2009-04-14T20:05:36.96,261.050608210261,-41.4701730252255,-172355.6329372146,25.76379987246826,6689.837438203262,negative,significant_negative,,unknown,172355.6329372146,172355.63293721454,26.869342883426885,4.276388737528429,172355.6329372146
Swift/BAT,sw00349441000bevshsp_uf.evt.gz,,2009-04-17T10:50:43.136,240.258829828141,-46.8833363262028,-216834.1726102974,43.85276543879417,4944.595179816776,negative,significant_negative,,unknown,216834.1726102974,216834.17261029736,30.137565566796784,4.796542532711807,216834.1726102974
Swift/BAT,sw00349450000bevshsp_uf.evt.gz,GRB090417B,2009-04-17T15:20:03.333200,209.6932,47.01702,15998.623927455666,18.40923130220204,869.0544251862368,positive,significant_positive,266.94,long,15998.623927455666,15998.62392745567,8.186261613055589,1.3028840011612295,15998.623927455666
Swift/BAT,sw00349719000bevshsp_uf.evt.gz,,2009-04-21T07:42:27.199999,328.590859553953,-83.9240781015934,31609.62722835469,25.590643017690425,1235.2025389320395,positive,significant_positive,,unknown,31609.62722835469,31609.627228354686,11.506784820751681,1.8313616833174189,31609.62722835469
Swift/BAT,sw00350853000bevshsp_uf.evt.gz,GRB090429A,2009-04-29T04:53:39.877600,90.5547917,-52.3855,324.9399615054546,44.29178599978151,7.336348132519594,positive,significant_positive,184.0,long,324.9399615054546,324.9399615054547,1.1666641881440072,0.18568037247141175,324.9399615054546
Swift/BAT,sw00350922000bevshsp_uf.evt.gz,,2009-04-30T05:06:07.872,149.435502604913,47.54872720162,522.8443262232541,33.11117899979839,15.790568080539735,positive,significant_positive,,unknown,522.8443262232541,522.8443262232543,1.4798936422297744,0.23553238841113747,522.8443262232541
Swift/BAT,sw00351012000bevshsp_uf.evt.gz,,2009-05-01T15:09:01.951999,249.672665335558,27.8257316001368,46709.87719328119,24.571550302852984,1900.973956366837,positive,significant_positive,,unknown,46709.87719328119,46709.87719328117,13.987775950950581,2.226223685455722,46709.87719328119
Swift/BAT,sw00351323000bevshsp_uf.evt.gz,,2009-05-06T14:02:16,274.6566,-17.04681,8010.249902305853,22.77136894375786,351.7684826981665,positive,significant_positive,,unknown,8010.249902305853,8010.249902305854,5.792517270467988,0.9219077565401536,8010.249902305853
Swift/BAT,sw00351525000bevshsp_uf.evt.gz,GRB090509,2009-05-09T05:10:03.594140,241.403522652029,-28.4037305477642,-26240.718506766483,55.25467905900236,474.9049121929741,negative,significant_negative,336.376,long,26240.718506766483,26240.71850676648,10.48412441015941,1.6686002238672717,26240.718506766483
Swift/BAT,sw00351744000bevshsp_uf.evt.gz,,2009-05-12T06:11:46.56,168.273567523314,-81.3274923145126,-19579.26619252715,20.515472893903937,954.3658239701132,negative,significant_negative,,unknown,19579.26619252715,19579.266192527153,9.056127121687453,1.4413273966851365,19579.26619252715
Swift/BAT,sw00352305000bevshsp_uf.evt.gz,,2009-05-17T08:29:51.168,151.182982890813,3.73372213350476,-49725.38712630615,21.922793689773265,2268.204857007001,negative,significant_negative,,unknown,49725.38712630615,49725.38712630614,14.432228328428097,2.2969604783002135,49725.38712630615
Swift/BAT,sw00352445000bevshsp_uf.evt.gz,,2009-05-18T08:57:10.463999,340.236272541621,-80.5434730875853,-98245.70017725088,28.93310286975109,3395.6157630077264,negative,significant_negative,,unknown,98245.70017725088,98245.70017725088,20.286217650534294,3.228651815720588,98245.70017725088
Swift/BAT,sw00353479000bevshsp_uf.evt.gz,,2009-05-28T14:58:01.28,350.514477977192,-69.9464574146986,36033.09787858741,21.45036218854261,1679.8363385133866,positive,significant_positive,,unknown,36033.09787858741,36033.09787858741,12.285564188995808,1.9553082693514552,36033.09787858741
Swift/BAT,sw00354113000bevshsp_uf.evt.gz,,2009-06-05T14:00:22.592,213.442907613068,38.1895015608146,-1018.3480835246854,43.28521435581174,23.52646506850337,negative,significant_negative,,unknown,1018.3480835246854,1018.3480835246853,2.0653441546946105,0.32870973140559945,1018.3480835246854
Swift/BAT,sw00354341000bevshsp_uf.evt.gz,,2009-06-07T18:47:52.639999,242.623205482903,48.4043331307916,49086.92185640676,22.577437823040967,2174.158212333202,positive,significant_positive,,unknown,49086.92185640676,49086.92185640676,14.339275346238095,2.2821665517095417,49086.92185640676
Swift/BAT,sw00354387000bevshsp_uf.evt.gz,,2009-06-08T12:29:01.759999,197.302415310893,55.8641674081595,-43529.73937493851,23.892603359592552,1821.8918516245285,negative,significant_negative,,unknown,43529.73937493851,43529.73937493851,13.503219834937402,2.1491041843868146,43529.73937493851
Swift/BAT,sw00354465000bevshsp_uf.evt.gz,,2009-06-09T07:52:42.879999,189.225804267056,26.3029266284644,84928.5728136925,20.017267325938068,4242.765579877298,positive,significant_positive,,unknown,84928.5728136925,84928.5728136925,18.861282403603497,3.0018663275856814,84928.5728136925
Swift/BAT,sw00354627000bevshsp_uf.evt.gz,,2009-06-11T17:44:31.36,277.487286138202,-0.148921090952789,-4545.576039942739,20.70727178845485,219.51593075033108,negative,significant_negative,,unknown,4545.576039942739,4545.576039942738,4.363538058871935,0.6944786514390823,4545.576039942739
Swift/BAT,sw00355042000bevshsp_uf.evt.gz,,2009-06-17T10:22:44.287999,234.740579502471,19.2883686670276,6010.956283199992,98.56141453017092,60.98691168195401,positive,significant_positive,,unknown,6010.956283199992,6010.956283199991,5.017831683154322,0.7986127159771355,6010.956283199992
Swift/BAT,sw00355128000bevshsp_uf.evt.gz,,2009-06-18T16:16:56.127999,81.0368078772837,-22.5481759863078,149792.5329065221,265.5540626638663,564.0754707493475,positive,significant_positive,,unknown,149792.5329065221,149792.53290652213,25.04894198542092,3.9866629362018546,149792.5329065221
Swift/BAT,sw00355536000bevshsp_uf.evt.gz,,2009-06-23T01:45:23.199999,207.686764493045,68.6678394959091,14391.396980009344,34.29400114422845,419.64764972988166,positive,significant_positive,,unknown,14391.396980009344,14391.39698000934,7.764183324925782,1.2357081552336056,14391.396980009344
Swift/BAT,sw00355911000bevshsp_uf.evt.gz,,2009-06-28T08:06:08,281.258249917138,-4.57509375432809,106877.92324388726,20.782527292649423,5142.681721952504,positive,significant_positive,,unknown,106877.92324388726,106877.92324388724,21.15866720736225,3.3675064752880908,106877.92324388726
Swift/BAT,sw00355915000bevshsp_uf.evt.gz,,2009-06-28T09:42:14.08,170.653839855756,61.8169103763556,-1017.5388584376147,22.37533219967734,45.47592184809162,negative,significant_negative,,unknown,1017.5388584376147,1017.5388584376151,2.064523384031532,0.32857910169742566,1017.5388584376147
Swift/BAT,sw00355920000bevshsp_uf.evt.gz,,2009-06-28T13:08:03.84,42.4395703454709,45.6566485252995,-32643.122833879566,21.076331543107337,1548.804770275829,negative,significant_negative,,unknown,32643.122833879566,32643.122833879566,11.693382452489686,1.8610596187777637,32643.122833879566
Swift/BAT,sw00355981000bevshsp_uf.evt.gz,,2009-06-29T16:28:35.583999,242.698293872996,3.63263573013226,-714.5389915739579,64.07868652601888,11.150961892513548,negative,significant_negative,,unknown,714.5389915739579,714.5389915739579,1.73004448753289,0.27534513195974436,714.5389915739579
Swift/BAT,sw00357694000bevshsp_uf.evt.gz,,2009-07-18T08:31:01.439999,300.11121293607,46.5192950448795,-59010.642762590585,70.87887046409898,832.5561958902858,negative,significant_negative,,unknown,59010.642762590585,59010.64276259058,15.722061009361601,2.5022437252322525,59010.642762590585
Swift/BAT,sw00358708000bevshsp_uf.evt.gz,,2009-07-30T16:11:59.04,202.839647263766,68.5765747524408,7740.980939596075,22.352113728619035,346.3198618967626,positive,significant_positive,,unknown,7740.980939596075,7740.980939596074,5.694325696271525,0.9062800821368119,7740.980939596075
Swift/BAT,sw00358760000bevshsp_uf.evt.gz,,2009-07-31T12:46:35.839999,189.691562675699,-15.4089072936449,-35596.27113923942,25.35474076034404,1403.9296033708065,negative,significant_negative,,unknown,35596.27113923942,35596.27113923941,12.210868596253363,1.9434200965393158,35596.27113923942
Swift/BAT,sw00358924000bevshsp_uf.evt.gz,,2009-08-01T07:24:35.263999,91.000122897848,31.7684120361598,-21958.03584662487,19.23358661764908,1141.6506075094587,negative,significant_negative,,unknown,21958.03584662487,21958.03584662487,9.590495580036034,1.5263747782637087,21958.03584662487
Swift/BAT,sw00360585000bevshsp_uf.evt.gz,,2009-08-21T10:09:43.615999,43.9951926803954,40.5076691549745,-5641.069587192286,22.56615057698197,249.97925844500543,negative,significant_negative,,unknown,5641.069587192286,5641.069587192287,4.860993420212525,0.7736511311640021,5641.069587192286
Swift/BAT,sw00361128000bevshsp_uf.evt.gz,,2009-08-28T22:51:52,130.251873646219,-45.051615934863,-3263.2928175756283,16.222524423605147,201.15813866966727,negative,significant_negative,,unknown,3263.2928175756283,3263.2928175756288,3.69719474596762,0.588426819394131,3263.2928175756283
Swift/BAT,sw00361129000bevshsp_uf.evt.gz,,2009-08-28T23:09:28,130.183833001623,-45.0606506650047,-8703.011700639454,17.987732747444326,483.8303872329861,negative,significant_negative,,unknown,8703.011700639454,8703.011700639454,6.03780507831943,0.9609465236398855,8703.011700639454
Swift/BAT,sw00361246000bevshsp_uf.evt.gz,,2009-08-30T04:31:53.088,252.186797692224,22.418327826048,-196033.6273738699,46.46990043286477,4218.507583356681,negative,significant_negative,,unknown,196033.6273738699,196033.62737386997,28.655605702068343,4.5606812947764785,196033.6273738699
Swift/BAT,sw00361831000bevshsp_uf.evt.gz,GRB090904B,2009-09-04T01:24:18.112980,264.185375,-25.2136944,232828.03298418137,156.17400511356988,1490.8244993452568,positive,significant_positive,64.0,long,232828.03298418137,232828.03298418142,31.229277672783624,4.970293910812876,232828.03298418137
Swift/BAT,sw00361958000bevshsp_uf.evt.gz,,2009-09-05T11:15:20,274.6581,-17.04638,-4032.090322922453,24.924275003586388,161.77362520443504,negative,significant_negative,,unknown,4032.090322922453,4032.0903229224527,4.10969347390673,0.6540780309647592,4032.090322922453
Swift/BAT,sw00362330000bevshsp_uf.evt.gz,,2009-09-11T03:23:49.759999,152.812121148611,45.5636650577821,-8775.574522802051,68.18474157393615,128.70290801478296,negative,significant_negative,,unknown,8775.574522802051,8775.574522802055,6.062923436963908,0.9649442345805094,8775.574522802051
Swift/BAT,sw00362817000bevshsp_uf.evt.gz,,2009-09-16T05:29:28.639999,138.305900571023,23.9807261963547,-5370.188286066484,22.03331666968856,243.7303637293201,negative,significant_negative,,unknown,5370.188286066484,5370.188286066485,4.742846412285971,0.7548474508409737,5370.188286066484
Swift/BAT,sw00373778000bevshsp_uf.evt.gz,,2009-10-25T13:29:12,309.471887022703,40.7539655196636,1725.5662753077263,23.22022356022792,74.31307759944707,positive,significant_positive,,unknown,1725.5662753077263,1725.5662753077263,2.688500532214703,0.4278881492071614,1725.5662753077263
Swift/BAT,sw00381434000bevshsp_uf.evt.gz,,2009-12-29T02:07:09.439999,74.8157170298384,-55.0421834227911,82685.53060025894,19.57693462280982,4223.6198972600605,positive,significant_positive,,unknown,82685.53060025894,82685.53060025895,18.61054380333713,2.9619600399293464,82685.53060025894
Swift/BAT,sw00381591000bevshsp_uf.evt.gz,,2009-12-31T17:44:22.847999,235.079216103307,-8.73771854118322,-15871.591720347742,21.560384493151176,736.1460425434192,negative,significant_negative,,unknown,15871.591720347742,15871.591720347742,8.15369658084978,1.2977011153137286,15871.591720347742
Swift/BAT,sw00400107000bevshsp_uf.evt.gz,,2010-01-26T04:08:08,248.507,-47.39252,-66744.27592231943,19.05855633467516,3502.0635745051063,negative,significant_negative,,unknown,66744.27592231943,66744.27592231943,16.720579212723816,2.661162833064587,66744.27592231943
Swift/BAT,sw00416135000bevshsp_uf.evt.gz,GRB100316D,2010-03-16T12:44:50.380880,107.6292,-56.25679,-33339.206002243525,30.46077489886985,1094.4963190506512,negative,significant_negative,521.88,long,33339.206002243525,33339.20600224353,11.817399863656698,1.8807976027944535,33339.206002243525
Swift/BAT,sw00416226000bevshsp_uf.evt.gz,,2010-03-17T04:44:00,175.0587011447,-46.3142975362412,-20989.221729270488,28.613981885214013,733.5302654999043,negative,significant_negative,,unknown,20989.221729270488,20989.22172927049,9.37653701457302,1.4923222149534192,20989.221729270488
Swift/BAT,sw00417420000bevshsp_uf.evt.gz,,2010-03-28T15:53:44,130.240085309801,-45.0280746858094,-40778.60400025634,28.181218150325297,1447.0135315916295,negative,significant_negative,,unknown,40778.60400025634,40778.604000256346,13.069545401471961,2.0800827546082123,40778.60400025634
Swift/BAT,sw00420367000bevshsp_uf.evt.gz,GRB100424A,2010-04-24T16:32:42.263180,209.4477917,1.5383889,45384.77179181926,43.571209975983614,1041.6229390194874,positive,significant_positive,104.0,long,45384.77179181926,45384.771791819265,13.78793993053488,2.1944187949987506,45384.77179181926
Swift/BAT,sw00430957000bevshsp_uf.evt.gz,GRB100805A,2010-08-05T04:12:42.269380,299.8771667,52.6277778,127859.15194131088,30.39294074181499,4206.87004352299,positive,significant_positive,16.736,long,127859.15194131088,127859.15194131089,23.14249691031756,3.683242778765955,127859.15194131088
Swift/BAT,sw00431454000bevshsp_uf.evt.gz,,2010-08-12T00:35:04,195.3254,-61.60194,118975.76180721977,30.70705971155172,3874.540998872065,positive,significant_positive,,unknown,118975.76180721977,118975.76180721977,22.324079055250653,3.5529875316173904,118975.76180721977
Swift/BAT,sw00431762000bevshsp_uf.evt.gz,,2010-08-15T22:40:16,244.0941,-13.82895,80509.04019545414,30.07078774974391,2677.317297620172,positive,significant_positive,,unknown,80509.04019545414,80509.04019545414,18.36397230904774,2.922716967787635,80509.04019545414
Swift/BAT,sw00431764000bevshsp_uf.evt.gz,GRB100816A,2010-08-16T00:37:51.355600,351.7397917,26.5785833,-11774.58203295466,505.1110556678248,23.31087767894345,negative,significant_negative,2.884,long,11774.58203295466,11774.582032954659,7.022909218058731,1.1177307169396846,11774.58203295466
Swift/BAT,sw00432983000bevshsp_uf.evt.gz,,2010-08-30T23:34:24,186.6564,-62.7711,-10840.414973240027,33.25020052597016,326.0255517789462,negative,significant_negative,,unknown,10840.414973240027,10840.41497324003,6.738562462107742,1.0724755251779399,10840.414973240027
Swift/BAT,sw00435160000bevshsp_uf.evt.gz,GRB100928A,2010-09-28T02:19:52.757060,223.036447846036,-28.5612167730146,-6768.912568136448,29.51813838916993,229.31366737612183,negative,significant_negative,4.16,long,6768.912568136448,6768.912568136446,5.324805598560894,0.8474691320143648,6768.912568136448
Swift/BAT,sw00437313000bevshsp_uf.evt.gz,,2010-10-28T22:35:28,267.0211,-24.78094,-37697.996092703135,17.523547741181464,2151.276479483114,negative,significant_negative,,unknown,37697.996092703135,37697.996092703135,12.566184654587506,1.999970403583123,37697.996092703135
Swift/BAT,sw00439550000bevshsp_uf.evt.gz,,2010-11-30T15:35:36,211.975325090801,-61.9882963739414,42051.61376416776,23.945864400416504,1756.1117469384956,positive,significant_positive,,unknown,42051.61376416776,42051.61376416776,13.271977540321808,2.1123008301468307,42051.61376416776
Swift/BAT,sw00442039000bevshsp_uf.evt.gz,GRB110112A,2011-01-12T04:12:18.468660,329.932875,26.4562778,22009.67582918541,19.919217618786018,1104.946803152944,positive,significant_positive,0.524,short,22009.67582918541,22009.67582918541,9.601766218973237,1.5281685561623688,22009.67582918541
Swift/BAT,sw00448229000bevshsp_uf.evt.gz,GRB110305A,2011-03-05T06:38:01.212340,260.8805833,-15.8022778,-235262.7160992885,61.901676040718414,3800.587175451188,negative,significant_negative,12.0,long,235262.7160992885,235262.71609928855,31.392135332725317,4.996213512412975,235262.7160992885
Swift/BAT,sw00451191000bevshsp_uf.evt.gz,GRB110412A,2011-04-12T07:33:21.152460,133.491854211323,13.5166846952985,1089.107298469772,36.968037262610686,29.46078231670932,positive,significant_positive,24.0,long,1089.107298469772,1089.107298469772,2.1358937201535917,0.3399380434813815,1089.107298469772
Swift/BAT,sw00456532000bevshsp_uf.evt.gz,,2011-07-02T23:47:57.248,318.634419949126,-46.7454828400775,255804.58457607104,171.23044042229344,1493.920029319544,positive,significant_positive,,unknown,255804.58457607104,255804.58457607104,32.7339539043437,5.209770570818547,255804.58457607104
Swift/BAT,sw00457076000bevshsp_uf.evt.gz,,2011-07-11T19:45:04,344.491076339576,-65.600127171144,-40062.02189052459,22.354639159453345,1792.1122145952038,negative,significant_negative,,unknown,40062.02189052459,40062.02189052459,12.95420413915758,2.06172562256842,40062.02189052459
Swift/BAT,sw00458273000bevshsp_uf.evt.gz,,2011-07-28T03:34:56,300.002877152903,35.9409834845487,5817.879883164998,22.24618364841713,261.5226042862841,positive,significant_positive,,unknown,5817.879883164998,5817.879883164999,4.936585689241638,0.7856820144395178,5817.879883164998
Swift/BAT,sw00458274000bevshsp_uf.evt.gz,,2011-07-28T03:59:04,245.1989,-15.00572,-7867.578663984393,69.74169241113542,112.81026301461252,negative,significant_negative,,unknown,7867.578663984393,7867.578663984391,5.740699995913758,0.913660781157298,7867.578663984393
Swift/BAT,sw00500123000bevshsp_uf.evt.gz,,2011-08-12T10:46:00,256.430053502504,-36.4269431366103,-8126.058843638251,18.16209868121253,447.418494209819,negative,significant_negative,,unknown,8126.058843638251,8126.058843638252,5.834239940879166,0.9285481257750865,8126.058843638251
Swift/BAT,sw00502742000bevshsp_uf.evt.gz,,2011-09-09T04:25:12,195.3253,-61.60293,-148991.09535885803,23.539704333411432,6329.352877528937,negative,significant_negative,,unknown,148991.09535885803,148991.09535885806,24.98184222269406,3.975983677283581,148991.09535885803
Swift/BAT,sw00502934000bevshsp_uf.evt.gz,,2011-09-12T01:24:32,195.3254,-61.60191,41791.93904639872,25.27000439856582,1653.816057458644,positive,significant_positive,,unknown,41791.93904639872,41791.93904639871,13.230935904787115,2.105768850978908,41791.93904639872
Swift/BAT,sw00503525000bevshsp_uf.evt.gz,,2011-09-19T21:16:18.879999,251.7922917,-45.8713889,14720.014392351868,22.87777701735528,643.4197859864242,positive,significant_positive,,unknown,14720.014392351868,14720.014392351868,7.852327814157927,1.2497367864012117,14720.014392351868
Swift/BAT,sw00504307000bevshsp_uf.evt.gz,,2011-09-28T19:17:28,278.9302,-19.32135,33793.636096072,21.09939782946882,1601.6398367954162,positive,significant_positive,,unknown,33793.636096072,33793.63609607199,11.897665815753196,1.8935723258325885,33793.636096072
Swift/BAT,sw00505518000bevshsp_uf.evt.gz,,2011-10-15T02:34:40,244.866261597936,-15.8104326379516,8841.848677570435,22.3791479201228,395.0931782179274,positive,significant_positive,,unknown,8841.848677570435,8841.848677570437,6.08577432483415,0.9685810663390969,8841.848677570435
Swift/BAT,sw00506891000bevshsp_uf.evt.gz,,2011-11-03T04:13:36,299.8598,35.66109,-8571.033653572375,22.52547340707697,380.5040408553438,negative,significant_negative,,unknown,8571.033653572375,8571.033653572375,5.991849615350712,0.9536324845463375,8571.033653572375
Swift/BAT,sw00510701000bevshsp_uf.evt.gz,,2011-12-29T06:39:28,248.516279919147,-47.3791963548427,6779.275153561217,24.037394436341444,282.0303661245341,positive,significant_positive,,unknown,6779.275153561217,6779.275153561217,5.328879934731968,0.8481175827558093,6779.275153561217
Swift/BAT,sw00512164000bevshsp_uf.evt.gz,GRB120121A,2012-01-21T09:42:19.266000,249.3546667,-23.9617778,-13010.051620855347,41.13775574048597,316.2557457662045,negative,significant_negative,26.8,long,13010.051620855347,13010.051620855345,7.382166131509381,1.1749082305552927,13010.051620855347
Swift/BAT,sw00059018005bevshsp_uf.evt.gz,,2012-02-01T11:19:01,130.786,15.323,-23681.795700373656,21.47847934402688,1102.5825115947753,negative,significant_negative,,unknown,23681.795700373656,23681.79570037365,9.959822983440901,1.5851550601348878,23681.795700373656
Swift/BAT,sw00513505000bevshsp_uf.evt.gz,,2012-02-05T11:47:32.48,40.1003583767653,61.220476106393,40716.72245983658,21.85115828841486,1863.3667800312417,positive,significant_positive,,unknown,40716.72245983658,40716.72245983658,13.059625117543362,2.078503892384101,40716.72245983658
Swift/BAT,sw00514586000bevshsp_uf.evt.gz,GRB120211A,2012-02-11T11:58:28.088540,87.7536667,-24.7757778,465.0945413115939,98.93530883000004,4.7009965078368845,positive,significant_positive,64.32,long,465.0945413115939,465.0945413115939,1.3957734267944866,0.22214424031065627,465.0945413115939
Swift/BAT,sw00519043000bevshsp_uf.evt.gz,GRB120401A,2012-04-01T05:24:15.946360,58.082,-17.6357778,50820.83070813721,24.37735535690905,2084.755707256552,positive,significant_positive,130.272,long,50820.83070813721,50820.830708137204,14.590332342662814,2.3221235136883402,50820.83070813721
Swift/BAT,sw00519256000bevshsp_uf.evt.gz,GRB120403B,2012-04-03T20:33:56.481060,55.3382917,-89.0092778,72124.86270862368,24.91587425789861,2894.7353788221694,positive,significant_positive,7.284,long,72124.86270862368,72124.86270862367,17.38148205520594,2.7663487873491013,72124.86270862368
Swift/BAT,sw00519380000bevshsp_uf.evt.gz,GRB120404A,2012-04-04T12:51:02.398680,235.0095,12.8849722,-109498.32800229026,38.11013182033239,2873.20779992346,negative,significant_negative,38.724,long,109498.32800229026,109498.32800229028,21.416477856465587,3.408538314474617,109498.32800229026
Swift/BAT,sw00519850000bevshsp_uf.evt.gz,,2012-04-10T18:00:00,176.936516196583,-61.9721359286726,55615.97872555472,25.071335318856,2218.3093966968045,positive,significant_positive,,unknown,55615.97872555472,55615.97872555472,15.263147346311372,2.4292053473054,55615.97872555472
Swift/BAT,sw00521085000bevshsp_uf.evt.gz,,2012-04-28T15:50:40,248.5063,-47.39349,43905.81386971396,19.03245289516981,2306.8920286599887,positive,significant_positive,,unknown,43905.81386971396,43905.81386971396,13.56142481712863,2.1583677950151245,43905.81386971396
Swift/BAT,sw00524542000bevshsp_uf.evt.gz,,2012-06-17T15:47:04,282.810875,-0.0010833,6594.684126108995,63.049841932959374,104.59477651222495,positive,significant_positive,,unknown,6594.684126108995,6594.684126108993,5.255829931714462,0.8364913136826955,6594.684126108995
Swift/BAT,sw00526273000bevshsp_uf.evt.gz,,2012-07-11T05:06:48,128.981,-43.18681,-76031.26137411414,22.682848645968782,3351.927377411941,negative,significant_negative,,unknown,76031.26137411414,76031.26137411414,17.845980020762187,2.840275934623507,76031.26137411414
Swift/BAT,sw00526283000bevshsp_uf.evt.gz,,2012-07-11T09:19:12,270.2853,-25.07831,62021.26907390296,24.44037375147217,2537.656326559536,positive,significant_positive,,unknown,62021.26907390296,62021.26907390298,16.11812905970125,2.565279913244577,62021.26907390296
Swift/BAT,sw00526892000bevshsp_uf.evt.gz,,2012-07-16T21:00:00,267.0226,-24.77577,109820.94580867668,35.492139095237654,3094.232937439729,positive,significant_positive,,unknown,109820.94580867668,109820.94580867668,21.44800461776717,3.413555954375443,109820.94580867668
Swift/BAT,sw00528432000bevshsp_uf.evt.gz,,2012-07-24T04:52:56,268.607513837354,-26.3238447152092,-88647.86433007792,22.627233838720628,3917.750837858941,negative,significant_negative,,unknown,88647.86433007792,88647.86433007791,19.26985484587425,3.0668926513841996,88647.86433007792
Swift/BAT,sw00528925000bevshsp_uf.evt.gz,,2012-07-27T22:24:56,186.546838617747,18.0664344663366,14526.197741491693,21.763388341815755,667.4603013714245,positive,significant_positive,,unknown,14526.197741491693,14526.197741491693,7.800461192285402,1.2414819571487212,14526.197741491693
Swift/BAT,sw00535733000bevshsp_uf.evt.gz,,2012-10-10T23:57:52,277.193008572468,-10.4787267319539,36987.83330752624,90.67369794285662,407.9224091073942,positive,significant_positive,,unknown,36987.83330752624,36987.833307526234,12.44725969259249,1.9810429080246006,36987.83330752624
Swift/BAT,sw00538575000bevshsp_uf.evt.gz,,2012-11-16T02:27:36,345.792644979001,-40.746083625426,10807.032190519478,24.48126350040769,441.4409489256756,positive,significant_positive,,unknown,10807.032190519478,10807.032190519478,6.728178845903192,1.0708229213318166,10807.032190519478
Swift/BAT,sw00539357000bevshsp_uf.evt.gz,,2012-11-23T09:47:12,256.027396559161,-37.8385707612661,48975.86007368061,23.704761299136884,2066.076914069743,positive,significant_positive,,unknown,48975.86007368061,48975.860073680604,14.323044472025568,2.2795833278479156,48975.86007368061
Swift/BAT,sw00539358000bevshsp_uf.evt.gz,GRB121123A,2012-11-23T10:02:41.294660,307.317875,-11.8597778,2235.386084625416,233.95940681125964,9.554589469568764,positive,significant_positive,326.092,long,2235.386084625416,2235.3860846254156,3.0599940090128843,0.4870131723659863,2235.386084625416
Swift/BAT,sw00544347000bevshsp_uf.evt.gz,GRB121229A,2012-12-29T05:00:21.961480,190.1007917,-50.594,148097.44362048892,24.205852282307987,6118.249499883674,positive,significant_positive,111.46,long,148097.44362048892,148097.44362048892,24.90680873157797,3.964041726275014,148097.44362048892
Swift/BAT,sw00548038000bevshsp_uf.evt.gz,,2013-02-08T10:22:08,299.7553,35.12431,-31743.06183072574,40.82169745213919,777.602691998353,negative,significant_negative,,unknown,31743.06183072574,31743.061830725735,11.531046199997323,1.8352230017505902,31743.06183072574
Swift/BAT,sw00551030000bevshsp_uf.evt.gz,,2013-03-14T09:11:44,41.38433012623,-30.2553313620773,75078.07808371053,25.65819152781349,2926.0861196053456,positive,significant_positive,,unknown,75078.07808371053,75078.07808371053,17.733762095822602,2.822415897165857,75078.07808371053
Swift/BAT,sw00551126000bevshsp_uf.evt.gz,GRB130315A,2013-03-15T12:45:32.970220,157.5469583,-51.7944722,245.8332308689724,45.05895646331306,5.455812787611481,positive,significant_positive,230.508,long,245.8332308689724,245.83323086897246,1.0147629425018156,0.16150453836564074,245.8332308689724
Swift/BAT,sw00552374000bevshsp_uf.evt.gz,,2013-03-30T16:47:28,245.074501135966,-15.4571678668251,-79815.44748529146,25.30134823754545,3154.5926618586604,negative,significant_negative,,unknown,79815.44748529146,79815.44748529144,18.284697553337637,2.9100999985539695,79815.44748529146
Swift/BAT,sw00552380000bevshsp_uf.evt.gz,,2013-03-30T17:37:12,83.5884838122774,21.4637415244399,108094.8950645177,41.84716698455264,2583.08752667581,positive,significant_positive,,unknown,108094.8950645177,108094.89506451771,21.278788443745206,3.3866243638287488,108094.8950645177
Swift/BAT,sw00552677000bevshsp_uf.evt.gz,,2013-04-02T11:56:40,250.423654349211,-45.5609368436553,-11646.971306533336,21.47833111231344,542.2661214053162,negative,significant_negative,,unknown,11646.971306533336,11646.971306533336,6.984749052345044,1.1116573379371453,11646.971306533336
Swift/BAT,sw00553918000bevshsp_uf.evt.gz,GRB130419A,2013-04-19T13:30:29.541280,355.270512385986,9.97717701299357,10049.138213475871,21.47859681742077,467.8675380379252,positive,significant_positive,85.584,long,10049.138213475871,10049.13821347587,6.487968227045531,1.0325922139574566,10049.138213475871
Swift/BAT,sw00554620000bevshsp_uf.evt.gz,GRB130427A,2013-04-27T07:47:57.511640,173.1362,27.71294,11271.992651696495,589.2106673356142,19.13066629066302,positive,significant_positive,244.332,long,11271.992651696495,11271.992651696497,6.871390864144643,1.0936158219451102,11271.992651696495
Swift/BAT,sw00554996000bevshsp_uf.evt.gz,GRB130502A,2013-05-02T17:50:30.642920,138.568875,-0.1231944,124.22408642203746,26.40078020508007,4.705318761683191,positive,significant_positive,7.568,long,124.22408642203746,124.22408642203744,0.7213519504397063,0.11480672862145917,124.22408642203746
Swift/BAT,sw00555413000bevshsp_uf.evt.gz,GRB130508A,2013-05-08T17:08:53.468120,305.3216667,34.9582778,5561.089249010247,21.697113785621664,256.30548394392866,positive,significant_positive,42.912,long,5561.089249010247,5561.089249010247,4.826410278270697,0.7681470531763116,5561.089249010247
Swift/BAT,sw00556533000bevshsp_uf.evt.gz,,2013-05-24T04:04:05.439999,118.580165214582,-28.1344888419534,-60546.598134340566,21.89324650121415,2765.537679895158,negative,significant_negative,,unknown,60546.598134340566,60546.59813434056,15.925357050887861,2.5345992951521716,60546.598134340566
Swift/BAT,sw00556587000bevshsp_uf.evt.gz,,2013-05-24T23:53:04,244.986302710241,-15.6336175889865,89221.67949029934,21.243090832031147,4200.0328575429085,positive,significant_positive,,unknown,89221.67949029934,89221.67949029936,19.332120864084125,3.0768025959689513,89221.67949029934
Swift/BAT,sw00556930000bevshsp_uf.evt.gz,GRB130529A,2013-05-29T11:15:25.388620,24.282,-64.1473889,-592.4625834537551,38.69658151604686,15.310463101451743,negative,significant_negative,87.592,long,592.4625834537551,592.4625834537551,1.5753416982589932,0.2507234183366998,592.4625834537551
Swift/BAT,sw00557640000bevshsp_uf.evt.gz,,2013-06-07T11:17:37.279999,266.432655517858,-28.992556134202,-5885.756774221522,20.84374606997004,282.3751908348777,negative,significant_negative,,unknown,5885.756774221522,5885.7567742215215,4.965299620729272,0.7902519785713769,5885.756774221522
Swift/BAT,sw00557674000bevshsp_uf.evt.gz,,2013-06-08T00:16:48,256.063661464133,-37.4569768216321,33591.272388909914,28.87306995374441,1163.411872818658,positive,significant_positive,,unknown,33591.272388909914,33591.272388909914,11.861989409410944,1.8878942494114639,33591.272388909914
Swift/BAT,sw00557771000bevshsp_uf.evt.gz,GRB130608A,2013-06-08T23:14:21.348120,24.6085833,41.5025833,-28733.16703709576,20.588090786273632,1395.6207661689816,negative,significant_negative,151.852,long,28733.16703709576,28733.16703709576,10.970743303782015,1.7460480261892186,28733.16703709576
Swift/BAT,sw00558271000bevshsp_uf.evt.gz,GRB130615A,2013-06-15T09:44:45.323280,274.8291667,-68.1610833,-4283.564762751876,106.15790064843512,40.35088049581752,negative,significant_negative,332.556,long,4283.564762751876,4283.564762751876,4.235912430608451,0.6741664018357401,4283.564762751876
Swift/BAT,sw00558631000bevshsp_uf.evt.gz,,2013-06-20T02:22:08,271.804678125872,-22.2908994395319,-891.839659599287,23.72524083959843,37.590331142635605,negative,significant_negative,,unknown,891.839659599287,891.839659599287,1.9328034639790779,0.3076152253174083,891.839659599287
Swift/BAT,sw00558753000bevshsp_uf.evt.gz,,2013-06-22T02:10:48,245.231373544066,-15.3958555039321,37764.02347950315,20.340137495520622,1856.62577196539,positive,significant_positive,,unknown,37764.02347950315,37764.02347950316,12.577184567472408,2.0017210940923356,37764.02347950315
Swift/BAT,sw00559108000bevshsp_uf.evt.gz,,2013-06-26T21:08:48,171.522625095081,-60.6986578674133,-54088.96692569136,22.44442618847559,2409.906427167388,negative,significant_negative,,unknown,54088.96692569136,54088.966925691355,15.052153827454429,2.3956246858189645,54088.96692569136
Swift/BAT,sw00559132000bevshsp_uf.evt.gz,GRB130627A,2013-06-27T08:55:03.453140,184.4167917,-37.0863889,-31426.20549955951,27.326745143320924,1150.016415593518,negative,significant_negative,18.048,long,31426.20549955951,31426.205499559514,11.473350939030807,1.826040515774792,31426.20549955951
Swift/BAT,sw00559221000bevshsp_uf.evt.gz,,2013-06-28T07:26:32,268.6057,-26.3312,-19709.022325339567,27.21728969371971,724.1361115352846,negative,significant_negative,,unknown,19709.022325339567,19709.022325339563,9.086086047484839,1.4460955078155138,19709.022325339567
Swift/BAT,sw00559642000bevshsp_uf.evt.gz,,2013-07-02T08:10:56,130.1979,-45.05911,40066.89832555273,36.69355239613333,1091.9329339662102,positive,significant_positive,,unknown,40066.89832555273,40066.89832555273,12.954992521890837,2.061851097577466,40066.89832555273
Swift/BAT,sw00562625000bevshsp_uf.evt.gz,GRB130719A,2013-07-19T05:47:49.192320,89.0393291132065,-11.5845014417971,226945.79192801696,39.41295639729032,5758.151954914494,positive,significant_positive,146.968,long,226945.79192801696,226945.791928017,30.832260868213474,4.907106723874987,226945.79192801696
Swift/BAT,sw00563213000bevshsp_uf.evt.gz,GRB130722A,2013-07-22T08:19:19.228240,260.653,-2.97288,636.2044060295194,316.42764023145446,2.010584175150315,positive,significant_positive,98.368,long,636.2044060295194,636.2044060295193,1.632460346905368,0.2598141336114996,636.2044060295194
Swift/BAT,sw00563980000bevshsp_uf.evt.gz,GRB130725A,2013-07-25T11:37:11.536020,230.0331667,0.6273889,1020.753651047132,22.337148141550344,45.69758165091728,positive,significant_positive,101.52,long,1020.753651047132,1020.7536510471319,2.0677821198100568,0.3290977456048083,1020.753651047132
Swift/BAT,sw00571067000bevshsp_uf.evt.gz,,2013-09-17T14:41:28,250.431916298687,-45.5685152025817,214934.0283708004,118.93269775656374,1807.1903893976744,positive,significant_positive,,unknown,214934.0283708004,214934.0283708004,30.005225423497304,4.775479944736205,214934.0283708004
Swift/BAT,sw00573667000bevshsp_uf.evt.gz,,2013-10-08T00:57:52,297.3988,30.21062,-39290.48469821864,22.2011491848615,1769.7500418136017,negative,significant_negative,,unknown,39290.48469821864,39290.48469821865,12.828857994584235,2.0417761640620604,39290.48469821864
Swift/BAT,sw00578175000bevshsp_uf.evt.gz,,2013-11-19T20:27:12,135.6178,-40.50223,11844.500217244504,31.67812423421012,373.9015646782927,positive,significant_positive,,unknown,11844.500217244504,11844.500217244506,7.0437295867022085,1.1210443815262896,11844.500217244504
Swift/BAT,sw00579975000bevshsp_uf.evt.gz,,2013-12-02T12:40:52.16,135.5256,-40.55264,-178694.32612838713,59.46814802942229,3004.8745765544413,negative,significant_negative,,unknown,178694.32612838713,178694.3261283871,27.358966408428017,4.354314741786437,178694.32612838713
Swift/BAT,sw00580267000bevshsp_uf.evt.gz,GRB131205A,2013-12-05T09:18:38.948060,131.608992800002,-60.1740032566644,-121.97012172017064,33.0402674199986,3.6915597616000113,negative,significant_negative,20.344,long,121.97012172017064,121.97012172017067,0.7147777634608219,0.11376041426695933,121.97012172017064
Swift/BAT,sw00581129000bevshsp_uf.evt.gz,,2013-12-15T03:26:54.399999,178.341830838294,47.9423038496901,8190.601910643508,24.83942348825429,329.7420294201499,positive,significant_positive,,unknown,8190.601910643508,8190.601910643509,5.8573640022290085,0.9322284344432742,8190.601910643508
Swift/BAT,sw00582894000bevshsp_uf.evt.gz,,2014-01-04T14:19:28,54.19617,0.5870875,-67204.1980883494,19.77523245301272,3398.4024333484376,negative,significant_negative,,unknown,67204.1980883494,67204.19808834941,16.778089482208703,2.670315876731654,67204.1980883494
Swift/BAT,sw00584155000bevshsp_uf.evt.gz,,2014-01-18T08:39:31.199999,215.4047917,-61.6072778,-34109.72931065993,21.333978792259146,1598.8451869576415,negative,significant_negative,,unknown,34109.72931065993,34109.72931065994,11.953179494360803,1.902407602192204,34109.72931065993
Swift/BAT,sw00584284000bevshsp_uf.evt.gz,,2014-01-19T20:11:28,266.135646072296,-28.7343346320723,-3657.1800207222777,21.03319625533151,173.8765699861357,negative,significant_negative,,unknown,3657.1800207222777,3657.1800207222777,3.913969832272851,0.6229276459187807,3657.1800207222777
Swift/BAT,sw00586480000bevshsp_uf.evt.gz,,2014-02-12T17:15:44,266.1353,-28.73995,-16442.568608233953,25.10924193506848,654.8412991022905,negative,significant_negative,,unknown,16442.568608233953,16442.568608233956,8.299064424843236,1.3208371262518983,16442.568608233953
Swift/BAT,sw00586482000bevshsp_uf.evt.gz,,2014-02-12T17:36:19.712,266.1383,-28.74074,-42824.132370176565,22.54301848720018,1899.662744565104,negative,significant_negative,,unknown,42824.132370176565,42824.13237017656,13.393330661216103,2.1316147791967857,42824.132370176565
Swift/BAT,sw00586863000bevshsp_uf.evt.gz,,2014-02-17T14:09:01.759999,266.1382,-28.74114,-80504.232466276,33.428426573579934,2408.2567059827547,negative,significant_negative,,unknown,80504.232466276,80504.23246627601,18.363423983521795,2.9226296990697573,80504.232466276
Swift/BAT,sw00586998000bevshsp_uf.evt.gz,,2014-02-18T00:10:36.223999,266.1398,-28.74053,-58303.67868103895,26.77250311045253,2177.744771958809,negative,significant_negative,,unknown,58303.67868103895,58303.678681038946,15.627599884887925,2.4872097703422478,58303.67868103895
Swift/BAT,sw00590310000bevshsp_uf.evt.gz,,2014-03-04T17:33:18.015999,266.1384,-28.74219,-239868.85271832097,47.71896818471058,5026.698225951504,negative,significant_negative,,unknown,239868.85271832097,239868.8527183209,31.697954203699837,5.044886097419353,239868.85271832097
Swift/BAT,sw00591237000bevshsp_uf.evt.gz,,2014-03-10T21:05:12,283.2694,-8.708129,-57788.49462637089,21.60332000411601,2674.982114571308,negative,significant_negative,,unknown,57788.49462637089,57788.4946263709,15.55840223931408,2.4761966229988497,57788.49462637089
Swift/BAT,sw00592544000bevshsp_uf.evt.gz,GRB140320A,2014-03-20T02:12:45.946760,281.856830560698,-11.172835071369,138110.28921870978,34.99288909522446,3946.8101317063847,positive,significant_positive,0.512,short,138110.28921870978,138110.28921870978,24.05233931781994,3.8280486953545894,138110.28921870978
Swift/BAT,sw00594081000bevshsp_uf.evt.gz,GRB140331A,2014-03-31T05:49:48.173160,134.8642917,2.7173889,-7229.803714053695,30.59131065595165,236.3352062735864,negative,significant_negative,209.656,long,7229.803714053695,7229.803714053696,5.503101941628593,0.8758458763487975,7229.803714053695
Swift/BAT,sw00595141000bevshsp_uf.evt.gz,GRB140408A,2014-04-08T13:15:54.794960,290.7161667,-12.5954722,-169858.6981617535,47.66101407595086,3563.8918192355886,negative,significant_negative,3.628,long,169858.6981617535,169858.69816175348,26.674003281429677,4.24529947428897,169858.6981617535
Swift/BAT,sw00595345000bevshsp_uf.evt.gz,,2014-04-10T17:20:40,187.132260568424,3.47989197156627,21782.302570763608,26.77397911400489,813.562394966154,positive,significant_positive,,unknown,21782.302570763608,21782.302570763608,9.55204143867205,1.5202546115832762,21782.302570763608
Swift/BAT,sw00596641000bevshsp_uf.evt.gz,,2014-04-21T00:37:36,336.363285424354,3.63626678930699,11765.329680161114,21.61888667631422,544.2153361695207,positive,significant_positive,,unknown,11765.329680161114,11765.329680161116,7.020149408690778,1.1172914796367834,11765.329680161114
Swift/BAT,sw00600914000bevshsp_uf.evt.gz,,2014-06-05T23:07:04,29.3933238102915,44.9767806908176,-80586.57146193997,24.7852509972342,3251.3921876737368,negative,significant_negative,,unknown,80586.57146193997,80586.57146193998,18.37281255488916,2.924123936611444,80586.57146193997
Swift/BAT,sw00601646000bevshsp_uf.evt.gz,GRB140614A,2014-06-14T01:04:59.863980,231.1722917,-79.129,27778.41066385511,20.330470499920484,1366.3437186052215,positive,significant_positive,77.392,long,27778.41066385511,27778.410663855113,10.786933507410255,1.7167937885079383,27778.41066385511
Swift/BAT,sw00602668000bevshsp_uf.evt.gz,,2014-06-26T15:27:52,183.900321502936,6.46779079524877,46146.36540671586,22.67129226690213,2035.4536858088609,positive,significant_positive,,unknown,46146.36540671586,46146.36540671586,13.903145090307623,2.2127542656462738,46146.36540671586
Swift/BAT,sw00604675000bevshsp_uf.evt.gz,,2014-07-15T21:14:24,51.64748,28.71443,-1606.1213885400257,23.2049310949981,69.21465881388592,negative,significant_negative,,unknown,1606.1213885400257,1606.121388540026,2.593782091852432,0.41281324122155105,1606.1213885400257
Swift/BAT,sw00612974000bevshsp_uf.evt.gz,,2014-09-17T13:30:48,256.6459,23.9711,-6534.947886076639,37.67488978825681,173.45632390180393,negative,significant_negative,,unknown,6534.947886076639,6534.94788607664,5.231971492084734,0.8326941250811647,6534.947886076639
Swift/BAT,sw00614903000bevshsp_uf.evt.gz,,2014-10-10T15:04:32,268.6055,-26.32821,-17794.35198490169,44.43589536394944,400.449947934168,negative,significant_negative,,unknown,17794.35198490169,17794.35198490169,8.63347017686848,1.3740594546850786,17794.35198490169
Swift/BAT,sw00616502000bevshsp_uf.evt.gz,GRB141026A,2014-10-26T02:36:51.296880,44.08397,26.9263,-6713.23147157991,37.42824765525879,179.36269775207282,negative,significant_negative,139.476,long,6713.23147157991,6713.23147157991,5.302859439077907,0.8439762922507643,6713.23147157991
Swift/BAT,sw00617110000bevshsp_uf.evt.gz,GRB141031A,2014-10-31T07:18:26.698680,128.6080833,-59.1685,-120.41013859325746,31.6040318878296,3.809961305589817,negative,significant_negative,464.0,long,120.41013859325746,120.41013859325746,0.7101920930962331,0.11303058216104502,120.41013859325746
Swift/BAT,sw00617149000bevshsp_uf.evt.gz,GRB141031B,2014-10-31T14:56:45.065320,356.9055,41.3518889,-2935.1645061581453,23.525994603344287,124.76261070555984,negative,significant_negative,15.624,long,2935.1645061581453,2935.1645061581457,3.506392495547514,0.5580596980867135,2935.1645061581453
Swift/BAT,sw00618134000bevshsp_uf.evt.gz,,2014-11-10T03:44:08,135.603777938225,-40.3467837768642,137278.21866674037,22.665731473010787,6056.64188822692,positive,significant_positive,,unknown,137278.21866674037,137278.21866674037,23.979776014003267,3.816499886865087,137278.21866674037
Swift/BAT,sw00618634000bevshsp_uf.evt.gz,,2014-11-14T21:11:25.12,135.5254,-40.55585,-9274.583809583512,26.25518709124486,353.24767549176005,negative,significant_negative,,unknown,9274.583809583512,9274.583809583513,6.232919525796388,0.9919999524244874,9274.583809583512
Swift/BAT,sw00618673000bevshsp_uf.evt.gz,,2014-11-15T09:10:48,233.023653384413,32.69382955479,19005.531753475025,23.441892236946,810.750751746953,positive,significant_positive,,unknown,19005.531753475025,19005.531753475025,8.92245399235619,1.4200526573935037,19005.531753475025
Swift/BAT,sw00621278000bevshsp_uf.evt.gz,,2014-12-13T01:56:24,256.6412,23.97345,-12490.80918538118,23.35135614680421,534.907227950897,negative,significant_negative,,unknown,12490.80918538118,12490.80918538118,7.233351862420393,1.151223704027173,12490.80918538118
Swift/BAT,sw00622476000bevshsp_uf.evt.gz,GRB141225A,2014-12-25T23:01:07.034720,138.7780833,33.7917778,1335.9457203729482,58.651154701555775,22.77782470218802,positive,significant_positive,86.148,long,1335.9457203729482,1335.9457203729482,2.365585836029736,0.3764946791123063,1335.9457203729482
Swift/BAT,sw00623434000bevshsp_uf.evt.gz,,2015-01-04T15:39:20,256.6423,23.97121,23879.2548216852,22.74009209469527,1050.094903848506,positive,significant_positive,,unknown,23879.2548216852,23879.2548216852,10.001259355434852,1.5917498635615197,23879.2548216852
Swift/BAT,sw00626581000bevshsp_uf.evt.gz,,2015-01-18T00:35:04,152.370111218417,-58.275395728891,71041.70322878734,26.52811030438258,2677.978280912489,positive,significant_positive,,unknown,71041.70322878734,71041.70322878736,17.250472185308034,2.7454979189610236,71041.70322878734
Swift/BAT,sw00635794000bevshsp_uf.evt.gz,,2015-03-22T09:03:52,83.8554676556244,21.5399692891845,31487.4366065778,20.465288669808817,1538.5776919447646,positive,significant_positive,,unknown,31487.4366065778,31487.436606577798,11.48452289089388,1.8278185871377848,31487.4366065778
Swift/BAT,sw00637212000bevshsp_uf.evt.gz,,2015-04-05T18:15:20,267.0201,-24.78019,-24196.35594493613,19.23262049426346,1258.0893982779526,negative,significant_negative,,unknown,24196.35594493613,24196.35594493613,10.067445493950956,1.6022837146705227,24196.35594493613
Swift/BAT,sw00637765000bevshsp_uf.evt.gz,,2015-04-11T19:36:38.656,272.1136,-36.97749,-173221.65916681083,42.54037846418845,4071.935074875583,negative,significant_negative,,unknown,173221.65916681083,173221.65916681077,26.93676278201937,4.287118947652177,173221.65916681083
Swift/BAT,sw00641332000bevshsp_uf.evt.gz,,2015-05-23T08:49:20,353.475695770042,-35.9873500211324,-2545.8517474095283,34.81268303185933,73.13000681618408,negative,significant_negative,,unknown,2545.8517474095283,2545.8517474095283,3.2655840002038454,0.5197338357142469,2545.8517474095283
Swift/BAT,sw00642296000bevshsp_uf.evt.gz,,2015-06-02T10:37:52,243.471760614953,-16.2925372502415,8628.801206408792,22.71883319990389,379.8082907904485,positive,significant_positive,,unknown,8628.801206408792,8628.80120640879,6.012007815401951,0.9568407617283275,8628.801206408792
Swift/BAT,sw00643833000bevshsp_uf.evt.gz,GRB150615A,2015-06-15T04:42:27.048040,107.564375,-22.4495833,-1479.0868265561496,20.916724446940005,70.713119078859,negative,significant_negative,32.684,long,1479.0868265561496,1479.0868265561498,2.489093090084617,0.39615146910284715,1479.0868265561496
Swift/BAT,sw00644596000bevshsp_uf.evt.gz,,2015-06-18T08:52:40,305.99840917009,33.8635961415285,-219644.0429070819,125.42270153550186,1751.230361155233,negative,significant_negative,,unknown,219644.0429070819,219644.0429070819,30.332207560098002,4.827520768078955,219644.0429070819
Swift/BAT,sw00645172000bevshsp_uf.evt.gz,,2015-06-20T13:03:52,244.981,-15.64051,28165.09792264876,43.2565041074672,651.118219185603,positive,significant_positive,,unknown,28165.09792264876,28165.09792264876,10.861753371129389,1.7287017396603002,28165.09792264876
Swift/BAT,sw00652046000bevshsp_uf.evt.gz,,2015-08-13T04:54:43.199999,216.66067442462,-7.54127008420654,29433.74728657276,20.048721091120505,1468.1109659213546,positive,significant_positive,,unknown,29433.74728657276,29433.74728657277,11.103683727671372,1.7672061517879416,29433.74728657276
Swift/BAT,sw00655451000bevshsp_uf.evt.gz,,2015-09-13T11:37:52,256.0058,-38.04648,-8693.77575701232,24.84164671999361,349.9677720646112,negative,significant_negative,,unknown,8693.77575701232,8693.775757012318,6.034600461802139,0.9604364930804448,8693.77575701232
Swift/BAT,sw00669319000bevshsp_uf.evt.gz,GRB160104A,2016-01-04T11:24:10.846420,76.796375,11.3238889,253.45385833507683,21.850023409972216,11.599706489074151,positive,significant_positive,16.564,long,253.45385833507683,253.45385833507686,1.0303713113044672,0.16398868741418407,253.45385833507683
Swift/BAT,sw00671231000bevshsp_uf.evt.gz,GRB160121A,2016-01-21T13:50:37.710700,109.0890833,-23.5917778,-118.89825077841677,26.0215715161563,4.569218684759108,negative,significant_negative,10.5,long,118.89825077841677,118.89825077841677,0.705719369315359,0.11231872606223423,118.89825077841677
Swift/BAT,sw00672525000bevshsp_uf.evt.gz,GRB160203A,2016-02-03T02:13:10.612140,161.9509583,-24.7885833,2626.4951951162825,28.994290322955845,90.58663501885368,positive,significant_positive,17.44,long,2626.4951951162825,2626.495195116283,3.316901769154704,0.527901312311224,2626.4951951162825
Swift/BAT,sw00674670000bevshsp_uf.evt.gz,GRB160220A,2016-02-20T01:25:25.700460,236.9515833,-18.565,199037.8813490383,52.76091414356946,3772.449446335024,positive,significant_positive,8.26,long,199037.8813490383,199037.88134903833,28.874347226842854,4.5954950897038005,199037.8813490383
Swift/BAT,sw00677981000bevshsp_uf.evt.gz,,2016-03-06T09:41:52,257.250230239272,-36.4483358823612,109762.54729465408,20.29539290467192,5408.249439181203,positive,significant_positive,,unknown,109762.54729465408,109762.54729465405,21.442301251504,3.4126482354423953,109762.54729465408
Swift/BAT,sw00680331000bevshsp_uf.evt.gz,,2016-03-24T03:26:56,186.6532,-62.76931,46652.24334288819,39.97320337366111,1167.0879340540416,positive,significant_positive,,unknown,46652.24334288819,46652.24334288819,13.979143748670774,2.2248498277931215,46652.24334288819
Swift/BAT,sw00689353000bevshsp_uf.evt.gz,,2016-06-06T12:38:00,266.41131583894,-29.0071154363649,-41020.332544372686,22.752712317881205,1802.8765964809863,negative,significant_negative,,unknown,41020.332544372686,41020.332544372686,13.108225171965453,2.086238831279912,41020.332544372686
Swift/BAT,sw00690589000bevshsp_uf.evt.gz,,2016-06-11T20:08:40,266.583404251709,-28.9996980890775,42237.13153648195,20.6357082914624,2046.798246026608,positive,significant_positive,,unknown,42237.13153648195,42237.13153648195,13.301221104029883,2.1169550878645933,42237.13153648195
Swift/BAT,sw00690638000bevshsp_uf.evt.gz,,2016-06-12T02:24:48,244.9807,-15.64042,5253.758864501269,29.63434917717821,177.2861227047718,positive,significant_positive,,unknown,5253.758864501269,5253.75886450127,4.691150569948975,0.7466198019957414,5253.758864501269
Swift/BAT,sw00704310000bevshsp_uf.evt.gz,GRB160714A,2016-07-14T02:19:15.539440,234.461473411661,63.8313767687476,-40189.23301629453,23.36527840449913,1720.0408366867928,negative,significant_negative,0.3479999,short,40189.23301629453,40189.233016294536,12.974754933968208,2.0649963831469984,40189.23301629453
Swift/BAT,sw00709907000bevshsp_uf.evt.gz,GRB160826A,2016-08-26T06:12:38.274100,183.1133,-67.66364,5051.241310886345,21.589440899264275,233.96813907573127,positive,significant_positive,52.616,long,5051.241310886345,5051.241310886346,4.599846750170389,0.732088347754808,5051.241310886345
Swift/BAT,sw00710022000bevshsp_uf.evt.gz,,2016-08-27T07:36:56,270.759892663473,-20.2484847422294,-17154.779623109673,20.968115249721585,818.1364618995717,negative,significant_negative,,unknown,17154.779623109673,17154.779623109676,8.476896416174435,1.3491399667121338,17154.779623109673
Swift/BAT,sw00718655000bevshsp_uf.evt.gz,GRB161022A,2016-10-22T02:43:40.140580,129.0017917,54.3488889,1913.7358140363465,26.33011148356908,72.6824045249708,positive,significant_positive,7.248,long,1913.7358140363465,1913.7358140363467,2.831296140000964,0.4506147760381564,1913.7358140363465
Swift/BAT,sw00727167000bevshsp_uf.evt.gz,GRB161217A,2016-12-17T01:27:34.681680,150.6516667,52.3591944,-78282.34217586335,28.38545958837104,2757.832471662149,negative,significant_negative,12.036,long,78282.34217586335,78282.34217586336,18.108238680611457,2.8820156967071746,78282.34217586335
Swift/BAT,sw00728094000bevshsp_uf.evt.gz,,2016-12-23T19:01:44,259.877380991834,-25.0103709585701,38014.18766409968,19.94205795924224,1906.231931618764,positive,significant_positive,,unknown,38014.18766409968,38014.18766409968,12.618773986813949,2.008340255760863,38014.18766409968
Swift/BAT,sw00729410000bevshsp_uf.evt.gz,,2017-01-01T19:47:04,259.889321778484,-25.0252159272683,74238.83994472414,31.24485397719588,2376.0341462599736,positive,significant_positive,,unknown,74238.83994472414,74238.83994472412,17.634367739592058,2.806596794056329,74238.83994472414
Swift/BAT,sw00731183000bevshsp_uf.evt.gz,,2017-01-09T11:11:04,259.882394312664,-24.9935284069051,20996.09628649217,18.288825430647787,1148.0286892184797,positive,significant_positive,,unknown,20996.09628649217,20996.09628649218,9.378072427935836,1.4925665835798008,20996.09628649217
Swift/BAT,sw00731257000bevshsp_uf.evt.gz,,2017-01-09T14:41:04,259.901375085413,-24.9976730621702,36043.10220382546,64.51458177287985,558.6814827493307,positive,significant_positive,,unknown,36043.10220382546,36043.10220382546,12.287269569009172,1.9555796890104322,36043.10220382546
Swift/BAT,sw00731535000bevshsp_uf.evt.gz,,2017-01-10T08:02:32,259.888854995834,-25.0149956632395,7160.856462608343,20.89744987038695,342.6665218494312,positive,significant_positive,,unknown,7160.856462608343,7160.856462608343,5.476798828554427,0.871659605884339,7160.856462608343
Swift/BAT,sw00732188000bevshsp_uf.evt.gz,GRB170112A,2017-01-12T02:02:00.112820,15.2313721880538,-17.1902816690652,170379.98576891248,37.81509597360061,4505.607651712897,positive,significant_positive,0.05599993,short,170379.98576891248,170379.9857689125,26.714902498052755,4.251808786783119,170379.98576891248
Swift/BAT,sw00735413000bevshsp_uf.evt.gz,,2017-01-28T03:24:08,172.245751050275,-60.4204369858033,-15812.688968751258,18.276382790276426,865.1979524725252,negative,significant_negative,,unknown,15812.688968751258,15812.68896875126,8.13855249191397,1.2952908587009708,15812.688968751258
Swift/BAT,sw00741220000bevshsp_uf.evt.gz,GRB170306A,2017-03-06T07:06:12.520600,263.0687917,-44.7479722,114486.1811141907,28.51543947852712,4014.883978919625,positive,significant_positive,21.008,long,114486.1811141907,114486.1811141907,21.89882631636962,3.485306456161107,114486.1811141907
Swift/BAT,sw00745966000bevshsp_uf.evt.gz,,2017-04-06T12:29:20,282.037560306037,-2.43867721564144,32833.86684020708,34.01877628588042,965.1689574099952,positive,significant_positive,,unknown,32833.86684020708,32833.866840207076,11.72749674080194,1.8664890763927207,32833.86684020708
Swift/BAT,sw00750044000bevshsp_uf.evt.gz,,2017-04-26T13:42:00,255.043891882312,-60.1119294489334,-14469.850125911098,39.76256827278548,363.9063258349596,negative,significant_negative,,unknown,14469.850125911098,14469.850125911098,7.785317364895508,1.2390717421622892,14469.850125911098
Swift/BAT,sw00762535000bevshsp_uf.evt.gz,GRB170714A,2017-07-14T12:25:32.632340,34.34984,1.990147,-96387.49490637632,30.77022340687161,3132.4925279824606,negative,significant_negative,459.216,long,96387.49490637632,96387.49490637635,20.093456510210665,3.197972927402052,96387.49490637632
Swift/BAT,sw00765783000bevshsp_uf.evt.gz,,2017-08-01T17:03:36,290.480824023386,-17.3077662846383,-6835.943646406895,22.10985320826135,309.1808698147595,negative,significant_negative,,unknown,6835.943646406895,6835.943646406895,5.35110584706946,0.8516549465690484,6835.943646406895
Swift/BAT,sw00770431000bevshsp_uf.evt.gz,,2017-09-02T20:00:56,233.8331,-57.23133,-2622.6257521655552,18.24912024237162,143.71244845415757,negative,significant_negative,,unknown,2622.6257521655552,2622.6257521655552,3.314457581790966,0.5275123078104422,2622.6257521655552
Swift/BAT,sw00770502000bevshsp_uf.evt.gz,,2017-09-03T09:00:08,233.8301,-57.2303,-199305.1257781139,52.0562382207852,3828.65017892389,negative,significant_negative,,unknown,199305.1257781139,199305.12577811393,28.893725246549348,4.598579197327421,199305.1257781139
Swift/BAT,sw00773509000bevshsp_uf.evt.gz,GRB170921A,2017-09-21T14:28:48.502900,26.848375,30.9068889,1215.713259647429,25.802294114532494,47.116479420436846,positive,significant_positive,28.8,long,1215.713259647429,1215.713259647429,2.2566275266069242,0.3591534255767296,1215.713259647429
Swift/BAT,sw00773893000bevshsp_uf.evt.gz,,2017-09-24T10:10:16,233.5138,-57.33855,105850.92103342868,36.42109803761448,2906.3077923710434,positive,significant_positive,,unknown,105850.92103342868,105850.9210334287,21.05676378725952,3.3512880422607716,105850.92103342868
Swift/BAT,sw00773898000bevshsp_uf.evt.gz,,2017-09-24T10:42:40,255.0358,-41.94147,61450.66560975375,18.367641265712045,3345.593738509436,positive,significant_positive,,unknown,61450.66560975375,61450.66560975374,16.043813330494107,2.5534521975917817,61450.66560975375
Swift/BAT,sw00775946000bevshsp_uf.evt.gz,,2017-10-03T02:37:20,40.91866,61.43232,12990.308897767867,27.0944754479053,479.44493048940575,positive,significant_positive,,unknown,12990.308897767867,12990.308897767867,7.37656279496891,1.1740164318470694,12990.308897767867
Swift/BAT,sw00784918000bevshsp_uf.evt.gz,,2017-11-01T00:48:16,244.897205441858,-15.8345062755353,-2177.9350389924857,19.529001500798422,111.52311288948609,negative,significant_negative,,unknown,2177.9350389924857,2177.9350389924857,3.020416023992852,0.48071414041243116,2177.9350389924857
Swift/BAT,sw00796115000bevshsp_uf.evt.gz,,2017-12-09T17:57:36,134.821278843895,-55.2257345116493,-10753.54613102524,20.40114166851156,527.1051152800413,negative,significant_negative,,unknown,10753.54613102524,10753.54613102524,6.71150867542888,1.0681697812986453,10753.54613102524
Swift/BAT,sw00796778000bevshsp_uf.evt.gz,GRB171212A,2017-12-12T11:57:21.680200,293.9180833,20.5914722,444.5358314270966,58.745928392447965,7.567091772852866,positive,significant_positive,304.0,long,444.5358314270966,444.5358314270965,1.3645758814951978,0.21717899676394112,444.5358314270966
Swift/BAT,sw00797441000bevshsp_uf.evt.gz,GRB171216A,2017-12-16T03:06:59.453420,211.992375,-50.4850833,141319.16360131904,24.02866883050165,5881.273099154394,positive,significant_positive,30.08,long,141319.16360131904,141319.16360131904,24.330152655538573,3.8722640613093677,141319.16360131904
Swift/BAT,sw00809374000bevshsp_uf.evt.gz,,2018-02-10T00:09:36,299.747375379412,35.0383948710055,-19905.609934114003,22.809870762055528,872.6752615901361,negative,significant_negative,,unknown,19905.609934114003,19905.609934114003,9.13128818471498,1.453289651394009,19905.609934114003
Swift/BAT,sw00811686000bevshsp_uf.evt.gz,,2018-02-25T20:31:12,185.608944295945,29.2927479190389,-13634.155106370295,24.59623221458457,554.3188480016786,negative,significant_negative,,unknown,13634.155106370295,13634.155106370295,7.557156565805835,1.202758823167371,13634.155106370295
Swift/BAT,sw00813449000bevshsp_uf.evt.gz,,2018-03-09T18:20:56,255.432992532495,-40.8553448343492,-54022.68894189644,23.410048139692528,2307.670988950217,negative,significant_negative,,unknown,54022.68894189644,54022.68894189644,15.042928912816077,2.39415649505467,54022.68894189644
Swift/BAT,sw00813771000bevshsp_uf.evt.gz,,2018-03-12T00:12:00,275.0896,7.183296,21564.40339786179,19.47698786643232,1107.1734266994663,positive,significant_positive,,unknown,21564.40339786179,21564.40339786179,9.504144449924246,1.5126315690648462,21564.40339786179
Swift/BAT,sw00818110000bevshsp_uf.evt.gz,,2018-03-26T16:22:08,135.5307,-40.55537,43977.430969876594,20.00267703951105,2198.5772645835605,positive,significant_positive,,unknown,43977.430969876594,43977.4309698766,13.572480689921381,2.1601273918202857,43977.430969876594
Swift/BAT,sw00821902000bevshsp_uf.evt.gz,GRB180404B,2018-04-04T02:11:44.070200,53.3925833,-50.215,1734.398938879429,426.4903540459214,4.066677997347347,positive,significant_positive,111.708,long,1734.398938879429,1734.398938879429,2.6953725691210226,0.4289818678499121,1734.398938879429
Swift/BAT,sw00834937000bevshsp_uf.evt.gz,,2018-05-31T04:02:32,210.507655601767,11.9852077526474,-7860.192256497933,25.26821326357164,311.07036237618416,negative,significant_negative,,unknown,7860.192256497933,7860.192256497932,5.738004560102438,0.9132317892241395,7860.192256497933
Swift/BAT,sw00841583000bevshsp_uf.evt.gz,,2018-06-14T20:29:28,244.9812,-15.6385,-60480.49165844936,20.378186234512523,2967.9035691615927,negative,significant_negative,,unknown,60480.49165844936,60480.49165844936,15.916660800544117,2.5332152439236,60480.49165844936
Swift/BAT,sw00854578000bevshsp_uf.evt.gz,GRB180821A,2018-08-21T16:40:34.535440,7.7882917,-38.6265833,-130181.72161137956,27.21548352788935,4783.369785731512,negative,significant_negative,64.0,long,130181.72161137956,130181.72161137954,23.35174341088852,3.7165453936565047,130181.72161137956
Swift/BAT,sw00864595000bevshsp_uf.evt.gz,,2018-09-30T14:31:12,83.8588155211045,21.9444079956025,24186.903787470743,24.96580001701853,968.8014712519994,positive,significant_positive,,unknown,24186.903787470743,24186.903787470736,10.06547890907672,1.6019707229667781,24186.903787470743
Swift/BAT,sw00865036000bevshsp_uf.evt.gz,GRB181002A,2018-10-02T11:26:43.208360,64.7462917,15.2134722,-2237.5992302637296,22.74351001230208,98.38407655869304,negative,significant_negative,63.408,long,2237.5992302637296,2237.599230263729,3.0615084089328053,0.48725419659905966,2237.5992302637296
Swift/BAT,sw00867252000bevshsp_uf.evt.gz,GRB181016A,2018-10-16T00:55:00.927600,231.267907712346,-35.2789249317542,-4290.892927916552,23.572273470078454,182.0313570247355,negative,significant_negative,111.344,long,4290.892927916552,4290.892927916553,4.2395342039243005,0.6747428249617159,4290.892927916552
Swift/BAT,sw00868839000bevshsp_uf.evt.gz,,2018-10-26T01:42:08,244.815388994994,-15.7824760628516,5565.2522144824825,18.071057502553742,307.96494414873166,positive,significant_positive,,unknown,5565.2522144824825,5565.2522144824825,4.828216437069696,0.7684345122771812,5565.2522144824825
Swift/BAT,sw00868849000bevshsp_uf.evt.gz,,2018-10-26T03:31:36,244.793202416147,-16.0004710572437,-13771.513171519027,23.216249153724245,593.1842426540234,negative,significant_negative,,unknown,13771.513171519027,13771.513171519031,7.595128667635965,1.208802270873225,13771.513171519027
Swift/BAT,sw00868851000bevshsp_uf.evt.gz,,2018-10-26T03:50:40,244.794626082559,-16.0636294274481,-53812.50870817858,24.98611328467736,2153.696659223061,negative,significant_negative,,unknown,53812.50870817858,53812.508708178575,15.01363744639522,2.38949461338338,53812.50870817858
Swift/BAT,sw00868853000bevshsp_uf.evt.gz,,2018-10-26T03:58:16,307.7256,40.68354,-7546.631886297056,26.873325037140177,280.8224094289509,negative,significant_negative,,unknown,7546.631886297056,7546.631886297056,5.622388969508402,0.8948309964826099,7546.631886297056
Swift/BAT,sw00869494000bevshsp_uf.evt.gz,GRB181030A,2018-10-30T01:27:22.164360,146.9251,14.65825,6794.433901415399,60.50364735327548,112.29792249950316,positive,significant_positive,303.196,long,6794.433901415399,6794.433901415399,5.334834409174984,0.8490652667969297,6794.433901415399
Swift/BAT,sw00871103000bevshsp_uf.evt.gz,,2018-11-08T19:37:36,187.8844,13.19806,-34880.925495521034,19.631091856808546,1776.82045145255,negative,significant_negative,,unknown,34880.925495521034,34880.925495521034,12.087550581053318,1.9237934248479474,34880.925495521034
Swift/BAT,sw00872556000bevshsp_uf.evt.gz,,2018-11-19T08:15:52,9.40092208474874,43.0648266446963,67395.38140041754,28.514380680856107,2363.5576081673494,positive,significant_positive,,unknown,67395.38140041754,67395.38140041754,16.801937788776385,2.6741114526062715,67395.38140041754
Swift/BAT,sw00873178000bevshsp_uf.evt.gz,,2018-11-23T04:19:44,284.650701554987,-8.23728308797485,30268.115466115407,19.25288930013772,1572.1336675373136,positive,significant_positive,,unknown,30268.115466115407,30268.115466115407,11.259963835723793,1.79207890349142,30268.115466115407
Swift/BAT,sw00874475000bevshsp_uf.evt.gz,GRB181203A,2018-12-03T12:08:47.866980,108.3490833,-39.8015833,1539.3298927269527,30.425764291645265,50.59297370385676,positive,significant_positive,15.06,long,1539.3298927269527,1539.3298927269525,2.5392774516758787,0.4041385583160075,1539.3298927269527
Swift/BAT,sw00876016000bevshsp_uf.evt.gz,GRB181213A,2018-12-13T12:57:38.436940,248.2701667,78.4967778,828.1023948718814,29.287331156786085,28.275106066808828,positive,significant_positive,15.296,long,828.1023948718814,828.1023948718813,1.8624573015775392,0.29641928584365823,828.1023948718814
Swift/BAT,sw00878548000bevshsp_uf.evt.gz,,2018-12-23T02:47:44,247.818270329542,-47.8175494276217,3526.137558001457,21.206693845829108,166.27474247688878,positive,significant_positive,,unknown,3526.137558001457,3526.137558001457,3.843208355487106,0.611665607107847,3526.137558001457
Swift/BAT,sw00883818000bevshsp_uf.evt.gz,GRB190114B,2019-01-14T19:31:12.086340,174.873375,18.8922778,960.0620674189094,32.42742441870308,29.60648539404741,positive,significant_positive,26.492,long,960.0620674189094,960.0620674189095,2.005367443635031,0.319164141370073,960.0620674189094
Swift/BAT,sw00884906000bevshsp_uf.evt.gz,,2019-01-21T10:07:20,247.8088,-47.80657,119110.88390506648,48.16934246834903,2472.752954502784,positive,significant_positive,,unknown,119110.88390506648,119110.8839050665,22.336752310597696,3.5550045428509383,119110.88390506648
Swift/BAT,sw00885807000bevshsp_uf.evt.gz,,2019-01-26T10:38:16,207.0475,-63.25299,13760.351489669518,57.66316321402018,238.6333097717372,positive,significant_positive,,unknown,13760.351489669518,13760.351489669516,7.59205015357153,1.2083123101424922,13760.351489669518
Swift/BAT,sw00886486000bevshsp_uf.evt.gz,,2019-01-29T09:20:32,247.8087,-47.80711,-212218.14134562752,43.80985304517646,4844.073344112555,negative,significant_negative,,unknown,212218.14134562752,212218.14134562752,29.81505109414603,4.745212760170763,212218.14134562752
Swift/BAT,sw00887541000bevshsp_uf.evt.gz,,2019-02-03T21:18:40,262.2442,-36.24216,-26817.22793310928,20.68828640613367,1296.2517729432873,negative,significant_negative,,unknown,26817.22793310928,26817.227933109272,10.598666976829309,1.686830239547219,26817.22793310928
Swift/BAT,sw00888312000bevshsp_uf.evt.gz,,2019-02-09T14:29:04,285.97172123146,3.24167223441573,-121.49171218963016,20.701858604719032,5.868637908769015,negative,significant_negative,,unknown,121.49171218963016,121.49171218963016,0.7133745818170495,0.11353709097229715,121.49171218963016
Swift/BAT,sw00889483000bevshsp_uf.evt.gz,,2019-02-18T08:54:32,284.645375,-8.2373889,6908.250172044138,23.65047398218508,292.09774726915987,positive,significant_positive,,unknown,6908.250172044138,6908.250172044137,5.379331803567464,0.8561472470692024,6908.250172044138
Swift/BAT,sw00890732000bevshsp_uf.evt.gz,,2019-02-26T06:13:12,247.8174,-47.80667,-562.5146846563289,26.854642341186267,20.94664592846261,negative,significant_negative,,unknown,562.5146846563289,562.5146846563289,1.5350100980569918,0.24430444480174524,562.5146846563289
Swift/BAT,sw00892030000bevshsp_uf.evt.gz,,2019-03-07T05:33:20,299.5887,35.2014,17213.304160408123,21.169875615024747,813.1036985494353,positive,significant_positive,,unknown,17213.304160408123,17213.304160408126,8.49134381939198,1.3514393423490478,17213.304160408123
Swift/BAT,sw00892607000bevshsp_uf.evt.gz,GRB190311A,2019-03-11T14:23:33.671280,212.0652917,53.5007778,-702.4837563485961,25.998539604055285,27.02012370875716,negative,significant_negative,13.952,long,702.4837563485961,702.483756348596,1.715388316858474,0.27301252995011255,702.4837563485961
Swift/BAT,sw00893808000bevshsp_uf.evt.gz,GRB190320A,2019-03-20T01:14:36.601140,117.8491667,-45.8879722,-10112.645582714293,21.945594627230776,460.8052665916925,negative,significant_negative,63.0,long,10112.645582714293,10112.64558271429,6.50843689078645,1.0358499029703097,10112.645582714293
Swift/BAT,sw00894268000bevshsp_uf.evt.gz,,2019-03-22T10:56:48,314.6998,41.77969,47876.514716239006,26.55540941772069,1802.89122879388,positive,significant_positive,,unknown,47876.514716239006,47876.51471623902,14.161379730898169,2.253853585173818,47876.514716239006
Swift/BAT,sw00895479000bevshsp_uf.evt.gz,,2019-03-27T21:28:08,314.705126854701,41.7447121729859,-4204.187634931355,20.863334819053176,201.5108165302478,negative,significant_negative,,unknown,4204.187634931355,4204.187634931353,4.19648185797157,0.6678908312916364,4204.187634931355
Swift/BAT,sw00895503000bevshsp_uf.evt.gz,,2019-03-27T23:16:36.544,297.816485815913,39.0700161966286,8506.283749751525,19.3836060981624,438.8390739408359,positive,significant_positive,,unknown,8506.283749751525,8506.283749751525,5.969173983902031,0.9500235457135499,8506.283749751525
Swift/BAT,sw00896552000bevshsp_uf.evt.gz,,2019-04-04T05:57:52,164.406920557891,-52.3869463131394,2057.920813564572,76.49221152517391,26.903664733072866,positive,significant_positive,,unknown,2057.920813564572,2057.920813564572,2.9360174635184513,0.46728169232309,2057.920813564572
Swift/BAT,sw00897653000bevshsp_uf.evt.gz,,2019-04-09T13:01:44,324.921589868799,-46.6073895633698,-42693.27311407619,25.680890322175763,1662.4529982595668,negative,significant_negative,,unknown,42693.27311407619,42693.27311407618,13.37285176133021,2.128355461050862,42693.27311407619
Swift/BAT,sw00899979000bevshsp_uf.evt.gz,GRB190422A,2019-04-22T22:55:29.215560,182.0355,-60.2247778,-197.31627011467776,82.94155514705413,2.3789796292683323,negative,significant_negative,269.016,long,197.31627011467776,197.31627011467776,0.9091295064518299,0.14469245486250387,197.31627011467776
Swift/BAT,sw00903845000bevshsp_uf.evt.gz,GRB190515B,2019-05-15T16:04:21.314940,98.85118,52.31844,-1469.848070423443,23.97541107690451,61.30648044818494,negative,significant_negative,46.512,long,1469.848070423443,1469.8480704234432,2.4813071554956463,0.3949122991264223,1469.848070423443
Swift/BAT,sw00908288000bevshsp_uf.evt.gz,GRB190613A,2019-06-13T04:07:18.310160,182.5290833,67.2351944,51268.97405247368,48.456198411922166,1058.047798480606,positive,significant_positive,17.632,long,51268.97405247368,51268.97405247367,14.65452067863188,2.3323394046466603,51268.97405247368
Swift/BAT,sw00912239000bevshsp_uf.evt.gz,GRB190630C,2019-06-30T23:52:59.523940,293.879,-32.74325,1088.6664643003717,79.57140668662407,13.68162898750634,positive,significant_positive,38.384,long,1088.6664643003717,1088.6664643003714,2.135461407270295,0.33986923874904257,1088.6664643003717
Swift/BAT,sw00922968000bevshsp_uf.evt.gz,GRB190829A,2019-08-29T19:56:44.601720,44.5440833,-8.9581944,110.8759324525548,33.233800465082425,3.336239939487156,positive,significant_positive,56.896,long,110.8759324525548,110.8759324525548,0.6814954290410311,0.1084633662264121,110.8759324525548
Swift/BAT,sw00924641000bevshsp_uf.evt.gz,,2019-09-10T07:02:52.927999,272.031375,13.2515,-508.6201171356596,31.639456088854192,16.07550128887437,negative,significant_negative,,unknown,508.6201171356596,508.62011713565954,1.459624254599504,0.2323064151763342,508.6201171356596
Swift/BAT,sw00937114000bevshsp_uf.evt.gz,,2019-11-15T11:26:44.735999,292.179401558879,38.7305888139949,-33408.803138661,26.3062154619025,1269.9965598261251,negative,significant_negative,,unknown,33408.803138661,33408.803138660995,11.829728117791213,1.8827597053796545,33408.803138661
Swift/BAT,sw00946256000bevshsp_uf.evt.gz,,2019-12-26T05:53:28,135.8533,-40.27681,102605.31973550658,113.85527833808064,901.1907153819556,positive,significant_positive,,unknown,102605.31973550658,102605.31973550658,20.731429238406736,3.299509440652279,102605.31973550658
Swift/BAT,sw00946257000bevshsp_uf.evt.gz,,2019-12-26T06:00:21.376,135.920853858823,-40.2356723745026,-39987.127175667854,33.85024374515394,1181.2951031229277,negative,significant_negative,,unknown,39987.127175667854,39987.12717566786,12.942089731994027,2.0597975547857126,39987.127175667854
Swift/BAT,sw00946476000bevshsp_uf.evt.gz,GRB191228A,2019-12-28T00:01:19.837560,5.3466667,-8.6825833,-196.26252753144465,27.162783464422784,7.225420317785362,negative,significant_negative,193.816,long,196.26252753144465,196.26252753144462,0.9066987111992244,0.1443055817824074,196.26252753144465
Swift/BAT,sw00948244000bevshsp_uf.evt.gz,,2020-01-08T00:02:16,243.794634024531,-15.0314399709074,7103.870404252296,24.532849808329484,289.5656419761052,positive,significant_positive,,unknown,7103.870404252296,7103.870404252294,5.45496313144314,0.8681843467532202,7103.870404252296
Swift/BAT,sw00958592000bevshsp_uf.evt.gz,GRB200227A,2020-02-27T07:20:08.006260,56.4330833,9.4822778,511.344782460042,145.25588967352348,3.520303263498219,positive,significant_positive,30.328,long,511.344782460042,511.344782460042,1.4635286181135139,0.23292781392921652,511.344782460042
Swift/BAT,sw00968731000bevshsp_uf.evt.gz,,2020-04-30T12:57:06.559999,272.131488929659,-20.3976033897298,108994.48276956576,18.97257421746044,5744.844190371292,positive,significant_positive,,unknown,108994.48276956576,108994.48276956574,21.367148190643412,3.4006872543179467,108994.48276956576
Swift/BAT,sw00972030000bevshsp_uf.evt.gz,,2020-05-13T14:55:52,244.9788,-15.63949,235320.9572093836,28.098827138795208,8374.760841333586,positive,significant_positive,,unknown,235320.9572093836,235320.95720938363,31.39602077556364,4.996831899846795,235320.9572093836
Swift/BAT,sw00976692000bevshsp_uf.evt.gz,GRB200608A,2020-06-08T17:28:38.919540,309.628863589921,-31.1682990251738,-1532.4684731163636,20.5496554731726,74.57392534473331,negative,significant_negative,121.552,long,1532.4684731163636,1532.4684731163636,2.5336118347793097,0.4032368473812536,1532.4684731163636
Swift/BAT,sw00980421000bevshsp_uf.evt.gz,GRB200701A,2020-07-01T12:46:59.079040,123.554730695954,-14.4938413543113,835.9570953166119,23.960173347455733,34.889442709536155,positive,significant_positive,38.78,long,835.9570953166119,835.9570953166118,1.8712693265492029,0.2978217631765477,835.9570953166119
Swift/BAT,sw00990358000bevshsp_uf.evt.gz,,2020-08-17T01:53:46.559999,154.130522141224,-33.9213707601735,-32440.687393583565,19.0935813019158,1699.0362824353206,negative,significant_negative,,unknown,32440.687393583565,32440.68739358357,11.657067967151097,1.855279988930289,32440.687393583565
Swift/BAT,sw00993768000bevshsp_uf.evt.gz,GRB200829A,2020-08-29T13:59:34.457300,251.2042917,72.3291944,-3712.872607437465,37.381791673583,99.32302442478382,negative,significant_negative,13.1,long,3712.872607437465,3712.872607437465,3.9436587592810004,0.6276527854072222,3712.872607437465
Swift/BAT,sw00994727000bevshsp_uf.evt.gz,,2020-09-05T10:05:36.511999,243.0117,-52.73006,-51326.13820016218,29.29215791450729,1752.2143076643154,negative,significant_negative,,unknown,51326.13820016218,51326.13820016218,14.662688189494856,2.3336393043732597,51326.13820016218
Swift/BAT,sw00996184000bevshsp_uf.evt.gz,GRB200917A,2020-09-17T03:52:28.303740,235.7246667,-4.7010833,441.1276673890505,29.85039597032681,14.777950276691788,positive,significant_positive,21.0,long,441.1276673890505,441.1276673890506,1.3593348565454813,0.21634486173632578,441.1276673890505
Swift/BAT,sw00997453000bevshsp_uf.evt.gz,GRB200925B,2020-09-25T21:50:37.022000,246.7857917,78.3901944,317.97198442652905,30.75499735666291,10.338872110409794,positive,significant_positive,18.804,long,317.97198442652905,317.97198442652905,1.1540874896481357,0.18367872873801738,317.97198442652905
Swift/BAT,sw00999571000bevshsp_uf.evt.gz,,2020-10-10T14:49:49.759999,277.6705,-6.7548889,69307.41460562118,32.628617709445884,2124.129658902372,positive,significant_positive,,unknown,69307.41460562118,69307.41460562115,17.038609668018548,2.7117789520785096,69307.41460562118
Swift/BAT,sw00999895000bevshsp_uf.evt.gz,,2020-10-12T22:06:48,244.836007496934,-15.8161582437486,-84864.6881004841,18.54265388070636,4576.728263734992,negative,significant_negative,,unknown,84864.6881004841,84864.6881004841,18.854187180771277,3.000737087799595,84864.6881004841
Swift/BAT,sw01000631000bevshsp_uf.evt.gz,,2020-10-17T13:14:16,170.2333309798,-60.6136806155216,-8383.175635657182,24.86671004238165,337.1244375057775,negative,significant_negative,,unknown,8383.175635657182,8383.175635657184,5.92582179850565,0.9431238311138797,8383.175635657182
Swift/BAT,sw01000668000bevshsp_uf.evt.gz,,2020-10-17T21:20:48,135.571786634863,-40.5106334066564,-7105.974113127723,35.182206268819535,201.97636438239635,negative,significant_negative,,unknown,7105.974113127723,7105.974113127723,5.4557707760256084,0.8683128873807814,7105.974113127723
Swift/BAT,sw01001130000bevshsp_uf.evt.gz,GRB201021C,2020-10-21T20:27:18.666520,12.5284583,-55.8656944,139.03757747550102,47.71140379591192,2.91413721696896,positive,significant_positive,24.384,long,139.03757747550102,139.037577475501,0.7631508649189933,0.12145923247671309,139.03757747550102
Swift/BAT,sw01002544000bevshsp_uf.evt.gz,,2020-10-28T04:53:04,244.921970324121,-15.7022280621029,78073.19218913364,36.84547114036604,2118.9359172992254,positive,significant_positive,,unknown,78073.19218913364,78073.19218913362,18.084032257719745,2.8781631248493857,78073.19218913364
Swift/BAT,sw01013852000bevshsp_uf.evt.gz,GRB201221A,2020-12-21T07:09:01.425800,214.4800833,-45.4165833,-3902.78744650568,20.312592123473323,192.13635673782872,negative,significant_negative,44.316,long,3902.78744650568,3902.7874465056793,4.043260791401697,0.6435049411612288,3902.78744650568
Swift/BAT,sw01016010000bevshsp_uf.evt.gz,,2021-01-05T11:55:28,244.97820193306,-15.8442266359617,16645.515877442274,22.173480794119342,750.6947615485275,positive,significant_positive,,unknown,16645.515877442274,16645.515877442274,8.350124182372772,1.3289635390557977,16645.515877442274
Swift/BAT,sw01033328000bevshsp_uf.evt.gz,GRB210218A,2021-02-18T13:35:19.647260,47.2910601557218,35.287132551004,517.8394142986718,53.53594930194903,9.67274179407928,positive,significant_positive,215.928,long,517.8394142986718,517.839414298672,1.4727934907062152,0.2344023641994616,517.8394142986718
Swift/BAT,sw01033716000bevshsp_uf.evt.gz,,2021-02-20T21:38:24,244.9799,-15.63891,49022.90790033765,23.261030889542013,2107.5122651755723,positive,significant_positive,,unknown,49022.90790033765,49022.90790033764,14.329922415110268,2.28067798648815,49022.90790033765
Swift/BAT,sw01035744000bevshsp_uf.evt.gz,,2021-03-05T01:10:08,244.830942961012,-15.7857939410824,47670.781652535785,18.5459536582603,2570.414146985825,positive,significant_positive,,unknown,47670.781652535785,47670.781652535785,14.130920113023521,2.249005786424378,47670.781652535785
Swift/BAT,sw01036024000bevshsp_uf.evt.gz,GRB210306B,2021-03-06T09:32:14.276600,331.84758020164,10.1749633736152,249.240652459642,52.12166546696045,4.781901158120779,positive,significant_positive,23.84,long,249.240652459642,249.24065245964204,1.0217714047953768,0.16261996978313414,249.240652459642
Swift/BAT,sw01036990000bevshsp_uf.evt.gz,,2021-03-15T05:22:16,299.6989,35.38956,30521.68590851104,22.39395030609508,1362.943361547238,positive,significant_positive,,unknown,30521.68590851104,30521.685908511037,11.307030510577826,1.7995697974493383,30521.68590851104
Swift/BAT,sw01044236000bevshsp_uf.evt.gz,GRB210419C,2021-04-19T23:27:49.124960,212.9613,36.00506,706.5452456363658,34.442825280418226,20.51356820713712,positive,significant_positive,54.492,long,706.5452456363658,706.5452456363658,1.720340025739099,0.27380061889521606,706.5452456363658
Swift/BAT,sw01044382000bevshsp_uf.evt.gz,GRB210420B,2021-04-20T18:34:37.120380,254.3212,42.56873,-7614.654287202521,24.86339202908409,306.25967198261753,negative,significant_negative,158.16,long,7614.654287202521,7614.654287202522,5.64767113871449,0.8988547786838443,7614.654287202521
Swift/BAT,sw01046014000bevshsp_uf.evt.gz,GRB210430A,2021-04-30T10:42:09.864820,57.1977339845647,45.074287242736,963.262885325316,47.037581393624606,20.47858024978884,positive,significant_positive,13.932,long,963.262885325316,963.2628853253161,2.008707579187414,0.3196957404538317,963.262885325316
Swift/BAT,sw01046782000bevshsp_uf.evt.gz,GRB210504A,2021-05-04T13:54:53.041040,222.3916667,-30.5337778,119220.35065206351,45.98025284902992,2592.859831447812,positive,significant_positive,142.984,long,119220.35065206351,119220.35065206351,22.34701405160346,3.5566377496567343,119220.35065206351
Swift/BAT,sw01055000000bevshsp_uf.evt.gz,,2021-06-12T13:02:00,236.7908,-47.66937,33423.7306895199,21.03216084780444,1589.1724550503825,positive,significant_positive,,unknown,33423.7306895199,33423.7306895199,11.832370672003107,1.883180280944866,33423.7306895199
Swift/BAT,sw01057131000bevshsp_uf.evt.gz,,2021-06-21T17:05:04,238.7871667,-54.0612778,-39231.83617357374,19.52399892208276,2009.4160182113253,negative,significant_negative,,unknown,39231.83617357374,39231.83617357375,12.81927966305635,2.0402517252528245,39231.83617357374
Swift/BAT,sw01061554000bevshsp_uf.evt.gz,GRB210725B,2021-07-25T12:00:48.024580,192.9217917,17.108,-17476.706398067035,17.42194543633378,1003.1432173825464,negative,significant_negative,417.908,long,17476.706398067035,17476.706398067035,8.55606548433045,1.3617401152491426,17476.706398067035
Swift/BAT,sw01064377000bevshsp_uf.evt.gz,,2021-08-07T18:42:08,245.1013,-15.90595,158209.60835072448,26.556520861098686,5957.467440039474,positive,significant_positive,,unknown,158209.60835072448,158209.60835072448,25.743093399251883,4.09714056496728,158209.60835072448
Swift/BAT,sw01064380000bevshsp_uf.evt.gz,,2021-08-07T18:52:08,245.114521135169,-15.9365175815752,41980.58661232058,20.32458751139464,2065.5074347159507,positive,significant_positive,,unknown,41980.58661232058,41980.58661232057,13.260764306512469,2.110516188558029,41980.58661232058
Swift/BAT,sw01071488000bevshsp_uf.evt.gz,GRB210901A,2021-09-01T15:04:36.348320,295.277375,-76.9260833,226.3119290139401,29.12035097959121,7.77160718881957,positive,significant_positive,46.784,long,226.3119290139401,226.31192901394007,0.973639148493889,0.15495948327058634,226.3119290139401
Swift/BAT,sw01071762000bevshsp_uf.evt.gz,,2021-09-03T13:46:32,135.4377,-40.32071,-179401.85423614507,42.72212022587872,4199.27319354982,negative,significant_negative,,unknown,179401.85423614507,179401.85423614507,27.413075889890216,4.3629265332292855,179401.85423614507
Swift/BAT,sw01074326000bevshsp_uf.evt.gz,,2021-09-21T17:43:44,307.803427259369,37.6101682851044,-11788.814167984929,23.27913861537982,506.4110989139613,negative,significant_negative,,unknown,11788.814167984929,11788.814167984925,7.027152290430476,1.1184060228815444,11788.814167984929
Swift/BAT,sw01076121000bevshsp_uf.evt.gz,,2021-10-01T00:43:47.519999,71.4703538943629,12.0405045830413,-637.2130397447305,23.2717881908608,27.38135267125602,negative,significant_negative,,unknown,637.2130397447305,637.2130397447305,1.633753879641878,0.26002000574056633,637.2130397447305
Swift/BAT,sw01081113000bevshsp_uf.evt.gz,GRB211025A,2021-10-25T05:10:20.037640,162.3811,31.51315,-17723.363835117605,26.664775667174307,664.6732774480441,negative,significant_negative,95.264,long,17723.363835117605,17723.363835117605,8.616231939102265,1.371315903934392,17723.363835117605
Swift/BAT,sw01082569000bevshsp_uf.evt.gz,,2021-11-05T10:27:51.36,271.07719808787,41.3987171816772,-9160.66579334092,20.22216713885884,453.0011907446763,negative,significant_negative,,unknown,9160.66579334092,9160.66579334092,6.194522349985364,0.9858888520933945,9160.66579334092
Swift/BAT,sw01086826000bevshsp_uf.evt.gz,,2021-12-03T09:03:06.559999,170.174129062455,16.2557010562344,-8850.398405357797,41.72565758464043,212.10926124782523,negative,significant_negative,,unknown,8850.398405357797,8850.398405357797,6.088715968808188,0.9690492435183816,8850.398405357797
Swift/BAT,sw01090853000bevshsp_uf.evt.gz,GRB211225B,2021-12-25T13:12:19.104820,258.568373830299,17.2625625868679,1851.3594828559644,348.6577133000436,5.309962786518777,positive,significant_positive,121.52,long,1851.3594828559644,1851.3594828559644,2.784772246939678,0.44321026848557393,1851.3594828559644
Swift/BAT,sw01093860000bevshsp_uf.evt.gz,GRB220218A,2022-02-18T22:28:59.357780,133.830146896997,31.9839890538763,-265.5391593416569,36.7502354695639,7.225509059977949,negative,significant_negative,270.84,long,265.5391593416569,265.53915934165695,1.054650572292807,0.16785285181509654,265.5391593416569
Swift/BAT,sw01094950000bevshsp_uf.evt.gz,GRB220302A,2022-03-02T07:40:19.483320,301.431936947381,49.3889348270439,116.23222211822504,25.693645226803746,4.523773138930515,positive,significant_positive,6.592,long,116.23222211822504,116.23222211822504,0.6977624190864518,0.11105233810136746,116.23222211822504
Swift/BAT,sw01095215000bevshsp_uf.evt.gz,GRB220305A,2022-03-05T16:13:08.615740,107.5982917,-37.6800833,195.2390377254371,49.15681115568989,3.971759622630408,positive,significant_positive,28.0,long,195.2390377254371,195.23903772543704,0.9043314485387708,0.14392882022839934,195.2390377254371
Swift/BAT,sw01107209000bevshsp_uf.evt.gz,,2022-05-19T20:10:40,244.9768,-15.6413,1928.4881491491265,25.172367793179248,76.61131304746282,positive,significant_positive,,unknown,1928.4881491491265,1928.488149149127,2.842187936995458,0.45234825936898354,1928.4881491491265
Swift/BAT,sw01107466000bevshsp_uf.evt.gz,GRB220521A,2022-05-21T23:20:21.443840,275.2296667,10.3723889,-258770.90780598417,123.6428488158832,2092.890209860179,negative,significant_negative,13.548,long,258770.90780598417,258770.90780598417,32.923199174767156,5.239889891063203,258770.90780598417
Swift/BAT,sw01108021000bevshsp_uf.evt.gz,,2022-05-26T11:29:20,244.9807,-15.64201,-182196.1571182228,62.20454286978728,2928.98474472538,negative,significant_negative,,unknown,182196.1571182228,182196.15711822276,27.625739416104935,4.396772984641711,182196.1571182228
Swift/BAT,sw01108208000bevshsp_uf.evt.gz,,2022-05-27T22:25:07.136,244.9769,-15.64246,-27840.14704244439,21.71511381019416,1282.0631420948316,negative,significant_negative,,unknown,27840.14704244439,27840.147042444387,10.798913613470749,1.7187004816062308,27840.14704244439
Swift/BAT,sw01110865000bevshsp_uf.evt.gz,,2022-06-18T20:26:32,103.793142902859,-1.53069798997938,10754.186477677897,19.21182530250538,559.7691165906793,positive,significant_positive,,unknown,10754.186477677897,10754.186477677897,6.711708499193288,1.068201584238498,10754.186477677897
Swift/BAT,sw01111002000bevshsp_uf.evt.gz,,2022-06-20T00:24:40,299.5894,35.19808,24966.949990091347,18.983196497105183,1315.2131672818457,positive,significant_positive,,unknown,24966.949990091347,24966.94999009135,10.226500650852486,1.627598129115658,24966.949990091347
Swift/BAT,sw01111242000bevshsp_uf.evt.gz,,2022-06-21T15:20:00,103.828627396593,-1.47908571336157,86653.479674555,23.23619787202434,3729.245212655169,positive,significant_positive,,unknown,86653.479674555,86653.47967455503,19.05185678277665,3.032197182057758,86653.479674555
Swift/BAT,sw01114148000bevshsp_uf.evt.gz,,2022-07-02T01:53:36,264.5741,-26.99339,-137598.51952684196,20.866437224349948,6594.250760080514,negative,significant_negative,,unknown,137598.51952684196,137598.51952684193,24.007734811663187,3.820949667715569,137598.51952684196
Swift/BAT,sw01116441000bevshsp_uf.evt.gz,GRB220730A,2022-07-15T22:24:42.178080,254.874375,-33.5978889,222209.68864485263,74.60010823868086,2978.6778315910647,positive,significant_positive,40.408,long,222209.68864485263,222209.68864485263,30.50884735948234,4.855633865297733,222209.68864485263
Swift/BAT,sw01118357000bevshsp_uf.evt.gz,,2022-07-30T15:49:24.48,225.020886217671,-69.4969465256892,279426.80449197965,17.88090222973896,15627.108794725453,positive,significant_positive,,unknown,279426.80449197965,279426.8044919797,34.211990027047044,5.445007325815164,279426.80449197965
Swift/BAT,sw01119268000bevshsp_uf.evt.gz,GRB220806A,2022-08-06T18:08:39.809960,260.873417061978,-26.0230362270796,-7032.852054918239,30.899115737207325,227.60690353509355,negative,significant_negative,4.708,long,7032.852054918239,7032.8520549182385,5.427627640079352,0.8638337681808276,7032.852054918239
Swift/BAT,sw01125106000bevshsp_uf.evt.gz,,2022-09-23T11:10:16,135.6514,-40.71712,-13701.229865588051,23.819342235723447,575.2144509280114,negative,significant_negative,,unknown,13701.229865588051,13701.229865588051,7.575722899796559,1.2057137469970898,13701.229865588051
Swift/BAT,sw01125350000bevshsp_uf.evt.gz,,2022-09-26T08:11:04,244.9398,-15.78141,-9141.97131504447,28.98995104473157,315.3496637830945,negative,significant_negative,,unknown,9141.97131504447,9141.971315044468,6.188198437097539,0.9848823700976146,9141.97131504447
Swift/BAT,sw01125354000bevshsp_uf.evt.gz,,2022-09-26T09:23:20,245.0022,-16.04387,-14795.936918127843,25.686510307170167,576.01973725476,negative,significant_negative,,unknown,14795.936918127843,14795.936918127843,7.8725520406848535,1.2529555720231824,14795.936918127843
Swift/BAT,sw01126853000bevshsp_uf.evt.gz,GRB221009A,2022-10-09T14:10:17.995220,288.2644583,19.7733889,-124738.24587166889,49.01186641082659,2545.062145279057,negative,significant_negative,1104.752,long,124738.24587166889,124738.24587166889,22.858310140285592,3.6380130495540475,124738.24587166889
Swift/BAT,sw01131910000bevshsp_uf.evt.gz,GRB221028A,2022-10-28T13:16:27.675980,314.2026667,41.0896944,120.15775267834772,35.41973922594583,3.3923951814509463,positive,significant_positive,68.324,long,120.15775267834772,120.15775267834772,0.7094474028764984,0.11291206103150206,120.15775267834772
Swift/BAT,sw01132968000bevshsp_uf.evt.gz,,2022-10-29T12:06:16,83.6554636575039,22.0253938402808,34680.969155071194,26.080856742336948,1329.7480791255496,positive,significant_positive,,unknown,34680.969155071194,34680.96915507119,12.052854595043497,1.9182713871690371,34680.969155071194
Swift/BAT,sw01142997000bevshsp_uf.evt.gz,GRB221202A,2022-12-02T20:06:10.572660,77.0829583,-59.8320833,3777.2064605618607,19.37227229683265,194.98004171557253,positive,significant_positive,16.832,long,3777.2064605618607,3777.2064605618607,3.9776783961825513,0.6330671787822955,3777.2064605618607
Swift/BAT,sw01143281000bevshsp_uf.evt.gz,,2022-12-04T10:45:36,299.5355,35.09781,48709.03679874797,19.70558531363585,2471.839127003364,positive,significant_positive,,unknown,48709.03679874797,48709.036798747984,14.28397480490551,2.2733651972008033,48709.03679874797
Swift/BAT,sw01149293000bevshsp_uf.evt.gz,GRB230116D,2023-01-16T21:04:43.267620,98.617,49.8723889,-705.6535965920557,30.74564530775099,22.95133471842141,negative,significant_negative,41.0,long,705.6535965920557,705.6535965920557,1.7192541619484567,0.27362779830541084,705.6535965920557
Swift/BAT,sw01152509000bevshsp_uf.evt.gz,GRB230204A,2023-02-04T02:56:57.304260,238.1951,-50.91675,2761.112844448181,52.651846657431285,52.44094974318393,positive,significant_positive,186.192,long,2761.112844448181,2761.112844448181,3.4008414307542227,0.5412607243762483,2761.112844448181
Swift/BAT,sw01159108000bevshsp_uf.evt.gz,,2023-03-09T06:16:57.919999,45.8877140806812,0.625535733131049,51521.17527056926,21.391861113989016,2408.447539745733,positive,significant_positive,,unknown,51521.17527056926,51521.17527056926,14.69052055961406,2.338068963655694,51521.17527056926
Swift/BAT,sw01159435000bevshsp_uf.evt.gz,,2023-03-11T19:32:08,245.044303078593,-15.9129605387498,33788.28586492844,22.632442754823987,1492.9137888894757,positive,significant_positive,,unknown,33788.28586492844,33788.28586492845,11.896723955254856,1.8934224240785746,33788.28586492844
Swift/BAT,sw01160641000bevshsp_uf.evt.gz,,2023-03-20T07:53:36,248.5016,-47.39262,-11139.496034852342,20.227701090541288,550.704995342318,negative,significant_negative,,unknown,11139.496034852342,11139.49603485234,6.8308866098806185,1.0871693696627398,11139.496034852342
Swift/BAT,sw01161127000bevshsp_uf.evt.gz,GRB230322B,2023-03-22T21:10:37.893100,16.5534583,-47.7006944,8705.067191427896,20.288461061937284,429.0649332570262,positive,significant_positive,11.8,long,8705.067191427896,8705.067191427896,6.038518045303876,0.9610599958597215,8705.067191427896
Swift/BAT,sw01162001000bevshsp_uf.evt.gz,GRB230328B,2023-03-28T14:54:48.547340,291.0075833,80.0095,143689.63554587093,158.15328227032956,908.5466547590452,positive,significant_positive,22.336,long,143689.63554587093,143689.63554587096,24.53335969458465,3.904605466044619,143689.63554587093
Swift/BAT,sw01165354000bevshsp_uf.evt.gz,GRB230423A,2023-04-23T19:07:55.465280,122.604962807057,-21.9203287405549,4612.188758530373,26.38767065791976,174.7857481746352,positive,significant_positive,23.604,long,4612.188758530373,4612.188758530374,4.395394304764697,0.6995487304412662,4612.188758530373
Swift/BAT,sw01167288000bevshsp_uf.evt.gz,GRB230506C,2023-05-06T17:09:19.357100,134.373246151572,45.1256110571573,-510.980163910344,28.87959806785484,17.693465217547583,negative,significant_negative,31.0,long,510.980163910344,510.98016391034383,1.4630067345804643,0.23284475358521342,510.980163910344
Swift/BAT,sw01180055000bevshsp_uf.evt.gz,,2023-07-20T07:18:56,245.9246,-12.74081,-3762.0125959053976,40.76615179634208,92.28275002996384,negative,significant_negative,,unknown,3762.0125959053976,3762.012595905398,3.9696702019199974,0.6317926350801699,3762.0125959053976
Swift/BAT,sw01186291000bevshsp_uf.evt.gz,,2023-08-20T19:10:08,84.3208600413091,22.9876882201213,-64570.67415830649,24.044481080501622,2685.4675691324755,negative,significant_negative,,unknown,64570.67415830649,64570.67415830649,16.44606358466268,2.6174723139026814,64570.67415830649
Swift/BAT,sw01186294000bevshsp_uf.evt.gz,,2023-08-20T19:29:04,132.8835,-42.08819,703.5843611788223,22.196546469053704,31.697920312051945,positive,significant_positive,,unknown,703.5843611788223,703.5843611788223,1.7167315691006386,0.2732263151842723,703.5843611788223
Swift/BAT,sw01186302000bevshsp_uf.evt.gz,,2023-08-20T20:02:56,257.4968,-39.17457,-109751.71474520252,26.11577620019536,4202.506328124436,negative,significant_negative,,unknown,109751.71474520252,109751.71474520252,21.44124314687034,3.41247983285964,109751.71474520252
Swift/BAT,sw01192488000bevshsp_uf.evt.gz,,2023-09-18T03:16:08,83.3362736922503,21.2895347997652,-4670.937887282339,23.638078403688464,197.60226730416,negative,significant_negative,,unknown,4670.937887282339,4670.937887282338,4.423299545521861,0.7039899874459382,4670.937887282339
Swift/BAT,sw01200559000bevshsp_uf.evt.gz,,2023-12-04T02:52:24,135.7576,-40.25451,127682.85154273309,40.36638583855034,3163.098426830042,positive,significant_positive,,unknown,127682.85154273309,127682.85154273306,23.126536227057333,3.680702557129966,127682.85154273309
Swift/BAT,sw01202768000bevshsp_uf.evt.gz,,2023-12-16T22:11:04,245.092742782378,-15.4292711794308,10364.370290933924,20.410090442862487,507.8061912537186,positive,significant_positive,,unknown,10364.370290933924,10364.370290933924,6.588943219776833,1.0486628831793114,10364.370290933924
Swift/BAT,sw01204595000bevshsp_uf.evt.gz,,2023-12-26T05:26:56,245.079749627924,-15.8827401392319,-86468.86654810622,48.15554777995515,1795.615885073559,negative,significant_negative,,unknown,86468.86654810622,86468.86654810625,19.03155120361157,3.028965448761292,86468.86654810622
Swift/BAT,sw01205400000bevshsp_uf.evt.gz,,2023-12-30T18:19:04,83.5302418258097,21.8214720121603,-379.7243983478695,37.79599594938845,10.046683221586427,negative,significant_negative,,unknown,379.7243983478695,379.72439834786957,1.2611843006943757,0.2007237156054052,379.7243983478695
Swift/BAT,sw01205401000bevshsp_uf.evt.gz,,2023-12-30T18:25:52,83.5953571114216,21.7519343894387,-20169.4673363162,19.4623723448282,1036.3313875081574,negative,significant_negative,,unknown,20169.4673363162,20169.4673363162,9.191608521587522,1.4628899311762424,20169.4673363162
Swift/BAT,sw01205708000bevshsp_uf.evt.gz,GRB240101A,2024-01-01T14:20:17.331180,10.3487970738741,8.52564743491041,-21067.36147310888,24.240952635351565,869.0814173031093,negative,significant_negative,16.416,long,21067.36147310888,21067.361473108882,9.393974525154551,1.4950974809576871,21067.36147310888
Swift/BAT,sw01209371000bevshsp_uf.evt.gz,,2024-01-17T07:58:00,245.7903,-15.97802,21117.79422975785,21.237067061404183,994.3837427597008,positive,significant_positive,,unknown,21117.79422975785,21117.79422975785,9.405211832611972,1.496885953986579,21117.79422975785
Swift/BAT,sw01209635000bevshsp_uf.evt.gz,,2024-01-19T12:20:56,256.3628982705,-37.846711347039,41911.890720410425,20.75959178936795,2018.9169009515715,positive,significant_positive,,unknown,41911.890720410425,41911.890720410425,13.249910087005603,2.1087886858701066,41911.890720410425
Swift/BAT,sw01210276000bevshsp_uf.evt.gz,GRB240123A,2024-01-23T11:05:46.865580,199.347875,60.6188889,970.8503894605532,46.49867253704929,20.879099047117904,positive,significant_positive,89.84,long,970.8503894605532,970.8503894605533,2.0166032335800264,0.32095237287936124,970.8503894605532
Swift/BAT,sw01211211000bevshsp_uf.evt.gz,,2024-01-26T19:55:36,245.5229,-15.65905,93191.12008533704,28.782351892510214,3237.78683664789,positive,significant_positive,,unknown,93191.12008533704,93191.12008533702,19.757480886654857,3.1445007461547636,93191.12008533704
Swift/BAT,sw01212132000bevshsp_uf.evt.gz,,2024-01-31T05:43:52,244.9795,-15.63825,-3450.241978631976,18.853680819626245,183.00097533423576,negative,significant_negative,,unknown,3450.241978631976,3450.2419786319765,3.8016233117230906,0.6050471418341112,3450.241978631976
Swift/BAT,sw01213829000bevshsp_uf.evt.gz,,2024-02-08T11:25:52,245.1153,-15.72005,18432.862955755503,21.7082746924412,849.116902052737,positive,significant_positive,,unknown,18432.862955755503,18432.862955755503,8.787001524709016,1.398494727613461,18432.862955755503
Swift/BAT,sw01213872000bevshsp_uf.evt.gz,,2024-02-08T16:24:24,245.3912,-15.89506,39486.56520149589,19.990297529384883,1975.286518044683,positive,significant_positive,,unknown,39486.56520149589,39486.56520149589,12.860829581978184,2.046864600234302,39486.56520149589
Swift/BAT,sw01215857000bevshsp_uf.evt.gz,,2024-02-17T18:00:00,83.3800711888627,21.8556273697893,40514.42780042048,22.826974986186155,1774.848740358193,positive,significant_positive,,unknown,40514.42780042048,40514.427800420475,13.027142369795715,2.0733341025148557,40514.42780042048
Swift/BAT,sw01215859000bevshsp_uf.evt.gz,,2024-02-17T18:20:40,244.8236,-15.50599,4031.777268999404,59.38872317857731,67.88792641451747,positive,significant_positive,,unknown,4031.777268999404,4031.777268999404,4.10953393127069,0.6540526389655996,4031.777268999404
Swift/BAT,sw01215912000bevshsp_uf.evt.gz,GRB240218A,2024-02-18T02:00:00.666060,161.7972917,1.2792778,128.84336115741385,64.14476791783721,2.0086339905765787,positive,significant_positive,258.032,long,128.84336115741385,128.84336115741382,0.7346412792430945,0.11692179099089191,128.84336115741385
Swift/BAT,sw01216743000bevshsp_uf.evt.gz,,2024-02-21T22:06:00,245.3427,-15.67613,28026.87233801592,21.74164264856115,1289.0871582727773,positive,significant_positive,,unknown,28026.87233801592,28026.872338015917,10.835067527259797,1.724454555697876,28026.87233801592
Swift/BAT,sw01216745000bevshsp_uf.evt.gz,,2024-02-21T22:22:24,245.5529,-15.7165,-26880.12024459469,21.90765925808557,1226.973631821205,negative,significant_negative,,unknown,26880.12024459469,26880.120244594695,10.611087803992511,1.6888070755875328,26880.12024459469
Swift/BAT,sw01216909000bevshsp_uf.evt.gz,,2024-02-22T23:44:32,245.420075466376,-15.770993117981,15486.608732340428,22.16865230236456,698.5814257499358,positive,significant_positive,,unknown,15486.608732340428,15486.608732340426,8.054201075425604,1.2818659138100443,15486.608732340428
Swift/BAT,sw01217218000bevshsp_uf.evt.gz,,2024-02-24T21:07:04,245.1651,-15.73959,-13359.07156574809,48.52926284931982,275.2786830335159,negative,significant_negative,,unknown,13359.07156574809,13359.071565748089,7.480531272553173,1.1905635289803438,13359.07156574809
Swift/BAT,sw01217221000bevshsp_uf.evt.gz,,2024-02-24T21:33:12,245.270206737933,-15.7591205214719,-68410.78410996571,18.46563432542761,3704.7622033629495,negative,significant_negative,,unknown,68410.78410996571,68410.78410996572,16.928036577866344,2.6941806982078407,68410.78410996571
Swift/BAT,sw01217729000bevshsp_uf.evt.gz,,2024-02-27T04:47:20,245.3507,-15.66086,143681.84284616951,35.170659684838824,4085.275742158089,positive,significant_positive,,unknown,143681.84284616951,143681.84284616954,24.532694428449812,3.904499585650788,143681.84284616951
Swift/BAT,sw01217734000bevshsp_uf.evt.gz,,2024-02-27T05:47:52,84.0620794402806,21.7542716959761,-15421.921794542057,30.95620550800194,498.1851470961325,negative,significant_negative,,unknown,15421.921794542057,15421.921794542059,8.03736243751391,1.2791859613514636,15421.921794542057
Swift/BAT,sw01218081000bevshsp_uf.evt.gz,,2024-02-29T18:15:52,244.6215,-15.66609,444.9917537871776,61.17816334862543,7.273702403443855,positive,significant_positive,,unknown,444.9917537871776,444.99175378717763,1.3652754665174522,0.21729033917834598,444.9917537871776
Swift/BAT,sw01218293000bevshsp_uf.evt.gz,,2024-03-02T05:16:00,245.160067467731,-15.5262719806716,115204.36975583796,18.95273649924995,6078.50849192132,positive,significant_positive,,unknown,115204.36975583796,115204.36975583798,21.967406209697213,3.4962212851809085,115204.36975583796
Swift/BAT,sw01218297000bevshsp_uf.evt.gz,,2024-03-02T05:36:40,256.692602958305,-37.7804024625219,-62476.64233028362,57.01365787503384,1095.818873211466,negative,significant_negative,,unknown,62476.64233028362,62476.64233028361,16.17719219830916,2.574680103708548,62476.64233028362
Swift/BAT,sw01218302000bevshsp_uf.evt.gz,,2024-03-02T06:00:32,83.8861086101572,21.8750747732497,-47541.30995286474,23.188326664716104,2050.225988285938,negative,significant_negative,,unknown,47541.30995286474,47541.30995286474,14.111717594016456,2.2459496106045873,47541.30995286474
Swift/BAT,sw01218395000bevshsp_uf.evt.gz,,2024-03-02T20:59:44,245.166690027153,-15.3852422041787,52093.84059393109,25.22041925177903,2065.5422129930066,positive,significant_positive,,unknown,52093.84059393109,52093.84059393109,14.771938573171843,2.3510270429701383,52093.84059393109
Swift/BAT,sw01218398000bevshsp_uf.evt.gz,,2024-03-02T21:22:00,298.5957,35.64662,150782.91519135924,36.07960829970601,4179.172732110505,positive,significant_positive,,unknown,150782.91519135924,150782.91519135924,25.131613521672314,3.9998205198492647,150782.91519135924
Swift/BAT,sw01218452000bevshsp_uf.evt.gz,,2024-03-03T06:33:52,229.7375,-57.36338,29319.275750451547,25.093791746912817,1168.387625359909,positive,significant_positive,,unknown,29319.275750451547,29319.275750451547,11.08207088386113,1.7637663608612684,29319.275750451547
Swift/BAT,sw01218903000bevshsp_uf.evt.gz,,2024-03-06T01:10:40,299.2882,35.43476,-83002.51924691019,23.03172286030247,3603.8345785227175,negative,significant_negative,,unknown,83002.51924691019,83002.51924691019,18.646182976525015,2.9676321905099066,83002.51924691019
Swift/BAT,sw01219542000bevshsp_uf.evt.gz,,2024-03-11T10:37:36,244.9386,-15.7819,40131.3622394684,54.06359215533973,742.2992191151458,positive,significant_positive,,unknown,40131.3622394684,40131.3622394684,12.965410022572355,2.0635090943055925,40131.3622394684
Swift/BAT,sw01219543000bevshsp_uf.evt.gz,,2024-03-11T10:44:24,244.841530809985,-15.782639110081,161921.51921872742,45.45299866183063,3562.394649105996,positive,significant_positive,,unknown,161921.51921872742,161921.51921872745,26.04333453395584,4.144925425674934,161921.51921872742
Swift/BAT,sw01219905000bevshsp_uf.evt.gz,,2024-03-13T03:46:08,245.1566,-16.33338,104459.95337519934,21.72886683721921,4807.427564343607,positive,significant_positive,,unknown,104459.95337519934,104459.95337519931,20.917954715757418,3.3291958923852154,104459.95337519934
Swift/BAT,sw01219909000bevshsp_uf.evt.gz,,2024-03-13T04:37:44,135.7728,-39.32012,4410.026737169489,25.658400771472333,171.8745753660793,positive,significant_positive,,unknown,4410.026737169489,4410.026737169489,4.297985202336281,0.684045590287639,4410.026737169489
Swift/BAT,sw01219916000bevshsp_uf.evt.gz,,2024-03-13T05:18:24,255.1971,-38.23816,19061.17648348279,19.189406946498256,993.3176432511448,positive,significant_positive,,unknown,19061.17648348279,19061.17648348279,8.935506104620902,1.4221299655782231,19061.17648348279
Swift/BAT,sw01220155000bevshsp_uf.evt.gz,,2024-03-15T09:18:24,244.6558,-15.73978,1515.793377551774,95.28068174956802,15.90871674843622,positive,significant_positive,,unknown,1515.793377551774,1515.7933775517745,2.5197897635257096,0.40103699641747476,1515.793377551774
Swift/BAT,sw01220158000bevshsp_uf.evt.gz,,2024-03-15T09:38:48,243.1511,-15.52696,107205.44160141876,19.70181843507537,5441.39831329273,positive,significant_positive,,unknown,107205.44160141876,107205.44160141876,21.191061881836465,3.3726622478605153,107205.44160141876
Swift/BAT,sw01220736000bevshsp_uf.evt.gz,,2024-04-08T15:14:27.84,236.976,-62.56562,3137.509958374809,32.10340679489897,97.73137095447888,positive,significant_positive,,unknown,3137.509958374809,3137.509958374808,3.6252408169748054,0.5769749959200413,3137.509958374809
Swift/BAT,sw01236151000bevshsp_uf.evt.gz,,2024-06-10T07:37:10.016,117.1415,-67.75527,19320.87663879025,26.507362846342787,728.8871680969934,positive,significant_positive,,unknown,19320.87663879025,19320.876638790254,8.996171341879323,1.4317851379617434,19320.87663879025
Swift/BAT,sw01278305000bevshsp_uf.evt.gz,GRB250101A,2025-01-01T13:22:50.046640,37.0686667,19.1943889,13434.451782683334,23.298245078279173,576.6293442937555,positive,significant_positive,34.216,long,13434.451782683334,13434.451782683334,7.5016064968764535,1.1939177551081643,13434.451782683334
Swift/BAT,sw01299088000bevshsp_uf.evt.gz,GRB250327A,2025-03-27T07:30:04.682040,248.197231340375,61.5954132033376,890.130612864154,46.25740572129438,19.24298604697553,positive,significant_positive,91.008,long,890.130612864154,890.130612864154,1.9309506446685465,0.30732033996548114,890.130612864154
Swift/BAT,sw01319125000bevshsp_uf.evt.gz,GRB250530C,2025-05-30T18:58:42.893720,55.1700833,-22.4480833,767.7845768063466,35.10816230691105,21.86911892723044,positive,significant_positive,65.328,long,767.7845768063466,767.7845768063466,1.7933456205406948,0.285419820181254,767.7845768063466
Swift/BAT,sw01334535000bevshsp_uf.evt.gz,,2025-07-18T00:14:38.72,241.99784819253,-11.9933284261445,-81664.09435992423,67.59480590074476,1208.141561643636,negative,significant_negative,,unknown,81664.09435992423,81664.09435992423,18.495236103862048,2.9436082495813323,81664.09435992423
Swift/BAT,sw01337165000bevshsp_uf.evt.gz,,2025-07-26T22:49:41.12,251.779059202639,-45.8709496590184,-15367.682133030976,24.10518659627488,637.525956152766,negative,significant_negative,,unknown,15367.682133030976,15367.68213303097,8.023216087649077,1.276934499843768,15367.682133030976
Swift/BAT,sw01342439000bevshsp_uf.evt.gz,,2025-08-14T07:35:36,306.3079583,48.399,63.92808838039279,27.424380370887448,2.331067740303665,positive,significant_positive,,unknown,63.92808838039279,63.92808838039279,0.5174759418741204,0.08235885408040057,63.92808838039279
Swift/BAT,sw01347265000bevshsp_uf.evt.gz,,2025-09-05T02:10:31.103999,233.0067917,0.7936944,-90889.42789135402,123.51739034124915,735.8431686440927,negative,significant_negative,,unknown,90889.42789135402,90889.427891354,19.51196415715093,3.105425545042458,90889.42789135402
Swift/BAT,sw01404295000bevshsp_uf.evt.gz,,2025-10-15T14:18:00.32,245.006810620226,-54.853005620314,-219964.5388213017,51.9096704791559,4237.448182408083,negative,significant_negative,,unknown,219964.5388213017,219964.53882130174,30.35432927302174,4.831041548040428,219964.5388213017
Swift/BAT,sw01434591000bevshsp_uf.evt.gz,,2026-01-09T12:47:52.064,123.727972756729,-35.2579746928706,117630.3904555138,29.47229508915721,3991.219214508671,positive,significant_positive,,unknown,117630.3904555138,117630.3904555138,22.197500474721355,3.532841924836597,117630.3904555138
Swift/BAT,sw01436759000bevshsp_uf.evt.gz,,2026-01-11T09:02:00.256,338.484314041498,4.42650242969447,-28368.15934554865,41.23061923067602,688.0362185887919,negative,significant_negative,,unknown,28368.15934554865,28368.159345548647,10.900837949187837,1.7349222434569633,28368.15934554865
Swift/BAT,sw01442421000bevshsp_uf.evt.gz,,2026-01-20T14:23:28,210.355689448837,-64.169252726988,9468.265519264502,21.16332735428216,447.3902123594336,positive,significant_positive,,unknown,9468.265519264502,9468.265519264502,6.2976644768844166,1.0023044314303902,9468.265519264502
